CASE_ID,ACCIDENT_YEAR,PROC_DATE,JURIS,COLLISION_DATE,COLLISION_TIME,OFFICER_ID,REPORTING_DISTRICT,DAY_OF_WEEK,CHP_SHIFT,POPULATION,CNTY_CITY_LOC,SPECIAL_COND,BEAT_TYPE,CHP_BEAT_TYPE,CITY_DIVISION_LAPD,CHP_BEAT_CLASS,BEAT_NUMBER,PRIMARY_RD,SECONDARY_RD,DISTANCE,DIRECTION,INTERSECTION,WEATHER_1,WEATHER_2,STATE_HWY_IND,CALTRANS_COUNTY,CALTRANS_DISTRICT,STATE_ROUTE,ROUTE_SUFFIX,POSTMILE_PREFIX,POSTMILE,LOCATION_TYPE,RAMP_INTERSECTION,SIDE_OF_HWY,TOW_AWAY,COLLISION_SEVERITY,NUMBER_KILLED,NUMBER_INJURED,PARTY_COUNT,PRIMARY_COLL_FACTOR,PCF_CODE_OF_VIOL,PCF_VIOL_CATEGORY,PCF_VIOLATION,PCF_VIOL_SUBSECTION,HIT_AND_RUN,TYPE_OF_COLLISION,MVIW,PED_ACTION,ROAD_SURFACE,ROAD_COND_1,ROAD_COND_2,LIGHTING,CONTROL_DEVICE,CHP_ROAD_TYPE,PEDESTRIAN_ACCIDENT,BICYCLE_ACCIDENT,MOTORCYCLE_ACCIDENT,TRUCK_ACCIDENT,NOT_PRIVATE_PROPERTY,ALCOHOL_INVOLVED,STWD_VEHTYPE_AT_FAULT,CHP_VEHTYPE_AT_FAULT,COUNT_SEVERE_INJ,COUNT_VISIBLE_INJ,COUNT_COMPLAINT_PAIN,COUNT_PED_KILLED,COUNT_PED_INJURED,COUNT_BICYCLIST_KILLED,COUNT_BICYCLIST_INJURED,COUNT_MC_KILLED,COUNT_MC_INJURED,PRIMARY_RAMP,SECONDARY_RAMP,LATITUDE,LONGITUDE,COUNTY,CITY,POINT_X,POINT_Y
91203200,2020,2020-03-06,9760,2020-03-01,1710,020227,,7,2,5,4203,0,1,2,,2,020,"US-101 NORTHBOUND","LAS POSITAS RD",2100.00,N,N,C,-,Y,,,101,,,,,,N,Y,4,0,1,1,A,-,08,22107,,N,E,I,A,B,H,-,A,D,0,,,,,Y,,A,01,0,0,1,0,0,0,0,0,0,"- ","- ",34.429561614990234,-119.74088287353516,"SANTA BARBARA","SANTA BARBARA",-119.74090576171875,34.429489135742188
9121047,2020,2020-08-11,4202,2020-05-24,2208,239,LOMPO,7,5,4,4202,0,0,0,,0,,"CYPRESS AV","3RD ST",0.00,,Y,A,-,N,,,,,,,,,,N,2,0,1,2,A,-,12,22450,,F,G,B,B,A,H,-,C,A,0,Y,,,,Y,,-,99,1,0,0,0,1,0,0,0,0,"- ","- ",,,"SANTA BARBARA",LOMPOC,-120.44525909423828,34.637191772460938
91233739,2020,2020-05-05,9760,2020-04-23,1121,018431,,4,1,9,4200,0,1,2,,2,020,"US-101 N/B","CALLE REAL",35.00,S,N,A,-,Y,,,101,,,,,,N,Y,4,0,1,1,A,-,03,22350,,N,E,I,A,A,H,-,A,A,0,,,,,Y,,A,01,0,0,1,0,0,0,0,0,0,"- ","- ",34.441291809082031,-119.769287109375,"SANTA BARBARA",UNINCORPORATED,-119.76930999755859,34.440998077392578
91245542,2020,2020-06-01,9750,2020-05-28,1253,018009,,4,1,9,4200,0,1,3,,1,021,SR-135,"FOSTER ROAD",0.00,,Y,A,-,Y,,,135,,,,,,,N,3,0,1,2,A,-,05,21650,,N,H,G,A,A,H,-,A,A,0,,Y,,,Y,,L,04,0,1,0,0,0,0,1,0,0,"- ","- ",34.883029937744141,-120.43675231933594,"SANTA BARBARA",UNINCORPORATED,-120.43666076660156,34.883029937744141
91252507,2020,2020-06-16,9750,2020-06-15,0810,015915,,1,1,9,4200,0,3,5,,2,020,"DRAKE DRIVE","WILLOWGLEN DRIVE",528.00,E,N,A,-,N,,,,,,,,,,Y,4,0,1,2,A,-,08,22107,,N,B,E,A,A,H,-,A,D,0,,,,,Y,,A,07,0,0,1,0,0,0,0,0,0,"- ","- ",34.901401519775391,-120.430419921875,"SANTA BARBARA",UNINCORPORATED,-120.42987823486328,34.901397705078125
91262850,2020,2020-07-03,9755,2020-06-30,0250,021125,,2,3,9,4200,0,1,2,,2,004,"US-101 N/B","SR-154 OVER-CROSSING",5808.00,N,N,A,-,Y,,,101,,,,,,N,Y,3,0,1,1,A,-,08,22107,,N,F,A,A,A,H,-,C,D,0,,,,,Y,,A,01,0,1,0,0,0,0,0,0,0,"- ","- ",34.702571868896484,-120.16831970214844,"SANTA BARBARA",UNINCORPORATED,-120.16847229003906,34.702503204345703
91265308,2020,2020-07-08,9750,2020-06-25,1040,015716,,4,1,9,4200,0,3,5,,2,010,"BONITA SCHOOL RD","BONITA LATERAL RD",528.00,S,N,A,-,N,,,,,,,,,,Y,3,0,1,2,A,-,09,21801,A,N,B,C,A,A,H,-,A,D,0,,,,Y,Y,,F,26,0,1,0,0,0,0,0,0,0,"- ","- ",34.961441040039062,-120.50921630859375,"SANTA BARBARA",UNINCORPORATED,-120.50917053222656,34.961143493652344
9126714,2020,2020-10-24,4202,2020-07-04,2105,23489,,6,5,4,4202,0,0,0,,0,,"7TH ST","OCEAN AV",0.00,,Y,A,-,N,,,,,,,,,,Y,3,0,1,1,A,-,08,22107,,N,E,I,A,A,H,-,C,A,0,,,,,Y,,A,01,0,1,0,0,0,0,0,0,0,"- ","- ",,,"SANTA BARBARA",LOMPOC,-120.44029998779297,34.638870239257812
91267918,2020,2020-07-13,9755,2020-07-06,0300,020619,,1,3,9,4200,0,3,5,,2,040,"FOXEN CANYON RD","ZACA STATION RD",21120.00,N,N,A,-,N,,,,,,,,,,Y,3,0,1,1,A,-,08,22107,,N,E,I,A,A,H,-,A,D,0,,,,,Y,,A,01,0,1,0,0,0,0,0,0,0,"- ","- ",34.770301818847656,-120.12471008300781,"SANTA BARBARA",UNINCORPORATED,-120.12383270263672,34.676025390625
9132447,2020,2020-11-25,4204,2020-09-30,1149,90343,,3,5,5,4204,0,0,0,,0,,MARAVILLA,"TOWN CENTER DR",0.00,,Y,A,-,Y,SB,5,166,-,-,8.010,I,5,E,,4,0,1,2,A,-,09,21453,C,F,D,C,A,A,H,-,A,A,0,,,,,Y,,I,11,0,0,1,0,0,0,0,0,0,"- ",CO,,,"SANTA BARBARA","SANTA MARIA",-120.43344879150391,34.953086853027344
9135407,2020,2020-08-26,4200,2020-06-10,1434,4609,14,3,5,4,4214,0,0,0,,0,050,"CATHEDRAL OAKS RD","GLENN ANNIE RD",1219.00,E,N,A,-,N,,,,,,,,,,N,3,0,1,2,A,-,03,22350,,N,C,C,A,A,H,-,A,D,0,,,,,Y,,D,22,0,1,0,0,0,0,0,0,0,"- ","- ",,,"SANTA BARBARA",GOLETA,-119.87055969238281,34.441455841064453
91360433,2020,2020-12-07,9750,2020-11-27,1008,016469,,5,1,9,4200,0,1,3,,1,062,SR-166,"TEPUSQUET RD",21120.00,E,N,A,-,Y,,,166,,,,,,,Y,3,0,2,2,A,-,08,22107,,N,E,I,A,A,H,-,A,D,0,,,,,Y,,E,22,0,2,0,0,0,0,0,0,0,"- ","- ",35.079719543457031,-120.15341949462891,"SANTA BARBARA",UNINCORPORATED,-120.15338134765625,35.079654693603516
91380397,2020,2021-01-04,9750,2020-12-28,1055,015514,,1,1,9,4200,0,1,2,,2,001,"US-101 N/B","UNION VALLEY PARKWAY",1056.00,S,N,C,-,Y,,,101,,,,,,N,Y,3,0,1,1,A,-,03,22350,,N,E,I,A,B,H,-,A,D,0,,,,,Y,,D,22,0,1,0,0,0,0,0,0,0,"- ","- ",34.877731323242188,-120.40632629394531,"SANTA BARBARA",UNINCORPORATED,-120.40653991699219,34.877548217773438
91394224,2021,2021-01-26,9755,2021-01-23,0621,016988,,6,1,9,4200,0,1,2,,2,004,"US 101 S/B",SR-1,7920.00,N,N,B,C,Y,,,,,,,,,,Y,3,0,1,1,A,-,03,22350,,N,F,A,A,A,H,-,D,D,0,,,,,Y,,D,22,0,1,0,0,0,0,0,0,0,"- ","- ",34.523700714111328,-120.20433807373047,"SANTA BARBARA",UNINCORPORATED,-120.21720886230469,34.516819000244141
91404727,2021,2021-02-08,9755,2021-02-01,2350,020619,,1,3,9,4200,0,1,2,,2,004,"US-101 S/B",SR-154,6072.00,N,N,A,-,Y,,,101,,,,,,S,Y,4,0,1,1,A,-,08,22107,,N,F,I,A,A,H,-,D,D,0,,,,,Y,,A,01,0,0,1,0,0,0,0,0,0,"- ","- ",34.701778411865234,-120.16847991943359,"SANTA BARBARA",UNINCORPORATED,-120.16843414306641,34.701816558837891
91408942,2021,2021-02-16,9760,2021-02-07,2345,022228,,7,3,9,4200,0,1,3,,1,022,"SR 154 EB","PAINTED CAVE RD",20.00,E,N,A,-,Y,,,154,,,,,,E,Y,3,0,3,2,A,-,09,21802,A,N,C,C,A,A,H,-,D,D,0,,,,,Y,,A,07,0,3,0,0,0,0,0,0,0,"- ","- ",34.491260528564453,-119.79534149169922,"SANTA BARBARA",UNINCORPORATED,-119.79534149169922,34.491260528564453
91427135,2021,2021-03-15,9750,2021-03-07,2149,017910,,7,2,9,4200,0,1,2,,2,001,"US-101 N/B","BETTERAVIA RD",1500.00,N,N,A,-,Y,,,101,,,,,,N,Y,4,0,1,3,A,-,08,22107,,N,E,I,A,A,H,-,D,D,0,,,,,Y,,A,07,0,0,1,0,0,0,0,0,0,"- ","- ",34.928188323974609,-120.41783142089844,"SANTA BARBARA",UNINCORPORATED,-120.41778564453125,34.928188323974609
91438708,2021,2021-03-29,9760,2021-03-27,1025,018019,,6,1,9,4200,0,1,2,,2,010,"US-101 N/B (EL CAMINO REAL)","NORTH PADARO LN.",351.00,N,N,A,-,Y,,,101,,,,,,N,N,4,0,1,2,A,-,03,22350,,N,C,C,A,A,D,-,A,D,0,,,,,Y,,D,22,0,0,1,0,0,0,0,0,0,"- ","- ",34.416828155517578,-119.58386993408203,"SANTA BARBARA",UNINCORPORATED,-119.58386993408203,34.416843414306641
9144782,2020,2020-12-02,4204,2020-08-17,1150,23000,002,1,5,5,4204,0,0,0,,0,001,"RT 101",BROADWAY,0.00,,Y,A,-,Y,SB,5,135,-,-,17.680,I,5,S,N,4,0,2,2,A,-,09,21801,A,N,D,C,A,A,H,-,A,D,0,,,,,Y,,A,01,0,0,2,0,0,0,0,0,0,"- ","- ",34.980220794677734,-120.43283081054688,"SANTA BARBARA","SANTA MARIA",-120.43297576904297,34.980190277099609
91448621,2021,2021-04-12,9760,2021-04-10,1530,022547,,6,2,9,4200,0,1,2,,2,010,"US-101 NB","BAILARD AVENUE",1584.00,S,N,A,-,Y,,,,,,,,,,N,4,0,2,2,A,-,07,21658,A,N,B,C,A,A,H,-,A,D,0,,,,,Y,,A,07,0,0,2,0,0,0,0,0,0,"- ","- ",34.387599945068359,-119.49508666992188,"SANTA BARBARA",UNINCORPORATED,-119.49323272705078,34.386928558349609
91475498,2021,2021-05-18,9750,2021-05-09,1210,015915,,7,1,9,4200,0,3,5,,2,020,"SANDALWOOD DRIVE","WILLOWOOD ROAD",200.00,W,N,A,-,N,,,,,,,,,,N,4,0,1,2,D,-,00,,,N,C,C,A,A,H,-,A,D,0,,,,,Y,,-,"- ",0,0,1,0,0,0,0,0,0,"- ","- ",34.896430969238281,-120.48716735839844,"SANTA BARBARA",UNINCORPORATED,-120.48701477050781,34.896465301513672
91479350,2021,2021-05-27,9755,2021-05-12,1645,016999,,3,2,9,4200,0,2,S,,2,990,"SANTA ROSA ROAD","9000 BLOCK SANTA ROSA ROAD",2500.00,W,N,A,-,N,,,,,,,,,,Y,3,0,1,1,A,-,03,22350,,N,F,A,A,A,H,-,A,D,0,,,,,Y,,D,22,0,1,0,0,0,0,0,0,0,"- ","- ",34.601291656494141,-120.20176696777344,"SANTA BARBARA",UNINCORPORATED,,
91480442,2021,2021-05-27,9755,2021-05-15,1209,016988,,6,1,9,4200,0,1,3,,1,051,"S/B SR-1","JALAMA RD",10032.00,S,N,A,-,Y,,,1,,,,,,,Y,4,0,1,1,C,-,18,,,N,H,H,A,A,H,-,A,D,0,,,Y,,Y,,-,"- ",0,0,1,0,0,0,0,0,1,"- ","- ",34.580780029296875,-120.38172149658203,"SANTA BARBARA",UNINCORPORATED,-120.38170623779297,34.580825805664062
91489067,2021,2021-06-03,9750,2021-05-24,0850,016170,,1,1,9,4200,0,3,5,,2,020,"BLACK RD","POINT SAL RD.",1056.00,N,N,A,-,N,,,,,,,,,,Y,2,0,1,1,A,-,01,23152,A,N,F,A,A,A,H,-,A,D,0,,,,,Y,Y,A,01,1,0,0,0,0,0,0,0,0,"- ","- ",34.844619750976562,-120.52507019042969,"SANTA BARBARA",UNINCORPORATED,-120.52509307861328,34.844482421875
91497635,2021,2021-06-15,9750,2021-06-04,1242,016469,,5,1,9,4200,0,1,3,,1,022,SR-1,"SOLOMON RD",1584.00,N,N,A,-,Y,,,1,,,,,,,Y,4,0,3,2,A,-,08,22107,,N,B,C,A,A,H,-,A,D,0,,,,,Y,,A,01,0,0,3,0,0,0,0,0,0,"- ","- ",34.872791290283203,-120.47235870361328,"SANTA BARBARA",UNINCORPORATED,-120.47238159179688,34.872707366943359
91510401,2021,2021-07-01,9755,2021-06-19,1622,017378,,6,2,9,4200,0,3,5,,2,050,"HARRIS GRADE RD","BURTON MESA BLVD",600.00,N,N,A,-,N,,,,,,,,,,Y,2,0,1,2,A,-,01,23152,A,N,C,C,A,A,H,-,A,D,0,,,Y,,Y,Y,C,02,1,0,0,0,0,0,0,0,1,"- ","- ",34.692100524902344,-120.44692993164062,"SANTA BARBARA",UNINCORPORATED,-120.447021484375,34.692001342773438
91521930,2021,2021-07-16,9755,2021-07-10,1128,019292,,6,1,9,4200,0,1,3,,1,053,SR-246,"PURISIMA RD",135.00,W,N,A,-,Y,,,246,,,,,,,N,3,0,1,1,C,-,18,,,N,F,A,A,A,H,-,A,D,0,,,Y,,Y,,-,"- ",0,1,0,0,0,0,0,0,1,"- ","- ",34.664501190185547,-120.40866088867188,"SANTA BARBARA",UNINCORPORATED,-120.40866088867188,34.664562225341797
91526258,2021,2021-07-22,9760,2021-07-13,1149,017140,,2,1,9,4200,0,1,2,,2,010,"US-101 NORTHBOUND","EVANS AVE.",5280.00,N,N,A,-,Y,,,101,,,,,,N,Y,4,0,1,4,A,-,03,22350,,N,C,C,A,A,D,-,A,D,0,,,,,Y,,A,07,0,0,1,0,0,0,0,0,0,"- ","- ",34.421321868896484,-119.61930847167969,"SANTA BARBARA",UNINCORPORATED,-119.61930084228516,34.421268463134766
91530093,2021,2021-07-27,9760,2021-07-18,0836,021531,,7,1,9,4200,0,1,2,,2,010,"US-101 N/B","NIDEVER RD",300.00,S,N,A,-,Y,,,101,,,,,,N,Y,3,0,1,1,A,-,08,22107,,N,E,8,A,A,D,-,A,D,0,,,,,Y,,A,08,0,1,0,0,0,0,0,0,0,"- ","- ",34.415950775146484,-119.55953216552734,"SANTA BARBARA",UNINCORPORATED,-119.55956268310547,34.415863037109375
91536187,2021,2021-08-03,9760,2021-07-23,2134,020528,,5,2,9,4200,0,1,2,,1,040,"US-101 NB","REFUGIO ROAD",700.00,S,N,A,-,Y,,,101,,,,,,N,N,4,0,2,2,D,-,00,,,N,B,C,A,A,H,-,D,D,0,,,,,Y,,-,"- ",0,0,2,0,0,0,0,0,0,"- ","- ",34.465511322021484,-120.06671905517578,"SANTA BARBARA",UNINCORPORATED,-120.06672668457031,34.465476989746094
91591476,2021,2021-10-08,9760,2021-10-02,0320,022228,,6,3,5,4203,0,1,2,,2,011,"US 101 SB","STATE ST. UNDERCROSSING",580.00,N,N,A,-,Y,,,,,,,,,,Y,4,0,2,2,A,-,03,22350,,N,C,C,A,A,H,-,D,D,0,,,,,Y,,A,01,0,0,2,0,0,0,0,0,0,"- ","- ",34.413589477539062,-119.69473266601562,"SANTA BARBARA","SANTA BARBARA",-119.75595855712891,34.440338134765625
91599523,2021,2021-10-18,9755,2021-10-08,0020,020528,,5,3,9,4200,0,1,2,,2,004,"US-101 N/B",SR-1,2640.00,S,N,C,-,Y,,,101,,,,,,N,Y,4,0,1,1,A,-,01,23152,A,N,E,I,A,B,H,-,D,D,0,,,,,Y,Y,A,01,0,0,1,0,0,0,0,0,0,"- ","- ",34.500171661376953,-120.22950744628906,"SANTA BARBARA",UNINCORPORATED,-120.22947692871094,34.500133514404297
91613472,2021,2021-11-02,9760,2021-10-21,1550,015830,,4,2,9,4200,0,3,5,,2,002,"ASHDALE ST","MAGNA VISTA ST",0.00,,Y,A,-,N,,,,,,,,,,Y,4,0,1,2,A,-,09,21801,A,N,D,C,A,A,H,-,A,D,0,,,,,Y,,A,01,0,0,1,0,0,0,0,0,0,"- ","- ",34.435760498046875,-119.78682708740234,"SANTA BARBARA",UNINCORPORATED,-119.78678131103516,34.435798645019531
9163925,2020,2020-11-25,4204,2020-09-16,2133,90357,,3,5,5,4204,0,0,0,,0,,BROADWAY,"COOK ST",25.00,N,N,A,-,Y,SB,5,135,-,-,15.560,H,-,S,,4,0,2,2,A,-,01,23152,A,N,C,C,A,A,H,-,C,D,0,,,,,Y,Y,A,01,0,0,2,0,0,0,0,0,0,"- ","- ",34.949848175048828,-120.43698120117188,"SANTA BARBARA","SANTA MARIA",-120.43598937988281,34.949993133544922
91647283,2021,2022-01-26,9760,2021-12-01,1722,021283,,3,2,9,4200,0,3,5,,2,005,"6677 DEL PLAYA DR.","CAMINO CORTO",184.00,E,N,A,-,N,,,,,,,,,,N,4,0,1,2,A,-,01,23152,F,N,H,E,A,A,H,-,B,D,0,,,,,Y,,D,22,0,0,1,0,0,0,0,0,0,"- ","- ",34.409770965576172,-119.86579132080078,"SANTA BARBARA",UNINCORPORATED,-119.86582946777344,34.409801483154297
91651537,2021,2021-12-14,9750,2021-12-05,0400,016542,,7,3,9,4200,0,1,2,,2,002,"US 101 N/B","PALMER ROAD",3168.00,S,N,A,-,Y,,,,,,,,,,Y,4,0,1,1,A,-,08,22107,,N,F,A,A,A,H,-,D,D,0,,,,,Y,,A,01,0,0,1,0,0,0,0,0,0,"- ","- ",34.786491394042969,-120.32321166992188,"SANTA BARBARA",UNINCORPORATED,-120.32400512695312,34.787090301513672
91691002,2022,2022-02-01,9750,2022-01-25,0805,015514,,2,1,9,4200,0,2,4,,1,024,"CLARK AVENUE","ORCUTT ROAD",0.00,,Y,A,-,N,,,,,,,,,,Y,2,0,2,2,A,-,12,21453,A,N,D,C,A,A,H,-,A,A,0,,,,,Y,,A,08,1,1,0,0,0,0,0,0,0,"- ","- ",34.865020751953125,-120.43543243408203,"SANTA BARBARA",UNINCORPORATED,-120.43531799316406,34.865062713623047
91694876,2022,2022-02-07,9760,2022-01-30,1535,020423,,7,2,9,4200,0,1,2,,2,010,"US-101 N/B","NORTH PADARO LN",3010.00,N,N,A,-,Y,SB,,101,,R,7.718,H,,R,Y,4,0,1,3,A,-,03,22350,,N,C,C,A,A,H,-,A,D,0,,,,,Y,,-,"- ",0,0,1,0,0,0,0,0,0,"- ","- ",34.419021606445312,-119.59234619140625,"SANTA BARBARA",UNINCORPORATED,-119.59234619140625,34.419029235839844
91696857,2022,2022-02-09,9760,2022-01-29,1115,018418,,6,1,9,4200,0,1,3,,1,014,"SR-192 (EAST VALLEY ROAD)","SAN YSIDRO ROAD",1000.00,W,N,A,-,N,,,,,,,,,,N,2,0,1,2,A,-,09,21804,A,N,D,G,A,A,H,-,A,D,0,,Y,,,Y,,A,07,1,0,0,0,0,0,1,0,0,"- ","- ",34.436981201171875,-119.63378143310547,"SANTA BARBARA",UNINCORPORATED,-119.63378143310547,34.436969757080078
91723922,2022,2022-03-16,9755,2022-03-08,2500,022749,,2,4,9,4200,0,1,3,,1,055,"HARRIS GRADE RD","RUCKER RD",7392.00,N,N,A,-,N,,,,,,,,,,N,2,0,1,1,A,-,03,22350,,N,E,I,A,A,H,-,A,D,0,,,,,Y,,-,"- ",1,0,0,0,0,0,0,0,0,"- ","- ",34.728481292724609,-120.44180297851562,"SANTA BARBARA",UNINCORPORATED,-120.44159698486328,34.728134155273438
91739056,2021,2022-04-01,9755,2021-08-15,2500,017255,,7,4,9,4200,0,1,2,,2,004,"US-101 N/B","GAVIOTA TUNNEL",2112.00,N,N,F,-,Y,,,101,,,,,,N,Y,1,1,0,1,A,-,08,22107,,N,E,I,A,A,G,-,D,D,0,,,Y,,Y,,C,02,0,0,0,0,0,0,0,1,0,"- ","- ",34.494068145751953,-120.22859954833984,"SANTA BARBARA",UNINCORPORATED,-120.22858428955078,34.494113922119141
91762414,2021,2022-05-02,9760,2021-10-20,1810,020964,,3,2,5,4203,0,1,2,,2,011,"US-101 S/B FROM GARDEN STREET","GARDEN ST",2.00,S,N,A,-,Y,,,101,,,,R,,S,Y,1,2,0,1,A,-,03,22350,,N,E,I,A,A,H,-,A,D,0,,,,,Y,,A,01,0,0,0,0,0,0,0,0,0,"- ","- ",34.418048858642578,-119.68923187255859,"SANTA BARBARA","SANTA BARBARA",-119.68923187255859,34.418048858642578
9178177,2020,2021-01-20,4204,2020-10-09,2057,90971,4204,5,5,5,4204,0,0,0,,0,001,"RAILROAD AV","SUNSET AV",500.00,S,N,A,-,N,,,,,,,,,,Y,4,0,1,2,A,-,01,23152,A,F,B,A,A,-,H,-,C,D,0,,,,,Y,,-,,0,0,1,0,0,0,0,0,0,"- ","- ",34.965328216552734,-120.44441986083984,"SANTA BARBARA","SANTA MARIA",-120.44451141357422,34.964126586914062
91819114,2022,2022-07-18,9760,2022-07-06,2200,022926,,3,3,9,4200,0,3,5,,2,005,"CAMINO PESCADERO","PARDALL RD.",3.00,S,N,A,-,N,,,,,,,,,,N,4,0,1,2,A,-,10,21950,A,F,G,B,B,A,H,-,C,D,0,Y,,,,Y,,-,99,0,0,1,0,1,0,0,0,0,"- ","- ",34.413059234619141,-119.85874938964844,"SANTA BARBARA",UNINCORPORATED,-119.85868835449219,34.413112640380859
91842230,2022,2022-08-17,9755,2022-08-12,1025,016058,,5,1,9,4200,0,1,3,,1,051,SR-1,US-101,21120.00,N,N,A,-,Y,SB,,1,,R,1.882,H,,R,Y,3,0,1,2,A,-,06,21750,,N,B,C,A,A,H,-,A,D,0,,,,,Y,,D,22,0,1,0,0,0,0,0,0,0,"- ","- ",34.517841339111328,-120.25650024414062,"SANTA BARBARA",UNINCORPORATED,-120.25650024414062,34.517875671386719
91848537,2022,2022-08-25,9760,2022-08-15,1230,019385,,1,1,9,4200,0,2,4,,1,021,"PATTERSON AVENUE","MORE RANCH ROAD",500.00,N,N,A,-,N,,,,,,,,,,N,3,0,1,2,A,-,12,22450,A,N,D,C,A,A,H,-,A,A,0,,,,,Y,,M,94,0,1,0,0,0,0,0,0,0,"- ","- ",34.425361633300781,-119.81095886230469,"SANTA BARBARA",UNINCORPORATED,-119.81085205078125,34.425182342529297
91897699,2022,2022-10-24,9760,2022-10-15,0105,022547,,6,3,9,4200,0,1,3,,1,022,SR-154,"STAGECOACH RD.",1760.00,E,N,E,-,N,,,,,,,,,,Y,3,0,1,1,A,-,03,22350,,N,E,I,A,B,H,-,D,D,0,,,,,Y,,A,01,0,1,0,0,0,0,0,0,0,"- ","- ",34.507129669189453,-119.81807708740234,"SANTA BARBARA",UNINCORPORATED,-119.81813049316406,34.507080078125
91914550,2022,2022-11-10,9760,2022-10-19,0755,016739,,3,1,3,4205,0,1,2,,2,010,"US-101 N/B (EL CAMINO REAL)","SANTA MONICA RD.",1056.00,S,N,A,-,Y,SB,,101,,,3.719,H,,R,N,3,0,2,2,A,-,03,22350,,M,C,C,A,A,H,-,A,D,0,,,,,Y,,A,01,0,1,1,0,0,0,0,0,0,"- ","- ",34.403591156005859,-119.52781677246094,"SANTA BARBARA",CARPINTERIA,-119.52780914306641,34.403614044189453
91916763,2022,2022-11-14,9760,2022-11-04,1110,022916,,5,1,5,4203,0,1,2,,2,020,"US-101 NORTHBOUND","LA CUMBRE ROAD",300.00,S,N,A,-,Y,SB,,101,,,17.716,H,,R,N,3,0,1,3,A,-,03,22350,,N,C,C,A,A,H,-,A,D,0,,,,,Y,,A,01,0,1,0,0,0,0,0,0,0,"- ","- ",34.436229705810547,-119.75071716308594,"SANTA BARBARA","SANTA BARBARA",-119.75079345703125,34.436176300048828
9191976,2020,2021-02-17,4203,2020-11-17,1352,24576,24,2,5,5,4203,0,0,0,,0,006,"LAS POSITAS RD","RT 101",39.00,S,N,A,-,Y,SB,5,101,-,-,16.321,R,4,S,Y,3,0,2,4,A,-,03,22350,,N,B,C,A,A,H,-,A,A,0,,,,,Y,,A,07,0,1,1,0,0,0,0,0,0,"- ",SO,34.427829742431641,-119.73355102539062,"SANTA BARBARA","SANTA BARBARA",-119.72975158691406,34.427165985107422
91942232,2022,2022-12-14,9755,2022-12-04,1154,017910,,7,1,9,4200,0,1,S,,2,904,"US-101 N/B (EL CAMINO REAL)",SR-1,4224.00,S,N,B,-,Y,SB,,101,,,48.059,H,,R,Y,3,0,2,1,A,-,08,22107,,N,F,A,A,B,H,-,A,D,0,,,,,Y,,D,22,0,1,1,0,0,0,0,0,0,"- ","- ",34.498920440673828,-120.23049163818359,"SANTA BARBARA",UNINCORPORATED,-120.23054504394531,34.498943328857422
9194378,2020,2021-01-30,4200,2020-11-20,1707,1267,14,5,5,4,4214,0,0,0,,0,080,"HOLLISTER AV","KINMAN AV",360.00,W,N,A,-,N,,,,,,,,,,N,3,0,1,2,A,-,09,21804,A,N,G,B,F,A,H,-,C,D,0,Y,,,,Y,,D,22,0,1,0,0,1,0,0,0,0,"- ","- ",,,"SANTA BARBARA",GOLETA,-119.82350158691406,34.435649871826172
91958369,2022,2023-01-03,9760,2022-12-22,0030,022912,,4,3,5,4203,0,1,2,,2,011,US-101,"CARRILLO ST. OVERCROSSING",112.00,N,N,A,-,Y,SB,,101,,R,14.828,H,,R,Y,3,0,1,1,A,-,08,22107,,N,E,I,A,A,H,-,D,D,0,,,,,Y,,A,01,0,1,0,0,0,0,0,0,0,"- ","- ",34.416858673095703,-119.70809936523438,"SANTA BARBARA","SANTA BARBARA",-119.70806121826172,34.416904449462891
91982844,2023,2023-01-31,9750,2023-01-22,2145,020549,,7,2,9,4200,0,1,3,,1,021,"SR-135/ S/B (ORCUTT EXPRESSWAY)","ORCUTT RD",0.00,,Y,A,-,Y,SB,,135," "," ",12.067,H,,L,Y,3,0,1,1,A,-,01,23152,A,N,E,I,A,A,H,-,C,A,0,,,,,Y,Y,A,01,0,1,0,0,0,0,0,0,0,"- ","- ",34.899440765380859,-120.43594360351562,"SANTA BARBARA",UNINCORPORATED,-120.43614959716797,34.899459838867188
92022366,2023,2023-03-20,9760,2023-01-08,2500,022926,,7,4,9,4200,0,3,5,,2,002,"SAN VICENTE DRIVE","WALNUT LANE",256.00,W,N,A,-,N,,,,,,,,,,N,3,0,1,2,A,-,21,22106,,N,G,B,E,A,H,-,A,D,0,Y,,,,Y,,A,01,0,1,0,0,1,0,0,0,0,"- ","- ",34.428211212158203,-119.80332183837891,"SANTA BARBARA",UNINCORPORATED,-119.80326843261719,34.428287506103516