CASE_ID,ACCIDENT_YEAR,PROC_DATE,JURIS,COLLISION_DATE,COLLISION_TIME,OFFICER_ID,REPORTING_DISTRICT,DAY_OF_WEEK,CHP_SHIFT,POPULATION,CNTY_CITY_LOC,SPECIAL_COND,BEAT_TYPE,CHP_BEAT_TYPE,CITY_DIVISION_LAPD,CHP_BEAT_CLASS,BEAT_NUMBER,PRIMARY_RD,SECONDARY_RD,DISTANCE,DIRECTION,INTERSECTION,WEATHER_1,WEATHER_2,STATE_HWY_IND,CALTRANS_COUNTY,CALTRANS_DISTRICT,STATE_ROUTE,ROUTE_SUFFIX,POSTMILE_PREFIX,POSTMILE,LOCATION_TYPE,RAMP_INTERSECTION,SIDE_OF_HWY,TOW_AWAY,COLLISION_SEVERITY,NUMBER_KILLED,NUMBER_INJURED,PARTY_COUNT,PRIMARY_COLL_FACTOR,PCF_CODE_OF_VIOL,PCF_VIOL_CATEGORY,PCF_VIOLATION,PCF_VIOL_SUBSECTION,HIT_AND_RUN,TYPE_OF_COLLISION,MVIW,PED_ACTION,ROAD_SURFACE,ROAD_COND_1,ROAD_COND_2,LIGHTING,CONTROL_DEVICE,CHP_ROAD_TYPE,PEDESTRIAN_ACCIDENT,BICYCLE_ACCIDENT,MOTORCYCLE_ACCIDENT,TRUCK_ACCIDENT,NOT_PRIVATE_PROPERTY,ALCOHOL_INVOLVED,STWD_VEHTYPE_AT_FAULT,CHP_VEHTYPE_AT_FAULT,COUNT_SEVERE_INJ,COUNT_VISIBLE_INJ,COUNT_COMPLAINT_PAIN,COUNT_PED_KILLED,COUNT_PED_INJURED,COUNT_BICYCLIST_KILLED,COUNT_BICYCLIST_INJURED,COUNT_MC_KILLED,COUNT_MC_INJURED,PRIMARY_RAMP,SECONDARY_RAMP,LATITUDE,LONGITUDE,COUNTY,CITY,POINT_X,POINT_Y
6575870,2014,2016-05-03,9750,2014-07-24,1645,017267,,4,2,9,4200,0,1,3,,1,011,"RT 166","BLACK RD",2640.00,E,N,A,-,Y,SB,5,166,-,-,5.320,H,-,W,Y,4,0,2,2,A,-,09,21804,A,N,D,C,A,A,H,-,A,D,0,,,,,Y,,A,01,0,0,2,0,0,0,0,0,0,"- ","- ",34.954680000000003,-120.48057,"SANTA BARBARA",UNINCORPORATED,-120.48093534,34.954701010000001
6580793,2014,2014-08-08,4204,2014-02-27,1811,90228,67,4,5,5,4204,0,0,0,,0,003,DEPOT,"ENOS DR",0.00,,Y,B,-,N,,,,,,,,,,N,4,0,1,2,A,-,08,22107,,N,D,C,A,B,H,-,C,D,0,,,,,Y,,A,01,0,0,1,0,0,0,0,0,0,"- ","- ",,,"SANTA BARBARA","SANTA MARIA",-120.44475991,34.934670009999998
6588328,2014,2014-09-02,4202,2014-07-28,0657,292,,1,5,4,4202,0,0,0,,0,,"CHESTNUT AV","G ST",0.00,,Y,B,-,N,,,,,,,,,,Y,4,0,1,2,A,-,09,21802,A,N,D,C,A,B,H,-,B,A,0,,,,,Y,,A,01,0,0,1,0,0,0,0,0,0,"- ","- ",,,"SANTA BARBARA",LOMPOC,-120.45652991,34.642180080000003
6589599,2014,2016-05-03,9760,2014-07-30,1540,017662,,3,2,9,4200,0,3,5,,2,001,"SAN YSIDRO RD","RT 192",80.00,S,N,A,-,Y,SB,5,192,-,-,8.820,I,6,E,Y,4,0,1,2,A,-,05,21460,A,N,D,C,A,A,H,-,A,A,0,,,,,Y,,A,01,0,0,1,0,0,0,0,0,0,"- ","- ",34.436549999999997,-119.63218000000001,"SANTA BARBARA",UNINCORPORATED,-119.63220482,34.437002290000002
6589749,2014,2016-05-09,9760,2014-08-11,0815,17097,,1,1,5,4203,0,1,2,,2,020,"RT 101","LA CUMBRE RD",50.00,S,N,A,-,Y,SB,5,101,-,-,17.640,R,1,S,Y,3,0,1,1,A,-,08,22107,,N,F,A,A,A,H,-,A,D,1,,,Y,,Y,,C,02,0,1,0,0,0,0,0,0,1,FR,"- ",34.436320000000002,-119.7517,"SANTA BARBARA","SANTA BARBARA",-119.74994408000001,34.435164729999997
6601610,2014,2016-05-03,4200,2014-08-18,1022,4222,11,1,5,2,4212,0,0,0,,0,,"RT 246","MCMURRAY RD",66.00,W,N,A,-,Y,SB,5,246,-,-,26.360,H,-,E,N,4,0,1,3,A,-,03,22350,,N,C,C,A,A,H,-,A,A,0,,,,,Y,,A,01,0,0,1,0,0,0,0,0,0,"- ","- ",,,"SANTA BARBARA",BUELLTON,-120.18894053,34.611604130000003
6601798,2014,2014-09-09,4200,2014-07-25,2226,4255,14,5,5,4,4214,0,0,0,,0,060,"MANDARIN DR","ORANGE AV",0.00,,Y,A,-,N,,,,,,,,,,N,3,0,1,2,A,-,12,22450,A,F,D,B,E,A,H,-,C,A,0,Y,,,,Y,,A,01,0,1,0,0,1,0,0,0,0,"- ","- ",,,"SANTA BARBARA",GOLETA,-119.8289499,34.437480049999998
6617656,2014,2014-10-06,4200,2014-09-01,1858,3083,14,1,5,4,4214,0,0,0,,0,080,"HOLLISTER AV","S GLEN ANNIE RD",23.00,W,N,A,-,N,,,,,,,,,,Y,3,0,1,1,A,-,01,23152,A,M,A,I,A,A,D,-,C,D,0,,,,,Y,Y,D,22,0,1,0,0,0,0,0,0,0,"- ","- ",,,"SANTA BARBARA",GOLETA,-119.87184621999999,34.430199170000002
6618024,2014,2014-09-22,4203,2014-08-30,2125,6114,52,6,5,5,4203,0,0,0,,0,005,"STATE ST",HITCHCOCK,5.00,W,N,A,-,N,,,,,,,,,,N,3,0,1,2,A,-,08,22107,,N,B,G,A,A,H,-,D,A,0,,Y,,,Y,,-,,0,1,0,0,0,0,1,0,0,"- ","- ",34.2624,-119.444,"SANTA BARBARA","SANTA BARBARA",-119.74446657,34.440480000000001
6618955,2014,2014-09-25,9750,2014-08-31,1640,015514,,7,2,9,4200,0,3,5,,2,030,"COLSON CANYON RD","TEPUSQUET RD",1056.00,E,N,A,-,N,,,,,,,,,,Y,4,0,1,1,A,-,08,22107,,N,F,A,A,A,B,-,A,D,0,,,,,Y,,D,22,0,0,1,0,0,0,0,0,0,"- ","- ",34.925339999999998,-120.21705,"SANTA BARBARA",UNINCORPORATED,-120.21713037000001,34.92531872
6621836,2014,2016-05-04,4202,2014-08-21,1602,22,,4,5,4,4202,0,0,0,,0,,"RT 1","CENTRAL AV",98.00,S,N,A,-,Y,SB,5,1,-,-,22.050,H,-,N,N,4,0,1,2,A,-,04,21703,,N,C,C,A,A,H,-,A,D,0,,,,,Y,,A,01,0,0,1,0,0,0,0,0,0,"- ","- ",,,"SANTA BARBARA",LOMPOC,-120.45761709999999,34.660545579999997
6625101,2014,2014-09-30,4204,2014-08-08,0605,90246,4204,5,5,5,4204,0,0,0,,0,001,"BLOSSER RD","ALVIN AV",607.00,S,N,A,-,N,,,,,,,,,,N,4,0,1,3,A,-,03,22350,,N,C,C,A,A,H,-,A,D,0,,,,,Y,,D,22,0,0,1,0,0,0,0,0,0,"- ","- ",,,"SANTA BARBARA","SANTA MARIA",-120.45353926999999,34.958922860000001
6646738,2014,2014-12-10,4203,2014-09-20,0945,0394,4203,6,5,5,4203,0,0,0,,0,004,"VICTORIA ST","CHAPALA ST",8.00,E,N,A,-,N,,,,,,,,,,N,3,0,1,2,D,-,00,,,N,-,B,B,A,H,-,A,A,0,Y,,,,Y,,-,"- ",0,1,0,0,1,0,0,0,0,"- ","- ",34.252360000000003,-119.42247,"SANTA BARBARA","SANTA BARBARA",-119.70687212,34.423256219999999
6652722,2014,2014-10-21,4204,2014-09-01,1623,90228,41,1,5,5,4204,0,0,0,,0,002,COOK,SMITH,0.00,,Y,A,-,N,,,,,,,,,,N,3,0,1,3,A,-,08,22107,,N,G,E,B,A,H,-,A,D,0,Y,,,,Y,,D,22,0,1,0,0,1,0,0,0,0,"- ","- ",,,"SANTA BARBARA","SANTA MARIA",-120.44256989,34.949890070000002
6679400,2014,2014-12-29,4204,2014-10-21,0546,90239,77,2,5,5,4204,0,0,0,,0,003,"BETTERAVIA RD","BLACK RD",0.00,,Y,A,-,N,,,,,,,,,,Y,4,0,1,2,A,-,12,22450,,N,D,C,A,A,H,-,D,D,0,,,,,Y,,A,07,0,0,1,0,0,0,0,0,0,"- ","- ",,,"SANTA BARBARA","SANTA MARIA",-120.49015987999999,34.920830019999997
6707479,2014,2015-01-05,4202,2014-10-29,1706,239,LOMPO,3,5,4,4202,0,0,0,,0,010,"O ST","LAUREL AV",0.00,,Y,A,-,N,,,,,,,,,,N,3,0,1,2,A,-,05,21650,,N,D,G,A,-,H,-,A,A,0,,Y,,,Y,,L,04,0,1,0,0,0,0,1,0,0,"- ","- ",,,"SANTA BARBARA",LOMPOC,-120.46671996000001,34.643900029999998
6708369,2014,2014-12-05,4204,2014-10-31,1624,90081,74,5,5,5,4204,0,0,0,,0,003,BROADWAY,"ENOS DR",0.00,,Y,A,-,Y,,,,,,,,,,N,4,0,1,2,A,-,05,21650,1,N,F,G,A,A,H,-,A,A,0,,Y,,,Y,,L,04,0,0,1,0,0,0,1,0,0,"- ","- ",,,"SANTA BARBARA","SANTA MARIA",,
6709611,2014,2014-11-26,4203,2014-10-29,0750,3769,,3,5,5,4203,0,0,0,,0,005,"CALLE REAL","JUNIPERO ST",27.00,E,N,A,-,N,,,,,,,,,,N,4,0,1,2,A,-,09,21804,A,N,D,G,A,A,H,-,A,A,0,,Y,,,Y,,L,04,0,0,1,0,0,0,1,0,0,"- ","- ",34.427199999999999,-119.7277,"SANTA BARBARA","SANTA BARBARA",-119.72764176,34.427167760000003
6713098,2014,2015-01-15,4203,2014-11-10,1018,1497,4203,1,5,5,4203,0,0,0,,0,006,"MODOC RD","EUCALYPTUS AV",36.00,S,N,B,-,N,,,,,,,,,,N,3,0,1,2,D,-,00,,,F,B,G,A,A,H,-,A,D,0,,Y,,,Y,,-,"- ",0,1,0,0,0,0,1,0,0,"- ","- ",34.252899999999997,-119.43259999999999,"SANTA BARBARA","SANTA BARBARA",-119.72429903,34.424983570000002
6714568,2014,2015-01-13,4200,2014-11-06,0819,4776,14,4,5,4,4214,0,0,0,,0,080,"DEL NORTE DR","GLENN ANNIE RD",0.00,,Y,A,-,N,,,,,,,,,,N,3,0,1,2,A,-,12,22450,A,N,D,C,A,A,H,-,A,A,0,,Y,,,Y,,A,01,0,1,0,0,0,0,1,0,0,"- ","- ",,,"SANTA BARBARA",GOLETA,-119.87140991,34.435720070000002
6752401,2014,2015-02-04,4203,2014-12-22,1909,6978,16,1,5,5,4203,0,0,0,,0,006,"CLIFF DR","LIGHTHOUSE RD",10.00,E,N,A,-,N,,,225,,,,,,,N,2,0,2,2,A,-,09,21802,A,N,A,C,A,A,H,-,C,A,0,,,Y,,Y,,A,07,1,1,0,0,0,0,0,0,1,"- ","- ",34.401330000000002,-119.72109,"SANTA BARBARA","SANTA BARBARA",-119.72108844,34.401337429999998
6754752,2014,2016-06-22,9760,2014-11-04,1449,17374,,2,2,9,4200,0,1,2,,2,011,"RT 101","CARRILLO ST",3168.00,N,N,A,-,Y,SB,5,101,-,R,15.390,H,-,S,N,4,0,1,2,A,-,07,21658,A,N,B,C,A,A,H,-,A,A,1,,,,,Y,,A,01,0,0,1,0,0,0,0,0,0,"- ","- ",34.414920000000002,-119.71034,"SANTA BARBARA",UNINCORPORATED,-119.71569746999999,34.42204898
6760580,2014,2016-06-22,9750,2014-11-29,1156,014820,,6,1,5,4204,0,1,2,,2,001,"RT 101","STOWELL RD",2112.00,N,N,A,-,Y,SB,5,101,-,-,88.000,H,-,N,Y,4,0,1,2,A,-,08,22107,,N,B,C,A,A,H,-,A,D,0,,,,Y,Y,,A,07,0,0,1,0,0,0,0,0,0,"- ","- ",34.946770000000001,-120.04174,"SANTA BARBARA","SANTA MARIA",-120.41765939,34.944090770000003
6763533,2014,2015-03-17,4200,2014-11-06,0812,3811,6,4,5,2,4212,0,0,0,,0,,"RT 246","MCMURRAY RD",125.00,E,N,A,-,Y,,,,,,,,,,N,4,0,1,2,A,-,"- ",,,N,B,C,A,A,H,-,A,D,0,,,,,Y,,D,22,0,0,1,0,0,0,0,0,0,"- ","- ",,,"SANTA BARBARA",BUELLTON,-120.1885245,34.611493459999998
6768123,2014,2015-01-29,9755,2014-11-21,0510,017910,,5,3,9,4200,0,1,3,,1,042,"RT 154","ZACA STATION RD",1056.00,E,N,A,-,Y,,,154,,,,,,,Y,3,0,1,1,A,-,01,23152,A,N,F,A,A,B,H,-,D,D,0,,,,,Y,Y,A,01,0,1,0,0,0,0,0,0,0,"- ","- ",34.683770000000003,-120.15606,"SANTA BARBARA",UNINCORPORATED,-120.15614187,34.683784809999999
6782177,2015,2016-10-03,4202,2015-01-02,1505,22,,5,5,4,4202,0,0,0,,0,,"RT 1","CENTRAL AV",537.00,S,N,A,-,Y,SB,5,1,-,-,21.970,H,-,N,Y,4,0,2,2,A,-,03,22350,,N,C,C,A,A,H,-,A,D,0,,,,,Y,,A,07,0,0,2,0,0,0,0,0,0,"- ","- ",,,"SANTA BARBARA",LOMPOC,-120.45758406,34.659383230000003
6782742,2015,2016-10-28,9750,2015-01-01,1400,013267,,4,2,9,4200,0,1,2,,2,001,"RT 101","CLARK AV",54.00,N,N,A,-,Y,SB,5,101,-,-,82.190,H,-,N,Y,3,0,1,1,A,-,03,22350,,N,F,A,A,A,H,-,A,D,0,,,,,Y,,A,01,0,1,0,0,0,0,0,0,0,FR,"- ",34.865780000000001,-120.39561,"SANTA BARBARA",UNINCORPORATED,-120.39609096,34.865487629999997
6789578,2015,2015-02-18,9750,2015-01-03,1145,016714,,6,1,9,4200,0,3,5,,2,020,"RICE RANCH RD","LORRAINE AV",31.00,E,N,A,-,N,,,,,,,,,,Y,4,0,2,2,A,-,07,21658,A,N,B,C,A,A,H,-,A,D,0,,,,,Y,,A,07,0,0,2,0,0,0,0,0,0,"- ","- ",34.85763,-120.42616,"SANTA BARBARA",UNINCORPORATED,-120.42626670999999,34.85760913
6792567,2015,2016-10-28,9760,2015-01-19,1530,014690,,1,2,5,4203,0,1,2,,2,011,"RT 101","CACIQUE ST",35.00,N,N,A,-,Y,SB,5,101,-,-,12.670,H,-,S,N,4,0,1,2,A,-,03,22350,,N,C,C,A,A,H,-,A,D,1,,,,,Y,,A,01,0,0,1,0,0,0,0,0,0,"- ","- ",34.42062,-119.67552999999999,"SANTA BARBARA","SANTA BARBARA",-119.67580918,34.42033739
6803007,2015,2015-02-26,4203,2015-01-28,1746,6969,,3,5,5,4203,0,0,0,,0,003,"ANACAPA ST","E ANAPAMU ST",0.00,,Y,A,-,N,,,,,,,,,,N,4,0,1,2,A,-,03,22350,,N,C,C,A,A,H,-,C,A,0,,,,,Y,,-,,0,0,1,0,0,0,0,0,0,"- ","- ",34.255899999999997,-119.4135,"SANTA BARBARA","SANTA BARBARA",-119.70327985999999,34.424470069999998
6813329,2015,2016-10-28,9760,2015-01-26,1332,017603,,1,1,3,4205,0,1,2,,2,010,"RT 101","FINNEY ST",12.00,S,N,B,-,Y,SB,5,101,-,R,7.940,H,-,S,N,4,0,1,1,A,-,08,22107,,N,E,I,A,A,H,-,A,D,1,,,,,Y,,A,01,0,0,1,0,0,0,0,0,0,"- ","- ",34.419759999999997,-119.59593,"SANTA BARBARA",CARPINTERIA,-119.59604065000001,34.419747430000001
6815886,2015,2015-03-05,4204,2015-02-09,1408,20904,65,1,5,5,4204,0,0,0,,0,003,"BLOSSER RD","BATTLES RD",0.00,,Y,A,-,N,,,,,,,,,,N,4,0,1,2,A,-,03,22350,,N,C,C,A,A,H,-,A,A,0,,,,,Y,,A,01,0,0,1,0,0,0,0,0,0,"- ","- ",,,"SANTA BARBARA","SANTA MARIA",-120.45396992000001,34.931590040000003
6821487,2015,2016-09-13,4204,2015-02-11,1527,23397,32,3,5,5,4204,0,0,0,,0,002,MAIN,"RUSSELL AV",50.00,W,N,A,-,Y,SB,5,166,-,-,6.980,H,-,E,N,4,0,1,2,A,-,03,22350,,N,C,C,A,A,H,-,A,A,0,,,,,Y,,A,01,0,0,1,0,0,0,0,0,0,"- ","- ",,,"SANTA BARBARA","SANTA MARIA",-120.45190267,34.95323028
6833778,2015,2015-03-12,4203,2015-02-19,1414,90272,88,4,5,5,4203,0,0,0,,0,003,BROADWAY,"SANTA MARIA WY",200.00,S,N,A,-,N,,,,,,,,,,Y,4,0,1,2,A,-,03,22350,,N,C,C,A,A,H,-,A,D,0,,,,,Y,,A,01,0,0,1,0,0,0,0,0,0,"- ","- ",,,"SANTA BARBARA","SANTA BARBARA",,
6835758,2014,2015-03-09,9760,2014-11-10,1500,16739,,1,2,9,4200,0,1,3,,1,022,"RT 192","RT 154",9.00,E,N,A,-,Y,,,192,,,,,,,Y,2,0,1,2,A,-,09,21802,A,N,D,C,A,A,H,-,A,A,0,,,Y,,Y,,A,07,1,0,0,0,0,0,0,0,1,"- ","- ",34.450920000000004,-119.76272,"SANTA BARBARA",UNINCORPORATED,-119.76242027000001,34.451394440000001
6839979,2015,2015-03-21,4203,2015-03-05,1229,2661,,4,5,5,4203,0,0,0,,0,002,"CABRILLO BL","STATE ST",0.00,,Y,A,-,N,,,,,,,,,,Y,3,0,1,2,A,-,08,22101,D,N,A,C,A,A,D,-,A,A,0,,,,,Y,,-,,0,1,0,0,0,0,0,0,0,"- ","- ",34.244100000000003,-119.4121,"SANTA BARBARA","SANTA BARBARA",-119.6891899,34.41218009
6843538,2014,2016-06-22,9760,2014-10-29,1702,18754,,3,2,3,4205,0,1,2,,2,010,"RT 101","RT 150",3168.00,N,N,A,-,Y,SB,5,101,-,-,1.320,H,-,N,Y,2,0,1,2,A,-,01,23152,A,N,E,I,A,A,H,-,A,D,1,,,,,Y,Y,A,07,1,0,0,0,0,0,0,0,0,"- ","- ",34.38682,-119.49309,"SANTA BARBARA",CARPINTERIA,-119.49311844,34.38689437
6854658,2015,2015-07-15,9750,2015-05-24,0735,016170,,7,1,9,4200,0,1,3,,1,062,"RT 166","SIERRA MADRE RD",23760.00,W,N,A,-,Y,SLO,5,166,-,R,31.970,H,-,E,Y,1,1,0,1,A,-,08,22107,,N,F,A,A,A,H,-,A,D,0,,,,,Y,,A,01,0,0,0,0,0,0,0,0,0,"- ","- ",35.093940000000003,-120.12754,"SANTA BARBARA",UNINCORPORATED,-120.12755926,35.094005170000003
6855939,2015,2016-10-28,9760,2015-03-06,1300,020211,,5,1,5,4203,0,1,2,,2,011,"RT 101","SALINAS ST",200.00,S,N,A,-,Y,SB,5,101,-,-,12.040,H,-,S,Y,4,0,1,2,A,-,04,21703,,N,C,C,A,A,H,-,A,D,1,,,Y,,Y,,C,02,0,0,1,0,0,0,0,0,1,"- ","- ",34.42165,-119.66481,"SANTA BARBARA","SANTA BARBARA",-119.66505311,34.421523909999998
6861630,2015,2016-09-13,4204,2015-03-21,1549,90081,82,6,5,5,4204,0,0,0,,0,003,BROADWAY,"BETTERAVIA RD",0.00,,Y,A,B,Y,SB,5,135,-,-,13.550,H,-,S,Y,4,0,1,5,A,-,00,23103,A,N,B,C,A,A,H,-,A,A,0,,,,,Y,,D,22,0,0,1,0,0,0,0,0,0,"- ","- ",,,"SANTA BARBARA","SANTA MARIA",-120.4361158,34.920966499999999
6864094,2015,2016-09-30,9755,2015-03-21,1445,013618,,6,2,9,4200,0,3,5,,2,050,"JALAMA RD","RT 1",32208.00,W,N,A,-,N,,,,,,,,,,Y,3,0,1,1,A,-,03,22350,,N,E,I,A,A,H,-,A,D,0,,,,,Y,,A,01,0,1,0,0,0,0,0,0,0,"- ","- ",34.525489999999998,-120.40381000000001,"SANTA BARBARA",UNINCORPORATED,-120.40333652,34.525358490000002
6867171,2015,2016-09-13,9750,2015-03-21,1212,16469,,6,1,9,4200,0,1,3,,2,061,"RT 166","BULL CANYON RD",6336.00,W,N,A,-,Y,SLO,5,166,-,-,10.950,H,-,W,Y,3,0,3,2,A,-,01,23152,A,F,C,C,A,A,H,-,A,D,0,,,,,Y,Y,A,01,0,1,2,0,0,0,0,0,0,"- ","- ",35.000720000000001,-120.39573,"SANTA BARBARA",UNINCORPORATED,-120.40031066,34.999434579999999
6870245,2015,2015-04-15,4202,2015-03-23,0737,230,LOMPO,1,5,4,4202,0,0,0,,0,,"WALNUT AV","F ST",0.00,,Y,A,-,N,,,,,,,,,,N,2,0,1,2,A,-,11,21950,B,N,G,B,B,A,H,-,A,A,0,Y,,,,Y,,N,60,1,0,0,0,1,0,0,0,0,"- ","- ",,,"SANTA BARBARA",LOMPOC,-120.45532987999999,34.640620050000003
6887747,2015,2015-04-27,4204,2015-04-01,0653,22104,03,3,5,5,4204,0,0,0,,0,075,"SAN MIGUEL","PLAYA BLANCA",0.00,,Y,A,-,N,,,,,,,,,,N,4,0,1,1,A,-,08,22107,,M,E,I,A,A,H,-,A,A,0,,,,,Y,,A,01,0,0,1,0,0,0,0,0,0,"- ","- ",,,"SANTA BARBARA","SANTA MARIA",-120.42884994000001,34.914970060000002
6907676,2015,2016-05-23,4203,2015-04-26,1230,6048,,7,5,5,4203,0,0,0,,0,003,"SOLA ST","OLIVE ST",186.00,W,N,A,-,N,,,,,,,,,,Y,3,0,2,2,A,-,09,21804,A,N,D,C,A,A,H,-,A,D,0,,,,,Y,,-,,0,1,1,0,0,0,0,0,0,"- ","- ",34.254820000000002,-119.42066,"SANTA BARBARA","SANTA BARBARA",-119.70174221000001,34.430170339999997
6910225,2015,2017-01-06,4204,2015-04-08,1351,22807,16,3,5,5,4204,0,0,0,,0,001,"E MCELHANEY AV","BROADWAY N",0.00,,Y,A,-,Y,SB,5,135,-,-,16.410,I,6,S,Y,4,0,1,2,A,-,08,22103,,N,D,C,A,A,H,-,A,D,0,,,,,Y,,A,07,0,0,1,0,0,0,0,0,0,"- ","- ",,,"SANTA BARBARA","SANTA MARIA",-120.43578429999999,34.962351159999997
6919917,2015,2016-09-29,9750,2015-05-01,0200,017616,,5,3,9,4200,0,1,3,,1,012,"RT 1","BROWN RD",10560.00,S,N,E,-,Y,SB,5,1,-,-,47.210,H,-,N,Y,2,0,2,1,A,-,08,22107,,N,E,I,A,B,H,-,D,D,0,,,,,Y,,D,22,1,1,0,0,0,0,0,0,0,"- ","- ",34.909080000000003,-120.54343,"SANTA BARBARA",UNINCORPORATED,-120.56838448000001,34.932542750000003
6935506,2015,2017-01-09,9760,2015-04-13,0250,020511,,1,3,9,4200,0,1,3,,1,022,"RT 154","WHITTAKERS CURVE",100.00,E,N,A,-,Y,SB,5,154,-,-,27.660,H,-,W,Y,4,0,2,2,A,-,01,23152,A,N,A,C,A,A,H,-,D,D,0,,,,,Y,Y,D,22,0,0,2,0,0,0,0,0,0,"- ","- ",34.490099999999998,-119.78313,"SANTA BARBARA",UNINCORPORATED,-119.78275848,34.490071810000003
6940403,2015,2017-01-05,9760,2015-04-11,1315,19464,,6,1,9,4200,0,1,2,,2,010,"RT 101","SHEFFIELD DR",800.00,S,N,A,-,Y,SB,5,101,-,-,8.850,H,-,N,Y,4,0,2,3,A,-,03,22350,,N,C,C,A,A,H,-,A,D,1,,,,,Y,,A,07,0,0,2,0,0,0,0,0,0,"- ","- ",34.421329999999998,-119.60941,"SANTA BARBARA",UNINCORPORATED,-119.61138791,34.421580050000003
6955379,2015,2017-01-05,9760,2015-05-06,0115,020227,,3,3,9,4200,0,1,2,,2,010,"RT 101","PARDARO LN",2110.00,N,N,A,-,Y,SB,5,101,-,R,7.520,H,-,S,Y,4,0,1,1,A,-,01,23152,A,N,E,I,A,A,H,-,D,D,1,,,,,Y,Y,A,01,0,0,1,0,0,0,0,0,0,"- ","- ",34.417279999999998,-119.58799999999999,"SANTA BARBARA",UNINCORPORATED,-119.58911347999999,34.417665280000001
6955381,2015,2017-01-05,9760,2015-05-20,1530,018995,,3,2,5,4203,0,1,2,,2,020,"RT 101","LAS POSITAS RD",1918.00,N,N,A,-,Y,SB,5,101,-,-,16.910,H,-,N,Y,2,0,1,1,A,-,01,23152,A,N,E,I,A,A,H,-,A,D,1,,,,,Y,Y,A,01,1,0,0,0,0,0,0,0,0,"- ","- ",34.426760000000002,-119.72739,"SANTA BARBARA","SANTA BARBARA",-119.739592,34.429020389999998
6966460,2015,2015-06-29,4200,2015-05-28,1930,2892,14,4,5,4,4214,0,0,0,,0,060,"MAGNOLIA AV","HOLLISTER AV",100.00,N,N,A,-,N,,,,,,,,,,N,4,0,1,2,A,-,08,22107,,N,D,C,A,A,H,-,A,D,0,,,Y,,Y,,C,03,0,0,1,0,0,0,0,0,1,"- ","- ",,,"SANTA BARBARA",GOLETA,-119.8280254,34.436212089999998
6976598,2015,2015-07-13,9750,2015-06-21,1240,015915,,7,1,9,4200,0,3,5,,2,010,"LOMPOC CASMALIA RD","SAN ANTONIO RD",1.50,N,N,A,-,N,,,,,,,,,,Y,2,0,1,1,A,-,08,22107,,N,F,A,A,A,H,-,A,D,0,,,,,Y,,A,07,1,0,0,0,0,0,0,0,0,"- ","- ",,,"SANTA BARBARA",UNINCORPORATED,-120.54252611,34.78371259
6977497,2015,2015-07-23,9760,2015-03-15,1407,019292,,7,2,9,4200,0,3,5,,2,001,"CHELTENHAM RD","EXETER PL",30.00,E,N,A,-,N,,,,,,,,,,N,3,0,2,2,A,-,03,22350,,N,C,G,A,A,H,-,A,A,0,,Y,,,Y,,L,04,0,2,0,0,0,0,2,0,0,"- ","- ",34.448610000000002,-119.72068,"SANTA BARBARA",UNINCORPORATED,-119.7205637,34.448662820000003
6980170,2015,2017-01-05,9760,2015-06-02,1350,12518,,2,1,5,4203,0,1,2,,2,011,"RT 101","OLIVE MILL RD",453.00,N,N,A,-,Y,SB,5,101,-,-,10.630,H,-,N,Y,4,0,1,1,A,-,08,22107,,N,E,I,A,A,H,-,A,D,1,,,,,Y,,A,01,0,0,1,0,0,0,0,0,0,"- ","- ",34.420009999999998,-119.64234999999999,"SANTA BARBARA","SANTA BARBARA",-119.64137122,34.42024455
6989837,2015,2017-01-14,9750,2015-07-02,1845,016714,,4,2,9,4200,0,1,3,,1,022,"RT 1","CLARK AV",0.00,,Y,A,-,Y,SB,5,1,-,R,35.530,I,5,N,Y,4,0,2,2,A,-,09,21802,A,N,D,C,A,A,H,-,A,A,0,,,,,Y,,A,01,0,0,2,0,0,0,0,0,0,"- ","- ",,,"SANTA BARBARA",UNINCORPORATED,-120.45695516000001,34.863962319999999
6994701,2015,2017-01-14,9755,2015-07-23,1130,015973,,4,1,9,4200,0,1,3,,1,055,"RT 1","FIREFIGHTER RD",2112.00,S,N,A,-,Y,SB,5,1,-,M,30.780,H,-,N,Y,3,0,2,1,A,-,08,22107,,N,F,A,A,A,H,-,A,D,0,,,,,Y,,A,01,0,1,1,0,0,0,0,0,0,"- ","- ",34.758569999999999,-120.51401,"SANTA BARBARA",UNINCORPORATED,-120.51321840999999,34.761495799999999
6997053,2015,2015-08-10,4204,2015-06-29,2304,90343,59,1,5,5,4204,0,0,0,,0,002,"STOWELL RD","BRADLEY RD",0.00,,Y,B,-,N,,,,,,,,,,Y,4,0,1,2,A,-,12,21453,A,N,D,C,A,A,H,-,C,A,0,,,,,Y,,A,01,0,0,1,0,0,0,0,0,0,"- ","- ",,,"SANTA BARBARA","SANTA MARIA",-120.41941998,34.938339999999997
6997631,2015,2015-08-18,4203,2015-07-25,2152,7187,,6,5,5,4203,0,0,0,,0,003,"E ANAPAMU ST","GARDEN ST",104.00,E,N,A,-,N,,,,,,,,,,Y,4,0,1,2,A,-,01,23152,,N,B,C,A,A,H,-,C,A,0,,,,,Y,Y,-,,0,0,1,0,0,0,0,0,0,"- ","- ",34.426769999999998,-119.70081999999999,"SANTA BARBARA","SANTA BARBARA",-119.70084186,34.426764009999999
7005513,2015,2017-01-14,4204,2015-07-09,1355,90277,57,4,5,5,4204,0,0,0,,0,002,BROADWAY,"MORRISON AV",200.00,N,N,A,-,Y,SB,5,135,-,-,15.120,H,-,S,N,4,0,2,2,A,-,03,22350,,N,C,C,A,A,H,-,A,A,0,,,,,Y,,A,07,0,0,2,0,0,0,0,0,0,"- ","- ",,,"SANTA BARBARA","SANTA MARIA",-120.43608524,34.943657569999999
7009479,2015,2015-08-25,4203,2015-07-31,2133,7083,4203,5,5,5,4203,0,0,0,,0,003,"E CARRILLO ST","ANACAPA ST",3.00,W,N,A,-,N,,,,,,,,,,N,3,0,1,2,D,-,00,,,N,G,B,B,A,H,-,C,A,0,Y,,,,Y,Y,-,"- ",0,1,0,0,1,0,0,0,0,"- ","- ",34.422600000000003,-119.7002,"SANTA BARBARA","SANTA BARBARA",-119.70072663000001,34.422593859999999