CASE_ID,ACCIDENT_YEAR,PROC_DATE,JURIS,COLLISION_DATE,COLLISION_TIME,OFFICER_ID,REPORTING_DISTRICT,DAY_OF_WEEK,CHP_SHIFT,POPULATION,CNTY_CITY_LOC,SPECIAL_COND,BEAT_TYPE,CHP_BEAT_TYPE,CITY_DIVISION_LAPD,CHP_BEAT_CLASS,BEAT_NUMBER,PRIMARY_RD,SECONDARY_RD,DISTANCE,DIRECTION,INTERSECTION,WEATHER_1,WEATHER_2,STATE_HWY_IND,CALTRANS_COUNTY,CALTRANS_DISTRICT,STATE_ROUTE,ROUTE_SUFFIX,POSTMILE_PREFIX,POSTMILE,LOCATION_TYPE,RAMP_INTERSECTION,SIDE_OF_HWY,TOW_AWAY,COLLISION_SEVERITY,NUMBER_KILLED,NUMBER_INJURED,PARTY_COUNT,PRIMARY_COLL_FACTOR,PCF_CODE_OF_VIOL,PCF_VIOL_CATEGORY,PCF_VIOLATION,PCF_VIOL_SUBSECTION,HIT_AND_RUN,TYPE_OF_COLLISION,MVIW,PED_ACTION,ROAD_SURFACE,ROAD_COND_1,ROAD_COND_2,LIGHTING,CONTROL_DEVICE,CHP_ROAD_TYPE,PEDESTRIAN_ACCIDENT,BICYCLE_ACCIDENT,MOTORCYCLE_ACCIDENT,TRUCK_ACCIDENT,NOT_PRIVATE_PROPERTY,ALCOHOL_INVOLVED,STWD_VEHTYPE_AT_FAULT,CHP_VEHTYPE_AT_FAULT,COUNT_SEVERE_INJ,COUNT_VISIBLE_INJ,COUNT_COMPLAINT_PAIN,COUNT_PED_KILLED,COUNT_PED_INJURED,COUNT_BICYCLIST_KILLED,COUNT_BICYCLIST_INJURED,COUNT_MC_KILLED,COUNT_MC_INJURED,PRIMARY_RAMP,SECONDARY_RAMP,LATITUDE,LONGITUDE,COUNTY,CITY,POINT_X,POINT_Y
94625755,2025,2025-03-25,9750,2025-03-24,"715 ",020964,,1,1,9,4200,0,3,5,,2,020,"UNION VALLEY PKY","HUMMEL DR",440.00,E,N,A,-,N,,,,,,,,,,Y,4,0,2,2,A,-,03,22350,,N,C,C,A,A,H,-,A,D,0,,,,,Y,,A,01,0,0,2,0,0,0,0,0,0,"- ","- ",34.87921142578125,-120.42514038085938,"SANTA BARBARA",UNINCORPORATED,-120.42864990234375,34.879249572753906
94638282,2025,2025-04-07,9760,2025-03-30,"543 ",023913,,7,3,3,4205,0,1,2,,2,010,"US-101 NB","CASITAS PASS ROAD",66.00,N,N,C,-,Y,SB,,101," "," ",2.659,H,,R,Y,4,0,1,1,A,-,03,22350,,N,E,I,A,B,H,-,D,D,0,,,,,Y,,A,07,0,0,1,0,0,0,0,0,0,"- ","- ",34.397060394287109,-119.51172637939453,"SANTA BARBARA",CARPINTERIA,-119.51167297363281,34.397087097167969
9463892,2022,2022-09-21,4202,2022-07-21,0312,239,LOMPO,4,5,4,4202,0,0,0,,0,,"RT 1","GEORGE MILLER DR",166.00,N,N,B,-,Y,SB,5,1,-,-,22.500,H,-,N,Y,2,0,1,1,A,-,01,23152,A,N,F,I,A,A,A,G,C,D,0,,,,,Y,Y,A,01,1,0,0,0,0,0,0,0,0,"- ","- ",,,"SANTA BARBARA",LOMPOC,-120.45758819580078,34.667022705078125
9464499,2022,2022-07-28,4203,2022-07-03,1250,24079,21,7,5,5,4203,0,0,0,,0,006,"SAN ANDREAS ST","ANAPAMU ST",0.00,,Y,A,-,N,,,,,,,,,,N,4,0,1,2,A,-,09,21802,A,N,H,A,A,A,H,-,A,A,0,,,,,Y,,A,01,0,0,1,0,0,0,0,0,0,"- ","- ",34.416130065917969,-119.71231842041016,"SANTA BARBARA","SANTA BARBARA",-119.71234130859375,34.415973663330078
9464979,2022,2022-12-07,4202,2022-10-12,0735,,4202,3,5,4,4202,0,0,0,,0,,"A ST","MAPLE AV",0.00,,Y,B,-,N,,,,,,,,,,N,3,0,1,2,A,-,05,21650,,N,D,G,A,A,A,-,A,D,0,,Y,,,Y,,L,04,0,1,0,0,0,0,1,0,0,"- ","- ",,,"SANTA BARBARA",LOMPOC,-120.44895172119141,34.645328521728516
94652151,2025,2025-04-16,9755,2025-04-14,"917 ",020483,,1,1,9,4200,0,1,2,,2,004,"US-101 N/B TO SR-1",SR-1,40.00,S,N,B,-,Y,,,,,,,,,,Y,4,0,1,3,A,-,03,22350,,N,C,C,A,A,H,-,A,A,0,,,,,Y,,A,01,0,0,1,0,0,0,0,0,0,"- ","- ",34.508621215820312,-120.22550964355469,"SANTA BARBARA",UNINCORPORATED,-120.22642517089844,34.504173278808594
94662897,2025,2025-04-24,9755,2025-04-23,1525,020226,,3,2,9,4200,0,1,3,,2,041,SR-246,"CUESTA STREET",620.00,W,N,A,-,Y,SB,,246," "," ",32.649,H,,R,N,4,0,1,2,A,-,03,22350,,N,C,C,A,A,H,-,A,D,0,,,,,Y,,A,01,0,0,1,0,0,0,0,0,0,"- ","- ",34.608890533447266,-120.08934783935547,"SANTA BARBARA",UNINCORPORATED,-120.08934783935547,34.60888671875
94682186,2025,2025-05-09,9755,2025-04-28,"820 ",021498,,1,1,9,4200,0,1,3,,1,055,"SR-1 N/B (CABRILLO HWY)","TIMBER LANE",528.00,N,N,A,-,Y,SB,,1," ",M,29.496,H,,R,Y,3,0,3,8,A,-,03,22350,,M,C,C,A,A,H,-,A,D,0,,,,,Y,,-,"- ",0,1,2,0,0,0,0,0,0,"- ","- ",34.746391296386719,-120.51621246337891,"SANTA BARBARA",UNINCORPORATED,-120.51618194580078,34.746410369873047
94697930,2025,2025-05-22,9760,2025-05-11,1020,023546,,7,1,9,4200,0,2,4,,1,021,"HOLLISTER AVE","TURNPIKE ROAD",10.00,W,N,A,-,N,,,,,,,,,,Y,4,0,1,2,A,-,03,22350,,N,C,C,A,A,H,-,A,B,0,,,,,Y,,A,07,0,0,1,0,0,0,0,0,0,"- ","- ",34.436420440673828,-119.78977203369141,"SANTA BARBARA",UNINCORPORATED,-119.78948211669922,34.4365234375
94700659,2025,2025-05-27,9760,2025-04-07,1430,024468,,1,2,9,4200,0,3,5,,2,005,"TRIGO RD","EMBARCADERO DEL NORTE",340.00,E,N,A,-,N,,,,,,,,,,N,4,0,1,2,A,-,09,21804,,N,H,G,A,A,H,-,A,D,0,,Y,,,Y,,L,04,0,0,1,0,0,0,1,0,0,"- ","- ",34.411151885986328,-119.85433197021484,"SANTA BARBARA",UNINCORPORATED,-119.85517883300781,34.411117553710938
94700661,2025,2025-05-27,9760,2025-05-14,1540,024149,,3,2,5,4203,0,1,2,,2,020,"US 101 NORTHBOUND","EL SUENO ROAD",100.00,N,N,A,-,Y,SB,,101," "," ",18.938,H,,R,N,4,0,1,3,A,-,03,22350,,N,C,C,A,A,H,-,A,D,0,,,,,Y,,A,01,0,0,1,0,0,0,0,0,0,"- ","- ",34.441020965576172,-119.76956176757812,"SANTA BARBARA","SANTA BARBARA",-119.76956176757812,34.441017150878906
9470838,2023,2023-12-12,4204,2023-10-01,"950 ",90994,4204,7,5,5,4204,0,0,0,,0,002,"MAIN ST","PINE ST",0.00,,Y,A,-,Y,SB,5,166,-,-,7.710,I,5,W,N,4,0,3,2,A,-,12,21453,A,F,D,D,A,A,H,-,A,A,0,,,,,Y,,D,22,0,0,3,0,0,0,0,0,0,"- ","- ",34.953239440917969,-120.43891143798828,"SANTA BARBARA","SANTA MARIA",-120.43890380859375,34.953231811523438
94725788,2025,2025-09-08,9750,2025-06-13,1538,020121,,5,2,9,4200,0,1,3,,1,021,"SR-135 N/B","WALLER LN.",505.00,S,N,A,-,Y,SB,,135," "," ",12.377,H,,R,N,3,0,1,3,A,-,03,22350,,N,C,C,A,A,H,-,A,D,0,,,,,Y,,A,01,0,1,0,0,0,0,0,0,0,"- ","- ",34.903919219970703,-120.43589019775391,"SANTA BARBARA",UNINCORPORATED,-120.43585968017578,34.903919219970703
9473409,2022,2022-08-12,4203,2022-07-22,0915,7650,2,5,5,5,4203,0,0,0,,0,002,"S MILPAS ST","CACIQUE ST",250.00,S,N,A,-,N,,,,,,,,,,N,4,0,2,2,A,-,03,22350,,N,C,C,A,A,H,-,A,D,0,,,,,Y,,A,07,0,0,2,0,0,0,0,0,0,"- ","- ",34.419670104980469,-119.67648315429688,"SANTA BARBARA","SANTA BARBARA",-119.67574310302734,34.419303894042969
9473417,2022,2022-08-12,4203,2022-07-27,1157,25912,12,3,5,5,4203,0,0,0,,0,002,"CABRILLO BIKE PATH","CABRILLO BL",208.00,S,N,A,-,N,,,,,,,,,,N,3,0,1,2,A,-,04,21703,,N,C,G,A,A,H,-,A,D,0,,Y,,,Y,,L,04,0,1,0,0,0,0,1,0,0,"- ","- ",34.413238525390625,-119.68699645996094,"SANTA BARBARA","SANTA BARBARA",,
94735528,2025,2025-06-23,9760,2025-06-09,1908,024468,,1,2,9,4200,0,1,2,,2,020,"US-101 N/B TO CALLE REAL","CALLE REAL",100.00,S,N,A,-,Y,,,,,,,,,,Y,3,0,2,4,A,-,03,22350,,N,C,2,A,A,H,-,B,A,0,,,,,Y,,A,01,0,2,0,0,0,0,0,0,0,"- ","- ",34.43389892578125,-119.74777984619141,"SANTA BARBARA",UNINCORPORATED,-120.17445373535156,34.4716796875
94743869,2025,2025-06-30,9750,2025-06-26,"728 ",020121,,4,1,5,4204,0,1,2,,2,001,"US-101 S/B",BROADWAY,1215.00,S,N,A,-,Y,SB,,101," "," ",90.517,H,,L,N,3,0,1,2,A,-,03,22350,,N,C,C,A,A,H,-,A,D,0,,,,,Y,,D,22,0,1,0,0,0,0,0,0,0,"- ","- ",34.978248596191406,-120.42967987060547,"SANTA BARBARA","SANTA MARIA",-120.42970275878906,34.978240966796875
94762089,2025,2025-07-15,9760,2025-06-30,"645 ",024140,,1,1,3,4205,0,1,2,,2,010,"US-101 NORTHBOUND","CASSITAS PASS ROAD",850.00,N,N,B,-,Y,SB,,101," "," ",2.807,H,,R,Y,4,0,1,2,A,-,08,22107,,N,B,2,A,A,H,-,A,D,0,,,,Y,Y,,A,07,0,0,1,0,0,0,0,0,0,"- ","- ",34.398948669433594,-119.51303100585938,"SANTA BARBARA",CARPINTERIA,-119.51303863525391,34.398941040039062
9476848,2022,2022-07-20,4202,2022-04-24,2027,80738,4202,7,5,4,4202,0,0,0,,0,,"SANTA LUCIA CANYON RD","RANCHO LOMPOC FARM RD",271.00,S,N,A,-,N,,,,,,,,,,Y,3,0,1,1,A,-,08,22107,,N,E,I,A,A,H,-,D,D,0,,,,,Y,,A,01,0,1,0,0,0,0,0,0,0,"- ","- ",,,"SANTA BARBARA",LOMPOC,-120.49337768554688,34.672889709472656
94771058,2025,2025-07-21,9750,2025-07-08,1600,023429,,2,2,9,4200,0,2,4,,1,024,"ORCUTT ROAD","LAKEVIEW ROAD",0.00,,Y,A,-,Y,,,,,,,,,,Y,4,0,2,2,A,-,09,21802,A,N,D,C,A,A,H,-,A,A,0,,,,,Y,,A,01,0,0,2,0,0,0,0,0,0,"- ","- ",34.894428253173828,-120.43609619140625,"SANTA BARBARA",UNINCORPORATED,-120.43612670898438,34.894447326660156
94793199,2025,2025-08-07,9750,2025-07-26,2243,024516,,6,3,9,4200,0,1,3,,1,022,"SR-1 N/B (CABRILLO HIGHWAY)","SOLOMON ROAD",3136.00,N,N,A,-,Y,SB,,1," "," ",40.519,H,,R,Y,4,0,1,1,C,-,18,,,N,H,H,A,A,H,-,D,D,0,,,,,Y,,-,"- ",0,0,1,0,0,0,0,0,0,"- ","- ",34.874431610107422,-120.47805023193359,"SANTA BARBARA",UNINCORPORATED,-120.47804260253906,34.874443054199219
94793458,2025,2025-08-07,9750,2025-07-26,1414,023495,,6,2,9,4200,0,2,4,,1,024,"CLARK AVENUE",SR-135,0.00,,Y,A,-,Y,,,,,,,,,,Y,2,0,2,2,A,-,12,21453,A,N,D,C,A,A,H,-,A,A,0,,,,,Y,,A,01,1,1,0,0,0,0,0,0,0,"- ","- ",34.86505126953125,-120.43726348876953,"SANTA BARBARA",UNINCORPORATED,-120.43677520751953,34.865074157714844
94800889,2025,2025-08-13,9755,2025-08-10,"420 ",024035,,7,3,9,4200,0,1,3,,1,053,"SR-246 W/B","2200 SR-246",1800.00,W,N,A,-,Y,SB,,246," ",R,22.332,H,,L,Y,3,0,1,1,A,-,01,23152,A,N,E,I,A,A,H,-,D,D,0,,,,,Y,Y,A,01,0,1,0,0,0,0,0,0,0,"- ","- ",34.619979858398438,-120.2552490234375,"SANTA BARBARA",UNINCORPORATED,-120.2552490234375,34.619918823242188
94822263,2025,2025-08-28,9750,2025-08-19,"150 ",024516,,2,3,9,4200,0,1,3,,1,022,"SR-1 N/B (CABRILLO HIGHWAY)","SR-135 N/B",767.00,S,N,A,-,Y,,,,,,,,,,Y,4,0,1,1,A,-,01,23152,A,N,F,A,A,A,H,-,D,D,0,,,,,Y,Y,A,07,0,0,1,0,0,0,0,0,0,"- ","- ",34.804229736328125,-120.44374847412109,"SANTA BARBARA",UNINCORPORATED,-120.44388580322266,34.804294586181641
9484494,2022,2022-08-26,4203,2022-08-04,1416,24070,34,4,5,5,4203,0,0,0,,0,004,"CASTILLO ST","ARRELLAGA ST",264.00,N,N,A,-,N,,,,,,,,,,N,3,0,1,2,A,-,03,22350,,N,H,G,A,A,H,-,A,D,0,,Y,,,Y,,L,04,0,1,0,0,0,0,1,0,0,"- ","- ",34.422931671142578,-119.71421051025391,"SANTA BARBARA","SANTA BARBARA",-119.71469879150391,34.423385620117188
94846301,2025,2025-09-16,9750,2025-09-03,1538,017910,,3,2,9,4200,0,1,3,,1,021,"SR-135 N/B (ORCUTT EXPRESSWAY)","LAKEVIEW ROAD",1056.00,S,N,A,-,Y,SB,,135," "," ",11.567,H,,R,Y,4,0,5,4,A,-,03,22350,,N,C,C,A,A,H,-,A,D,0,,,,,Y,,A,01,0,0,5,0,0,0,0,0,0,"- ","- ",34.892181396484375,-120.43650054931641,"SANTA BARBARA",UNINCORPORATED,-120.43646240234375,34.892181396484375
94847989,2025,2025-09-17,9750,2025-09-08,"800 ",019385,,1,1,9,4200,0,1,3,,1,011,"SR-166 (W. MAIN STREET)","BLACK ROAD",2112.00,E,N,B,-,Y,SB,,166," "," ",5.292,H,,R,Y,4,0,1,2,A,-,09,21804,A,N,D,C,A,A,H,-,A,D,0,,,,Y,Y,,F,26,0,0,1,0,0,0,0,0,0,"- ","- ",34.954769134521484,-120.48139953613281,"SANTA BARBARA",UNINCORPORATED,-120.48141479492188,34.954727172851562
9486000,2022,2022-09-12,4203,2022-08-20,2339,25806,45,6,5,5,4203,0,0,0,,0,003,"ANAPAMU ST","ANACAPA ST",0.00,,Y,A,-,N,,,,,,,,,,Y,4,0,5,2,A,-,12,21453,A,N,D,C,A,A,H,-,C,A,0,,,,,Y,Y,A,01,0,0,5,0,0,0,0,0,0,"- ","- ",34.424480438232422,-119.70330047607422,"SANTA BARBARA","SANTA BARBARA",-119.70327758789062,34.424468994140625
94879312,2025,2025-10-09,9760,2025-09-23,1844,024551,,2,2,9,4200,0,1,2,,2,010,"US-101 SOUTHBOUND","SHEFFIELD DRIVE",2285.00,S,N,A,-,Y,SB,,101," "," ",8.568,H,,L,Y,3,0,1,2,A,-,08,22107,,N,B,2,A,A,H,-,A,D,0,,,,Y,Y,,A,07,0,1,0,0,0,0,0,0,0,"- ","- ",34.420738220214844,-119.60658264160156,"SANTA BARBARA",UNINCORPORATED,-119.60657501220703,34.420669555664062
9487976,2022,2022-10-18,4203,2022-09-11,1358,2661,41,7,5,5,4203,0,0,0,,0,004,"CARRILLO ST","STATE ST",0.00,,Y,A,-,N,,,,,,,,,,N,3,0,1,2,A,-,08,22107,,N,H,G,A,A,H,-,A,A,0,,Y,,,Y,,L,04,0,1,0,0,0,0,1,0,0,"- ","- ",34.421501159667969,-119.70176696777344,"SANTA BARBARA","SANTA BARBARA",-119.70191955566406,34.421489715576172
94885726,2025,2025-10-14,9755,2025-10-10,"800 ",024538,,5,1,9,4200,0,3,5,,2,050,"MISSION GATE RD",SR-246,20.00,N,N,B,-,N,,,,,,,,,,Y,3,0,1,1,A,-,03,22350,,N,E,8,A,A,H,-,A,D,0,,,,,Y,,A,01,0,1,0,0,0,0,0,0,0,"- ","- ",34.663848876953125,-120.42256927490234,"SANTA BARBARA",UNINCORPORATED,-120.42221832275391,34.663593292236328
94887338,2025,2025-10-15,9760,2025-09-27,1015,023727,,6,1,4,4214,0,1,2,,1,030,"US-101 N/B","GLEN ANNIE RD",2900.00,S,N,A,-,Y,SB,,101," "," ",24.197,H,,R,Y,4,0,1,5,A,-,03,22350,,N,C,C,A,A,H,-,A,D,0,,,,,Y,,A,01,0,0,1,0,0,0,0,0,0,"- ","- ",34.436298370361328,-119.86122131347656,"SANTA BARBARA",GOLETA,-119.86121368408203,34.436267852783203
94890101,2025,2025-10-16,9760,2025-10-10,1250,022726,,5,1,9,4200,0,1,3,,1,014,"SR-192 (TORO CANYON ROAD)","TORITO ROAD",200.00,N,N,A,-,Y,SB,,192," "," ",12.880,H,,R,Y,3,0,1,1,A,-,08,22107,,N,E,8,A,A,H,-,A,D,0,,,,,Y,,A,07,0,1,0,0,0,0,0,0,0,"- ","- ",34.429721832275391,-119.57328796386719,"SANTA BARBARA",UNINCORPORATED,-119.57325744628906,34.429706573486328
94924818,2025,2025-11-12,9760,2025-10-31,1225,023868,,5,1,9,4200,0,1,2,,2,020,"US 101 NORTHBOUND TO PATTERSON AVE","PATTERSON AVE",171.00,S,N,A,-,Y,,,,,,,,,,Y,3,0,1,2,A,-,21,22106,,N,C,C,A,A,H,-,A,D,0,,,,,Y,,A,01,0,1,0,0,0,0,0,0,0,"- ","- ",34.442348480224609,-119.80773162841797,"SANTA BARBARA",UNINCORPORATED,-119.80844116210938,34.441978454589844
9492876,2022,2022-09-22,4200,2022-08-04,1130,3077,14,4,5,4,4214,0,0,0,,0,060,"HOLLISTER AV","CORTONA DR",110.00,E,N,A,-,N,,,,,,,,,,Y,4,0,1,2,A,-,09,21804,A,N,D,C,A,A,H,-,A,D,0,,,,,Y,,A,01,0,0,1,0,0,0,0,0,0,"- ","- ",,,"SANTA BARBARA",GOLETA,-119.86770629882812,34.430210113525391
94937832,2025,2025-11-19,9760,2025-11-17,1041,024704,,1,1,9,4200,0,1,2,,2,010,"US-101 NB","PADARO LN",481.00,S,N,B,C,Y,SB,,101," ",R,7.044,H,,R,Y,4,0,1,1,A,-,03,22350,,N,E,I,A,B,H,-,A,D,0,,,,,Y,,A,07,0,0,1,0,0,0,0,0,0,"- ","- ",34.416469573974609,-119.58103179931641,"SANTA BARBARA",UNINCORPORATED,-119.5810546875,34.416385650634766
94962832,2025,2025-12-08,9755,2025-11-30,"345 ",024611,,7,3,9,4200,0,1,3,,1,042,"SR-246 E/B","MILE POST MARKER 31",50.00,E,N,A,-,Y,SB,,246," "," ",31.090,H,,R,N,4,0,1,1,A,-,08,22107,,N,E,I,A,A,H,-,D,D,0,,,,,Y,,A,07,0,0,1,0,0,0,0,0,0,"- ","- ",34.604808807373047,-120.11598968505859,"SANTA BARBARA",UNINCORPORATED,-120.11603546142578,34.604888916015625
94963892,2025,2025-12-09,9760,2025-11-15,1535,023913,,6,2,9,4200,0,1,2,,2,010,"US-101 NORTHBOUND","EVANS AVE",2022.00,S,N,C,-,Y,SB,,101," ",R,7.883,H,,R,Y,2,0,4,3,A,-,03,22350,,N,E,8,A,B,H,-,A,D,0,,,,,Y,,A,07,2,1,1,0,0,0,0,0,0,"- ","- ",34.419601440429688,-119.59515380859375,"SANTA BARBARA",UNINCORPORATED,-119.59513092041016,34.419639587402344
94990353,2025,2025-12-29,9760,2025-12-24,1216,024871,,3,1,9,4200,0,1,3,,1,022,SR-154,"WEST CAMINO CIELO",1000.00,W,N,C,-,Y,SB,,154," "," ",24.988,H,,R,N,3,0,3,1,A,-,03,22350,,N,E,I,A,B,H,-,A,D,0,,,,,Y,,A,07,0,3,0,0,0,0,0,0,0,"- ","- ",34.505409240722656,-119.81522369384766,"SANTA BARBARA",UNINCORPORATED,-119.81523895263672,34.50537109375
94990563,2025,2025-12-29,9760,2025-12-27,1630,023802,,6,2,9,4200,0,1,2,,2,010,"US-101 NORTHBOUND","SAN YSIDRO ROAD",1475.00,S,N,A,-,Y,SB,,101," "," ",9.737,H,,R,Y,4,0,1,2,A,-,03,22350,,N,C,C,A,A,D,-,A,D,0,,,,,Y,,A,01,0,0,1,0,0,0,0,0,0,"- ","- ",34.421131134033203,-119.6268310546875,"SANTA BARBARA",UNINCORPORATED,-119.62682342529297,34.421142578125
9499987,2022,2022-09-30,4203,2022-09-08,1929,26178,71,4,5,5,4203,0,0,0,,0,001,"E ANAPAMU ST","NOPAL ST N",68.00,W,N,A,-,N,,,,,,,,,,N,3,0,1,2,A,-,03,22350,,N,H,G,A,A,H,-,C,A,0,,Y,,,Y,Y,L,04,0,1,0,0,0,0,1,0,0,"- ","- ",34.432010650634766,-119.69512176513672,"SANTA BARBARA","SANTA BARBARA",-119.69564056396484,34.431652069091797
95005921,2025,2026-01-09,9750,2025-12-17,1357,024003,,3,1,9,4200,0,3,5,,2,030,"EAST MAIN STREET","DRESSLER AVE",1162.00,E,N,A,-,N,,,,,,,,,,Y,3,0,1,1,A,-,08,22107,,N,F,A,A,A,H,-,A,D,0,,,,,Y,,E,22,0,1,0,0,0,0,0,0,0,"- ","- ",34.952949523925781,-120.39205169677734,"SANTA BARBARA",UNINCORPORATED,-120.39205169677734,34.952678680419922
9501389,2022,2022-10-17,4203,2022-09-29,1557,23515,73,4,5,5,4203,0,0,0,,0,001,"ALSTON RD","ALSTON PL",5.00,E,N,A,-,N,,,,,,,,,,,4,0,1,2,D,-,00,,,N,D,G,A,A,H,-,A,A,0,,Y,,,Y,,-,"- ",0,0,1,0,0,0,1,0,0,"- ","- ",34.430049896240234,-119.66190338134766,"SANTA BARBARA","SANTA BARBARA",-119.66683959960938,34.432411193847656
95042253,2025,2026-02-03,9755,2025-08-29,1730,023530,,5,2,9,4200,0,3,5,,2,050,"SANTA ROSA RD","MPM 10",735.00,E,N,A,-,N,,,,,,,,,,Y,1,1,0,1,A,-,01,23152,A,N,E,I,A,A,H,-,A,D,0,,,,,Y,Y,A,08,0,0,0,0,0,0,0,0,0,"- ","- ",34.601371765136719,-120.27880096435547,"SANTA BARBARA",UNINCORPORATED,,
9521056,2022,2022-11-04,4203,2022-09-29,1300,25932,18,4,5,5,4203,0,0,0,,0,006,"MEIGS RD","ELISE WY",0.00,,Y,A,-,N,,,,,,,,,,,4,0,1,2,A,-,08,22107,,N,H,G,A,A,H,-,A,D,0,,Y,,,Y,,A,01,0,0,1,0,0,0,1,0,0,"- ","- ",34.398490905761719,-119.71810913085938,"SANTA BARBARA","SANTA BARBARA",-119.72235107421875,34.400104522705078
9524053,2022,2022-11-30,4203,2022-10-27,0613,24576,12,4,5,5,4203,0,0,0,,0,002,"E YANONALI ST","CALLE CESAR CHAVEZ",376.00,W,N,A,-,N,,,,,,,,,,N,2,0,1,2,A,-,11,21956,,N,G,B,D,A,H,-,C,D,0,Y,,,,Y,,N,60,1,0,0,0,1,0,0,0,0,"- ","- ",34.419391632080078,-119.68370819091797,"SANTA BARBARA","SANTA BARBARA",-119.68461608886719,34.418899536132812
9528443,2022,2022-11-17,4203,2022-10-20,1333,25912,38,4,5,5,4203,0,0,0,,0,005,"LAS POSITAS RD","STATE ST",144.00,S,N,A,-,N,,,,,,,,,,N,4,0,1,2,A,-,09,21804,A,N,D,C,A,A,H,-,A,A,0,,,,,Y,,A,07,0,0,1,0,0,0,0,0,0,"- ","- ",34.439849853515625,-119.73428344726562,"SANTA BARBARA","SANTA BARBARA",-119.73426055908203,34.439964294433594
9533838,2023,2023-02-16,4203,2023-01-13,1235,26222,36,5,5,5,4203,0,0,0,,0,005,"W ALAMAR ST","DE LA VINA ST",17.00,W,N,A,-,N,,,,,,,,,,N,4,0,1,1,A,-,01,23152,A,N,F,A,A,A,H,-,A,A,0,,,,,Y,Y,M,94,0,0,1,0,0,0,0,0,0,"- ","- ",34.434959411621094,-119.72522735595703,"SANTA BARBARA","SANTA BARBARA",-119.72515869140625,34.435405731201172
9536518,2022,2023-01-25,4202,2022-12-07,1606,230,4202,3,5,4,4202,0,0,0,,0,,"RT 1","CENTRAL AV",1160.00,N,N,A,-,Y,SB,5,1,-,-,22.280,H,-,S,N,4,0,1,2,A,-,09,21804,A,N,D,C,A,A,H,-,A,D,0,,,,,Y,,A,01,0,0,1,0,0,0,0,0,0,"- ","- ",,,"SANTA BARBARA",LOMPOC,-120.45783233642578,34.663871765136719
9542818,2022,2023-01-24,4203,2022-12-13,1557,24079,44,2,5,5,4203,0,0,0,,0,003,"E ORTEGA ST","SANTA BARBARA ST",173.00,W,N,A,-,N,,,,,,,,,,Y,3,0,1,2,A,-,08,22107,,N,D,C,A,A,H,-,A,D,0,,,,,Y,,A,07,0,1,0,0,0,0,0,0,0,"- ","- ",34.420871734619141,-119.69509124755859,"SANTA BARBARA","SANTA BARBARA",-119.69615936279297,34.420455932617188
9571566,2023,2023-04-26,4200,2023-04-04,1628,4950,14,2,5,4,4214,0,0,0,,0,050,"CAMBRIDGE DR","YORK PL",0.00,,Y,A,-,N,,,,,,,,,,N,3,0,1,2,A,-,05,21650,,N,B,G,A,A,H,-,A,D,0,,Y,,,Y,,L,04,0,1,0,0,0,0,1,0,0,"- ","- ",,,"SANTA BARBARA",GOLETA,-119.82042694091797,34.44525146484375
9571692,2023,2023-05-08,4202,2023-03-04,1847,99999,4202,6,5,4,4202,0,0,0,,0,,"H ST","CENTRAL AV",1118.00,N,N,A,-,Y,SB,5,1,-,-,22.280,H,-,N,N,3,0,1,2,A,-,03,22350,,N,C,G,A,A,-,-,C,A,0,,Y,,,Y,,D,22,0,1,0,0,0,0,1,0,0,"- ","- ",,,"SANTA BARBARA",LOMPOC,-120.45767211914062,34.663848876953125
9571730,2023,2023-05-12,4203,2023-04-04,"713 ",24079,11,2,5,5,4203,0,0,0,,0,002,"QUARANTINA ST","QUINIENTOS ST",0.00,,Y,A,-,N,,,,,,,,,,Y,3,0,1,2,A,-,12,22450,A,N,D,C,A,A,H,-,A,A,0,,,,Y,Y,,F,26,0,1,0,0,0,0,0,0,0,"- ","- ",34.419399261474609,-119.68132019042969,"SANTA BARBARA","SANTA BARBARA",-119.68117523193359,34.419509887695312
9572170,2023,2023-05-19,4203,2023-04-23,"115 ",26222,67,7,5,5,4203,0,0,0,,0,001,"E ANAPAMU ST","N MILPAS ST",6.00,W,N,A,-,N,,,,,,,,,,Y,3,0,1,1,A,-,01,23152,A,N,E,I,A,A,H,-,C,D,0,,,,,Y,Y,A,07,0,1,0,0,0,0,0,0,0,"- ","- ",34.432621002197266,-119.69474029541016,"SANTA BARBARA","SANTA BARBARA",-119.69439697265625,34.432765960693359
9576828,2023,2023-05-15,4202,2023-04-23,"210 ",295,4202,7,5,4,4202,0,0,0,,0,,"7TH ST","REGENT DR",56.00,S,N,A,-,N,,,,,,,,,,N,3,0,1,4,A,-,01,23152,B,N,C,E,A,A,H,-,C,D,0,,,,,Y,,D,22,0,1,0,0,0,0,0,0,0,"- ","- ",,,"SANTA BARBARA",LOMPOC,-120.44033050537109,34.635425567626953