CASE_ID,ACCIDENT_YEAR,PROC_DATE,JURIS,COLLISION_DATE,COLLISION_TIME,OFFICER_ID,REPORTING_DISTRICT,DAY_OF_WEEK,CHP_SHIFT,POPULATION,CNTY_CITY_LOC,SPECIAL_COND,BEAT_TYPE,CHP_BEAT_TYPE,CITY_DIVISION_LAPD,CHP_BEAT_CLASS,BEAT_NUMBER,PRIMARY_RD,SECONDARY_RD,DISTANCE,DIRECTION,INTERSECTION,WEATHER_1,WEATHER_2,STATE_HWY_IND,CALTRANS_COUNTY,CALTRANS_DISTRICT,STATE_ROUTE,ROUTE_SUFFIX,POSTMILE_PREFIX,POSTMILE,LOCATION_TYPE,RAMP_INTERSECTION,SIDE_OF_HWY,TOW_AWAY,COLLISION_SEVERITY,NUMBER_KILLED,NUMBER_INJURED,PARTY_COUNT,PRIMARY_COLL_FACTOR,PCF_CODE_OF_VIOL,PCF_VIOL_CATEGORY,PCF_VIOLATION,PCF_VIOL_SUBSECTION,HIT_AND_RUN,TYPE_OF_COLLISION,MVIW,PED_ACTION,ROAD_SURFACE,ROAD_COND_1,ROAD_COND_2,LIGHTING,CONTROL_DEVICE,CHP_ROAD_TYPE,PEDESTRIAN_ACCIDENT,BICYCLE_ACCIDENT,MOTORCYCLE_ACCIDENT,TRUCK_ACCIDENT,NOT_PRIVATE_PROPERTY,ALCOHOL_INVOLVED,STWD_VEHTYPE_AT_FAULT,CHP_VEHTYPE_AT_FAULT,COUNT_SEVERE_INJ,COUNT_VISIBLE_INJ,COUNT_COMPLAINT_PAIN,COUNT_PED_KILLED,COUNT_PED_INJURED,COUNT_BICYCLIST_KILLED,COUNT_BICYCLIST_INJURED,COUNT_MC_KILLED,COUNT_MC_INJURED,PRIMARY_RAMP,SECONDARY_RAMP,LATITUDE,LONGITUDE,COUNTY,CITY,POINT_X,POINT_Y
6627837,2014,2014-10-07,4203,2014-09-14,1353,2386,,7,5,5,4203,0,0,0,,0,004,"STATE ST","DE LA VINA ST",132.00,S,N,A,-,N,,,,,,,,,,N,3,0,1,2,A,-,17,22517,,N,B,G,A,A,H,-,A,A,0,,Y,,,Y,,-,,0,1,0,0,0,0,1,0,0,"- ","- ",34.25103,-119.41571999999999,"SANTA BARBARA","SANTA BARBARA",-119.7310571,34.440379999999998
6630836,2014,2016-02-16,9750,2014-09-21,1010,014358,,7,1,9,4200,0,3,5,,2,020,"SOLOMON RD","RT 1",1056.00,E,N,A,-,N,,,,,,,,,,Y,4,0,1,1,A,-,03,22350,,N,E,I,A,A,H,-,A,D,0,,,,,Y,,A,01,0,0,1,0,0,0,0,0,0,"- ","- ",34.872039999999998,-120.46589,"SANTA BARBARA",UNINCORPORATED,-120.46499181999999,34.872459569999997
6634713,2014,2014-09-30,4200,2014-09-12,1436,3116,14,5,5,4,4214,0,0,0,,0,060,"HOLLISTER AV","CORTONA DR",65.00,W,N,A,-,N,,,,,,,,,,N,2,0,1,2,A,-,08,22107,,N,D,G,A,A,H,-,A,D,0,,Y,,,Y,,A,01,1,0,0,0,0,0,1,0,0,"- ","- ",,,"SANTA BARBARA",GOLETA,-119.86824289,34.430109999999999
6635879,2014,2016-05-09,9760,2014-09-22,0640,014690,,1,1,3,4205,0,1,2,,2,010,"RT 101","FRANKLIN CREEK BRIDGE",50.00,S,N,A,-,Y,SB,5,101,-,-,3.290,H,-,N,Y,4,0,1,3,A,-,07,21658,A,N,B,C,A,A,H,-,A,D,1,,,,Y,Y,,A,01,0,0,1,0,0,0,0,0,0,"- ","- ",34.402200000000001,-119.52097000000001,"SANTA BARBARA",CARPINTERIA,-119.52036093,34.402203909999997
6637149,2014,2016-05-11,9750,2014-09-18,1809,018009,,4,2,5,4204,0,1,2,,2,001,"RT 101","STOWELL RD",1584.00,S,N,A,-,Y,SB,5,101,-,-,87.300,H,-,S,N,4,0,1,4,A,-,03,22350,,M,C,C,A,A,H,-,A,D,0,,,,Y,Y,,A,01,0,0,1,0,0,0,0,0,0,"- ","- ",34.93336,-120.41801,"SANTA BARBARA","SANTA MARIA",-120.41793815,34.933934219999998
6638296,2014,2016-05-03,9760,2014-09-10,1645,014690,,3,2,4,4214,0,1,3,,2,027,"RT 217","PATTERSON AV",528.00,W,N,A,-,Y,SB,5,217,-,-,20.850,R,2,E,N,4,0,1,2,A,-,08,22107,,N,C,C,A,A,H,-,A,D,0,,,,,Y,,A,01,0,0,1,0,0,0,0,0,0,TO,"- ",34.441490000000002,-119.81103,"SANTA BARBARA",GOLETA,-119.81103,34.441490000000002
6638300,2014,2016-05-03,9760,2014-09-17,1240,017097,,3,1,9,4200,0,1,3,,1,022,"RT 154","PARADISE RD",4752.00,E,N,A,-,Y,SB,5,154,-,-,22.490,H,-,E,Y,3,0,3,2,A,-,09,21801,A,N,D,C,A,A,H,-,A,D,0,,,,,Y,,A,01,0,1,2,0,0,0,0,0,0,"- ","- ",34.530470000000001,-119.84197,"SANTA BARBARA",UNINCORPORATED,-119.84271611,34.530803280000001
6646734,2014,2014-12-10,4203,2014-09-23,2057,6495,,2,5,5,4203,0,0,0,,0,006,"SAN ANDRES ST","ANAPAMU ST",0.00,,Y,A,-,N,,,,,,,,,,Y,3,0,2,2,A,-,01,23153,A,N,D,C,A,A,H,-,C,A,0,,,,,Y,Y,-,,0,1,1,0,0,0,0,0,0,"- ","- ",34.245750000000001,-119.42446,"SANTA BARBARA","SANTA BARBARA",-119.71233999,34.415970049999999
6650316,2014,2014-10-27,4204,2014-09-25,0808,22807,18,4,5,5,4204,0,0,0,,0,001,"ALVIN AV","BRADLEY RD",0.00,,Y,A,-,N,,,,,,,,,,Y,4,0,1,2,A,-,03,22350,,N,C,C,A,A,H,-,A,D,0,,,,,Y,,A,01,0,0,1,0,0,0,0,0,0,"- ","- ",,,"SANTA BARBARA","SANTA MARIA",-120.42062987,34.960330020000001
6650861,2014,2014-11-14,4204,2014-09-18,1143,90081,75,4,5,5,4204,0,0,0,,0,003,"BETTERAVIA RD","COLLEGE DR",86.00,E,N,A,-,N,,,,,,,,,,N,4,0,2,2,A,-,03,22350,,N,C,C,A,-,H,-,A,A,0,,,,,Y,,A,01,0,0,2,0,0,0,0,0,0,"- ","- ",,,"SANTA BARBARA","SANTA MARIA",-120.42535331000001,34.923743700000003
6650896,2014,2014-10-10,4204,2014-09-17,0728,90276,,3,5,5,4204,0,0,0,,0,B02,JONES,BROADWAY,19.00,W,N,A,-,N,,,,,,,,,,Y,4,0,1,2,A,-,03,22350,,N,C,C,A,A,H,-,A,A,0,,,,,Y,,A,01,0,0,1,0,0,0,0,0,0,"- ","- ",,,"SANTA BARBARA","SANTA MARIA",-120.43604000000001,34.945853
6650911,2014,2016-05-09,9760,2014-09-30,0755,014690,,2,1,5,4203,0,1,2,,2,020,"RT 101","HOPE AV",650.00,S,N,A,-,Y,SB,5,101,-,-,17.370,H,-,S,Y,4,0,1,4,A,-,04,21703,,N,C,C,A,A,H,-,A,D,1,,,,,Y,,A,01,0,0,1,0,0,0,0,0,0,"- ","- ",34.43235,-119.74638,"SANTA BARBARA","SANTA BARBARA",-119.74645715,34.432329869999997
6656960,2014,2014-11-07,9755,2014-09-06,1940,017967,,6,2,9,4200,1,3,5,,2,050,"CONSTELLATION RD","SIRIUS AV",0.00,,Y,A,-,N,,,,,,,,,,Y,4,0,1,2,A,-,12,22450,A,N,D,C,A,A,H,-,B,A,0,,,,,Y,,H,14,0,0,1,0,0,0,0,0,0,"- ","- ",34.711669999999998,-120.47132000000001,"SANTA BARBARA",UNINCORPORATED,-120.47138998,34.711510089999997
6657273,2014,2014-10-15,9760,2014-09-25,1629,019831,,4,2,5,4203,0,3,5,,2,002,"HOLLISTER AV","MAGNA VISTA ST",21.00,W,N,A,-,N,,,,,,,,,,Y,4,0,1,2,A,-,03,22350,,N,C,C,A,A,H,-,A,D,0,,,,,Y,,A,07,0,0,1,0,0,0,0,0,0,"- ","- ",34.436999999999998,-119.78713,"SANTA BARBARA","SANTA BARBARA",-119.78684783,34.437127080000003
6665014,2014,2014-12-18,4203,2014-10-07,1407,5751,,2,5,5,4203,0,0,0,,0,001,"REDDICK ST","NOPAL ST",177.00,E,N,A,-,N,,,,,,,,,,N,4,0,1,2,A,-,09,21804,A,N,D,C,A,A,H,-,A,D,0,,,,,Y,,-,,0,0,1,0,0,0,0,0,0,"- ","- ",34.253070000000001,-119.4111,"SANTA BARBARA","SANTA BARBARA",-119.68541564,34.425157059999997
6671001,2014,2014-12-18,4204,2014-10-11,1618,90139,,6,5,5,4204,0,0,0,,0,,"WESTERN AV",BOONE,0.00,,Y,A,-,N,,,,,,,,,,N,4,0,1,2,A,-,12,22450,A,F,G,B,B,A,H,-,A,A,0,Y,,,,Y,,D,22,0,0,1,0,1,0,0,0,0,"- ","- ",,,"SANTA BARBARA","SANTA MARIA",-120.44942986,34.9469201
6675613,2014,2014-12-11,4204,2014-10-17,1431,90322,40,5,5,5,4204,0,0,0,,0,002,"OAKLEY AV",CHURCH,0.00,,Y,A,-,N,,,,,,,,,,N,4,0,1,2,A,-,12,22450,A,N,D,C,A,A,H,-,A,A,0,,,,,Y,,A,01,0,0,1,0,0,0,0,0,0,"- ","- ",,,"SANTA BARBARA","SANTA MARIA",-120.44711989,34.952130060000002
6677016,2014,2014-11-07,9755,2014-09-29,0545,017884,,1,3,9,4200,0,3,5,,2,050,"FLORADALE AV","CENTRAL AV",3168.00,N,N,E,-,N,,,,,,,,,,Y,4,0,1,2,A,-,21,22106,,N,D,C,A,B,H,-,D,D,0,,,,,Y,,D,22,0,0,1,0,0,0,0,0,0,"- ","- ",34.667360000000002,-120.49265,"SANTA BARBARA",UNINCORPORATED,-120.49285999999999,34.661209999999997
6678223,2017,2019-04-05,4203,2017-11-29,1028,6700,15,3,5,5,4203,0,0,0,,0,002,"CLIFF DR","RANCHERIA ST",0.00,,N,A,-,N,,,225,,,,,,,Y,1,1,1,2,D,-,00,,,N,A,C,A,A,H,-,A,D,0,,,,,Y,,-,"- ",0,0,1,0,0,0,0,0,0,"- ","- ",34.408580000000001,-119.699,"SANTA BARBARA","SANTA BARBARA",-119.69890411999999,34.408595210000001
6678288,2014,2014-10-31,9750,2014-09-21,1456,14449,,7,2,9,4200,0,3,5,,2,030,"DOMINION RD","CLARK AV",2640.00,N,N,A,-,N,,,,,,,,,,Y,1,1,0,1,A,-,08,22107,,N,E,I,A,A,H,-,A,D,0,,,,,Y,,A,01,0,0,0,0,0,0,0,0,0,"- ","- ",34.872039999999998,-120.3476,"SANTA BARBARA",UNINCORPORATED,-120.34751439999999,34.872248919999997
6680836,2014,2014-12-12,4204,2014-10-18,1600,90268,33,6,5,5,4204,0,0,0,,0,002,MAIN,BROADWAY,0.00,,Y,A,-,N,,,,,,,,,,Y,4,0,2,2,A,-,01,23152,B,N,C,C,A,A,H,-,A,A,0,,,,,Y,Y,A,01,0,0,2,0,0,0,0,0,0,"- ","- ",,,"SANTA BARBARA","SANTA MARIA",-120.43575,34.953130000000002
6690647,2014,2014-12-29,4203,2014-10-17,1223,2661,,5,5,5,4203,0,0,0,,0,006,"CLIFF DR","TERRACE RD",0.00,,Y,A,-,Y,,,,,,,,,,Y,3,0,2,2,A,-,09,21801,A,N,D,C,A,A,H,-,A,A,0,,,,,Y,,-,,0,1,1,0,0,0,0,0,0,"- ","- ",34.244999999999997,-119.4238,"SANTA BARBARA","SANTA BARBARA",-119.71151992999999,34.401520079999997
6690712,2014,2014-12-29,9750,2014-10-15,0548,16469,,3,3,9,4200,0,3,5,,2,010,"BETTERAVIA RD","BROWN RD",0.00,,Y,A,-,N,,,,,,,,,,Y,4,0,1,2,A,-,09,21802,A,N,D,C,A,B,H,-,D,A,0,,,,,Y,,A,07,0,0,1,0,0,0,0,0,0,"- ","- ",34.935049999999997,-120.54638,"SANTA BARBARA",UNINCORPORATED,-120.54642995,34.935200080000001
6713556,2014,2015-01-15,4200,2014-11-05,1318,3683,14,3,5,4,4214,0,0,0,,0,060,"HOLLISTER AV","RUTHERFORD ST",0.00,,Y,A,-,N,,,,,,,,,,N,4,0,2,2,A,-,03,22350,,N,C,C,A,A,H,-,A,D,0,,,,,Y,,D,22,0,0,2,0,0,0,0,0,0,"- ","- ",,,"SANTA BARBARA",GOLETA,-119.82523999,34.43576006
6721902,2014,2015-01-13,4204,2014-11-21,1808,90026,,5,5,5,4204,0,0,0,,0,016,DONOVAN,BROADWAY,216.00,E,N,A,-,N,,,,,,,,,,Y,4,0,1,3,A,-,03,22350,,N,C,C,A,A,H,-,C,D,0,,,,,Y,,A,01,0,0,1,0,0,0,0,0,0,"- ","- ",,,"SANTA BARBARA","SANTA MARIA",-120.434921,34.967697999999999
6721959,2014,2015-01-07,9755,2014-10-24,1600,017884,,5,2,9,4200,0,1,3,,2,041,"RT 246","REFUGIO RD",1056.00,W,N,A,-,Y,,,,,,,,,,Y,4,0,1,2,A,-,03,22350,,N,C,C,A,A,H,-,A,A,0,,,,,Y,,A,01,0,0,1,0,0,0,0,0,0,"- ","- ",,,"SANTA BARBARA",UNINCORPORATED,,
6725228,2014,2015-01-22,9750,2014-11-25,0600,016773,,2,1,9,4200,0,3,5,,2,010,"BETTERAVIA RD","SIMAS RD",1584.00,S,N,A,-,N,,,,,,,,,,Y,2,0,3,2,A,-,08,22107,,F,A,C,A,A,H,-,D,D,0,,,,,Y,,A,07,1,1,1,0,0,0,0,0,0,"- ","- ",34.904179999999997,-120.55349,"SANTA BARBARA",UNINCORPORATED,-120.55451646,34.94081825
6725459,2014,2016-06-22,9750,2014-11-15,1255,15514,,6,1,5,4204,0,1,2,,2,001,"RT 101","DONOVAN RD",1584.00,S,N,A,-,Y,SB,5,101,-,-,89.390,H,-,N,Y,3,0,2,2,A,-,07,21658,A,N,E,I,A,A,H,-,A,D,0,,,,,Y,,A,07,0,1,1,0,0,0,0,0,0,"- ","- ",34.96331,-120.42006000000001,"SANTA BARBARA","SANTA MARIA",-120.42047079,34.96374883
6725460,2014,2015-01-13,9750,2014-11-14,1725,17379,,5,2,9,4200,0,2,4,,1,024,"BRADLEY RD","UNION VALLEY PKWY",30.00,N,N,A,-,N,,,,,,,,,,Y,4,0,1,2,A,-,01,23152,A,N,C,C,A,A,H,-,C,A,0,,,,,Y,Y,A,01,0,0,1,0,0,0,0,0,0,"- ","- ",34.879640000000002,-120.41875,"SANTA BARBARA",UNINCORPORATED,-120.41870279,34.87944237
6726905,2014,2015-01-16,9750,2014-11-26,1720,017616,,3,2,9,4200,0,3,5,,2,010,"BETTERAVIA RD","SINTON RD",2112.00,W,N,A,-,N,,,,,,,,,,Y,4,0,1,2,A,-,08,22107,,M,B,C,A,A,H,-,D,D,0,,,,,Y,,-,99,0,0,1,0,0,0,0,0,0,"- ","- ",34.918669999999999,-120.51936000000001,"SANTA BARBARA",UNINCORPORATED,-120.52127737000001,34.919837059999999
6728424,2014,2015-01-16,4203,2014-11-25,1921,6967,SBSC,2,5,5,4203,0,0,0,,0,005,"S LA CUMBRE RD","CALLE REAL RD",0.00,,Y,A,-,N,,,,,,,,,,N,4,0,1,2,A,-,"- ",,,N,D,C,A,A,H,-,C,A,0,,,,,Y,,-,,0,0,1,0,0,0,0,0,0,"- ","- ",34.261099999999999,-119.45010000000001,"SANTA BARBARA","SANTA BARBARA",-119.75102995,34.437230100000001
6729881,2014,2015-01-14,4204,2014-11-24,0940,22104,57,1,5,5,4204,0,0,0,,0,002,BROADWAY,"CAMINO COLEGIO",24.00,N,N,A,-,Y,,,,,,,,,,Y,4,0,1,2,A,-,03,22350,,N,C,C,A,A,H,-,A,A,0,,,,,Y,,A,01,0,0,1,0,0,0,0,0,0,"- ","- ",,,"SANTA BARBARA","SANTA MARIA",,
6753356,2014,2016-06-22,4203,2014-12-22,1458,6700,21,1,5,5,4203,0,0,0,,0,006,"CARRILLO ST","RT 101",67.00,W,N,A,-,Y,SB,5,101,-,R,14.640,R,4,S,N,4,0,1,2,A,-,03,22350,,N,C,C,A,A,H,-,A,A,0,,,,,Y,,A,07,0,0,1,0,0,0,0,0,0,"- ",SO,34.245739999999998,-119.42278,"SANTA BARBARA","SANTA BARBARA",-119.70606809,34.41532419
6754748,2014,2015-05-05,9760,2014-11-03,1135,12518,,1,1,9,4200,0,2,4,,1,021,"STATE ST","MODOC RD",985.00,E,N,A,-,N,,,,,,,,,,Y,4,0,1,2,A,-,09,21801,A,N,D,C,A,A,H,-,A,D,0,,,,,Y,,A,01,0,0,1,0,0,0,0,0,0,"- ","- ",34.440359999999998,-119.76667,"SANTA BARBARA",UNINCORPORATED,-119.76680399999999,34.440503999999997
6762340,2014,2016-06-22,9760,2014-11-24,0820,018490,,1,1,9,4200,0,1,2,,2,010,"RT 101","CASITAS PASS RD",488.00,S,N,A,-,Y,SB,5,101,-,-,2.550,H,-,N,N,4,0,3,2,A,-,03,22350,,N,C,C,A,A,H,-,A,D,1,,,,,Y,,D,22,0,0,3,0,0,0,0,0,0,"- ","- ",33.395499999999998,-119.51066,"SANTA BARBARA",UNINCORPORATED,-119.51073847000001,34.395730520000001
6765357,2014,2016-06-22,9750,2014-12-08,0634,016170,,1,1,9,4200,0,3,5,,2,030,"SANTA MARIA WY","MORNINGSIDE DR",0.00,,Y,A,-,Y,SB,5,101,-,-,84.070,R,4,N,Y,4,0,1,2,A,-,09,21801,A,F,D,C,A,A,H,-,B,D,0,,,,,Y,,A,01,0,0,1,0,0,0,0,0,0,"- ","- ",34.889279999999999,-120.41567000000001,"SANTA BARBARA",UNINCORPORATED,-120.41529045,34.887658719999997
6767642,2014,2015-02-06,4203,2014-12-14,1150,6968,35,7,5,5,4203,0,0,0,,0,004,"BATH ST","W MISSION ST",21.00,N,N,A,-,N,,,,,,,,,,N,4,0,1,2,D,-,00,,,F,C,C,A,A,H,-,A,A,0,,,,,Y,,-,"- ",0,0,1,0,0,0,0,0,0,"- ","- ",34.25394,-119.43048,"SANTA BARBARA","SANTA BARBARA",-119.71801185,34.42764845
6769093,2015,2015-05-04,4204,2015-03-30,1443,90241,68,1,5,5,4204,0,0,0,,0,003,BROADWAY,"BATTLES RD",85.00,N,N,A,-,N,,,,,,,,,,N,4,0,1,2,A,-,04,21703,,N,C,C,A,A,H,-,A,A,0,,,,,Y,,A,07,0,0,1,0,0,0,0,0,0,"- ","- ",,,"SANTA BARBARA","SANTA MARIA",-120.43612,34.931736999999998
6771568,2014,2015-02-06,4204,2014-12-06,2151,90246,68,6,5,5,4204,0,0,0,,0,003,BROADWAY,"ENOS DR",0.00,,Y,A,-,Y,,,,,,,,,,N,4,0,2,2,A,-,03,22350,,N,C,C,A,A,H,-,C,A,0,,,,,Y,,A,07,0,0,2,0,0,0,0,0,0,"- ","- ",,,"SANTA BARBARA","SANTA MARIA",,
6773683,2014,2016-06-22,9750,2014-12-28,1850,016874,,7,2,5,4204,0,1,2,,2,001,"RT 101","DONOVAN RD",250.00,N,N,A,-,Y,SB,5,101,-,-,89.740,H,-,S,Y,4,0,2,3,A,-,03,22350,,N,C,C,A,A,E,-,D,D,0,,,,,Y,,A,01,0,0,2,0,0,0,0,0,0,"- ","- ",34.96837,-120.42368999999999,"SANTA BARBARA","SANTA MARIA",-120.42353756999999,34.968299709999997
6775369,2014,2015-02-11,9750,2014-12-30,0001,016874,,2,3,9,4200,0,3,5,,2,020,"SOLOMON RD","CREW LN",222.00,W,N,A,-,N,,,,,,,,,,N,3,0,1,1,A,-,01,23152,A,N,E,I,A,A,H,-,D,D,0,,,,,Y,Y,A,01,0,1,0,0,0,0,0,0,0,"- ","- ",34.872430000000001,-120.46088,"SANTA BARBARA",UNINCORPORATED,-120.46054986,34.872475520000002
6779145,2014,2015-02-13,4204,2014-12-31,1739,23028,68,3,5,5,4204,0,0,0,,0,003,BROADWAY,"BATTLES RD",0.00,,Y,A,-,Y,,,,,,,,,,N,4,0,1,2,A,-,10,21950,A,N,G,B,B,A,H,-,C,A,0,Y,,,,Y,,A,01,0,0,1,0,1,0,0,0,0,"- ","- ",,,"SANTA BARBARA","SANTA MARIA",,
6779672,2014,2015-01-28,4204,2014-11-30,1934,90278,2,7,5,5,4204,0,0,0,,0,041,MAIN,"SMITH WEST",0.00,,Y,A,-,N,,,,,,,,,,Y,4,0,1,2,A,-,09,21801,A,M,D,C,A,A,H,-,C,D,0,,,Y,,Y,Y,-,,0,0,1,0,0,0,0,0,1,"- ","- ",,,"SANTA BARBARA","SANTA MARIA",-120.44289994,34.95320006
6781329,2015,2015-02-18,4203,2015-01-14,1537,5751,,3,5,5,4203,0,0,0,,0,004,"STATE ST","W MISSION ST",0.00,,Y,A,-,N,,,,,,,,,,N,4,0,1,2,D,-,00,,,F,B,G,A,A,H,-,A,A,0,,Y,,,Y,,-,"- ",0,0,1,0,0,0,1,0,0,"- ","- ",,,"SANTA BARBARA","SANTA BARBARA",-119.71470997,34.430830010000001
6785335,2015,2016-10-28,9760,2015-01-08,1810,20029,,4,2,5,4203,0,1,2,,2,011,"RT 101","MISSION ST",800.00,N,N,A,-,Y,SB,5,101,-,-,15.910,H,-,S,N,4,0,1,2,A,-,03,22350,,N,C,C,A,A,H,-,C,D,1,,,,,Y,,A,08,0,0,1,0,0,0,0,0,0,"- ","- ",34.426729999999999,-119.72732000000001,"SANTA BARBARA","SANTA BARBARA",-119.72273616,34.426011680000002
6785343,2015,2017-02-10,9760,2015-01-01,0312,17140,,4,3,5,4203,0,1,2,,2,011,"RT 101","CASTILLO ST",401.00,S,N,A,-,Y,SB,5,101,-,R,15.320,R,2,N,Y,4,0,1,1,A,-,01,23152,A,N,E,I,A,A,H,-,C,D,1,,,,,Y,Y,A,07,0,0,1,0,0,0,0,0,0,TO,"- ",34.422080000000001,-119.71460999999999,"SANTA BARBARA","SANTA BARBARA",-119.71466909,34.421491949999997
6788679,2015,2016-10-28,9760,2015-02-02,0755,015658,,1,1,5,4203,0,1,2,,2,011,"RT 101","LAS POSITAS RD",600.00,S,N,A,-,Y,SB,5,101,-,-,16.440,H,-,N,Y,3,0,2,4,A,-,03,22350,,N,C,C,A,A,H,-,A,D,1,,,,,Y,,D,22,0,1,1,0,0,0,0,0,0,"- ","- ",34.426870000000001,-119.72703,"SANTA BARBARA","SANTA BARBARA",-119.73180219,34.42772772
6799281,2015,2015-02-25,4204,2015-01-23,1546,90228,82,5,5,5,4204,0,0,0,,0,003,"COLLEGE DR","MCCOY LN",0.00,,Y,A,-,N,,,,,,,,,,N,4,0,1,2,A,-,09,21800,,N,B,C,A,A,H,-,A,D,0,,,,,Y,,A,01,0,0,1,0,0,0,0,0,0,"- ","- ",,,"SANTA BARBARA","SANTA MARIA",-120.42485499999999,34.916443999999998
6803008,2015,2015-02-26,4203,2015-01-18,1200,6970,,7,5,5,4203,0,0,0,,0,003,"SANTA BARBARA ST","SOLA ST",48.00,N,N,A,-,N,,,,,,,,,,Y,3,0,1,4,A,-,07,21658,A,N,B,C,A,A,H,-,A,A,0,,,,,Y,,-,,0,1,0,0,0,0,0,0,0,"- ","- ",34.25318,-119.42028000000001,"SANTA BARBARA","SANTA BARBARA",-119.70487031,34.427476210000002
6806376,2014,2015-02-11,4200,2014-11-11,0637,3683,14,2,5,4,4214,0,0,0,,0,050,"N FAIRVIEW AV","BERKELEY RD",177.00,N,N,A,-,N,,,,,,,,,,Y,2,0,2,2,A,-,09,21801,A,N,A,C,A,A,H,-,B,D,0,,,Y,,Y,,A,01,1,1,0,0,0,0,0,0,1,"- ","- ",,,"SANTA BARBARA",GOLETA,-119.83065999999999,34.446706020000001
6807776,2014,2015-02-17,4200,2014-12-08,0004,3083,14,1,5,4,4214,0,0,0,,0,080,"STORKE RD","MARKET PLACE DR",0.00,,Y,A,-,N,,,,,,,,,,Y,4,0,1,2,A,-,09,21801,A,N,D,C,A,A,H,-,C,A,0,,,,,Y,,A,01,0,0,1,0,0,0,0,0,0,"- ","- ",,,"SANTA BARBARA",GOLETA,-119.86977997,34.428660069999999
6807785,2014,2016-06-22,4200,2014-12-08,1445,3683,14,1,5,4,4214,0,0,0,,0,060,"PATTERSON AV","RT 101",12.00,S,N,A,-,Y,SB,5,101,-,-,21.540,R,4,S,N,3,0,1,2,A,-,05,21650,,N,H,G,A,A,H,-,A,D,0,,Y,,,Y,,L,04,0,1,0,0,0,0,1,0,0,"- ",SF,,,"SANTA BARBARA",GOLETA,-119.81512033999999,34.441071669999999
6809133,2015,2016-09-13,9750,2015-02-07,1930,016714,,6,2,9,4200,0,1,3,,1,062,"RT 166","ROCK FRONT RANCH RD",12672.00,W,N,C,-,Y,SLO,5,166,-,R,31.870,H,-,W,Y,4,0,1,1,A,-,03,22350,,N,F,I,A,B,H,-,D,D,0,,,,,Y,,A,01,0,0,1,0,0,0,0,0,0,"- ","- ",35.093829999999997,-120.12887000000001,"SANTA BARBARA",UNINCORPORATED,-120.12895813,35.093910809999997
6812215,2015,2016-10-28,9760,2015-01-30,2105,20511,,5,2,5,4203,0,1,2,,2,011,"RT 101","CASTILLO ST",80.00,N,N,A,-,Y,SB,5,101,-,-,3.040,H,-,S,Y,4,0,1,1,A,-,03,22350,,N,F,A,A,B,H,-,C,D,1,,,Y,,Y,,C,02,0,0,1,0,0,0,0,0,1,"- ","- ",34.41187,-119.69919,"SANTA BARBARA","SANTA BARBARA",-119.51626163,34.400934700000001
6815890,2015,2016-09-13,4204,2015-02-03,1830,90269,68,2,5,5,4204,0,0,0,,0,003,BROADWAY,"ENOS DR",0.00,,Y,A,-,Y,SB,5,135,-,-,14.470,I,5,S,Y,4,0,1,2,A,-,12,21453,A,N,D,C,A,A,H,-,C,A,0,,,,,Y,,-,"- ",0,0,1,0,0,0,0,0,0,"- ","- ",,,"SANTA BARBARA","SANTA MARIA",-120.4361296,34.93411596
6820775,2015,2015-08-12,9760,2015-01-30,2250,19446,,5,3,9,4200,0,3,5,,2,005,"CAMINO DEL SUR","SABADO TARDE RD",0.00,,Y,A,-,N,,,,,,,,,,N,3,0,1,2,A,-,17,21200,,N,D,G,A,A,H,-,D,A,0,,Y,,,Y,Y,L,04,0,1,0,0,0,0,1,0,0,"- ","- ",34.410350000000001,-119.86259,"SANTA BARBARA",UNINCORPORATED,-119.86258991,34.41046
6824521,2015,2016-10-28,9760,2015-02-04,1630,012518,,3,2,5,4203,0,1,2,,2,011,"RT 101","JUNIPERO ST",50.00,S,N,A,-,Y,SB,5,101,-,-,16.220,H,-,S,Y,4,0,1,3,A,-,03,22350,,N,C,C,A,A,H,-,A,D,1,,,,,Y,,A,01,0,0,1,0,0,0,0,0,0,"- ","- ",34.427030000000002,-119.72797,"SANTA BARBARA","SANTA BARBARA",-119.72797718,34.426904700000001
6824877,2015,2015-03-03,9755,2015-01-16,1350,16058,,5,1,9,4200,0,3,5,,2,050,"CONSTELLATION RD","APOLLO WY",500.00,N,N,A,-,N,,,,,,,,,,N,2,0,1,2,A,-,09,21804,A,N,D,C,A,A,H,-,A,D,0,,,Y,,Y,,A,01,1,0,0,0,0,0,0,0,1,"- ","- ",34.700380000000003,-120.46746,"SANTA BARBARA",UNINCORPORATED,-120.46706021,34.700475369999999
6835755,2014,2015-03-09,9760,2014-11-14,1350,019831,,5,1,9,4200,0,3,5,,2,001,"GIBRALTAR RD","CIELITO LN",11088.00,E,N,A,-,N,,,,,,,,,,N,3,0,1,1,A,-,08,22107,,N,E,I,A,A,H,-,A,D,0,,,Y,,Y,,C,02,0,1,0,0,0,0,0,0,1,"- ","- ",,,"SANTA BARBARA",UNINCORPORATED,-119.675563,34.4644409
6837041,2015,2016-10-28,9760,2015-02-14,1630,20211,,6,2,9,4200,0,1,2,,2,010,"RT 101","SHEFFIELD DR",250.00,S,N,A,-,Y,SB,5,101,-,-,8.960,H,-,N,Y,3,0,1,2,A,-,07,21658,A,N,C,C,A,A,H,-,A,D,1,,,Y,,Y,,C,02,0,1,0,0,0,0,0,0,1,"- ","- ",34.421579999999999,-119.6109,"SANTA BARBARA",UNINCORPORATED,-119.61329168,34.421819960000001
6837972,2015,2015-03-11,4204,2015-01-31,1312,90081,75,6,5,5,4204,0,0,0,,0,003,"BETTERAVIA RD","COLLEGE DR",80.00,E,N,A,-,N,,,,,,,,,,N,4,0,1,2,A,-,04,21703,,N,C,C,A,A,H,-,A,A,0,,,,,Y,,A,01,0,0,1,0,0,0,0,0,0,"- ","- ",,,"SANTA BARBARA","SANTA MARIA",-120.42537331,34.923744139999997