CASE_ID,ACCIDENT_YEAR,PROC_DATE,JURIS,COLLISION_DATE,COLLISION_TIME,OFFICER_ID,REPORTING_DISTRICT,DAY_OF_WEEK,CHP_SHIFT,POPULATION,CNTY_CITY_LOC,SPECIAL_COND,BEAT_TYPE,CHP_BEAT_TYPE,CITY_DIVISION_LAPD,CHP_BEAT_CLASS,BEAT_NUMBER,PRIMARY_RD,SECONDARY_RD,DISTANCE,DIRECTION,INTERSECTION,WEATHER_1,WEATHER_2,STATE_HWY_IND,CALTRANS_COUNTY,CALTRANS_DISTRICT,STATE_ROUTE,ROUTE_SUFFIX,POSTMILE_PREFIX,POSTMILE,LOCATION_TYPE,RAMP_INTERSECTION,SIDE_OF_HWY,TOW_AWAY,COLLISION_SEVERITY,NUMBER_KILLED,NUMBER_INJURED,PARTY_COUNT,PRIMARY_COLL_FACTOR,PCF_CODE_OF_VIOL,PCF_VIOL_CATEGORY,PCF_VIOLATION,PCF_VIOL_SUBSECTION,HIT_AND_RUN,TYPE_OF_COLLISION,MVIW,PED_ACTION,ROAD_SURFACE,ROAD_COND_1,ROAD_COND_2,LIGHTING,CONTROL_DEVICE,CHP_ROAD_TYPE,PEDESTRIAN_ACCIDENT,BICYCLE_ACCIDENT,MOTORCYCLE_ACCIDENT,TRUCK_ACCIDENT,NOT_PRIVATE_PROPERTY,ALCOHOL_INVOLVED,STWD_VEHTYPE_AT_FAULT,CHP_VEHTYPE_AT_FAULT,COUNT_SEVERE_INJ,COUNT_VISIBLE_INJ,COUNT_COMPLAINT_PAIN,COUNT_PED_KILLED,COUNT_PED_INJURED,COUNT_BICYCLIST_KILLED,COUNT_BICYCLIST_INJURED,COUNT_MC_KILLED,COUNT_MC_INJURED,PRIMARY_RAMP,SECONDARY_RAMP,LATITUDE,LONGITUDE,COUNTY,CITY,POINT_X,POINT_Y
6841766,2015,2016-10-28,9750,2015-03-09,1600,14753,,1,2,9,4200,0,1,2,,2,002,"RT 101","UNION OIL RD",0.00,,Y,A,-,Y,SB,5,101,-,-,89.990,H,-,N,N,4,0,1,1,A,-,03,22350,,N,E,I,A,A,H,-,A,D,0,,,,,Y,,A,07,0,0,1,0,0,0,0,0,0,"- ","- ",34.845199999999998,-120.37609999999999,"SANTA BARBARA",UNINCORPORATED,-120.42528197,34.971533399999998
6843516,2014,2015-03-25,9760,2014-12-18,0815,019831,,4,1,5,4203,0,3,5,,2,002,"CALLE REAL","OLD MILL RD",0.00,,Y,B,-,N,,,,,,,,,,Y,4,0,3,2,A,-,17,21461,A,N,D,C,A,B,H,-,A,A,0,,,,,Y,,A,07,0,0,3,0,0,0,0,0,0,"- ","- ",34.441450000000003,-119.7647,"SANTA BARBARA","SANTA BARBARA",-119.76464987,34.44131007
6843566,2014,2015-03-25,9760,2014-10-16,2315,17097,,4,3,9,4200,0,3,5,,2,005,"EL COLEGIO RD","CAMINO DEL SUR",100.00,W,N,A,-,N,,,,,,,,,,N,3,0,1,1,A,-,01,21200,5,N,E,I,A,A,H,-,C,D,0,,Y,,,Y,Y,L,04,0,1,0,0,0,0,1,0,0,"- ","- ",34.417349999999999,-119.86333999999999,"SANTA BARBARA",UNINCORPORATED,-119.86287129,34.417314949999998
6845061,2015,2016-09-08,9755,2015-02-14,1545,17884,,6,2,9,4200,0,1,3,,2,041,"RT 246","EDISON ST",0.00,,Y,A,-,Y,SB,5,246,-,-,33.120,I,5,W,Y,3,0,1,2,A,-,08,22107,,N,B,C,A,A,H,-,A,A,0,,,Y,,Y,,C,02,0,1,0,0,0,0,0,0,1,"- ","- ",34.610120000000002,-120.08196,"SANTA BARBARA",UNINCORPORATED,-120.08125443,34.610526479999997
6846039,2015,2016-10-28,9750,2015-03-08,1450,015915,,7,2,5,4204,0,1,2,,2,001,"RT 101","DONOVAN RD",1584.00,N,N,A,-,Y,SB,5,101,-,-,89.990,H,-,S,Y,3,0,1,1,A,-,08,22107,,N,E,I,A,A,H,-,A,D,0,,,,,Y,,A,07,0,1,0,0,0,0,0,0,0,"- ","- ",34.971699999999998,-120.42570000000001,"SANTA BARBARA","SANTA MARIA",-120.42549405,34.97151882
6847822,2015,2015-03-24,4203,2015-03-11,1021,7587,,3,5,5,4203,0,0,0,,0,006,"CLIFF DR","CAMINO CALMA",280.00,E,N,B,-,N,,,,,,,,,,N,4,0,1,2,A,-,09,21804,A,N,-,C,A,A,H,-,A,D,0,,,,,Y,,-,,0,0,1,0,0,0,0,0,0,"- ","- ",34.240690000000001,-119.43258,"SANTA BARBARA","SANTA BARBARA",-119.72385102,34.401930819999997
6849935,2015,2015-03-27,4204,2015-03-03,0623,90363,,2,5,5,4204,0,0,0,,0,003,"STOWELL RD",BROADWAY,0.00,,Y,A,-,N,,,,,,,,,,N,4,0,1,2,A,-,10,21950,A,F,G,B,B,A,H,-,A,A,0,Y,,,,Y,,-,99,0,0,1,0,1,0,0,0,0,"- ","- ",,,"SANTA BARBARA","SANTA MARIA",-120.43604000000001,34.938499
6853620,2014,2015-04-01,9760,2014-10-13,1015,017662,,1,1,9,4200,0,1,3,,1,014,"RT 192","SAN YSIDRO RD",0.00,,Y,A,-,Y,,,192,,,,,,,Y,2,0,1,2,A,-,09,21801,A,N,D,C,A,A,H,-,A,A,0,,,Y,,Y,,A,01,1,0,0,0,0,0,0,0,1,"- ","- ",34.436750000000004,-119.6322,"SANTA BARBARA",UNINCORPORATED,-119.63216685,34.4369972
6853922,2015,2015-03-25,4200,2015-03-03,0834,4255,6,2,5,2,4206,0,0,0,,0,,"MISSION DR","PINE ST",48.00,E,N,A,-,N,,,,,,,,,,N,3,0,1,1,A,-,03,22350,,N,H,A,A,A,H,-,A,A,0,,,Y,,Y,,C,02,0,1,0,0,0,0,0,0,1,"- ","- ",,,"SANTA BARBARA",SOLVANG,-120.1339641,34.596077510000001
6860822,2015,2016-09-13,4204,2015-03-16,1650,90242,16,1,5,5,4204,0,0,0,,0,001,BROADWAY,"MCELHANEY AV N",0.00,,Y,A,-,Y,SB,5,135,-,-,16.130,H,-,S,Y,3,0,2,3,A,-,07,21658,A,N,C,C,A,A,H,-,A,D,0,,,,,Y,,D,22,0,1,1,0,0,0,0,0,0,"- ","- ",,,"SANTA BARBARA","SANTA MARIA",-120.4358522,34.95823798
6862394,2015,2016-04-13,4203,2015-03-17,2140,6972,,2,5,5,4203,0,0,0,,0,006,"CLIFF DR","W FELLOWSHIP RD",0.00,,Y,A,-,N,,,,,,,,,,Y,4,0,1,2,A,-,01,23152,A,F,C,C,A,A,H,-,C,D,0,,,,,Y,Y,-,,0,0,1,0,0,0,0,0,0,"- ","- ",34.24109,-119.43414,"SANTA BARBARA","SANTA BARBARA",-119.72807999,34.403000110000001
6863880,2015,2015-04-08,4204,2015-03-20,1921,90278,10,5,5,5,4204,0,0,0,,0,001,"LYNNE DR",WILLIAMS,0.00,,Y,A,-,N,,,,,,,,,,Y,4,0,1,2,A,-,08,22107,,N,A,C,A,A,H,-,C,D,0,,,,,Y,,A,01,0,0,1,0,0,0,0,0,0,"- ","- ",,,"SANTA BARBARA","SANTA MARIA",-120.42668998000001,34.97040011
6864098,2015,2015-04-07,9755,2015-03-26,0230,018991,,4,3,9,4200,0,3,5,,2,050,"HARRIS GRADE RD","RUCKER RD",6864.00,N,N,A,-,N,,,,,,,,,,N,4,0,1,1,A,-,03,22350,,N,E,I,A,A,H,-,D,D,0,,,,,Y,,A,01,0,0,1,0,0,0,0,0,0,"- ","- ",34.727629999999998,-120.43957,"SANTA BARBARA",UNINCORPORATED,-120.44030969000001,34.727429919999999
6870249,2015,2016-10-03,4202,2015-03-22,1210,230,LOMPO,7,5,4,4202,0,0,0,,0,,"RT 1","NORTH AV",76.00,N,N,A,-,Y,SB,5,1,-,-,21.570,H,-,S,N,2,0,1,1,C,-,18,,,N,F,A,A,A,H,-,A,D,0,,Y,,,Y,,-,"- ",1,0,0,0,0,0,1,0,0,"- ","- ",,,"SANTA BARBARA",LOMPOC,-120.45779401,34.653570889999997
6875866,2015,2015-04-14,4200,2015-03-13,1459,3116,14,5,5,4,4214,0,0,0,,0,060,"PATTERSON AV","DEBBIE RD",279.00,S,N,A,-,N,,,,,,,,,,Y,4,0,4,2,A,-,09,21801,A,N,D,C,A,A,H,-,A,D,0,,,,,Y,,A,07,0,0,4,0,0,0,0,0,0,"- ","- ",,,"SANTA BARBARA",GOLETA,-119.80884091,34.437247739999997
6876752,2014,2016-06-22,9760,2014-10-05,0637,18491,,7,1,5,4203,0,1,2,,2,010,"RT 101","SHEFFIELD DR",28.00,N,N,A,-,Y,SB,5,101,-,-,9.030,H,-,N,Y,3,0,1,1,A,-,08,22107,,N,E,I,A,A,H,-,B,D,1,,,,,Y,,A,01,0,1,0,0,0,0,0,0,0,"- ","- ",34.421779999999998,-119.61457,"SANTA BARBARA","SANTA BARBARA",-119.61451015,34.421859419999997
6876890,2015,2015-04-28,4203,2015-04-07,1315,4732,,2,5,5,4203,0,0,0,,0,001,"MILPAS ST","CARRILLO ST",0.00,,Y,C,-,N,,,,,,,,,,Y,4,0,2,2,A,-,08,22107,,N,D,C,A,B,H,-,A,D,0,,,,,Y,,-,,0,0,2,0,0,0,0,0,0,"- ","- ",34.255099999999999,-119.413,"SANTA BARBARA","SANTA BARBARA",-119.69172987,34.430990100000002
6880745,2015,2015-04-22,4203,2015-03-26,0827,2661,,4,5,5,4203,0,0,0,,0,005,"STATE ST","HITCHCOCK WY",155.00,E,N,A,-,N,,,,,,,,,,Y,3,0,1,1,A,-,03,22350,,N,F,I,A,A,H,-,A,A,0,,,,,Y,,-,,0,1,0,0,0,0,0,0,0,"- ","- ",34.2622,-119.4436,"SANTA BARBARA","SANTA BARBARA",-119.74393631,34.440480000000001
6894147,2015,2015-05-06,4204,2015-04-13,0659,90344,80,1,5,5,4204,0,0,0,,0,003,"BETTERAVIA RD","BLOSSER RD",0.00,,Y,A,-,N,,,,,,,,,,N,4,0,1,2,A,-,21,22106,,N,C,C,A,A,H,-,A,A,0,,,,,Y,,D,22,0,0,1,0,0,0,0,0,0,"- ","- ",,,"SANTA BARBARA","SANTA MARIA",-120.45408988,34.920630109999998
6894687,2015,2015-05-01,9755,2015-04-07,1605,015973,,2,2,9,4200,0,3,5,,2,050,"SIRIUS AV","ANTARES AV",160.00,S,N,B,-,N,,,,,,,,,,N,4,0,1,2,A,-,21,22106,,N,B,C,A,A,H,-,A,D,0,,,,,Y,,A,01,0,0,1,0,0,0,0,0,0,"- ","- ",34.704590000000003,-120.4696,"SANTA BARBARA",UNINCORPORATED,-120.46953591,34.704389460000002
6896867,2015,2015-05-13,4204,2015-03-24,1705,90268,68,2,5,5,4204,0,0,0,,0,003,"BATTLES RD",MCCLELLAND,100.00,E,N,A,-,N,,,,,,,,,,N,4,0,1,2,D,-,00,,,N,C,G,A,A,H,-,A,D,0,,Y,,,Y,,-,"- ",0,0,1,0,0,0,1,0,0,"- ","- ",,,"SANTA BARBARA","SANTA MARIA",-120.43456651,34.931466800000003
6899195,2015,2015-06-12,4200,2015-03-27,0752,3116,14,5,5,4,4214,0,0,0,,0,080,"HOLLISTER AV","PACIFIC OAKS RD",0.00,,Y,A,-,N,,,,,,,,,,Y,3,0,3,2,A,-,03,22350,,N,C,C,A,A,H,-,A,A,0,,,,,Y,,A,01,0,1,2,0,0,0,0,0,0,"- ","- ",,,"SANTA BARBARA",GOLETA,-119.87766997999999,34.430100099999997
6907356,2015,2015-05-15,9750,2015-04-21,2315,16874,,2,3,9,4200,0,3,5,,2,030,"JONES ST","SUEY RD",54.00,E,N,A,-,N,,,,,,,,,,Y,3,0,1,1,A,-,01,23152,A,M,E,I,A,A,H,-,D,D,0,,,,,Y,Y,A,07,0,1,0,0,0,0,0,0,0,"- ","- ",34.945549999999997,-120.40893,"SANTA BARBARA",UNINCORPORATED,-120.40910143000001,34.945622849999999
6920752,2015,2017-01-09,9755,2015-04-30,2209,16999,,4,3,9,4200,0,1,3,,1,042,"RT 154","LAKE CACHUMA ENT",3221.00,E,N,A,-,Y,SB,5,154,-,-,15.310,H,-,E,Y,2,0,1,1,A,-,01,23152,A,M,F,A,A,A,H,-,D,D,0,,,Y,,Y,Y,C,02,1,0,0,0,0,0,0,0,1,"- ","- ",34.567689999999999,-119.95017,"SANTA BARBARA",UNINCORPORATED,-119.95135451,34.56776481
6926534,2015,2015-05-27,9760,2015-04-15,2050,17314,,3,2,9,4200,0,3,5,,2,005,"LOS CARNEROS RD","EL COLEGIO RD",15.00,N,N,A,-,N,,,,,,,,,,Y,4,0,1,2,A,-,03,22350,,N,C,C,A,A,H,-,C,D,0,,,,,Y,,A,01,0,0,1,0,0,0,0,0,0,"- ","- ",34.417459999999998,-119.86066,"SANTA BARBARA",UNINCORPORATED,-119.86067684,34.417341110000002
6927946,2015,2015-10-14,4204,2015-05-15,1705,90272,76,5,5,5,4204,0,0,0,,0,003,"BETTERAVIA RD","BRADLEY RD",200.00,E,N,A,-,N,,,,,,,,,,Y,4,0,1,2,A,-,03,22350,,N,C,C,A,A,H,-,A,D,0,,,,,Y,,A,01,0,0,1,0,0,0,0,0,0,"- ","- ",,,"SANTA BARBARA","SANTA MARIA",-120.42140311999999,34.923730859999999
6928249,2015,2017-01-09,9760,2015-04-20,1015,20908,,1,1,9,4200,0,1,3,,1,016,"RT 150","RINCON HILL RD",1584.00,E,N,A,-,Y,SB,5,150,-,-,1.400,H,-,W,Y,4,0,2,2,A,-,03,22350,,N,A,C,A,A,H,-,A,D,0,,,,,Y,,D,22,0,0,2,0,0,0,0,0,0,"- ","- ",34.385750000000002,-119.47092000000001,"SANTA BARBARA",UNINCORPORATED,-119.46383732,34.389618540000001
6928791,2015,2015-06-09,4203,2015-05-09,2230,7568,,6,5,5,4203,0,0,0,,0,0U1,"LOS CARNEROS RD","HOLLISTER AV",0.00,,Y,A,-,N,,,,,,,,,,Y,3,0,7,2,D,-,00,,,N,D,C,A,A,H,-,C,A,0,,,,,Y,,-,"- ",0,5,2,0,0,0,0,0,0,"- ","- ",34.430399999999999,-119.8596,"SANTA BARBARA","SANTA BARBARA",-119.8595899,34.430340020000003
6931447,2015,2015-06-12,4200,2015-04-09,1316,3683,14,4,5,4,4214,0,0,0,,0,080,"STORKE RD","HOLLISTER AV",5.00,N,N,A,-,N,,,,,,,,,,N,4,0,1,2,A,-,03,22350,,N,C,C,A,A,H,-,A,D,0,,,,,Y,,A,01,0,0,1,0,0,0,0,0,0,"- ","- ",,,"SANTA BARBARA",GOLETA,-119.86974805,34.430113630000001
6931488,2015,2017-01-09,9750,2015-05-13,1750,16714,,3,2,9,4200,0,1,3,,1,011,"RT 166","BLACK RD",2376.00,E,N,A,-,Y,SB,5,166,-,-,5.270,H,-,W,Y,4,0,2,3,A,-,09,21804,A,N,D,C,A,A,H,-,A,D,0,,,,,Y,,A,01,0,0,2,0,0,0,0,0,0,"- ","- ",34.95478,-120.48141,"SANTA BARBARA",UNINCORPORATED,-120.4818013,34.95475871
6934029,2015,2017-01-05,9760,2015-04-06,0935,18490,,1,1,9,4200,0,1,2,,2,010,"RT 101","SANTA YNEZ AV",600.00,S,N,A,-,Y,SB,5,101,-,-,3.540,H,-,N,Y,4,0,2,2,A,-,03,22350,,N,C,C,A,A,H,-,A,D,1,,,,,Y,,A,01,0,0,2,0,0,0,0,0,0,"- ","- ",34.402830000000002,-119.52391,"SANTA BARBARA",UNINCORPORATED,-119.52465883000001,34.403019450000002
6934030,2015,2017-01-05,9760,2015-04-06,0745,20908,,1,1,3,4205,0,1,2,,2,010,"RT 101","SANTA MONICA RD",2640.00,N,N,A,-,Y,SB,5,101,-,-,4.270,H,-,N,N,4,0,1,2,A,-,03,22350,,N,C,C,A,A,H,-,A,D,1,,,,,Y,,A,01,0,0,1,0,0,0,0,0,0,"- ","- ",34.40569,-119.53857000000001,"SANTA BARBARA",CARPINTERIA,-119.53697101,34.405348760000003
6935514,2015,2017-01-05,9760,2015-04-07,1410,020908,,2,2,3,4205,0,1,2,,2,010,"RT 101","CASITAS PASS RD",800.00,N,N,C,-,Y,SB,5,101,-,-,2.790,H,-,N,Y,3,0,1,1,A,-,01,23152,A,N,E,I,A,B,H,-,A,D,1,,,,,Y,Y,D,22,0,1,0,0,0,0,0,0,0,"- ","- ",34.399839999999998,-119.51409,"SANTA BARBARA",CARPINTERIA,-119.51286874,34.398754959999998
6935956,2015,2015-06-02,9750,2015-05-12,1525,17379,,2,2,9,4200,0,3,5,,2,020,"HILLVIEW RD","PAULINE CT",116.00,S,N,A,-,N,,,,,,,,,,Y,4,0,1,2,A,-,01,23152,E,N,E,I,A,A,H,-,A,D,0,,,,,Y,,A,07,0,0,1,0,0,0,0,0,0,"- ","- ",34.891539999999999,-120.42519,"SANTA BARBARA",UNINCORPORATED,-120.42522597,34.891501400000003
6951427,2015,2015-06-19,4204,2015-05-31,1141,90341,74,7,5,5,4204,0,0,0,,0,003,"NEWLOVE DR",THORNBURG,0.00,,Y,A,-,N,,,,,,,,,,N,4,0,1,2,A,-,11,21950,B,N,G,B,D,A,H,-,A,A,0,Y,,,,Y,,N,60,0,0,1,0,1,0,0,0,0,"- ","- ",,,"SANTA BARBARA","SANTA MARIA",-120.44050996,34.92994006
6951853,2015,2017-01-06,9760,2015-05-24,0230,019819,,7,3,5,4203,0,1,2,,1,040,"RT 101","ARROYO HONDO PRESERVE",168.00,S,N,A,-,Y,SB,5,101,-,-,41.090,H,-,N,Y,3,0,1,2,A,-,01,23152,A,N,C,C,A,A,H,-,D,D,5,,,,Y,Y,Y,A,01,0,1,0,0,0,0,0,0,0,"- ","- ",34.47486,-119.14207,"SANTA BARBARA","SANTA BARBARA",-120.14192457,34.474769790000003
6951995,2015,2015-06-19,9760,2015-05-21,1410,019397,,4,2,9,4200,0,3,5,,2,001,"CHELHAM WY","PASO ROBLES DR",650.00,N,N,B,-,N,,,,,,,,,,N,3,0,2,1,A,-,17,21204,B,N,-,-,A,A,H,-,A,D,0,,Y,,,Y,,L,04,0,2,0,0,0,0,2,0,0,"- ","- ",,,"SANTA BARBARA",UNINCORPORATED,-119.66411184,34.444632489999996
6953064,2015,2015-06-17,9760,2015-05-05,2210,018019,,2,3,9,4200,0,3,5,,2,005,"SUENO RD","CAMINO CORTO",528.00,E,N,A,-,N,,,,,,,,,,N,3,0,1,2,A,-,11,21954,A,N,G,B,E,A,H,-,C,D,0,Y,,,,Y,,N,60,0,1,0,0,1,0,0,0,0,"- ","- ",34.412590000000002,-119.86563,"SANTA BARBARA",UNINCORPORATED,-119.86466059999999,34.412672749999999
6960117,2015,2015-07-02,4204,2015-06-04,1409,23656,10,4,5,5,4204,0,0,0,,0,001,DONOVAN,LYNNE,0.00,,Y,A,-,N,,,,,,,,,,Y,4,0,1,2,A,-,09,21801,A,N,D,C,A,A,H,-,A,A,0,,,,,Y,,A,01,0,0,1,0,0,0,0,0,0,"- ","- ",,,"SANTA BARBARA","SANTA MARIA",-120.42674999,34.967660049999999
6964469,2015,2015-07-10,4203,2015-06-05,0357,3197,,5,5,5,4203,0,0,0,,0,001,"S MILPAS ST",ROUNDABOUT,0.00,,N,A,-,N,,,,,,,,,,Y,4,0,1,1,A,-,03,22350,,N,A,I,A,A,H,-,C,A,0,,,,,Y,,-,,0,0,1,0,0,0,0,0,0,"- ","- ",34.2515,-119.404,"SANTA BARBARA","SANTA BARBARA",,
6964914,2015,2016-09-13,9760,2015-03-26,0755,020908,,4,1,9,4200,0,1,3,,1,014,"RT 192","NIDEVER RD",1584.00,E,N,A,-,Y,SB,5,192,-,-,14.870,H,-,W,Y,4,0,1,2,A,-,06,21750,,N,D,C,A,A,H,-,A,D,0,,,,,Y,,A,01,0,0,1,0,0,0,0,0,0,"- ","- ",34.418309999999998,-119.55625000000001,"SANTA BARBARA",UNINCORPORATED,-119.55545952999999,34.418544599999997
6972980,2015,2015-07-15,9750,2015-06-15,1615,12697,,1,2,9,4200,0,3,5,,2,030,"PHILBRIC RD","MAIN ST",52.00,S,N,A,-,N,,,,,,,,,,Y,4,0,2,2,A,-,03,22350,,N,B,D,A,A,H,-,A,D,0,,,Y,,Y,Y,C,02,0,0,2,0,0,0,0,0,2,"- ","- ",34.952449999999999,-120.38298,"SANTA BARBARA",UNINCORPORATED,-120.37366385,34.944997630000003
6973772,2015,2015-08-05,4202,2015-06-03,1709,291,,3,5,4,4202,0,0,0,,0,,"PINE AV","A ST",139.00,E,N,A,-,N,,,,,,,,,,N,4,0,1,3,A,-,03,22350,,N,C,C,A,A,H,-,A,D,0,,,,,Y,,A,01,0,0,1,0,0,0,0,0,0,"- ","- ",,,"SANTA BARBARA",LOMPOC,-120.44842798000001,34.650120000000001
6976041,2015,2017-01-05,9760,2015-06-13,1625,018019,,6,2,9,4200,0,1,2,,1,040,"RT 101","VISTA POINT",2640.00,N,N,A,-,Y,SB,5,101,-,-,41.480,H,-,S,Y,4,0,1,2,A,-,03,22350,,N,C,C,A,A,H,-,A,D,5,,,,,Y,,D,22,0,0,1,0,0,0,0,0,0,"- ","- ",34.47428,-120.14608,"SANTA BARBARA",UNINCORPORATED,-120.14857585999999,34.474251180000003
6976626,2015,2017-01-05,9750,2015-06-16,0949,015915,,2,1,9,4200,0,1,2,,2,001,"RT 101","RT 135",528.00,N,N,A,-,Y,SB,5,101,-,-,90.840,R,2,N,Y,2,0,2,1,A,-,03,22350,,N,F,A,A,A,H,-,A,D,0,,,Y,,Y,,C,02,1,0,1,0,0,0,0,0,2,TO,"- ",,,"SANTA BARBARA",UNINCORPORATED,-120.43197347,34.982526249999999
6978919,2015,2015-07-10,4202,2015-06-07,1404,292,,7,5,4,4202,0,0,0,,0,,"D ST","OAK AV",0.00,,Y,A,-,N,,,,,,,,,,N,3,0,1,2,A,-,12,22450,,N,D,G,A,A,H,-,A,A,0,,Y,,,Y,,L,04,0,1,0,0,0,0,1,0,0,"- ","- ",,,"SANTA BARBARA",LOMPOC,-120.45264993000001,34.651750079999999
6980672,2015,2016-09-28,4202,2015-05-06,1644,239,,3,5,4,4202,0,0,0,,0,,"RT 1","CENTRAL AV",475.00,N,N,B,-,Y,SB,5,1,-,-,22.160,H,-,S,N,4,0,1,2,A,-,03,22350,,N,C,C,A,A,H,-,A,A,0,,,,,Y,,A,08,0,0,1,0,0,0,0,0,0,"- ","- ",,,"SANTA BARBARA",LOMPOC,-120.45779292,34.66213432
6983400,2015,2017-01-14,4200,2015-07-06,1517,4038,11,1,5,2,4212,0,0,0,,0,,"RT 246","CENTRAL AV",0.00,,Y,A,-,Y,SB,5,246,-,R,25.960,I,5,W,Y,4,0,1,2,A,-,09,21804,A,N,D,C,A,A,H,-,A,D,0,,,,,Y,,A,01,0,0,1,0,0,0,0,0,0,"- ","- ",,,"SANTA BARBARA",BUELLTON,-120.19494775,34.614009439999997
6983579,2015,2017-01-06,4200,2015-06-20,1645,4222,11,6,5,2,4212,0,0,0,,0,,"EAST RT 246","FREEAR DR",115.00,W,N,A,-,Y,SB,5,246,-,-,26.510,H,-,E,N,4,0,1,2,A,-,03,22350,,N,C,C,A,A,H,-,A,A,0,,,,,Y,,A,01,0,0,1,0,0,0,0,0,0,"- ","- ",,,"SANTA BARBARA",BUELLTON,-120.18657557,34.610696590000003
6984294,2015,2015-07-21,9750,2015-07-04,0553,14820,,6,3,9,4200,0,3,5,,2,030,"PRELL RD","TELEPHONE RD",7920.00,W,N,B,-,N,,,,,,,,,,N,4,0,1,2,A,-,06,21750,A,N,C,C,A,B,H,-,B,D,0,,,,,Y,,A,01,0,0,1,0,0,0,0,0,0,"- ","- ",34.91648,-120.40940999999999,"SANTA BARBARA",UNINCORPORATED,-120.40941736000001,34.916421389999996
6984322,2015,2015-07-21,4202,2015-05-26,0553,280,LOMPO,2,5,4,4202,0,0,0,,0,,"LAUREL AV","8TH ST",0.00,,Y,A,-,N,,,,,,,,,,Y,4,0,1,2,A,-,09,21800,A,N,B,C,A,A,H,-,A,A,0,,,,,Y,,A,01,0,0,1,0,0,0,0,0,0,"- ","- ",,,"SANTA BARBARA",LOMPOC,-120.43892987,34.643680099999997
6984876,2015,2015-07-14,4200,2015-04-08,0737,4804,10,3,5,3,4205,0,0,0,,0,040,"LINDEN AV","7TH ST",0.00,,Y,A,-,N,,,,,,,,,,N,4,0,1,2,A,-,21,22106,,M,D,G,A,A,H,-,A,D,0,,Y,,,Y,,A,01,0,0,1,0,0,0,1,0,0,"- ","- ",,,"SANTA BARBARA",CARPINTERIA,-119.52073991,34.397000069999997
6984920,2015,2015-07-23,9755,2015-07-01,1450,15973,,3,2,9,4200,0,3,5,,2,050,"WEST CENTRAL AV","ARTESIA AV",0.00,,Y,B,-,N,,,,,,,,,,Y,4,0,1,2,A,-,05,21752,D,N,B,C,A,A,H,-,A,D,0,,,,,Y,,E,22,0,0,1,0,0,0,0,0,0,"- ","- ",34.661540000000002,-120.52833,"SANTA BARBARA",UNINCORPORATED,-120.52800000000001,34.661560049999999
6989497,2015,2015-07-16,9755,2015-06-25,1845,017967,,4,2,9,4200,0,3,5,,2,050,"CALLE LINDERO","VIA LATO",48.00,N,N,A,F,N,,,,,,,,,,N,3,0,1,2,A,-,03,22350,,N,C,E,A,A,H,-,A,D,0,,,,,Y,,A,01,0,1,0,0,0,0,0,0,0,"- ","- ",34.700020000000002,-120.43021,"SANTA BARBARA",UNINCORPORATED,-120.43029058,34.700212479999998
6989501,2015,2016-09-28,9755,2015-06-23,1625,015281,,2,2,9,4200,0,1,3,,1,055,"RT 1","SANTA LUCIA CANYON RD",210.00,N,N,A,-,Y,SB,5,1,-,-,26.730,H,-,N,Y,4,0,1,2,A,-,03,22350,,N,C,C,A,A,H,-,A,D,0,,,,,Y,,A,01,0,0,1,0,0,0,0,0,0,"- ","- ",34.714640000000003,-120.4893,"SANTA BARBARA",UNINCORPORATED,-120.49017942,34.71860702
6992762,2015,2017-01-19,9760,2015-07-01,1555,18431,,3,2,9,4200,0,3,5,,2,002,"STATE ST","RT 154",180.00,W,N,B,-,Y,SB,5,154,-,-,32.281,I,6,E,N,4,0,1,2,A,-,03,22350,,N,C,C,A,A,H,-,A,D,0,,,,,Y,,A,01,0,0,1,0,0,0,0,0,0,"- ","- ",34.440460000000002,-119.76681000000001,"SANTA BARBARA",UNINCORPORATED,-119.76002502999999,34.44074423
6993484,2015,2017-01-09,4204,2015-06-18,1837,90365,35,4,5,5,4204,0,0,0,,0,002,MAIN,MILLER,133.00,E,N,A,-,Y,SB,5,166,-,-,8.160,H,-,W,N,4,0,1,3,A,-,03,22350,,N,C,C,A,A,H,-,A,A,0,,,,,Y,,A,07,0,0,1,0,0,0,0,0,0,"- ","- ",,,"SANTA BARBARA","SANTA MARIA",-120.43083179,34.953208349999997
6993509,2015,2015-07-30,4204,2015-06-29,1913,90322,51,1,5,5,4204,0,0,0,,0,002,JONES,LINCOLN,200.00,W,N,A,-,N,,,,,,,,,,N,4,0,1,2,A,-,09,21804,A,N,D,C,A,A,H,-,A,D,0,,,,,Y,,A,01,0,0,1,0,0,0,0,0,0,"- ","- ",,,"SANTA BARBARA","SANTA MARIA",-120.43818713,34.945884509999999
6995082,2015,2015-07-31,4202,2015-07-12,1110,292,,7,5,4,4202,0,0,0,,0,,"SANTA LUCIA CANYON RD","GUARD RD",0.00,,Y,A,-,N,,,,,,,,,,Y,3,0,1,2,A,-,09,21801,A,N,D,C,A,A,H,-,A,A,0,,,,,Y,,A,01,0,1,0,0,0,0,0,0,0,"- ","- ",,,"SANTA BARBARA",LOMPOC,-120.49719985999999,34.67835006
6999608,2015,2017-01-28,4204,2015-07-04,1226,90341,33,6,5,5,4204,0,0,0,,0,002,DEPOT,MAIN,0.00,,Y,A,-,Y,SB,5,166,-,-,7.420,I,5,W,Y,4,0,1,2,A,-,12,21453,A,N,D,C,A,A,H,-,A,A,0,,,,Y,Y,,F,25,0,0,1,0,0,0,0,0,0,"- ","- ",,,"SANTA BARBARA","SANTA MARIA",-120.44396162,34.953286820000002
7000263,2015,2017-01-05,9760,2015-06-30,1648,18754,,2,2,5,4203,0,1,2,,2,011,"RT 101","STATE ST",50.00,N,N,A,-,Y,SB,5,101,-,-,18.120,H,-,S,N,4,0,2,2,A,-,03,22350,,N,C,C,A,A,H,-,A,D,1,,,,,Y,,D,22,0,0,2,0,0,0,0,0,0,"- ","- ",34.414490000000001,-119.69349,"SANTA BARBARA","SANTA BARBARA",-119.75589856000001,34.440285209999999