CASE_ID,ACCIDENT_YEAR,PROC_DATE,JURIS,COLLISION_DATE,COLLISION_TIME,OFFICER_ID,REPORTING_DISTRICT,DAY_OF_WEEK,CHP_SHIFT,POPULATION,CNTY_CITY_LOC,SPECIAL_COND,BEAT_TYPE,CHP_BEAT_TYPE,CITY_DIVISION_LAPD,CHP_BEAT_CLASS,BEAT_NUMBER,PRIMARY_RD,SECONDARY_RD,DISTANCE,DIRECTION,INTERSECTION,WEATHER_1,WEATHER_2,STATE_HWY_IND,CALTRANS_COUNTY,CALTRANS_DISTRICT,STATE_ROUTE,ROUTE_SUFFIX,POSTMILE_PREFIX,POSTMILE,LOCATION_TYPE,RAMP_INTERSECTION,SIDE_OF_HWY,TOW_AWAY,COLLISION_SEVERITY,NUMBER_KILLED,NUMBER_INJURED,PARTY_COUNT,PRIMARY_COLL_FACTOR,PCF_CODE_OF_VIOL,PCF_VIOL_CATEGORY,PCF_VIOLATION,PCF_VIOL_SUBSECTION,HIT_AND_RUN,TYPE_OF_COLLISION,MVIW,PED_ACTION,ROAD_SURFACE,ROAD_COND_1,ROAD_COND_2,LIGHTING,CONTROL_DEVICE,CHP_ROAD_TYPE,PEDESTRIAN_ACCIDENT,BICYCLE_ACCIDENT,MOTORCYCLE_ACCIDENT,TRUCK_ACCIDENT,NOT_PRIVATE_PROPERTY,ALCOHOL_INVOLVED,STWD_VEHTYPE_AT_FAULT,CHP_VEHTYPE_AT_FAULT,COUNT_SEVERE_INJ,COUNT_VISIBLE_INJ,COUNT_COMPLAINT_PAIN,COUNT_PED_KILLED,COUNT_PED_INJURED,COUNT_BICYCLIST_KILLED,COUNT_BICYCLIST_INJURED,COUNT_MC_KILLED,COUNT_MC_INJURED,PRIMARY_RAMP,SECONDARY_RAMP,LATITUDE,LONGITUDE,COUNTY,CITY,POINT_X,POINT_Y
8766478,2018,2019-01-03,4203,2018-12-20,1856,24802,,4,5,5,4203,0,0,0,,0,005,"CALLE REAL","TREASURE DR",96.00,E,N,A,-,N,,,,,,,,,,Y,4,0,1,2,A,-,03,22350,,N,A,C,A,A,H,-,C,A,0,,,,,Y,,A,01,0,0,1,0,0,0,0,0,0,"- ","- ",34.426998138427734,-119.72899627685547,"SANTA BARBARA","SANTA BARBARA",-119.72888946533203,34.427356719970703
8768172,2018,2019-01-10,4204,2018-12-11,0800,90269,11,2,5,5,4204,0,0,0,,0,001,"DONOVAN RD","CARLOTTI DR",0.00,,Y,A,-,Y,SB,5,101,-,-,89.590,R,4,N,N,3,0,1,2,A,-,09,21802,A,N,G,G,A,A,H,-,A,A,0,,Y,,,Y,,A,01,0,1,0,0,0,0,1,0,0,"- ","- ",,,"SANTA BARBARA","SANTA MARIA",-120.42206573486328,34.966354370117188
8768223,2018,2019-01-24,4201,2018-12-08,0610,4172,,6,5,2,4201,0,0,0,,0,,"GUADALUPE ST","10TH ST",187.00,S,N,A,-,Y,SB,5,1,-,-,50.180,H,-,S,N,4,0,1,2,A,-,11,21954,A,N,G,B,D,A,H,-,B,A,0,Y,,,,Y,,N,60,0,0,1,0,1,0,0,0,0,"- ","- ",,,"SANTA BARBARA",GUADALUPE,-120.57244110107422,34.971462249755859
8769381,2018,2019-01-29,4203,2018-12-23,1010,23781,,7,5,5,4203,0,0,0,,0,003,"OLIVE AV","LAGUNA ST",0.00,,Y,A,-,N,,,,,,,,,,N,3,0,1,2,D,-,00,,,N,A,G,A,A,H,-,A,A,0,,Y,,,Y,,-,"- ",0,1,0,0,0,0,1,0,0,"- ","- ",34.433700561523438,-119.70890045166016,"SANTA BARBARA","SANTA BARBARA",-119.70883941650391,34.434211730957031
8770212,2018,2019-03-15,4203,2018-12-19,1448,3599,,3,5,5,4203,0,0,0,,0,002,"CARRILLO BL EAST","LOS PATOS WY",0.00,,Y,A,-,N,,,,,,,,,,N,4,0,2,3,A,-,09,21804,B,N,A,C,A,A,H,-,A,D,0,,,,,Y,,D,22,0,0,2,0,0,0,0,0,0,"- ","- ",34.421398162841797,-119.65640258789062,"SANTA BARBARA","SANTA BARBARA",-119.6563720703125,34.421398162841797
8770642,2019,2019-02-02,4204,2019-01-03,2002,90232,012,4,5,5,4204,0,0,0,,0,001,"MCCLELLAND ST","WILLIAMS ST",0.00,,Y,A,-,N,,,,,,,,,,Y,4,0,2,2,A,-,09,21801,A,N,A,C,A,A,H,-,C,D,0,,,,,Y,,D,22,0,0,2,0,0,0,0,0,0,"- ","- ",34.970489501953125,-120.43463897705078,"SANTA BARBARA","SANTA MARIA",-120.43440246582031,34.970489501953125
8773268,2018,2019-01-08,4202,2018-11-30,1530,277,4202,5,5,4,4202,0,0,0,,0,,"A ST","NORTH AV",23.00,S,N,B,G,N,,,,,,,,,,N,4,0,3,2,A,-,03,22350,,N,C,C,A,A,H,-,A,A,0,,,,,Y,,A,01,0,0,3,0,0,0,0,0,0,"- ","- ",,,"SANTA BARBARA",LOMPOC,-120.44886016845703,34.653255462646484
8774113,2019,2019-04-03,4203,2019-01-02,0846,23781,4203,3,5,5,4203,0,0,0,,0,004,"CHAPALA ST","W ISLAY ST",189.00,S,N,A,-,N,,,,,,,,,,N,3,0,1,2,A,-,08,22107,,N,D,C,A,A,H,-,A,D,0,,,,,Y,,-,,0,1,0,0,0,0,0,0,0,"- ","- ",34.427700042724609,-119.71289825439453,"SANTA BARBARA","SANTA BARBARA",-119.71277618408203,34.4276123046875
8774574,2019,2019-01-15,4203,2019-01-03,1255,4937,12,4,5,5,4203,0,0,0,,0,002,"STEARNS WHARF","CABRILLO BL",111.00,N,N,-,-,N,,,,,,,,,,N,4,0,1,2,D,-,00,,,N,H,B,C,A,H,-,A,A,0,Y,,,,Y,,-,"- ",0,0,1,0,1,0,0,0,0,"- ","- ",34.411899566650391,-119.68879699707031,"SANTA BARBARA","SANTA BARBARA",-119.68919372558594,34.412181854248047
8775769,2018,2019-01-30,4203,2018-12-26,1938,24802,,3,5,5,4203,0,0,0,,0,003,"E COTA ST","STATE ST",0.00,,-,A,-,N,,,,,,,,,,N,4,0,1,2,A,-,11,21955,,N,G,B,D,A,H,-,C,A,0,Y,,,,Y,,N,60,0,0,1,0,1,0,0,0,0,"- ","- ",34.418098449707031,-119.69619750976562,"SANTA BARBARA","SANTA BARBARA",-119.69679260253906,34.417728424072266
8776871,2019,2019-02-07,4203,2019-01-03,1051,8825,56,4,5,5,4203,0,0,0,,0,005,"S LA CUMBRE RD","LA CUMBRE PLAZA LN",0.00,,Y,A,-,N,,,,,,,,,,Y,3,0,2,2,A,-,09,21801,A,N,D,C,A,A,H,-,A,A,0,,,,,Y,,A,01,0,1,1,0,0,0,0,0,0,"- ","- ",34.438800811767578,-119.75090026855469,"SANTA BARBARA","SANTA BARBARA",-119.75084,34.438830000000003
8779226,2019,2019-02-07,4204,2019-01-21,1701,90755,,1,5,5,4204,0,0,0,,0,,"STOWELL RD","WESTERN AV",0.00,,Y,A,-,N,,,,,,,,,,Y,4,0,1,2,A,-,12,22450,A,N,D,C,A,A,H,-,A,A,0,,,,,Y,,A,01,0,0,1,0,0,0,0,0,0,"- ","- ",34.939010620117188,-120.44944763183594,"SANTA BARBARA","SANTA MARIA",-120.44957733154297,34.938720703125
8779546,2018,2019-02-08,4204,2018-11-16,1748,90815,83,5,5,5,4204,0,0,0,,0,003,"BRADLEY RD","AUTO PLAZA DR",0.00,,Y,A,-,N,,,,,,,,,,Y,4,0,1,2,D,-,00,,,F,B,C,A,A,H,-,C,D,0,,,,,Y,Y,-,"- ",0,0,1,0,0,0,0,0,0,"- ","- ",34.921588897705078,-120.42209625244141,"SANTA BARBARA","SANTA MARIA",-120.42198944091797,34.921821594238281
8789662,2019,2019-05-08,4204,2019-01-12,1621,90365,33,6,5,5,4204,0,0,0,,0,002,BROADWAY,"MAIN ST",0.00,,Y,A,-,Y,SB,5,135,-,-,15.790,H,-,N,N,4,0,1,2,A,-,03,22350,,N,C,C,A,A,H,-,A,A,0,,,,Y,Y,,F,26,0,0,1,0,0,0,0,0,0,"- ","- ",34.953140258789062,-120.43585968017578,"SANTA BARBARA","SANTA MARIA",-120.43579864501953,34.953338623046875
8791032,2018,2019-02-02,4204,2018-12-28,0714,90761,72,5,5,5,4204,0,0,0,,0,003,"BLOSSER RD","SONYA LN",0.00,,Y,A,-,N,,,,,,,,,,N,4,0,1,2,A,-,03,22350,,F,C,C,A,A,H,-,A,A,0,,,,,Y,,A,01,0,0,1,0,0,0,0,0,0,"- ","- ",34.927928924560547,-120.45359802246094,"SANTA BARBARA","SANTA MARIA",-120.45401000976562,34.927879333496094
8805633,2019,2019-02-21,4203,2019-01-18,1610,8825,72,5,5,5,4203,0,0,0,,0,001,"OLD COAST HWY","PARK PL",105.00,W,N,A,-,N,,,,,,,,,,Y,4,0,2,2,A,-,21,22106,,N,D,C,A,A,H,-,A,D,0,,,,,Y,,A,01,0,0,2,0,0,0,0,0,0,"- ","- ",34.423099517822266,-119.66570281982422,"SANTA BARBARA","SANTA BARBARA",-119.66559600830078,34.423133850097656
8808460,2019,2019-08-30,4200,2019-02-06,1626,4608,14,3,5,4,4214,0,0,0,,0,050,"FAIRVIEW AV","STOW CANYON RD",0.00,,Y,A,-,N,,,,,,,,,,Y,1,1,0,2,A,-,09,21802,A,N,D,C,A,A,H,-,A,A,0,,,Y,,Y,,C,02,0,0,0,0,0,0,0,1,0,"- ","- ",,,"SANTA BARBARA",GOLETA,-119.8306884765625,34.448921203613281
8809399,2019,2019-03-27,4201,2019-01-23,0625,6573,,3,5,2,4201,0,0,0,,0,051,"OBISPO ST","BIRCH ST",55.00,N,N,A,-,N,,,,,,,,,,Y,4,0,1,2,A,-,08,22107,,N,B,E,A,A,H,-,B,A,0,,,,,Y,,-,,0,0,1,0,0,0,0,0,0,"- ","- ",,,"SANTA BARBARA",GUADALUPE,-120.57065582275391,34.959640502929688
8810670,2019,2019-03-11,4204,2019-02-14,1300,90276,82,4,5,5,4204,0,0,0,,0,003,"MILLER ST","BETTERAVIA RD",77.00,N,N,C,-,N,,,,,,,,,,,4,0,1,2,A,-,21,22106,,N,C,C,A,B,H,-,A,A,0,,,,,Y,,A,07,0,0,1,0,0,0,0,0,0,"- ","- ",,,"SANTA BARBARA","SANTA MARIA",-120.43137359619141,34.922801971435547
8820986,2019,2019-03-21,4203,2019-02-26,2301,23133,,2,5,5,4203,0,0,0,,0,001,"MILPAS ST","YANONALI ST",0.00,,Y,A,-,N,,,,,,,,,,Y,4,0,1,2,A,-,09,21802,A,N,D,C,A,A,H,-,C,A,0,,,,,Y,,D,22,0,0,1,0,0,0,0,0,0,"- ","- ",34.423469543457031,-119.68148803710938,"SANTA BARBARA","SANTA BARBARA",-119.68148040771484,34.423480987548828
8823253,2019,2019-03-22,4203,2019-03-02,1923,2720,,6,5,5,4203,0,0,0,,0,001,"E MONTICITO ST","N MILPAS ST",6.00,E,N,C,-,N,,,,,,,,,,N,3,0,1,2,A,-,10,21950,A,N,G,B,B,B,H,-,C,A,0,Y,,,,Y,,A,01,0,1,0,0,1,0,0,0,0,"- ","- ",34.424541473388672,-119.68270111083984,"SANTA BARBARA","SANTA BARBARA",-119.68280029296875,34.424472808837891
8825410,2019,2019-03-29,4203,2019-03-17,0011,24580,,7,5,5,4203,0,0,0,,0,005,"STATE ST","BROADMOOR PLZ",141.00,E,N,A,-,N,,,,,,,,,,Y,3,0,1,1,A,-,01,23152,A,N,E,I,A,A,H,-,C,A,0,,,,,Y,Y,A,07,0,1,0,0,0,0,0,0,0,"- ","- ",34.261249542236328,-119.44120025634766,"SANTA BARBARA","SANTA BARBARA",-119.73698425292969,34.440410614013672
8828784,2019,2019-04-12,4203,2019-03-30,2115,24580,,6,5,5,4203,0,0,0,,0,006,"SAN PASCUAL ST","MULBERRY AV",36.00,S,N,A,-,N,,,,,,,,,,N,3,0,2,3,A,-,01,23152,,F,A,E,A,A,H,-,C,D,0,,,,,Y,Y,-,,0,2,0,0,0,0,0,0,0,"- ","- ",34.421199798583984,-119.71690368652344,"SANTA BARBARA","SANTA BARBARA",-119.71684265136719,34.421215057373047
8830184,2018,2019-03-28,4200,2018-12-22,1728,4796,14,6,5,4,4214,0,0,0,,0,060,"SAINT JOSEPH ST","HOLLISTER AV",28.00,N,N,A,-,N,,,,,,,,,,N,3,0,1,2,A,-,11,21954,A,N,G,B,D,A,H,-,C,D,0,Y,,,,Y,,N,60,0,1,0,0,1,0,0,0,0,"- ","- ",,,"SANTA BARBARA",GOLETA,-119.81516265869141,34.435226440429688
8831595,2019,2019-04-08,4204,2019-03-07,1340,90276,74,4,5,5,4204,0,0,0,,0,003,"CARMEN LN",BROADWAY,310.00,W,N,B,-,N,,,,,,,,,,Y,3,0,1,2,A,-,01,23152,A,N,A,C,A,A,H,-,A,A,0,,,,,Y,Y,D,22,0,1,0,0,0,0,0,0,0,"- ","- ",,,"SANTA BARBARA","SANTA MARIA",-120.43717700000001,34.924816999999997
8834335,2019,2019-04-11,4204,2019-03-23,2130,90760,82,6,5,5,4204,0,0,0,,0,003,"BETTERAVIA RD","MILLER ST",0.00,,Y,A,-,N,,,,,,,,,,Y,4,0,1,2,A,-,12,21453,A,N,D,C,A,A,H,-,C,A,0,,,,,Y,,A,01,0,0,1,0,0,0,0,0,0,"- ","- ",,,"SANTA BARBARA","SANTA MARIA",-120.43128967285156,34.922599792480469
8834350,2019,2019-04-12,4202,2019-03-08,1147,234,LOMPO,5,5,4,4202,0,0,0,,0,,"Z ST","MAPLE AV",188.00,N,N,-,-,N,,,,,,,,,,N,4,0,1,1,A,-,03,22350,,N,B,E,A,A,H,-,A,A,0,,,,,Y,,A,01,0,0,1,0,0,0,0,0,0,"- ","- ",,,"SANTA BARBARA",LOMPOC,-120.47931671142578,34.6461181640625
8834846,2019,2019-04-22,4204,2019-03-30,1803,90766,4204,6,5,5,4204,0,0,0,,0,001,"MCCLELLAND ST","HERMOSA ST",147.00,S,N,-,-,N,,,,,,,,,,Y,3,0,2,3,A,-,01,23152,A,F,C,E,A,A,H,-,A,D,0,,,,,Y,Y,A,07,0,1,1,0,0,0,0,0,0,"- ","- ",34.958400726318359,-120.43360137939453,"SANTA BARBARA","SANTA MARIA",-120.43413543701172,34.9591064453125
8838239,2019,2019-05-03,4202,2019-02-27,1909,239,4202,3,5,4,4202,0,0,0,,0,,"RT 1","GEORGE MILLER DR",917.00,S,N,B,C,Y,SB,5,1,-,-,22.290,H,-,N,Y,3,0,1,2,A,-,07,21658,A,N,B,C,A,B,H,-,C,D,0,,,,,Y,Y,A,01,0,1,0,0,0,0,0,0,0,"- ","- ",,,"SANTA BARBARA",LOMPOC,-120.45766448974609,34.663997650146484
8840276,2019,2019-04-29,4203,2019-04-06,0824,3510,,6,5,5,4203,0,0,0,,0,006,"SHORELINE DR","LA MARINA DR",0.00,,Y,A,-,N,,,,,,,,,,N,3,0,1,2,A,-,09,21802,A,N,D,G,A,A,H,-,A,A,0,,Y,,,Y,,-,,0,1,0,0,0,0,1,0,0,"- ","- ",34.399200439453125,-119.7030029296875,"SANTA BARBARA","SANTA BARBARA",-119.70298767089844,34.399211883544922
8844490,2019,2019-04-24,4200,2019-03-29,1244,3116,14,5,5,4,4214,0,0,0,,0,060,"LOS CARNEROS RD","CALLE KORAL",22.00,N,N,A,-,N,,,,,,,,,,Y,4,0,1,2,A,-,03,22350,,N,C,C,A,A,H,-,A,A,0,,,,,Y,,A,01,0,0,1,0,0,0,0,0,0,"- ","- ",,,"SANTA BARBARA",GOLETA,-119.85358428955078,34.434211730957031
8847683,2019,2019-04-25,4204,2019-04-14,0035,90790,,7,5,5,4204,0,0,0,,0,002,"DEPOT ST","MORRISON AV",0.00,,Y,A,-,N,,,,,,,,,,Y,3,0,1,2,A,-,01,23152,A,N,A,C,A,A,H,-,C,A,0,,,,,Y,Y,A,01,0,1,0,0,0,0,0,0,0,"- ","- ",34.943321228027344,-120.443603515625,"SANTA BARBARA","SANTA MARIA",-120.44380187988281,34.943199157714844
8851083,2019,2019-05-02,4200,2019-03-09,0215,3083,14,6,5,4,4214,0,0,0,,0,060,"LOS CARNEROS RD","CASTILIAN DR",18.00,S,N,A,-,N,,,,,,,,,,Y,4,0,1,1,A,-,01,23152,A,N,E,I,A,A,H,-,C,A,0,,,,,Y,Y,A,01,0,0,1,0,0,0,0,0,0,"- ","- ",,,"SANTA BARBARA",GOLETA,-119.85945129394531,34.431705474853516
8863745,2019,2019-05-22,4204,2019-05-06,1232,22113,73,1,5,5,4204,0,0,0,,0,003,"SONYA LN","BISCAYNE STREET",0.00,,Y,B,-,N,,,,,,,,,,Y,4,0,2,2,A,-,12,22450,,N,A,C,A,A,H,-,A,A,0,,,,,Y,,A,01,0,0,2,0,0,0,0,0,0,"- ","- ",34.927879333496094,-120.45213317871094,"SANTA BARBARA","SANTA MARIA",-120.45243072509766,34.927848815917969
8873744,2019,2019-06-11,4200,2019-05-14,1730,3077,14,2,5,4,4214,0,0,0,,0,080,"SANTA FELICIA DR","STORKE RD",0.00,,Y,A,-,N,,,,,,,,,,Y,3,0,2,2,A,-,09,21802,A,N,D,C,A,A,H,-,A,A,0,,,,,Y,,A,07,0,1,1,0,0,0,0,0,0,"- ","- ",,,"SANTA BARBARA",GOLETA,-119.86969757080078,34.426689147949219
8873936,2019,2019-06-20,4203,2019-04-30,1140,23093,,2,5,5,4203,0,0,0,,0,004,"W VICTORIA ST","CHAPALA ST",7.00,W,N,B,-,N,,,,,,,,,,N,4,0,1,2,A,-,10,21950,A,N,G,B,B,A,H,-,A,A,0,Y,,,,Y,,A,08,0,0,1,0,1,0,0,0,0,"- ","- ",,,"SANTA BARBARA","SANTA BARBARA",-119.70690155029297,34.423225402832031
8882892,2019,2019-07-08,4202,2019-05-12,1230,15005,4202,7,5,4,4202,0,0,0,,0,,"J ST","CHESTNUT AV",175.00,S,N,A,-,N,,,,,,,,,,N,4,0,1,2,A,-,08,22107,,N,C,E,A,A,H,-,A,D,0,,,,,Y,,A,01,0,0,1,0,0,0,0,0,0,"- ","- ",,,"SANTA BARBARA",LOMPOC,-120.46041107177734,34.641757965087891
8885434,2019,2019-07-15,4202,2019-06-26,2113,222,LOMPO,3,5,4,4202,0,0,0,,0,,"K ST","MAPLE AV",172.00,S,N,A,-,N,,,,,,,,,,Y,4,0,1,3,A,-,01,23152,,N,B,C,A,A,H,-,C,D,0,,,,,Y,Y,D,22,0,0,1,0,0,0,0,0,0,"- ","- ",,,"SANTA BARBARA",LOMPOC,-120.46164703369141,34.644989013671875
8887756,2019,2019-07-11,4204,2019-05-05,2117,90719,4204,7,5,5,4204,0,0,0,,0,003,"WESTERN AV","STOWELL RD",35.00,N,N,A,-,N,,,,,,,,,,N,3,0,1,2,A,-,08,22107,,F,-,C,A,A,H,-,C,D,0,,,,,Y,,A,01,0,1,0,0,0,0,0,0,0,"- ","- ",34.938968658447266,-120.44953155517578,"SANTA BARBARA","SANTA MARIA",-120.44957733154297,34.938816070556641
8888252,2019,2019-08-19,4203,2019-06-13,2230,24576,,4,5,5,4203,0,0,0,,0,002,"CASTILLO ST","YANONALI ST",0.00,,Y,A,-,N,,,,,,,,,,N,3,0,1,2,B,-,22,,,F,H,G,A,A,H,-,C,D,0,,Y,,,Y,Y,A,01,0,1,0,0,0,0,1,0,0,"- ","- ",34.407791137695312,-119.69171142578125,"SANTA BARBARA","SANTA BARBARA",-119.69618988037109,34.409770965576172
8888267,2019,2019-07-16,4203,2019-06-14,1308,8825,47,5,5,5,4203,0,0,0,,0,003,"GARDEN ST","PEDREGOSA ST",0.00,,Y,A,-,N,,,,,,,,,,Y,4,0,2,2,A,-,09,21802,A,N,D,C,A,A,H,-,A,A,0,,,,,Y,,A,01,0,0,2,0,0,0,0,0,0,"- ","- ",34.433090209960938,-119.70993804931641,"SANTA BARBARA","SANTA BARBARA",-119.71002960205078,34.433090209960938
8890640,2019,2019-11-07,4204,2019-06-13,1620,90760,57,4,5,5,4204,0,0,0,,0,002,BROADWAY,"MORRISON AV",0.00,,Y,A,-,Y,SB,5,135,-,-,15.090,H,-,S,,4,0,1,2,A,-,03,22350,,N,C,C,A,A,H,-,A,A,0,,,,,Y,,A,01,0,0,1,0,0,0,0,0,0,"- ","- ",34.943080902099609,-120.43580627441406,"SANTA BARBARA","SANTA MARIA",-120.43609619140625,34.943233489990234
8894130,2019,2019-07-31,4202,2019-06-12,1429,234,4202,3,5,4,4202,0,0,0,,0,,"COLLEEN AV","D ST",0.00,,Y,A,-,N,,,,,,,,,,N,4,0,1,2,A,-,09,21800,,N,D,C,A,A,H,-,A,A,0,,,,,Y,,A,01,0,0,1,0,0,0,0,0,0,"- ","- ",,,"SANTA BARBARA",LOMPOC,,
8902990,2019,2019-07-30,4200,2019-07-03,1608,3116,14,3,5,4,4214,0,0,0,,0,050,"CALLE REAL","VEGA DR",0.00,,Y,A,-,N,,,,,,,,,,Y,4,0,1,2,A,-,09,21801,A,N,D,C,A,A,H,-,A,A,0,,,,,Y,,A,01,0,0,1,0,0,0,0,0,0,"- ","- ",,,"SANTA BARBARA",GOLETA,-119.83447265625,34.439590454101562
8903978,2019,2019-08-06,4203,2019-07-10,1720,24802,38,3,5,5,4203,0,0,0,,0,005,"DE LA VINA ST","CALLE LAURELES",183.00,N,N,A,-,N,,,,,,,,,,N,4,0,1,2,A,-,03,22350,,N,C,C,A,A,D,-,A,A,0,,,,,Y,,A,01,0,0,1,0,0,0,0,0,0,"- ","- ",34.438861846923828,-119.72840881347656,"SANTA BARBARA","SANTA BARBARA",-119.72877502441406,34.439205169677734
8906569,2019,2019-08-28,4203,2019-07-22,0841,24073,4,1,5,5,4203,0,0,0,,0,004,"DE LA VINA ST","MICHELTORENA ST",0.00,,Y,A,-,N,,,,,,,,,,Y,3,0,1,2,A,-,12,21453,A,N,D,C,A,A,H,-,A,A,0,,,,,Y,,A,01,0,1,0,0,0,0,0,0,0,"- ","- ",34.424049377441406,-119.71064758300781,"SANTA BARBARA","SANTA BARBARA",-119.71056365966797,34.424049377441406
8908270,2019,2019-08-06,4203,2019-07-06,1806,24575,,6,5,5,4203,0,0,0,,0,003,"STATE ST","COTA ST",100.00,S,N,A,-,N,,,101,,,,,,,N,4,0,1,2,A,-,03,22350,,N,C,C,A,A,H,-,A,D,0,,,,,Y,,A,01,0,0,1,0,0,0,0,0,0,"- ","- ",34.415771484375,-119.69216156005859,"SANTA BARBARA","SANTA BARBARA",-119.69222259521484,34.41583251953125
8910371,2019,2019-11-15,4204,2019-08-07,1508,21338,33,3,5,5,4204,0,0,0,,0,002,"MAIN ST","COLLEGE DR",75.00,E,N,A,-,Y,SB,5,166,-,-,8.520,H,-,W,,4,0,1,2,A,-,03,22350,,N,C,C,A,A,H,-,A,A,0,,,,,Y,,A,01,0,0,1,0,0,0,0,0,0,"- ","- ",34.952911376953125,-120.42484283447266,"SANTA BARBARA","SANTA MARIA",-120.424560546875,34.953166961669922
8910966,2019,2020-04-16,4204,2019-04-04,1707,22113,94,4,5,5,4204,0,0,0,,0,003,"UNION VALLEY PKWY","CALIFORNIA BL",0.00,,Y,A,-,N,,,,,,,,,,Y,2,0,1,2,A,-,09,21802,A,N,D,C,A,A,H,-,A,A,0,,,,,Y,,A,01,1,0,0,0,0,0,0,0,0,"- ","- ",,,"SANTA BARBARA","SANTA MARIA",-120.4456787109375,34.879840850830078
8916514,2019,2019-09-06,4203,2019-08-08,0225,24576,,4,5,5,4203,0,0,0,,0,006,"SAN ANDRES ST","VALERIO ST",60.00,N,N,A,-,N,,,,,,,,,,N,3,0,1,1,A,-,01,23152,B,N,F,A,A,A,H,-,C,D,0,,,Y,,Y,Y,C,03,0,1,0,0,0,0,0,0,1,"- ","- ",34.420619964599609,-119.71872711181641,"SANTA BARBARA","SANTA BARBARA",-119.71887969970703,34.420742034912109
8917126,2019,2019-08-19,4200,2019-07-16,1324,4608,14,2,5,4,4214,0,0,0,,0,080,"WINCHESTER PL","WINCHESTER CANYON RD",18.00,N,N,A,-,N,,,,,,,,,,Y,3,0,2,1,A,-,08,22107,,N,E,I,A,A,H,-,-,D,0,,,,,Y,,A,01,0,2,0,0,0,0,0,0,0,"- ","- ",,,"SANTA BARBARA",GOLETA,-119.90377807617188,34.438156127929688
8917146,2019,2019-08-19,4200,2019-07-07,1120,5257,14,7,5,4,4214,0,0,0,,0,080,"HOLLISTER AV","CORTONA DR",271.00,E,N,A,-,N,,,,,,,,,,N,3,0,1,2,A,-,07,21658,A,F,H,G,A,A,H,-,A,D,0,,Y,,,Y,,L,04,0,1,0,0,0,0,1,0,0,"- ","- ",,,"SANTA BARBARA",GOLETA,-119.86717224121094,34.430217742919922
8920581,2019,2020-01-08,4202,2019-08-02,1855,239,LOMPO,5,5,4,4202,0,0,0,,0,006,"RT 1","PINE AV",0.00,,Y,A,-,Y,SB,5,1,-,-,21.338,I,5,S,Y,4,0,1,3,A,-,12,21453,A,F,D,C,A,A,H,-,A,A,0,,,,,Y,,A,01,0,0,1,0,0,0,0,0,0,"- ","- ",,,"SANTA BARBARA",LOMPOC,-120.45783233642578,34.650196075439453
8925992,2019,2019-08-30,4203,2019-06-01,1744,24802,36,6,5,5,4203,0,0,0,,0,005,"CONSTANCE AV","CHAPALA ST",0.00,,Y,A,-,N,,,,,,,,,,,3,0,1,2,A,-,08,22107,,N,A,C,A,A,H,-,A,A,0,,,Y,,Y,,A,01,0,1,0,0,0,0,0,0,1,"- ","- ",34.435398101806641,-119.72342681884766,"SANTA BARBARA","SANTA BARBARA",-119.72341918945312,34.435371398925781
8933683,2019,2019-09-12,4200,2019-07-15,0123,4205,14,1,5,4,4214,0,0,0,,0,060,"HOLLISTER AV","S KELLOGG AV",39.00,E,N,A,-,N,,,,,,,,,,Y,3,0,1,2,A,-,03,22350,,N,C,C,A,A,H,-,C,A,0,,,,,Y,,A,01,0,1,0,0,0,0,0,0,0,"- ","- ",,,"SANTA BARBARA",GOLETA,-119.8204345703125,34.435684204101562
8933758,2019,2019-09-12,4200,2019-07-19,0849,5182,14,5,5,4,4214,0,0,0,,0,050,"CARLO DR","BARRINGTON DR",112.00,N,N,B,-,N,,,,,,,,,,N,3,0,1,2,A,-,08,22107,,N,C,E,A,A,H,-,A,D,0,,,,,Y,,A,07,0,1,0,0,0,0,0,0,0,"- ","- ",,,"SANTA BARBARA",GOLETA,-119.83840942382812,34.447628021240234
8934898,2019,2020-02-14,4203,2019-08-12,1350,7568,35,1,5,5,4203,0,0,0,,0,003,"1 W MISSION ST","STATE ST",100.00,W,N,A,-,N,,,,,,,,,,N,4,0,1,2,A,-,09,21804,A,N,D,C,A,A,D,-,A,D,0,,,,,Y,,A,01,0,0,1,0,0,0,0,0,0,"- ","- ",34.430500030517578,-119.71489715576172,"SANTA BARBARA","SANTA BARBARA",-119.71492767333984,34.430622100830078
8936039,2019,2019-11-23,4203,2019-08-31,0737,9480,56,6,5,5,4203,0,0,0,,0,005,"CALLE REAL","RT 154",400.00,W,N,A,-,N,,,,,,,,,,Y,4,0,1,2,A,-,03,22350,,N,C,C,A,A,H,-,A,D,0,,,,,Y,,A,01,0,0,1,0,0,0,0,0,0,"- ","- ",34.441730499267578,-119.75978851318359,"SANTA BARBARA","SANTA BARBARA",-119.76132699999999,34.441544
8944578,2019,2019-10-04,4204,2019-08-25,1908,90718,98,7,5,5,4204,0,0,0,,0,002,"HANSON WY","WHITE CT",150.00,N,N,A,-,N,,,,,,,,,,N,4,0,2,2,A,-,08,22107,,N,C,E,A,A,H,-,A,D,0,,,,,Y,,A,01,0,0,2,0,0,0,0,0,0,"- ","- ",34.948860168457031,-120.46018981933594,"SANTA BARBARA","SANTA MARIA",-120.45999908447266,34.949253082275391
8944988,2019,2019-09-27,4202,2019-09-05,2334,292,,4,5,4,4202,0,0,0,,0,,"PINE AV","M ST",261.00,E,N,A,-,N,,,,,,,,,,Y,4,0,1,3,A,-,08,22107,,N,A,E,A,A,H,-,C,A,0,,,,,Y,,A,01,0,0,1,0,0,0,0,0,0,"- ","- ",,,"SANTA BARBARA",LOMPOC,-120.46329498291016,34.650226593017578