CASE_ID,ACCIDENT_YEAR,PROC_DATE,JURIS,COLLISION_DATE,COLLISION_TIME,OFFICER_ID,REPORTING_DISTRICT,DAY_OF_WEEK,CHP_SHIFT,POPULATION,CNTY_CITY_LOC,SPECIAL_COND,BEAT_TYPE,CHP_BEAT_TYPE,CITY_DIVISION_LAPD,CHP_BEAT_CLASS,BEAT_NUMBER,PRIMARY_RD,SECONDARY_RD,DISTANCE,DIRECTION,INTERSECTION,WEATHER_1,WEATHER_2,STATE_HWY_IND,CALTRANS_COUNTY,CALTRANS_DISTRICT,STATE_ROUTE,ROUTE_SUFFIX,POSTMILE_PREFIX,POSTMILE,LOCATION_TYPE,RAMP_INTERSECTION,SIDE_OF_HWY,TOW_AWAY,COLLISION_SEVERITY,NUMBER_KILLED,NUMBER_INJURED,PARTY_COUNT,PRIMARY_COLL_FACTOR,PCF_CODE_OF_VIOL,PCF_VIOL_CATEGORY,PCF_VIOLATION,PCF_VIOL_SUBSECTION,HIT_AND_RUN,TYPE_OF_COLLISION,MVIW,PED_ACTION,ROAD_SURFACE,ROAD_COND_1,ROAD_COND_2,LIGHTING,CONTROL_DEVICE,CHP_ROAD_TYPE,PEDESTRIAN_ACCIDENT,BICYCLE_ACCIDENT,MOTORCYCLE_ACCIDENT,TRUCK_ACCIDENT,NOT_PRIVATE_PROPERTY,ALCOHOL_INVOLVED,STWD_VEHTYPE_AT_FAULT,CHP_VEHTYPE_AT_FAULT,COUNT_SEVERE_INJ,COUNT_VISIBLE_INJ,COUNT_COMPLAINT_PAIN,COUNT_PED_KILLED,COUNT_PED_INJURED,COUNT_BICYCLIST_KILLED,COUNT_BICYCLIST_INJURED,COUNT_MC_KILLED,COUNT_MC_INJURED,PRIMARY_RAMP,SECONDARY_RAMP,LATITUDE,LONGITUDE,COUNTY,CITY,POINT_X,POINT_Y
6517708,2014,2014-08-07,9760,2014-06-03,1055,16739,,2,1,9,4200,0,3,5,,2,002,"TURNPIKE RD","SAN GORDIANO AV",0.00,,Y,A,-,N,,,,,,,,,,Y,2,0,2,2,A,-,12,21453,A,N,D,C,A,A,H,-,A,A,0,,,,,Y,,A,08,2,0,0,0,0,0,0,0,0,"- ","- ",34.438850000000002,-119.78955000000001,"SANTA BARBARA",UNINCORPORATED,-119.78943988,34.439130059999997
6519042,2014,2016-04-04,9750,2014-06-01,1530,014358,,7,2,9,4200,0,1,2,,2,003,"RT 101","ALISOS CANYON RD",9768.00,S,N,A,-,Y,SB,5,101,-,-,66.900,H,-,N,N,4,0,2,2,A,-,07,21658,A,N,B,C,A,A,H,-,A,D,1,,,,,Y,,A,01,0,0,2,0,0,0,0,0,0,"- ","- ",34.720320000000001,-120.2069,"SANTA BARBARA",UNINCORPORATED,-120.20738982,34.720690949999998
6522098,2014,2016-03-05,9760,2014-03-27,1027,19069,,4,1,5,4203,0,1,2,,2,011,"RT 101","CASTILLO ST",43.00,S,N,A,-,Y,SB,5,101,-,R,14.180,H,-,S,Y,4,0,1,1,A,-,07,21658,A,N,E,I,A,A,H,-,A,D,1,,,,,Y,,A,01,0,0,1,0,0,0,0,0,0,"- ","- ",34.244599999999998,-119.41549999999999,"SANTA BARBARA","SANTA BARBARA",-119.69875412,34.412158609999999
6524451,2014,2014-08-07,9760,2014-05-27,1038,16739,,2,1,9,4200,0,3,5,,2,002,"PATTERSON AV","PAREJO DR",0.00,,Y,A,-,N,,,,,,,,,,N,4,0,1,2,A,-,"- ",,,N,D,G,A,A,H,-,A,A,0,,Y,,,Y,,L,04,0,0,1,0,0,0,1,0,0,"- ","- ",34.44462,-119.80825,"SANTA BARBARA",UNINCORPORATED,-119.80796998,34.444640049999997
6524910,2014,2014-08-11,9760,2014-06-01,1420,19069,,7,2,9,4200,0,3,5,,2,001,"GIBRALTAR RD","EL CIELITO RD",7920.00,N,N,A,-,N,,,,,,,,,,Y,3,0,1,2,A,-,05,21650,,N,A,G,A,A,H,-,A,D,0,,Y,,,Y,Y,L,04,0,1,0,0,0,0,1,0,0,"- ","- ",34.244300000000003,-119.4049,"SANTA BARBARA",UNINCORPORATED,-119.67936817,34.461769029999999
6527004,2014,2014-07-18,4200,2014-03-16,2135,3049,6,7,5,2,4206,0,0,0,,0,,"FREDENSBORG CANYON RD","VIBORG RD",792.00,S,N,A,-,N,,,,,,,,,,Y,4,0,1,1,A,-,01,23153,A,N,E,I,A,A,H,-,D,D,0,,,,,Y,Y,-,,0,0,1,0,0,0,0,0,0,"- ","- ",,,"SANTA BARBARA",SOLVANG,-120.13813274,34.603846920000002
6527335,2014,2016-04-05,9760,2014-04-17,1040,017097,,4,1,9,4200,0,1,2,,2,010,"RT 101","SAN YSIDRO RD",400.00,S,N,B,-,Y,SB,5,101,-,-,9.940,H,-,N,Y,4,0,1,4,A,-,03,22350,,N,C,C,A,A,H,-,A,D,1,,,,,Y,,A,08,0,0,1,0,0,0,0,0,0,"- ","- ",34.422130000000003,-119.63025,"SANTA BARBARA",UNINCORPORATED,-119.63017333000001,34.422075960000001
6528562,2014,2014-08-21,4203,2014-06-23,0750,3769,,1,5,5,4203,0,0,0,,0,003,"ANACAPA ST","CABRILLO ST",243.00,S,N,A,-,N,,,,,,,,,,N,3,0,1,2,A,-,08,22107,,N,B,G,A,A,H,-,A,D,0,,Y,,,Y,,L,04,0,1,0,0,0,0,1,0,0,"- ","- ",34.42304,-119.70142,"SANTA BARBARA","SANTA BARBARA",-119.68801000000001,34.413260000000001
6528582,2014,2014-08-20,4203,2014-06-24,2314,6978,50,2,5,5,4203,0,0,0,,0,005,"MISSION CANYON RD","PUESTA DEL SOL",45.00,W,N,A,-,N,,,,,,,,,,Y,3,0,1,1,A,-,08,22107,,N,A,I,A,A,-,-,D,D,0,,,,,Y,,A,01,0,1,0,0,0,0,0,0,0,"- ","- ",34.262830000000001,-119.21248,"SANTA BARBARA","SANTA BARBARA",-119.71348184,34.44153214
6528633,2014,2014-08-25,4203,2014-06-22,0247,5086,,7,5,5,4203,0,0,0,,0,001,"MILPAS ST","CARPINTERIA ST",0.00,,Y,A,-,N,,,,,,,,,,Y,3,0,1,1,-,-,"- ",,,F,A,I,A,A,H,-,C,D,0,,,,,Y,Y,-,"- ",0,1,0,0,0,0,0,0,0,"- ","- ",34.251510000000003,-119.40407999999999,"SANTA BARBARA","SANTA BARBARA",-119.677594,34.420851999999996
6529257,2014,2016-05-04,9755,2014-06-07,1805,17967,,6,2,9,4200,0,1,2,,2,004,"RT 101","RT 154",6336.00,N,N,A,-,Y,SB,5,101,-,-,63.870,H,-,N,Y,4,0,1,1,A,-,07,21658,A,N,E,I,A,A,H,-,A,D,1,,,,,Y,,A,07,0,0,1,0,0,0,0,0,0,"- ","- ",34.703420000000001,-120.16880999999999,"SANTA BARBARA",UNINCORPORATED,-120.16398554,34.69824852
6531427,2014,2016-04-09,9755,2014-06-07,0820,17884,,6,1,9,4200,0,1,3,,1,051,"RT 1","JALAMA RD",1056.00,S,N,A,-,Y,SB,5,1,-,-,14.810,H,-,N,Y,3,0,1,1,A,-,08,22107,,N,E,I,A,A,H,-,A,D,0,,,,,Y,,D,22,0,1,0,0,0,0,0,0,0,"- ","- ",34.587319999999998,-120.40805,"SANTA BARBARA",UNINCORPORATED,-120.40800766,34.586080879999997
6532550,2014,2014-08-05,9760,2014-05-26,0220,18491,,1,3,9,4200,0,3,5,,2,002,"TURNPIKE RD","LA GAMA WY",203.00,S,N,A,-,N,,,,,,,,,,Y,2,0,1,1,A,-,01,23152,A,N,E,I,A,A,H,-,C,D,0,,,,,Y,Y,A,07,1,0,0,0,0,0,0,0,0,"- ","- ",34.445869999999999,-119.78945,"SANTA BARBARA",UNINCORPORATED,-119.78949478,34.445784680000003
6536753,2014,2015-10-01,4200,2014-05-28,2122,4255,14,3,5,4,4214,0,0,0,,0,050,"KINGSTON AV","ENCINA RD",0.00,,Y,A,-,N,,,,,,,,,,Y,3,0,1,1,A,-,01,23152,A,N,A,I,A,A,H,-,C,A,0,,,,,Y,Y,A,01,0,1,0,0,0,0,0,0,0,"- ","- ",,,"SANTA BARBARA",GOLETA,-119.82169992999999,34.442510040000002
6538260,2014,2014-08-14,4200,2014-06-01,1304,4057,14,7,5,4,4214,0,0,0,,0,080,"GLENN ANNIE RD","CALLE REAL",159.00,S,N,A,-,N,,,,,,,,,,Y,4,0,3,2,A,-,03,22350,,N,C,C,A,A,H,-,A,A,0,,,,,Y,,A,01,0,0,3,0,0,0,0,0,0,"- ","- ",,,"SANTA BARBARA",GOLETA,-119.87097907,34.434769950000003
6542254,2014,2014-08-12,4204,2014-06-03,1640,90242,,2,5,5,4204,0,0,0,,0,003,"BETTERAVIA RD",MILLER,0.00,,Y,A,-,N,,,,,,,,,,N,4,0,1,2,A,-,03,22350,,F,B,C,A,A,H,-,A,A,0,,,,Y,Y,,F,25,0,0,1,0,0,0,0,0,0,"- ","- ",,,"SANTA BARBARA","SANTA MARIA",-120.43128989,34.922600070000001
6542694,2014,2016-04-05,9750,2014-06-22,0552,14449,,7,3,9,4200,0,1,3,,1,011,"RT 166","RAY RD",0.00,,Y,B,-,Y,SB,5,166,-,-,4.077,I,5,E,Y,4,0,2,2,A,-,09,21801,A,N,D,C,A,A,H,-,B,D,0,,,,,Y,,A,01,0,0,2,0,0,0,0,0,0,"- ","- ",34.95628,-120.5027,"SANTA BARBARA",UNINCORPORATED,-120.50263387,34.956319020000002
6543875,2014,2016-04-04,9760,2014-06-26,2025,18264,,4,2,9,4200,0,1,2,,1,040,"RT 101","ARROYO HONDO",8448.00,N,N,G,-,Y,SB,5,101,-,-,42.720,H,-,N,Y,3,0,1,1,A,-,03,22350,,N,E,I,A,A,H,-,A,D,5,,,,Y,Y,,G,27,0,1,0,0,0,0,0,0,0,"- ","- ",34.474200000000003,-120.14910999999999,"SANTA BARBARA",UNINCORPORATED,-120.16984878,34.472002369999998
6543881,2014,2014-07-30,9760,2014-05-29,1102,18490,,4,1,9,4200,0,3,5,,2,002,"HOLLISTER AV","TURNPIKE RD",80.00,W,N,A,-,N,,,,,,,,,,N,3,0,1,2,A,-,07,21658,A,N,B,G,A,A,H,-,A,D,0,,Y,,,Y,,I,20,0,1,0,0,0,0,1,0,0,"- ","- ",34.436610000000002,-119.78997,"SANTA BARBARA",UNINCORPORATED,-119.78970791,34.436589099999999
6544498,2014,2014-09-04,4202,2014-06-10,1124,292,,2,5,4,4202,0,0,0,,0,,"I ST","WALNUT AV",8.00,S,N,A,-,N,,,,,,,,,,N,4,0,1,2,A,I,"- ",,,N,D,G,A,A,H,-,A,A,0,,Y,,,Y,,L,04,0,0,1,0,0,0,1,0,0,"- ","- ",,,"SANTA BARBARA",LOMPOC,-120.45917,34.640618029999999
6545262,2014,2014-07-31,4203,2014-05-27,1345,5618,12,2,5,5,4203,0,0,0,,0,002,"S CALLE CESAR CHAVEZ","QUINIENTOS ST",300.00,S,N,A,-,N,,,,,,,,,,N,4,0,1,2,A,-,"- ",,,N,D,C,A,A,H,-,A,D,0,,Y,,,Y,Y,L,04,0,0,1,0,0,0,1,0,0,"- ","- ",34.250349999999997,-119.40525,"SANTA BARBARA","SANTA BARBARA",-119.68155470000001,34.41792504
6547046,2014,2016-04-05,9760,2014-06-30,1205,16739,,1,1,5,4203,0,1,2,,2,020,"RT 101","HOPE AV",1056.00,S,N,B,-,Y,SB,5,101,-,-,17.300,H,-,N,Y,4,0,2,3,A,-,03,22350,,N,C,C,A,A,H,-,A,D,1,,,,,Y,,A,01,0,0,2,0,0,0,0,0,0,"- ","- ",34.432250000000003,-119.74563999999999,"SANTA BARBARA","SANTA BARBARA",-119.74534537,34.431916340000001
6550971,2014,2014-09-03,9760,2014-07-02,1525,015658,,3,2,9,4200,0,3,5,,2,005,"EMBARCADERO DEL NORTE","PICASSO RD",0.00,,Y,A,-,N,,,,,,,,,,N,3,0,1,2,A,-,12,22450,A,N,D,G,A,A,H,-,A,A,0,,Y,,Y,Y,,F,26,0,1,0,0,0,0,1,0,0,"- ","- ",34.415260000000004,-119.05531999999999,"SANTA BARBARA",UNINCORPORATED,-119.85537995,34.41509009
6557127,2014,2016-05-09,9750,2014-07-04,0600,016469,,5,1,9,4200,0,1,2,,2,002,"RT 101","CLARK AV",9504.00,S,N,E,-,Y,SB,5,101,-,-,80.300,H,-,N,N,3,0,2,1,A,-,08,22107,,N,F,A,A,A,H,-,A,D,1,,,,,Y,,D,22,0,2,0,0,0,0,0,0,0,"- ","- ",34.844560000000001,-120.37838000000001,"SANTA BARBARA",UNINCORPORATED,-120.37669279000001,34.843218540000002
6557226,2014,2014-08-14,4204,2014-06-23,0919,22104,19,1,5,5,4204,0,0,0,,0,001,"WILLOW WALK WY","RED BARK RD",0.00,,Y,A,-,N,,,,,,,,,,Y,4,0,1,2,A,-,08,22107,,N,D,C,A,A,H,-,A,A,0,,,,,Y,,A,01,0,0,1,0,0,0,0,0,0,"- ","- ",,,"SANTA BARBARA","SANTA MARIA",-120.42003995,34.964750049999999
6558411,2014,2015-10-01,4203,2014-05-15,1745,6983,,4,5,5,4203,0,0,0,,0,004,"CASTILLO ST","CARRILLO ST",39.00,N,N,A,-,N,,,,,,,,,,N,4,0,3,2,A,-,03,22350,,N,C,C,A,A,H,-,A,A,0,,,,,Y,,-,,0,0,3,0,0,0,0,0,0,"- ","- ",34.25029,-119.4224,"SANTA BARBARA","SANTA BARBARA",-119.70644747,34.417330300000003
6558444,2014,2014-08-13,4203,2014-05-28,1307,6700,43,3,5,5,4203,0,0,0,,0,003,"COTA ST","ANACAPA ST",248.00,W,N,A,B,N,,,,,,,,,,N,3,0,1,2,A,-,17,22517,,N,E,G,A,A,H,-,A,D,0,,Y,,,Y,,A,07,0,1,0,0,0,0,1,0,0,"- ","- ",34.255850000000002,-119.41422,"SANTA BARBARA","SANTA BARBARA",-119.69615912,34.418346149999998
6558472,2014,2014-08-13,4203,2014-05-22,1014,6700,35,4,5,5,4203,0,0,0,,0,004,"MISSION ST","CASTILLO ST",0.00,,Y,B,-,N,,,,,,,,,,Y,4,0,2,2,A,-,09,21801,A,N,D,C,A,A,H,-,A,A,0,,,,,Y,,A,08,0,0,2,0,0,0,0,0,0,"- ","- ",34.253540000000001,-119.43865,"SANTA BARBARA","SANTA BARBARA",-119.71907985999999,34.426570099999999
6558476,2014,2014-08-13,4203,2014-05-25,2205,7193,16,7,5,5,4203,0,0,0,,0,002,"CARRILLO ST","SAN ANDRES ST",104.00,E,N,A,-,N,,,,,,,,,,N,4,0,1,2,A,-,03,22350,,N,C,C,A,A,H,-,C,A,0,,,,,Y,,-,,0,0,1,0,0,0,0,0,0,"- ","- ",34.414900000000003,-119.7105,"SANTA BARBARA","SANTA BARBARA",-119.71029665,34.414781120000001
6558480,2014,2014-08-13,4203,2014-05-28,1107,2520,,3,5,5,4203,0,0,0,,0,002,"HARBOR WY","SHORELINE DR",0.00,,Y,B,-,N,,,,,,,,,,N,4,0,1,2,A,-,21,22106,,N,G,B,E,A,H,-,A,D,0,Y,,,,Y,,-,,0,0,1,0,1,0,0,0,0,"- ","- ",34.249200000000002,-119.4113,"SANTA BARBARA","SANTA BARBARA",-119.69491993,34.404220070000001
6559473,2014,2016-04-05,4204,2014-06-15,1333,23028,48,7,5,5,4204,0,0,0,,0,002,MAIN,"BRADLEY RD",42.00,W,N,A,-,Y,SB,5,166,-,-,8.880,H,-,W,N,4,0,2,2,A,-,08,22107,,N,C,C,A,A,H,-,A,D,0,,,,,Y,,D,22,0,0,2,0,0,0,0,0,0,"- ","- ",,,"SANTA BARBARA","SANTA MARIA",-120.41826799,34.953057989999998
6559735,2014,2014-08-15,4204,2014-05-05,1643,23332,88,1,5,5,4204,0,0,0,,0,003,"MCCOY LN","LA COSTA",0.00,,Y,A,-,N,,,,,,,,,,N,3,0,1,2,A,-,09,21801,A,N,G,G,A,A,H,-,A,A,0,,Y,,,Y,,A,01,0,1,0,0,0,0,1,0,0,"- ","- ",,,"SANTA BARBARA","SANTA MARIA",-120.44181996,34.916710080000001
6559787,2014,2014-08-28,4204,2014-05-12,0800,90200,33,1,5,5,4204,0,0,0,,0,002,CURRYER,FESLER,167.00,S,N,A,-,N,,,,,,,,,,N,4,0,1,2,A,I,"- ",,,N,H,G,A,A,H,-,A,D,0,,Y,,,Y,,L,04,0,0,1,0,0,0,1,0,0,"- ","- ",,,"SANTA BARBARA","SANTA MARIA",-120.44139195,34.956051350000003
6559791,2014,2014-08-13,4204,2014-05-12,1259,20904,79,1,5,5,4204,0,0,0,,0,003,"MCCOY LN",THOMPSON,125.00,W,N,A,-,N,,,,,,,,,,Y,4,0,1,2,A,-,08,22107,,N,D,C,A,A,H,-,A,D,0,,,,,Y,,A,01,0,0,1,0,0,0,0,0,0,"- ","- ",,,"SANTA BARBARA","SANTA MARIA",-120.45834443,34.916580670000002
6559930,2014,2016-05-09,9760,2014-07-08,1625,16739,,2,2,5,4203,0,1,2,,2,011,"RT 101","MILPAS ST",1056.00,N,N,A,-,Y,SB,5,101,-,-,12.950,H,-,S,Y,4,0,4,2,A,-,03,22350,,N,C,C,A,A,H,-,A,D,1,,,,,Y,,A,07,0,0,4,0,0,0,0,0,0,"- ","- ",34.420000000000002,-119.6806,"SANTA BARBARA","SANTA BARBARA",-119.68059030000001,34.420019320000002
6559959,2014,2016-05-09,9760,2014-07-03,1647,19446,,4,2,5,4203,0,1,2,,2,011,"RT 101","LAGUNA ST",600.00,S,N,A,-,Y,SB,5,101,-,-,13.280,H,-,N,Y,4,0,2,3,A,-,03,22350,,N,C,C,A,A,H,-,A,A,1,,,,,Y,,A,01,0,0,2,0,0,0,0,0,0,"- ","- ",34.419890000000002,-119.68359,"SANTA BARBARA","SANTA BARBARA",-119.68633396,34.419594770000003
6560017,2014,2016-04-04,9760,2014-06-15,1223,017603,,7,1,4,4214,0,1,2,,1,030,"RT 101","LOS CARNEROS CREEK",528.00,S,N,A,-,Y,SB,5,101,-,-,23.490,H,-,S,Y,3,0,1,3,A,-,03,22350,,N,C,C,A,A,H,-,A,D,1,,,,,Y,,A,01,0,1,0,0,0,0,0,0,0,"- ","- ",34.436430000000001,-119.85941,"SANTA BARBARA",GOLETA,-119.84902857,34.437789600000002
6560483,2014,2014-08-13,4204,2014-06-18,0645,21846,4204,3,5,5,4204,0,0,0,,0,002,"MORRISON AV",THORNBURG,0.00,,Y,A,-,N,,,,,,,,,,N,4,0,1,2,A,-,09,21802,A,N,D,C,A,A,H,-,A,A,0,,,,,Y,,A,01,0,0,1,0,0,0,0,0,0,"- ","- ",,,"SANTA BARBARA","SANTA MARIA",-120.44024994999999,34.943140079999999
6567186,2014,2014-08-06,9760,2014-06-19,1315,12518,,4,1,9,4200,0,2,4,,1,021,"HOLLISTER AV","TURNPIKE RD",70.00,E,N,A,-,N,,,,,,,,,,N,4,0,1,2,A,-,03,22350,,N,-,C,A,A,H,-,A,-,0,,,,,Y,,A,01,0,0,1,0,0,0,0,0,0,"- ","- ",34.436909999999997,-119.70945,"SANTA BARBARA",UNINCORPORATED,-119.78922326999999,34.436680690000003
6568810,2014,2015-02-03,9760,2014-06-27,1238,17603,,5,1,3,4205,0,1,2,,2,010,"RT 101","SANTA YNEZ AV",100.00,S,N,A,-,Y,SB,5,101,-,-,3.630,H,-,N,N,3,0,1,1,A,-,08,22107,,N,E,I,A,A,H,-,A,D,1,,,,,Y,,D,22,0,1,0,0,0,0,0,0,0,"- ","- ",34.403440000000003,-119.52639000000001,"SANTA BARBARA",CARPINTERIA,-119.52620678,34.403312810000003
6570238,2014,2015-03-20,9755,2014-06-25,0750,015973,,3,1,9,4200,0,1,3,,1,051,"RT 1","SANTA ROSA RD",1056.00,S,N,B,-,Y,SB,5,1,-,-,17.560,H,-,S,Y,4,0,1,1,A,-,08,22107,,N,F,A,A,A,H,-,A,D,0,,,,,Y,,A,01,0,0,1,0,0,0,0,0,0,"- ","- ",34.616549999999997,-120.42758000000001,"SANTA BARBARA",UNINCORPORATED,-120.42785739999999,34.61858977
6571244,2014,2014-08-27,4202,2014-07-08,1726,265,LOMPO,2,5,4,4202,0,0,0,,0,4202,"7TH ST","PINE AV",0.00,,Y,A,-,N,,,,,,,,,,N,4,0,1,2,A,-,01,23152,B,N,D,C,A,A,H,-,A,D,0,,,,,Y,Y,A,01,0,0,1,0,0,0,0,0,0,"- ","- ",,,"SANTA BARBARA",LOMPOC,-120.44017995,34.65004004
6573659,2014,2014-08-27,4203,2014-07-21,1804,7193,,1,5,5,4203,0,0,0,,0,005,"FOOTHILL RD","SAN ROQUE RD",0.00,,Y,A,-,N,,,,,,,,,,N,3,0,1,2,A,-,08,22107,,N,D,G,A,A,H,-,A,A,0,,Y,,,Y,,-,,0,1,0,0,0,0,1,0,0,"- ","- ",34.265630000000002,-119.43586999999999,"SANTA BARBARA","SANTA BARBARA",-119.73324993,34.449340100000001
6575863,2014,2016-01-15,9750,2014-07-23,1815,016874,,3,2,9,4200,0,3,5,,2,030,"ALISOS CANYON RD","RT 101",27984.00,E,N,A,-,N,,,,,,,,,,Y,3,0,1,1,A,-,08,22107,,N,F,A,A,A,H,-,A,D,0,,,,,Y,,D,22,0,1,0,0,0,0,0,0,0,"- ","- ",34.76323,-120.15747,"SANTA BARBARA",UNINCORPORATED,-120.23884,34.759450000000001
6580606,2014,2014-09-02,9760,2014-07-23,1815,18754,,3,2,5,4203,0,3,5,,2,001,"SYCAMORE CANYON RD","HOT SPRINGS RD",528.00,N,N,A,-,N,,,,,,,,,,Y,3,0,1,2,A,-,08,22107,,N,F,I,A,A,H,-,A,D,0,,,Y,,Y,Y,C,02,0,1,0,0,0,0,0,0,1,"- ","- ",34.43141,-119.64532,"SANTA BARBARA","SANTA BARBARA",-119.64503569999999,34.430153660000002
6580693,2014,2016-05-09,9760,2014-07-24,1125,16739,,4,1,9,4200,0,1,2,,1,040,"RT 101","ARROYO QUEMADO BRIDGE",2640.00,N,N,A,-,Y,SB,5,101,-,-,39.250,H,-,S,Y,2,0,2,2,A,-,07,21658,A,N,B,C,A,A,H,-,A,D,5,,,Y,,Y,,A,01,1,1,0,0,0,0,0,0,2,"- ","- ",34.47063,-120.11569,"SANTA BARBARA",UNINCORPORATED,-120.11079788000001,34.468366580000001
6581219,2014,2016-05-09,9760,2014-07-26,1500,019446,,6,2,9,4200,0,1,2,,2,010,"RT 101","SAN YSIDRO RD",250.00,S,N,A,-,Y,SB,5,101,-,-,9.970,H,-,S,Y,4,0,1,3,A,-,03,22350,,N,C,C,A,A,H,-,A,A,1,,,,,Y,,A,07,0,0,1,0,0,0,0,0,0,"- ","- ",34.4223,-119.6305,"SANTA BARBARA",UNINCORPORATED,-119.63067411999999,34.422066139999998
6583585,2014,2014-08-22,4204,2014-07-27,2259,23813,,7,5,5,4204,0,0,0,,0,B01,MONROE,PINE,43.00,E,N,A,-,N,,,,,,,,,,Y,3,0,1,2,A,-,08,22107,,N,A,E,A,A,H,-,D,D,0,,,,,Y,,A,01,0,1,0,0,0,0,0,0,0,"- ","- ",,,"SANTA BARBARA","SANTA MARIA",-120.43856654,34.972048100000002
6587536,2014,2016-05-03,4204,2014-07-30,1334,22113,33,3,5,5,4204,0,0,0,,0,002,MAIN,THORNBURG,0.00,,Y,A,-,Y,SB,5,166,-,-,7.630,I,5,W,Y,4,0,1,2,A,-,12,22450,A,F,D,C,A,A,H,-,A,A,0,,,,,Y,,-,,0,0,1,0,0,0,0,0,0,"- ","- ",,,"SANTA BARBARA","SANTA MARIA",-120.44020401,34.953239170000003
6588156,2014,2016-05-07,4204,2014-08-02,1426,22807,27,6,5,5,4204,0,0,0,,0,001,BROADWAY,TUNNELL,0.00,,Y,A,-,Y,SB,5,135,-,-,16.090,H,-,S,N,4,0,1,2,A,-,03,22350,,N,C,C,A,A,H,-,A,D,0,,,,,Y,,A,01,0,0,1,0,0,0,0,0,0,"- ","- ",,,"SANTA BARBARA","SANTA MARIA",-120.43586534000001,34.957656839999999
6588332,2014,2016-05-04,4202,2014-07-20,2050,234,,7,5,4,4202,0,0,0,,0,,"RT 1","BARTON AV",8.00,W,N,A,-,Y,SB,5,1,-,-,21.810,I,5,N,N,3,0,1,2,A,-,"- ",,,N,D,G,A,A,H,-,C,A,0,,Y,,,Y,,A,01,0,1,0,0,0,0,1,0,0,"- ","- ",,,"SANTA BARBARA",LOMPOC,-120.45754789999999,34.657057139999999
6589745,2014,2014-09-04,9760,2014-08-03,0825,18019,,7,1,9,4200,0,3,5,,2,001,"MISSION CANYON RD","MOUNTAIN DR",284.00,N,N,C,-,N,,,,,,,,,,Y,3,0,1,1,C,-,18,,,N,E,I,A,B,H,-,A,D,0,,,,,Y,,-,"- ",0,1,0,0,0,0,0,0,0,"- ","- ",34.441029999999998,-119.71223000000001,"SANTA BARBARA",UNINCORPORATED,-119.71302806,34.440984450000002
6597528,2014,2014-08-26,4204,2014-07-31,1249,90081,68,4,5,5,4204,0,0,0,,0,003,BROADWAY,"PLAZA DR",164.00,S,N,A,-,N,,,,,,,,,,N,4,0,2,2,A,-,03,22350,,N,C,C,A,A,H,-,A,A,0,,,,,Y,,A,01,0,0,2,0,0,0,0,0,0,"- ","- ",,,"SANTA BARBARA","SANTA MARIA",-120.43593199999999,34.936990000000002
6597766,2014,2014-09-11,4204,2014-08-12,0548,22491,56,2,5,5,4204,0,0,0,,0,002,"MORRISON AV",SMITH,0.00,,Y,A,-,N,,,,,,,,,,N,3,0,2,2,A,-,09,21804,A,N,D,C,A,A,H,-,A,A,0,,,,,Y,,A,01,0,1,1,0,0,0,0,0,0,"- ","- ",,,"SANTA BARBARA","SANTA MARIA",-120.44264986,34.943200019999999
6598653,2014,2014-09-24,4203,2014-08-05,1929,4732,,2,5,5,4203,0,0,0,,0,003,"STATE ST","MICHELTORENA ST",43.00,S,N,A,-,N,,,,,,,,,,N,3,0,1,1,B,-,22,,,N,E,-,A,A,H,-,A,D,0,,Y,,,Y,Y,L,04,0,1,0,0,0,0,1,0,0,"- ","- ",34.253410000000002,-119.4229,"SANTA BARBARA","SANTA BARBARA",-119.70821259,34.426092429999997
6599937,2014,2016-05-07,4204,2014-08-18,1740,90273,33,1,5,5,4204,0,0,0,,0,002,BROADWAY,CHAPEL,0.00,,Y,A,-,Y,SB,5,135,-,-,15.850,I,5,N,Y,3,0,1,2,A,-,09,21801,A,N,D,C,A,A,H,-,A,D,0,,,,,Y,,D,22,0,1,0,0,0,0,0,0,0,"- ","- ",,,"SANTA BARBARA","SANTA MARIA",-120.43579244999999,34.954206139999997
6600029,2014,2016-01-15,4200,2014-08-22,1652,4671,14,5,5,2,4212,0,0,0,,0,,"RT 246","RT 101",118.00,S,N,A,-,N,,,,,,,,,,Y,2,0,1,2,A,-,09,21804,A,N,D,C,A,A,H,-,A,A,0,,,Y,,Y,,D,22,1,0,0,0,0,0,0,0,1,"- ",SF,,,"SANTA BARBARA",BUELLTON,-120.19004,34.612029999999997
6602499,2014,2016-05-09,9760,2014-08-15,1255,018019,,5,1,9,4200,0,1,2,,2,010,"RT 101","SHEFFIELD DR",424.00,S,N,A,-,Y,SB,5,101,-,-,8.920,H,-,N,Y,4,0,1,2,A,-,03,22350,,N,C,C,A,A,H,-,A,D,1,,,,,Y,,A,07,0,0,1,0,0,0,0,0,0,"- ","- ",34.421959999999999,-119.61304,"SANTA BARBARA",UNINCORPORATED,-119.61259973,34.42174206
6603280,2014,2016-05-07,4204,2014-08-17,1621,90026,27,7,5,5,4204,0,0,0,,0,001,BROADWAY,HERMOSA,216.00,S,N,A,-,Y,SB,5,135,-,-,16.180,H,-,N,N,4,0,1,2,A,-,03,22350,,N,C,C,A,A,H,-,A,A,0,,,,,Y,,A,01,0,0,1,0,0,0,0,0,0,"- ","- ",,,"SANTA BARBARA","SANTA MARIA",-120.43573891,34.9589547
6605112,2014,2014-09-06,9750,2014-08-18,1930,015334,,1,2,9,4200,0,2,4,,1,024,"BRADLEY RD","CLARK AV",93.00,N,N,A,-,N,,,,,,,,,,N,4,0,2,2,A,-,03,22350,,N,C,C,A,A,H,-,A,D,0,,,,,Y,,A,01,0,0,2,0,0,0,0,0,0,"- ","- ",34.86551,-120.41862,"SANTA BARBARA",UNINCORPORATED,-120.41887,34.865257190000001
6606959,2014,2014-11-04,4204,2014-08-15,1604,016469,,5,5,5,4204,0,0,0,,0,,"COLLEGE AV","SANTA MARIA WY",510.00,N,N,A,-,N,,,,,,,,,,Y,4,0,1,1,A,-,08,22107,,N,E,I,A,A,H,-,A,D,0,,,,,Y,,A,07,0,0,1,0,0,0,0,0,0,"- ","- ",34.896549999999998,-120.42116,"SANTA BARBARA","SANTA MARIA",-120.42114312,34.896301860000001