CASE_ID,ACCIDENT_YEAR,PROC_DATE,JURIS,COLLISION_DATE,COLLISION_TIME,OFFICER_ID,REPORTING_DISTRICT,DAY_OF_WEEK,CHP_SHIFT,POPULATION,CNTY_CITY_LOC,SPECIAL_COND,BEAT_TYPE,CHP_BEAT_TYPE,CITY_DIVISION_LAPD,CHP_BEAT_CLASS,BEAT_NUMBER,PRIMARY_RD,SECONDARY_RD,DISTANCE,DIRECTION,INTERSECTION,WEATHER_1,WEATHER_2,STATE_HWY_IND,CALTRANS_COUNTY,CALTRANS_DISTRICT,STATE_ROUTE,ROUTE_SUFFIX,POSTMILE_PREFIX,POSTMILE,LOCATION_TYPE,RAMP_INTERSECTION,SIDE_OF_HWY,TOW_AWAY,COLLISION_SEVERITY,NUMBER_KILLED,NUMBER_INJURED,PARTY_COUNT,PRIMARY_COLL_FACTOR,PCF_CODE_OF_VIOL,PCF_VIOL_CATEGORY,PCF_VIOLATION,PCF_VIOL_SUBSECTION,HIT_AND_RUN,TYPE_OF_COLLISION,MVIW,PED_ACTION,ROAD_SURFACE,ROAD_COND_1,ROAD_COND_2,LIGHTING,CONTROL_DEVICE,CHP_ROAD_TYPE,PEDESTRIAN_ACCIDENT,BICYCLE_ACCIDENT,MOTORCYCLE_ACCIDENT,TRUCK_ACCIDENT,NOT_PRIVATE_PROPERTY,ALCOHOL_INVOLVED,STWD_VEHTYPE_AT_FAULT,CHP_VEHTYPE_AT_FAULT,COUNT_SEVERE_INJ,COUNT_VISIBLE_INJ,COUNT_COMPLAINT_PAIN,COUNT_PED_KILLED,COUNT_PED_INJURED,COUNT_BICYCLIST_KILLED,COUNT_BICYCLIST_INJURED,COUNT_MC_KILLED,COUNT_MC_INJURED,PRIMARY_RAMP,SECONDARY_RAMP,LATITUDE,LONGITUDE,COUNTY,CITY,POINT_X,POINT_Y
84839813,2025,2025-09-11,4200,2025-07-30,1052,5107,,3,5,4,4214,0,0,0,,0,080,"VILLAGE WAY","HOLLISTER AVE",0.00,,Y,A,-,N,,,,,,,,,,N,3,0,1,2,A,-,09,21802,A,F,H,G,A,A,H,-,A,A,0,,Y,,,Y,,D,22,0,1,0,0,0,0,1,0,0,"- ","- ",,,"SANTA BARBARA",GOLETA,-119.87355804443359,34.430183410644531
8484147,2017,2017-11-29,4204,2017-10-29,0013,90344,94,7,5,5,4204,0,0,0,,0,003,"UNION VALLEY PKWY","CALIFORNIA BL",0.00,,Y,B,-,N,,,,,,,,,,Y,4,0,1,3,A,-,09,21801,A,N,D,C,A,A,H,-,C,D,0,,,,,Y,,A,01,0,0,1,0,0,0,0,0,0,"- ","- ",34.879930000000002,-120.44568,"SANTA BARBARA","SANTA MARIA",-120.44567993,34.879840010000002
84841963,2025,2025-09-12,4204,2025-08-17,"231 ",91547,,7,5,5,4204,0,0,0,,0,002,"MAIN ST",BROADWAY,150.00,W,N,E,-,Y,,,,,,,,,,N,3,0,1,2,A,-,08,22107,,F,G,B,E,B,H,-,C,D,0,Y,,,,Y,Y,A,07,0,1,0,0,1,0,0,0,0,"- ","- ",34.952030181884766,-120.43547058105469,"SANTA BARBARA","SANTA MARIA",-120.43643951416016,34.953136444091797
84845702,2025,2025-09-16,4204,2025-08-28,2158,91713,,4,5,5,4204,0,0,0,,0,002,"WESTERN AVE","LAS FLORES WAY",0.00,,Y,A,-,N,,,,,,,,,,Y,3,0,1,2,A,-,01,23152,A,N,B,E,A,A,H,-,C,D,0,,,,,Y,Y,A,01,0,1,0,0,0,0,0,0,0,"- ","- ",34.942058563232422,-120.44937896728516,"SANTA BARBARA","SANTA MARIA",-120.44951629638672,34.941761016845703
84861133,2025,2025-09-26,4204,2025-09-09,1443,90363,,2,5,5,4204,0,0,0,,0,003,"MCCOY LN","MILLER ST",0.00,,Y,A,-,N,,,,,,,,,,Y,3,0,1,2,A,-,12,21453,A,N,D,C,A,A,H,-,A,A,0,,,,,Y,,D,22,0,1,0,0,0,0,0,0,0,"- ","- ",34.915370941162109,-120.43222808837891,"SANTA BARBARA","SANTA MARIA",-120.43152618408203,34.915447235107422
8486808,2017,2018-02-02,4204,2017-11-06,1406,22113,68,1,5,5,4204,0,0,0,,0,003,"MILLER ST","BATTLES RD",0.00,,Y,A,-,N,,,,,,,,,,Y,2,0,2,3,A,-,12,21453,A,N,A,C,F,A,H,-,A,A,0,Y,,,,Y,,A,01,1,0,1,0,1,0,0,0,0,"- ","- ",34.931330000000003,-120.4319,"SANTA BARBARA","SANTA MARIA",-120.4317799,34.931440070000001
84869244,2025,2025-10-02,4204,2025-09-13,1000,91249,,6,5,5,4204,0,0,0,,0,,"BATTLES RD","COLLEGE DR",0.00,,Y,A,-,N,,,,,,,,,,Y,3,0,2,2,A,-,12,21453,A,N,A,C,A,A,H,-,A,A,0,,,,,Y,,A,01,0,2,0,0,0,0,0,0,0,"- ","- ",34.931430816650391,-120.42514038085938,"SANTA BARBARA","SANTA MARIA",-120.42494201660156,34.931339263916016
84872916,2025,2025-10-06,4203,2025-09-23,"1   ",27670,,2,5,5,4203,0,0,0,,0,003,"400 E COTA STREET","LAGUNA STREET",177.00,E,N,A,-,N,,,,,,,,,,Y,4,0,1,3,A,-,08,22107,,N,B,E,A,A,H,-,C,A,0,,,,,Y,,A,01,0,0,1,0,0,0,0,0,0,"- ","- ",34.422000885009766,-119.69226837158203,"SANTA BARBARA","SANTA BARBARA",-119.69186401367188,34.422374725341797
84885064,2025,2025-10-14,4204,2025-09-19,1932,91401,,5,5,5,4204,0,0,0,,0,002,"BOONE ST","BLOSSER RD",0.00,,Y,A,-,N,,,,,,,,,,Y,3,0,1,2,A,-,09,21802,A,N,D,C,A,A,H,-,C,A,0,,,,,Y,,A,07,0,1,0,0,0,0,0,0,0,"- ","- ",34.947391510009766,-120.45400238037109,"SANTA BARBARA","SANTA MARIA",-120.45381927490234,34.947513580322266
84885068,2025,2025-10-14,4204,2025-09-22,1447,90375,,1,5,5,4204,0,0,0,,0,002,"MAIN ST","CONCEPCION AVE",0.00,,Y,A,-,Y,SB,,166," "," ",8.630,H,,R,N,3,0,2,2,A,-,09,21804,A,N,D,C,A,A,H,-,A,A,0,,,,,Y,,A,01,0,1,1,0,0,0,0,0,0,"- ","- ",34.952838897705078,-120.42269897460938,"SANTA BARBARA","SANTA MARIA",-120.42269897460938,34.953029632568359
84885076,2025,2025-10-14,4204,2025-09-26,"815 ",90323,,5,5,5,4204,0,0,0,,0,001,"DONOVAN RD","COLLEGE DR",300.00,E,N,B,-,N,,,,,,,,,,Y,4,0,1,2,A,-,09,21800,A,N,D,C,A,A,H,-,A,A,0,,,,,Y,,A,01,0,0,1,0,0,0,0,0,0,"- ","- ",34.967521667480469,-120.42545318603516,"SANTA BARBARA","SANTA MARIA",-120.42465209960938,34.967689514160156
84888461,2025,2025-10-20,4203,2025-10-04,1634,27211,,6,5,5,4203,0,0,0,,0,006,"MODOC RD","PORTESUELLO AV",0.00,,Y,A,-,N,,,,,,,,,,Y,2,0,1,2,A,-,09,21801,A,N,H,G,A,A,H,-,A,D,0,,Y,,,Y,,A,01,1,0,0,0,0,0,1,0,0,"- ","- ",34.423191070556641,-119.72187805175781,"SANTA BARBARA","SANTA BARBARA",-119.72667694091797,34.424747467041016
84888462,2025,2025-10-17,4203,2025-10-04,1752,27210,,6,5,5,4203,0,0,0,,0,006,"CLIFF DR","LAS POSITAS RD",0.00,,Y,A,-,N,,,,,,,,,,Y,3,0,1,1,A,-,03,22350,,N,E,I,A,A,H,-,A,D,0,,,,,Y,,A,01,0,1,0,0,0,0,0,0,0,"- ","- ",34.405109405517578,-119.73950958251953,"SANTA BARBARA","SANTA BARBARA",-119.73932647705078,34.405387878417969
84892477,2025,2025-10-20,4203,2025-10-04,"401 ",27669,,6,5,5,4203,0,0,0,,0,004,"200 W ORTEGA ST","DE LA VINA ST",130.00,W,N,A,-,N,,,,,,,,,,Y,3,0,1,4,A,-,01,23152,A,N,B,E,A,A,H,-,C,D,0,,,,,Y,Y,A,01,0,1,0,0,0,0,0,0,0,"- ","- ",34.414630889892578,-119.69571685791016,"SANTA BARBARA","SANTA BARBARA",-119.70059967041016,34.416271209716797
8489505,2017,2018-06-19,4204,2017-11-04,1751,90619,43,6,5,5,4204,0,0,0,,0,002,BROADWAY,"COOK ST",45.00,N,N,A,-,Y,SB,5,135,-,-,15.560,H,-,S,N,4,0,1,2,A,-,01,23152,A,F,C,C,A,A,H,-,A,A,0,,,,,Y,Y,A,07,0,0,1,0,0,0,0,0,0,"- ","- ",34.9499,-120.43597,"SANTA BARBARA","SANTA MARIA",-120.43598796000001,34.94999146
84895348,2025,2025-10-21,4204,2025-10-01,1330,91008,,3,5,5,4204,0,0,0,,0,002,"BLOSSER RD","MAIN ST",0.00,,Y,A,-,N,,,,,,,,,,N,4,0,1,2,A,-,08,22107,,N,B,C,A,A,H,-,A,A,0,,,,,Y,,A,01,0,0,1,0,0,0,0,0,0,"- ","- ",34.953159332275391,-120.45369720458984,"SANTA BARBARA","SANTA MARIA",-120.45371246337891,34.95330810546875
84900270,2025,2025-10-27,4203,2025-10-11,1712,24837,,6,5,5,4203,0,0,0,,0,001,"MILPAS ST","HALEY ST",0.00,,Y,A,-,N,,,,,,,,,,Y,3,0,1,2,A,-,12,21453,A,N,D,C,A,A,H,-,A,A,0,,,,,Y,,A,01,0,1,0,0,0,0,0,0,0,"- ","- ",34.424209594726562,-119.68054962158203,"SANTA BARBARA","SANTA BARBARA",-119.68537902832031,34.426349639892578
8491103,2017,2017-12-13,4203,2017-11-07,1328,6031,,2,5,5,4203,0,0,0,,0,004,"DE LA VINA ST","ORTEGA ST",0.00,,Y,A,-,N,,,,,,,,,,Y,4,0,1,2,A,-,12,22450,A,N,D,C,A,A,H,-,A,A,0,,,,,Y,,-,,0,0,1,0,0,0,0,0,0,"- ","- ",34.245899999999999,-119.42010000000001,"SANTA BARBARA","SANTA BARBARA",-119.70031996,34.416540009999999
84911529,2025,2025-11-04,4200,2025-09-29,"740 ",5329,,1,5,4,4214,0,0,0,,0,050,"CALLE REAL","KELLOGG AVE",0.00,,Y,B,-,N,,,,,,,,,,N,2,0,1,2,A,-,11,21456,A,N,G,B,B,A,H,-,A,A,0,Y,,,,Y,,N,60,1,0,0,0,1,0,0,0,0,"- ","- ",34.441070556640625,-119.81915283203125,"SANTA BARBARA",GOLETA,-119.81906890869141,34.441135406494141
84918551,2025,2025-11-10,4204,2025-10-19,2211,90343,,7,5,5,4204,0,0,0,,0,,"MAIN ST","WESTERN AVE",0.00,,Y,A,-,N,,,,,,,,,,Y,4,0,1,2,A,-,01,23152,A,F,C,C,A,A,H,-,C,D,0,,,,,Y,Y,A,01,0,0,1,0,0,0,0,0,0,"- ","- ",34.952438354492188,-120.44892883300781,"SANTA BARBARA","SANTA MARIA",-120.44932556152344,34.953273773193359
84922307,2025,2025-11-12,4203,2025-10-11,1222,25527,,6,5,5,4203,0,0,0,,0,003,"300 GARDEN ST","GUTIERREZ ST",5.00,S,N,A,-,N,,,,,,,,,,N,4,0,2,2,A,-,08,22107,,N,B,C,A,A,H,-,A,A,0,,,,,Y,,A,07,0,0,2,0,0,0,0,0,0,"- ","- ",34.419040679931641,-119.69087982177734,"SANTA BARBARA","SANTA BARBARA",-119.69076538085938,34.419071197509766
84931702,2025,2025-11-17,4200,2025-10-21,1205,4615,,2,5,4,4214,0,0,0,,0,080,"STORKE RD","FREY WY",13.00,S,N,A,-,N,,,,,,,,,,N,2,0,1,2,A,-,08,22107,,N,H,G,A,A,H,-,A,D,0,,Y,,,Y,,L,04,1,0,0,0,0,0,1,0,0,"- ","- ",34.426071166992188,-119.86972045898438,"SANTA BARBARA",GOLETA,-119.87051391601562,34.426094055175781
84935075,2025,2025-11-18,4204,2025-11-03,"720 ",91170,,1,5,5,4204,0,0,0,,0,002,"COOK ST","WESTERN AVE",210.00,E,N,B,-,N,,,,,,,,,,Y,4,0,1,2,A,-,21,22106,,N,D,C,A,A,H,-,A,D,0,,,,,Y,,A,07,0,0,1,0,0,0,0,0,0,"- ","- ",34.948760986328125,-120.44911193847656,"SANTA BARBARA","SANTA MARIA",-120.44869232177734,34.9495849609375
84940595,2025,2025-11-24,4203,2025-11-06,1620,24431,,4,5,5,4203,0,0,0,,0,004,"STATE ST","PEDREGOSA ST",0.00,,Y,A,-,N,,,,,,,,,,N,3,0,1,2,A,-,09,21801,A,N,H,G,A,A,H,-,A,A,0,,Y,,,Y,,A,01,0,1,0,0,0,0,1,0,0,"- ","- ",34.429958343505859,-119.71337890625,"SANTA BARBARA","SANTA BARBARA",-119.71342468261719,34.429924011230469
84940597,2025,2025-11-21,4203,2025-11-06,1733,24431,,4,5,5,4203,0,0,0,,0,003,"LAGUNA ST","CANON PERDIDO ST",0.00,,Y,A,-,N,,,,,,,,,,N,4,0,1,2,A,-,12,22450,A,N,H,G,A,A,H,-,C,A,0,,Y,,,Y,,L,04,0,0,1,0,0,0,1,0,0,"- ","- ",34.424831390380859,-119.69602966308594,"SANTA BARBARA","SANTA BARBARA",-119.69603729248047,34.424800872802734
8494150,2017,2017-11-21,4204,2017-11-13,1712,90619,,1,5,5,4204,0,0,0,,0,003,"BATTLES RD","BLOSSER RD",0.00,,Y,A,-,N,,,,,,,,,,Y,4,0,1,2,A,-,12,21453,A,N,D,C,A,A,H,-,B,A,0,,,,,Y,,A,01,0,0,1,0,0,0,0,0,0,"- ","- ",34.931660000000001,-120.45347,"SANTA BARBARA","SANTA MARIA",-120.45396992000001,34.931590040000003
84943296,2025,2025-11-24,4203,2025-10-31,"842 ",24582,,5,5,5,4203,0,0,0,,0,005,"100 WYE RD","CALLE REAL",2.00,N,N,A,-,N,,,,,,,,,,N,3,0,1,2,A,-,03,22350,,N,G,B,E,A,H,-,A,A,0,Y,,,,Y,,A,07,0,1,0,0,1,0,0,0,0,"- ","- ",34.440101623535156,-119.75155639648438,"SANTA BARBARA","SANTA BARBARA",-119.75670623779297,34.441184997558594
84946480,2025,2025-11-25,4204,2025-11-05,1740,91255,,3,5,5,4204,0,0,0,,0,003,"MILLER ST","PLAZA DR",0.00,,Y,A,-,N,,,,,,,,,,N,3,0,1,2,A,-,09,21801,A,N,D,C,A,A,H,-,B,D,0,,,,,Y,,D,23,0,1,0,0,0,0,0,0,0,"- ","- ",34.937290191650391,-120.43160247802734,"SANTA BARBARA","SANTA MARIA",-120.43159484863281,34.937351226806641
84950471,2025,2025-11-28,4204,2025-11-12,1331,91008,,3,5,5,4204,0,0,0,,0,003,"MCCOY LN","COLLEGE DR (W)",0.00,,Y,A,-,N,,,,,,,,,,N,4,0,1,2,A,-,09,21803,A,N,D,C,A,A,H,-,A,D,0,,,,,Y,,A,01,0,0,1,0,0,0,0,0,0,"- ","- ",34.915218353271484,-120.42613220214844,"SANTA BARBARA","SANTA MARIA",-120.42498779296875,34.916362762451172
84953672,2025,2025-12-02,4204,2025-11-13,1530,90857,,4,5,5,4204,0,0,0,,0,002,"BRADLEY RD","STOWELL RD",394.00,S,N,C,-,N,,,,,,,,,,N,4,0,1,2,A,-,09,21801,A,N,D,C,A,B,H,-,B,D,0,,,,,Y,,A,01,0,0,1,0,0,0,0,0,0,"- ","- ",34.936920166015625,-120.41951751708984,"SANTA BARBARA","SANTA MARIA",-120.41937255859375,34.937259674072266
84957114,2025,2025-12-04,4204,2025-11-17,1828,91711,,1,5,5,4204,0,0,0,,0,,"MILLER ST","MCCOY LN",0.00,,Y,B,-,N,,,,,,,,,,Y,4,0,3,2,A,-,08,22100,A,N,B,C,A,A,H,-,C,A,0,,,,,Y,,A,07,0,0,3,0,0,0,0,0,0,"- ","- ",34.915370941162109,-120.43222808837891,"SANTA BARBARA","SANTA MARIA",-120.43152618408203,34.915447235107422
8495780,2017,2017-12-06,4203,2017-11-12,1830,1436,,7,5,5,4203,0,0,0,,0,004,"CHAPALA ST","ARRELLAGA ST",0.00,,Y,A,-,N,,,,,,,,,,N,3,0,1,2,D,-,00,,,F,D,D,A,A,H,-,C,A,0,,,,,Y,,-,"- ",0,1,0,0,0,0,0,0,0,"- ","- ",34.253399999999999,-119.42386999999999,"SANTA BARBARA","SANTA BARBARA",-119.71067987000001,34.426040030000003
84958599,2025,2025-12-05,4203,2025-11-19,1636,24799,,3,5,5,4203,0,0,0,,0,004,"1900 DE LA VINA ST","MISSION ST",19.00,S,N,A,-,N,,,,,,,,,,N,3,0,1,1,A,-,03,22350,,N,H,I,A,A,H,-,A,D,0,,Y,,,Y,,L,04,0,1,0,0,0,0,1,0,0,"- ","- ",34.427009582519531,-119.71205902099609,"SANTA BARBARA","SANTA BARBARA",-119.7169189453125,34.428691864013672
8496248,2017,2017-12-07,4204,2017-11-13,1744,90376,59,1,5,5,4204,0,0,0,,0,002,"SIERRA MADRE AV","BRADLEY RD",0.00,,Y,A,-,N,,,,,,,,,,N,3,0,1,2,A,-,10,21950,A,N,G,B,B,A,H,-,C,D,0,Y,,,,Y,,A,01,0,1,0,0,1,0,0,0,0,"- ","- ",34.939979999999998,-120.41833,"SANTA BARBARA","SANTA MARIA",-120.41835995,34.940020050000001
84963240,2025,2025-12-09,4204,2025-11-15,2145,91549,,6,5,5,4204,0,0,0,,0,003,"BETTERAVIA RD","MEREDITH LN",0.00,,Y,C,-,N,,,,,,,,,,Y,3,0,1,2,A,-,04,21703,,F,C,C,A,B,H,-,C,A,0,,,,,Y,,A,07,0,1,0,0,0,0,0,0,0,"- ","- ",34.920600891113281,-120.45008087158203,"SANTA BARBARA","SANTA MARIA",-120.45018768310547,34.920612335205078
84963241,2025,2025-12-09,4204,2025-11-20,1805,91597,,4,5,5,4204,0,0,0,,0,003,BROADWAY,"PLAZA DR",0.00,,Y,C,-,Y,SB,,135," "," ",14.624,H,,R,N,3,0,3,3,A,-,03,22350,,N,C,C,A,B,H,-,C,A,0,,,,,Y,,A,01,0,1,2,0,0,0,0,0,0,"- ","- ",34.936359405517578,-120.43611145019531,"SANTA BARBARA","SANTA MARIA",-120.43592834472656,34.936359405517578
84970568,2025,2025-12-15,4203,2025-12-01,1138,27701,,1,5,5,4203,0,0,0,,0,001,"00 S CANADA ST","CARPINTERIA ST",108.00,N,N,A,-,N,,,,,,,,,,Y,4,0,1,2,A,-,01,23152,A,N,C,E,A,A,H,-,A,D,0,,,,,Y,Y,A,07,0,0,1,0,0,0,0,0,0,"- ","- ",34.422588348388672,-119.66835021972656,"SANTA BARBARA","SANTA BARBARA",-119.67338562011719,34.425079345703125
84975445,2025,2025-12-17,4204,2025-12-01,"819 ",22113,,1,5,5,4204,0,0,0,,0,001,"COLLEGE DR","ALVIN AVE",0.00,,Y,A,-,N,,,,,,,,,,N,4,0,1,2,A,-,10,21950,A,N,D,G,A,A,H,-,A,A,0,,Y,,,Y,,A,01,0,0,1,0,0,0,1,0,0,"- ","- ",34.960208892822266,-120.42497253417969,"SANTA BARBARA","SANTA MARIA",-120.42494201660156,34.960384368896484
8498164,2017,2017-12-11,4203,2017-11-13,1816,6983,,1,5,5,4203,0,0,0,,0,004,"DE LA VINA ST","DE LA GUERRA ST",0.00,,Y,A,-,N,,,,,,,,,,N,3,0,1,2,A,-,09,21802,A,N,D,G,A,A,H,-,A,A,0,,Y,,,Y,,-,,0,1,0,0,0,0,1,0,0,"- ","- ",34.250279999999997,-119.42055999999999,"SANTA BARBARA","SANTA BARBARA",-119.70158988,34.417480089999998
84986239,2025,2025-12-26,4203,2025-12-13,"236 ",27669,,6,5,5,4203,0,0,0,,0,,"CASTILLO ST","FIGUEROA ST",120.00,S,N,A,-,N,,,,,,,,,,Y,3,0,1,3,A,-,01,23152,A,N,A,E,A,B,H,-,C,D,0,,,,,Y,Y,A,01,0,1,0,0,0,0,0,0,0,"- ","- ",34.418281555175781,-119.70764923095703,"SANTA BARBARA","SANTA BARBARA",-119.70741271972656,34.418022155761719
84995095,2025,2026-01-01,4204,2025-12-07,1459,91469,,7,5,5,4204,0,0,0,,0,003,BROADWAY,"MCCOY LN",495.00,N,N,A,-,Y,,,,,,,,,,N,3,0,1,2,A,-,04,21703,,N,C,C,A,A,H,-,A,A,0,,,,Y,Y,,F,26,0,1,0,0,0,0,0,0,0,"- ","- ",34.915599822998047,-120.43672180175781,"SANTA BARBARA","SANTA MARIA",-120.43608093261719,34.91802978515625
84995096,2025,2026-01-01,4204,2025-12-09,"738 ",91713,,2,5,5,4204,0,0,0,,0,002,"WESTERN AVE","CHURCH ST",0.00,,Y,A,-,N,,,,,,,,,,Y,3,0,1,2,A,-,09,21802,A,N,D,C,A,A,H,-,A,A,0,,,,,Y,,A,01,0,1,0,0,0,0,0,0,0,"- ","- ",34.951988220214844,-120.44940185546875,"SANTA BARBARA","SANTA MARIA",-120.44933319091797,34.952220916748047
84995100,2025,2026-01-01,4204,2025-12-15,1509,90375,,1,5,5,4204,0,0,0,,0,,"BOONE ST","PINE ST",0.00,,Y,A,-,N,,,,,,,,,,N,3,0,1,2,A,-,21,22106,,N,C,C,A,A,H,-,A,A,0,,,,,Y,,D,22,0,1,0,0,0,0,0,0,0,"- ","- ",34.947250366210938,-120.43917083740234,"SANTA BARBARA","SANTA MARIA",-120.43894958496094,34.947124481201172
84996938,2025,2026-01-05,4200,2025-12-11,1206,5107,,4,5,4,4214,0,0,0,,0,060,"LOS CARNEROS RD","DISCOVERY DR",270.00,S,N,A,-,N,,,,,,,,,,N,4,0,1,2,A,-,03,22350,,N,C,C,A,A,H,-,A,A,0,,,,,Y,,I,09,0,0,1,0,0,0,0,0,0,"- ","- ",34.419570922851562,-119.86501312255859,"SANTA BARBARA",GOLETA,-119.85978698730469,34.424587249755859
85005657,2025,2026-01-09,4204,2025-12-23,1440,91008,,2,5,5,4204,0,0,0,,0,002,"COOK ST","RAILROAD AVE (W)",0.00,,Y,A,-,N,,,,,,,,,,N,3,0,1,2,A,-,08,22107,,F,D,C,A,A,H,-,A,D,0,,,,,Y,,A,01,0,1,0,0,0,0,0,0,0,"- ","- ",34.949779510498047,-120.44512939453125,"SANTA BARBARA","SANTA MARIA",-120.44493103027344,34.949611663818359
8501622,2017,2017-12-18,4204,2017-11-30,1745,90276,60,4,5,5,4204,0,0,0,,0,B03,"WESTERN AV","STOWELL RD",71.00,N,N,A,-,N,,,,,,,,,,N,4,0,1,2,A,-,03,22350,,N,C,C,A,A,H,-,D,A,0,,,,,Y,,D,22,0,0,1,0,0,0,0,0,0,"- ","- ",34.939010000000003,-120.44945,"SANTA BARBARA","SANTA MARIA",-120.44957746999999,34.938915000000001
8503477,2017,2017-12-18,4203,2017-11-18,0212,23767,,6,5,5,4203,0,0,0,,0,005,"CALLE REAL","WYE RD",438.00,E,N,A,-,N,,,,,,,,,,Y,3,0,1,1,A,-,01,23152,A,N,F,I,A,A,H,-,C,A,0,,,,,Y,Y,A,01,0,1,0,0,0,0,0,0,0,"- ","- ",34.440899999999999,-119.7556,"SANTA BARBARA","SANTA BARBARA",-119.75529758,34.440902459999997
8503478,2017,2017-12-18,4203,2017-11-03,1706,23765,,5,5,5,4203,0,0,0,,0,004,"DE LA VINA ST","COTA ST",0.00,,Y,A,-,N,,,,,,,,,,N,2,0,1,2,A,-,12,22450,A,N,D,G,A,A,H,-,C,A,0,,Y,,,Y,,L,04,1,0,0,0,0,0,1,0,0,"- ","- ",34.253100000000003,-119.42359999999999,"SANTA BARBARA","SANTA BARBARA",-119.6990699,34.415620109999999
8503800,2017,2018-06-14,4202,2017-11-03,1650,1804,4202,5,5,4,4202,0,0,0,,0,,"RT 1","CHESTNUT AV",0.00,,Y,A,-,Y,SB,5,1,-,-,20.750,I,5,S,Y,4,0,1,2,A,-,12,21453,A,N,D,C,A,A,H,-,A,A,0,,,,,Y,,A,01,0,0,1,0,0,0,0,0,0,"- ","- ",,,"SANTA BARBARA",LOMPOC,-120.45792888,34.642231819999999
8504024,2017,2018-06-14,4200,2017-11-13,0730,3683,14,1,5,4,4214,0,0,0,,0,080,"CALLE REAL","STORKE RD",12.00,W,N,A,-,Y,SB,5,101,-,-,24.284,R,4,N,N,3,0,1,2,A,-,05,21650,1,N,H,G,A,A,H,-,A,A,0,,Y,,,Y,,L,04,0,1,0,0,0,0,1,0,0,"- ","- ",,,"SANTA BARBARA",GOLETA,-119.86268364999999,34.435966440000001
8506363,2017,2018-06-19,4204,2017-11-20,1928,90790,27,1,5,5,4204,0,0,0,,0,001,BROADWAY,"FESLER ST",141.00,N,N,A,-,Y,SB,5,135,-,-,16.030,H,-,S,Y,4,0,2,3,A,-,03,22350,,F,C,C,A,A,H,-,C,A,0,,,,,Y,,A,01,0,0,2,0,0,0,0,0,0,"- ","- ",34.956479999999999,-120.43573000000001,"SANTA BARBARA","SANTA MARIA",-120.43588676,34.956795579999998
8506558,2017,2018-06-14,4204,2017-11-08,1717,23656,35,3,5,5,4204,0,0,0,,0,002,"MAIN ST","MILLER ST",0.00,,Y,A,-,Y,SB,5,166,-,-,8.130,I,5,E,N,4,0,1,2,D,-,00,,,N,G,B,B,A,H,-,C,A,0,Y,,,,Y,,-,"- ",0,0,1,0,1,0,0,0,0,"- ","- ",34.95308,-120.43145,"SANTA BARBARA","SANTA MARIA",-120.43135287,34.953097380000003
8507887,2017,2018-06-19,4204,2017-11-24,2032,90343,32,5,5,5,4204,0,0,0,,0,002,"BLOSSER RD","MAIN ST",0.00,,Y,A,-,Y,SB,5,166,-,-,6.870,I,5,E,Y,4,0,2,2,A,-,12,21453,A,N,D,C,A,A,H,-,C,A,0,,,,,Y,,A,01,0,0,2,0,0,0,0,0,0,"- ","- ",34.953209999999999,-120.45367,"SANTA BARBARA","SANTA MARIA",-120.45388143,34.953258329999997
8508319,2017,2018-01-26,4204,2017-11-07,0757,90685,58,2,5,5,4204,0,0,0,,0,002,"PARK AV","ELIZABETH ST",0.00,,Y,A,-,N,,,,,,,,,,Y,3,0,1,2,A,-,09,21801,B,N,B,C,A,A,H,-,A,A,0,,,,,Y,,A,01,0,1,0,0,0,0,0,0,0,"- ","- ",34.944389999999999,-120.42794000000001,"SANTA BARBARA","SANTA MARIA",-120.42813992000001,34.94454004
8508426,2017,2017-12-13,4203,2017-11-30,1720,23515,,4,5,5,4203,0,0,0,,0,003,"STATE ST","PEDREGOSA ST",0.00,,Y,A,-,N,,,,,,,,,,Y,4,0,1,2,A,-,09,21804,A,N,D,D,A,A,H,-,B,A,0,,,,,Y,,A,01,0,0,1,0,0,0,0,0,0,"- ","- ",34.254869999999997,-119.42478,"SANTA BARBARA","SANTA BARBARA",-119.71342992,34.429920090000003
8508807,2017,2017-12-13,4203,2017-12-01,1033,7668,,5,5,5,4203,0,0,0,,0,006,"RED ROSE WY","CAMINO CALMA",162.00,W,N,A,-,N,,,,,,,,,,N,4,0,1,2,A,-,03,22350,,N,C,C,A,A,H,-,A,D,0,,,,,Y,,-,,0,0,1,0,0,0,0,0,0,"- ","- ",34.403500000000001,-119.7247,"SANTA BARBARA","SANTA BARBARA",-119.72456407999999,34.403478739999997
8513009,2017,2018-01-12,4200,2017-09-29,2123,5065,14,5,5,4,4214,0,0,0,,0,050,"LA GOLETA RD","N FAIRVIEW AV",71.00,W,N,A,-,N,,,,,,,,,,Y,3,0,1,1,A,-,03,22350,,N,E,I,A,A,H,-,D,D,0,,,,,Y,,A,01,0,1,0,0,0,0,0,0,0,"- ","- ",,,"SANTA BARBARA",GOLETA,-119.83080502,34.453730370000002
8513990,2018,2018-04-27,4203,2018-01-29,1515,22857,,1,5,5,4203,0,0,0,,0,003,"E MICHELTORENA ST","LAGUNA ST",182.00,W,N,A,-,N,,,,,,,,,,Y,4,0,1,3,A,-,09,21804,A,N,D,C,A,A,H,-,A,D,0,,,,,Y,,-,,0,0,1,0,0,0,0,0,0,"- ","- ",34.25469970703125,-119.42140197753906,"SANTA BARBARA","SANTA BARBARA",-119.70411682128906,34.430061340332031