CASE_ID,ACCIDENT_YEAR,PROC_DATE,JURIS,COLLISION_DATE,COLLISION_TIME,OFFICER_ID,REPORTING_DISTRICT,DAY_OF_WEEK,CHP_SHIFT,POPULATION,CNTY_CITY_LOC,SPECIAL_COND,BEAT_TYPE,CHP_BEAT_TYPE,CITY_DIVISION_LAPD,CHP_BEAT_CLASS,BEAT_NUMBER,PRIMARY_RD,SECONDARY_RD,DISTANCE,DIRECTION,INTERSECTION,WEATHER_1,WEATHER_2,STATE_HWY_IND,CALTRANS_COUNTY,CALTRANS_DISTRICT,STATE_ROUTE,ROUTE_SUFFIX,POSTMILE_PREFIX,POSTMILE,LOCATION_TYPE,RAMP_INTERSECTION,SIDE_OF_HWY,TOW_AWAY,COLLISION_SEVERITY,NUMBER_KILLED,NUMBER_INJURED,PARTY_COUNT,PRIMARY_COLL_FACTOR,PCF_CODE_OF_VIOL,PCF_VIOL_CATEGORY,PCF_VIOLATION,PCF_VIOL_SUBSECTION,HIT_AND_RUN,TYPE_OF_COLLISION,MVIW,PED_ACTION,ROAD_SURFACE,ROAD_COND_1,ROAD_COND_2,LIGHTING,CONTROL_DEVICE,CHP_ROAD_TYPE,PEDESTRIAN_ACCIDENT,BICYCLE_ACCIDENT,MOTORCYCLE_ACCIDENT,TRUCK_ACCIDENT,NOT_PRIVATE_PROPERTY,ALCOHOL_INVOLVED,STWD_VEHTYPE_AT_FAULT,CHP_VEHTYPE_AT_FAULT,COUNT_SEVERE_INJ,COUNT_VISIBLE_INJ,COUNT_COMPLAINT_PAIN,COUNT_PED_KILLED,COUNT_PED_INJURED,COUNT_BICYCLIST_KILLED,COUNT_BICYCLIST_INJURED,COUNT_MC_KILLED,COUNT_MC_INJURED,PRIMARY_RAMP,SECONDARY_RAMP,LATITUDE,LONGITUDE,COUNTY,CITY,POINT_X,POINT_Y
8934652,2019,2019-10-28,4203,2019-08-12,1541,23135,,1,5,5,4203,0,0,0,,0,001,"VOLUNTARIO ST","INDIO MUERTO ST",260.00,N,N,A,-,N,,,,,,,,,,,2,0,1,2,A,-,09,21804,A,N,H,G,A,A,H,-,A,D,0,,Y,,,Y,,L,04,1,0,0,0,0,0,1,0,0,"- ","- ",34.418621063232422,-119.66813659667969,"SANTA BARBARA","SANTA BARBARA",-119.67346954345703,34.421390533447266
8934716,2019,2019-10-28,4204,2019-08-10,2223,90616,48,6,5,5,4204,0,0,0,,0,002,"CONCEPCION AV","COOK ST",25.00,S,N,A,-,N,,,,,,,,,,Y,2,0,1,1,A,-,03,22350,,N,E,J,A,A,H,-,D,D,0,,,,,Y,,A,01,1,0,0,0,0,0,0,0,0,"- ","- ",34.948539733886719,-120.42240905761719,"SANTA BARBARA","SANTA MARIA",-120.42267608642578,34.949851989746094
8934886,2019,2019-12-07,4203,2019-08-22,1421,8825,,4,5,5,4203,0,0,0,,0,,"ANACAPA ST","DE LA GUERRA ST",95.00,N,N,A,-,N,,,,,,,,,,N,3,0,3,2,A,-,03,22350,,N,C,C,A,A,H,-,A,A,0,,,,,Y,,A,01,0,2,1,0,0,0,0,0,0,"- ","- ",34.420921325683594,-119.69841766357422,"SANTA BARBARA","SANTA BARBARA",-119.69855499267578,34.421016693115234
8934890,2019,2019-12-07,4203,2019-08-20,1807,24079,,2,5,5,4203,0,0,0,,0,,"S ALISOS ST","CACIQUE ST",0.00,,Y,A,-,N,,,,,,,,,,N,3,0,1,2,A,-,12,22450,A,N,H,G,A,A,H,-,A,A,0,,Y,,,Y,,L,04,0,1,0,0,0,0,1,0,0,"- ","- ",34.420700073242188,-119.67533874511719,"SANTA BARBARA","SANTA BARBARA",-119.67520141601562,34.420780181884766
8944316,2019,2020-02-14,4203,2019-09-07,1649,24799,,6,5,5,4203,0,0,0,,0,003,"ANACAPA ST","E GUTIERREZ ST",0.00,,Y,A,-,N,,,,,,,,,,N,4,0,1,2,A,-,09,21804,B,N,H,G,A,A,H,-,A,A,0,,Y,,,Y,,A,01,0,0,1,0,0,0,1,0,0,"- ","- ",34.416969299316406,-119.69312286376953,"SANTA BARBARA","SANTA BARBARA",-119.69303131103516,34.416961669921875
8944922,2019,2019-10-02,4202,2019-08-28,1741,274,4202,3,5,4,4202,0,0,0,,0,,"CENTRAL AV","RT 1",384.00,W,N,A,-,N,,,,,,,,,,Y,3,0,1,2,A,-,09,21801,A,N,D,C,A,A,H,-,A,D,0,,,Y,,Y,,D,22,0,1,0,0,0,0,0,0,1,"- ","- ",,,"SANTA BARBARA",LOMPOC,-120.45896911621094,34.660789489746094
8949988,2019,2020-01-31,4204,2019-09-07,0841,90757,74,6,5,5,4204,0,0,0,,0,003,BROADWAY,"NEWLOVE DR",0.00,,Y,B,-,Y,SB,5,135,-,-,14.160,H,-,S,N,4,0,1,2,A,-,03,22350,,N,C,C,A,A,H,-,A,D,0,,,,,Y,,D,22,0,0,1,0,0,0,0,0,0,"- ","- ",34.928791046142578,-120.43634796142578,"SANTA BARBARA","SANTA MARIA",-120.43612670898438,34.929744720458984
8953648,2019,2019-10-15,4204,2019-09-16,1439,90753,56,1,5,5,4204,0,0,0,,0,002,"COLLEGE AV","PARK AV",45.00,N,N,A,-,N,,,,,,,,,,Y,4,0,3,3,A,-,03,22350,,N,C,C,A,A,H,-,A,D,0,,,,,Y,,A,01,0,0,3,0,0,0,0,0,0,"- ","- ",34.944561004638672,-120.42491912841797,"SANTA BARBARA","SANTA MARIA",-120.42483520507812,34.944633483886719
8955535,2019,2019-10-18,4203,2019-09-23,2219,24321,,1,5,5,4203,0,0,0,,0,011,"JAMES FOWLER RD","FAIRVIEW AV",21.00,S,N,A,-,N,,,,,,,,,,Y,3,0,1,1,A,-,08,22107,,N,E,I,A,A,H,-,C,D,0,,,,,Y,,A,01,0,1,0,0,0,0,0,0,0,"- ","- ",34.426910400390625,-119.83052825927734,"SANTA BARBARA","SANTA BARBARA",-119.83041381835938,34.426731109619141
8955539,2019,2019-10-18,4203,2019-09-30,2218,23767,,1,5,5,4203,0,0,0,,0,001,"MILPAS ST","REDDICK ST",6.00,N,N,A,-,N,,,,,,,,,,,2,0,1,2,A,-,10,21950,A,N,G,B,D,A,H,-,C,A,0,Y,,,,Y,,A,01,1,0,0,0,1,0,0,0,0,"- ","- ",34.425891876220703,-119.68473052978516,"SANTA BARBARA","SANTA BARBARA",-119.68470764160156,34.425861358642578
8955627,2019,2019-10-21,4203,2019-09-30,1825,7897,,1,5,5,4203,0,0,0,,0,005,"SAN ROQUE RD","STATE ST",12.00,N,N,A,-,N,,,,,,,,,,Y,3,0,1,2,A,-,01,23152,A,N,B,C,A,A,H,-,A,A,0,,,,,Y,Y,A,01,0,1,0,0,0,0,0,0,0,"- ","- ",34.438930511474609,-119.72908782958984,"SANTA BARBARA","SANTA BARBARA",-119.73423767089844,34.440391540527344
8956790,2019,2019-10-24,4204,2019-10-03,1037,90969,68,4,5,5,4204,0,0,0,,0,003,"BATTLES RD",BROADWAY,20.00,W,N,A,-,N,,,,,,,,,,N,4,0,1,2,A,-,03,22350,,N,C,C,A,A,H,-,A,A,0,,,,,Y,,A,01,0,0,1,0,0,0,0,0,0,"- ","- ",34.931499481201172,-120.43609619140625,"SANTA BARBARA","SANTA MARIA",-120.43609600000001,34.931499000000002
8958477,2019,2019-10-29,4200,2019-09-24,0749,3116,14,2,5,4,4214,0,0,0,,0,080,"CATHEDRAL OAKS RD","BRANDON DR",152.00,W,N,B,E,N,,,,,,,,,,Y,3,0,2,3,A,-,03,22350,,N,C,C,A,A,H,-,A,D,0,,,,,Y,,A,01,0,1,1,0,0,0,0,0,0,"- ","- ",,,"SANTA BARBARA",GOLETA,-119.89258575439453,34.441574096679688
8959142,2019,2019-11-21,4203,2019-09-29,1627,25317,11,7,5,5,4203,0,0,0,,0,002,"COAST VILLAGE RD","COAST VILLAGE RD 999",29.00,E,N,A,-,N,,,,,,,,,,,3,0,1,2,A,-,09,21803,A,N,D,C,A,A,H,-,A,D,0,,,,,Y,,A,01,0,1,0,0,0,0,0,0,0,"- ","- ",34.422599792480469,-119.65280151367188,"SANTA BARBARA","SANTA BARBARA",,
8964148,2019,2020-09-24,4204,2019-09-25,1450,90269,81,3,5,5,4204,0,0,0,,0,003,BROADWAY,"MCCOY LN",0.00,,Y,A,-,Y,SB,5,135,-,-,13.260,I,5,N,Y,4,0,1,2,A,-,09,21453,C,F,D,C,A,A,H,-,A,A,0,,,,,Y,Y,A,07,0,0,1,0,0,0,0,0,0,"- ","- ",34.916679382324219,-120.43618011474609,"SANTA BARBARA","SANTA MARIA",-120.4359130859375,34.916671752929688
8964317,2019,2019-11-15,4204,2019-08-18,1439,90456,011,7,5,5,4204,0,0,0,,0,001,"JEWEL ST","VIA RUBIO DR",100.00,E,N,A,-,N,,,,,,,,,,N,4,0,1,2,A,-,06,21750,,N,B,C,A,A,H,-,A,D,0,,,,,Y,,D,22,0,0,1,0,0,0,0,0,0,"- ","- ",34.969669342041016,-120.43377685546875,"SANTA BARBARA","SANTA MARIA",-120.43313598632812,34.969673156738281
8964437,2019,2020-02-03,4204,2019-10-02,0719,90269,57,3,5,5,4204,0,0,0,,0,003,BROADWAY,"STOWELL RD",60.00,S,N,A,-,Y,SB,5,135,-,-,14.780,H,-,N,Y,4,0,1,3,A,-,01,23152,,N,C,C,A,A,H,-,A,A,0,,,,,Y,,A,08,0,0,1,0,0,0,0,0,0,"- ","- ",34.937419891357422,-120.43689727783203,"SANTA BARBARA","SANTA MARIA",-120.43595123291016,34.938499450683594
8964768,2019,2020-02-03,4204,2019-10-05,1809,90971,4204,6,5,5,4204,0,0,0,,0,003,BROADWAY,"ENOS DR",0.00,,Y,A,-,Y,SB,5,135,-,-,14.470,I,5,N,N,4,0,2,2,A,-,09,21453,B,N,B,C,A,A,H,-,A,A,0,,,Y,,Y,Y,A,01,0,0,2,0,0,0,0,0,2,"- ","- ",34.934108734130859,-120.43611145019531,"SANTA BARBARA","SANTA MARIA",-120.43592071533203,34.934112548828125
8972379,2019,2019-11-12,4203,2019-10-17,0800,25106,6,4,5,5,4203,0,0,0,,0,006,"LAS POSITAS RD","MODOC RD",95.00,N,N,A,-,N,,,,,,,,,,,4,0,1,2,A,-,03,22350,,N,C,C,A,A,H,-,A,D,0,,,,,Y,,A,01,0,0,1,0,0,0,0,0,0,"- ","- ",34.424648284912109,-119.73024749755859,"SANTA BARBARA","SANTA BARBARA",-119.7344970703125,34.426181793212891
8972471,2019,2020-09-14,4202,2019-09-24,0827,80655,4202,2,5,4,4202,0,0,0,,0,,"RT 1","CENTRAL AV",418.00,N,N,A,-,Y,SB,5,1,-,-,22.150,H,-,S,Y,4,0,1,2,A,-,03,22350,A,N,C,C,A,A,H,-,A,A,0,,,,,Y,,D,22,0,0,1,0,0,0,0,0,0,"- ","- ",,,"SANTA BARBARA",LOMPOC,-120.45778656005859,34.661991119384766
8974456,2019,2020-10-07,4204,2019-10-07,1440,90972,P027,1,5,5,4204,0,0,0,,0,003,BROADWAY,"FESLER ST",173.00,N,N,A,-,Y,SB,5,135,-,-,16.030,H,-,S,,4,0,1,2,A,-,03,22350,,N,C,C,A,A,H,-,A,D,0,,,,,Y,,A,01,0,0,1,0,0,0,0,0,0,"- ","- ",34.956470489501953,-120.43572998046875,"SANTA BARBARA","SANTA MARIA",-120.43589019775391,34.956794738769531
8975020,2019,2019-11-18,4204,2019-10-23,1541,23000,83,3,5,5,4204,0,0,0,,0,003,"CROSSROAD LN","BRADLEY RD",0.00,,Y,A,-,N,,,,,,,,,,,4,0,2,2,A,-,03,22350,,N,C,C,A,A,H,-,A,A,0,,,,,Y,,A,01,0,0,2,0,0,0,0,0,0,"- ","- ",34.916538238525391,-120.42105865478516,"SANTA BARBARA","SANTA MARIA",-120.42121887207031,34.916568756103516
8975024,2019,2019-11-18,4204,2019-10-22,0754,90415,17,2,5,5,4204,0,0,0,,0,001,"COLLEGE DR","VICKIE AV",0.00,,Y,A,-,N,,,,,,,,,,,3,0,1,2,A,-,10,21950,A,N,G,B,B,A,H,-,A,A,0,Y,,,,Y,,A,01,0,1,0,0,1,0,0,0,0,"- ","- ",34.966968536376953,-120.42548370361328,"SANTA BARBARA","SANTA MARIA",-120.42568206787109,34.967090606689453
8975263,2019,2020-02-28,4202,2019-10-03,0733,234,4202,4,5,4,4202,0,0,0,,0,,"OCEAN AV","O ST",0.00,,Y,A,-,Y,SB,5,246,-,-,9.050,I,5,W,N,3,0,1,2,A,-,12,21453,,N,D,G,A,A,H,-,A,A,0,,Y,,,Y,,A,01,0,1,0,0,0,0,1,0,0,"- ","- ",,,"SANTA BARBARA",LOMPOC,-120.46689605712891,34.639091491699219
8975882,2019,2019-11-19,4204,2019-10-18,1819,90343,34,5,5,5,4204,0,0,0,,0,002,"MILL ST","VINE ST",0.00,,Y,A,-,N,,,,,,,,,,Y,4,0,1,2,A,-,09,21801,A,N,D,C,A,A,H,-,A,D,0,,,,,Y,,A,01,0,0,1,0,0,0,0,0,0,"- ","- ",34.954231262207031,-120.43228149414062,"SANTA BARBARA","SANTA MARIA",-120.43267059326172,34.955360412597656
8976147,2019,2020-03-05,4204,2019-10-21,1825,23000,61,1,5,5,4204,0,0,0,,0,002,"DEPOT ST","STOWELL RD",0.00,,Y,A,-,N,,,,,,,,,,,4,0,1,2,A,-,01,23152,A,N,C,C,A,A,H,-,C,A,0,,,,,Y,Y,A,01,0,0,1,0,0,0,0,0,0,"- ","- ",34.937740325927734,-120.44474029541016,"SANTA BARBARA","SANTA MARIA",-120.4447021484375,34.93865966796875
8977402,2019,2019-11-18,4203,2019-08-19,1600,24073,35,1,5,5,4203,0,0,0,,0,004,"MISSION ST","CHAPALA ST",0.00,,Y,A,-,N,,,,,,,,,,N,4,0,1,2,A,-,04,21703,,N,C,C,A,A,H,-,A,A,0,,,,,Y,,A,01,0,0,1,0,0,0,0,0,0,"- ","- ",34.429840087890625,-119.71578979492188,"SANTA BARBARA","SANTA BARBARA",-119.71579742431641,34.429790496826172
8979513,2019,2019-12-04,4200,2019-10-14,1441,4608,14,1,5,4,4214,0,0,0,,0,050,"CALLE REAL","ENCINA RD",340.00,E,N,A,-,N,,,,,,,,,,Y,4,0,2,2,A,-,09,21804,A,N,D,C,A,A,H,-,A,D,0,,,,,Y,,A,07,0,0,2,0,0,0,0,0,0,"- ","- ",,,"SANTA BARBARA",GOLETA,-119.82660675048828,34.441402435302734
8979643,2019,2020-01-22,4200,2019-11-01,1447,3116,14,5,5,4,4214,0,0,0,,0,080,"CALLE REAL","SAN MATEO AV",0.00,,Y,A,-,N,,,,,,,,,,N,4,0,1,2,A,-,03,22350,,N,C,C,A,A,H,-,A,D,0,,,,,Y,,A,07,0,0,1,0,0,0,0,0,0,"- ","- ",,,"SANTA BARBARA",GOLETA,-119.87513732910156,34.433540344238281
8979945,2019,2019-12-31,4203,2019-11-13,1827,25327,44,3,5,5,4203,0,0,0,,0,003,"GARDEN ST","E COTA ST",0.00,,Y,A,-,N,,,,,,,,,,,3,0,1,2,A,-,01,23152,A,M,C,E,A,A,H,-,C,D,0,,,,,Y,Y,A,01,0,1,0,0,0,0,0,0,0,"- ","- ",34.421051025390625,-119.69345855712891,"SANTA BARBARA","SANTA BARBARA",-119.69336700439453,34.420928955078125
8984970,2019,2020-02-28,4204,2019-10-01,1958,90970,11,2,5,5,4204,0,0,0,,0,001,"DONOVAN RD","CARLOTTI DR",0.00,,Y,A,-,Y,SB,5,101,-,-,89.590,R,4,N,,4,0,2,2,A,-,08,22107,,N,A,C,A,A,H,-,C,A,0,,,,,Y,,A,01,0,0,2,0,0,0,0,0,0,"- ","- ",34.967990875244141,-120.42072296142578,"SANTA BARBARA","SANTA MARIA",-120.42206573486328,34.966354370117188
8985012,2019,2020-01-29,4203,2019-11-21,1750,25327,35,4,5,5,4203,0,0,0,,0,003,"STATE ST","PEDREGOSA ST",0.00,,Y,A,-,N,,,,,,,,,,N,2,0,1,2,A,-,10,21950,A,N,G,B,B,A,H,-,C,D,0,Y,,,,Y,,-,,1,0,0,0,1,0,0,0,0,"- ","- ",34.430000305175781,-119.7135009765625,"SANTA BARBARA","SANTA BARBARA",-119.71343231201172,34.429920196533203
8987075,2019,2020-08-26,4203,2019-11-17,1016,23768,11,7,5,5,4203,0,0,0,,0,002,"CABRILLO BL","LOS PATOS WY",0.00,,Y,A,-,N,,,,,,,,,,N,3,0,1,2,A,-,08,22107,,N,H,G,A,A,H,-,A,A,0,,Y,,,Y,,L,04,0,1,0,0,0,0,1,0,0,"- ","- ",34.421531677246094,-119.65641784667969,"SANTA BARBARA","SANTA BARBARA",-119.6563720703125,34.421398162841797
8987701,2019,2020-01-23,4200,2019-11-07,1520,4608,14,4,5,4,4214,0,0,0,,0,060,"FAIRVIEW AV","HOLLISTER AV",55.00,S,N,A,-,N,,,,,,,,,,Y,4,0,1,3,A,-,03,22350,,N,C,C,A,A,H,-,A,D,0,,,,,Y,,A,07,0,0,1,0,0,0,0,0,0,"- ","- ",,,"SANTA BARBARA",GOLETA,-119.83065032958984,34.435958862304688
8990965,2019,2020-07-13,4203,2019-11-23,1755,25327,43,6,5,5,4203,0,0,0,,0,003,"GARDEN ST","RT 101",0.00,,Y,A,-,Y,SB,5,101,-,-,13.611,R,4,N,,3,0,3,2,D,-,00,,,N,A,C,A,A,A,-,C,A,0,,,,,Y,Y,-,"- ",0,2,1,0,0,0,0,0,0,"- ",NO,34.418498992919922,-119.69004058837891,"SANTA BARBARA","SANTA BARBARA",-119.69119262695312,34.417072296142578
8992427,2019,2020-01-13,4203,2019-11-20,2209,6970,45,3,5,5,4203,0,0,0,,0,003,"SANTA BARBARA ST","FIGUEROA ST",0.00,,Y,A,-,N,,,,,,,,,,N,4,0,1,2,A,-,08,22107,,N,B,C,A,A,H,-,C,A,0,,,,,Y,,A,01,0,0,1,0,0,0,0,0,0,"- ","- ",34.422660827636719,-119.69612121582031,"SANTA BARBARA","SANTA BARBARA",-119.70094299316406,34.424591064453125
8996841,2019,2020-02-28,4204,2019-11-12,1101,90415,20,2,5,5,4204,0,0,0,,0,003,"BETTERAVIA RD",BROADWAY,0.00,,Y,A,-,Y,SB,5,135,-,-,13.540,I,6,N,Y,4,0,1,2,A,-,07,21658,A,N,D,C,A,-,A,H,A,A,0,,,,,Y,,A,07,0,0,1,0,0,0,0,0,0,"- ","- ",34.920860290527344,-120.43614959716797,"SANTA BARBARA","SANTA MARIA",-120.43595123291016,34.920810699462891
8997372,2019,2020-02-08,4204,2019-09-25,1810,90228,62,3,5,5,4204,0,0,0,,0,003,"MORRISON AV","THORNBURG ST",0.00,,Y,A,-,N,,,,,,,,,,Y,4,0,1,2,A,-,03,22350,,N,C,C,A,A,H,-,A,B,0,,,,,Y,,A,01,0,0,1,0,0,0,0,0,0,"- ","- ",34.942131042480469,-120.44017791748047,"SANTA BARBARA","SANTA MARIA",-120.44024658203125,34.943141937255859
8997438,2019,2020-01-29,4204,2019-09-27,1543,90269,71,5,5,5,4204,0,0,0,,0,003,"A ST","SONYA LN",60.00,S,N,A,-,N,,,,,,,,,,Y,4,0,1,2,A,-,03,22350,,N,C,C,A,A,H,-,A,D,0,,,,,Y,,A,01,0,0,1,0,0,0,0,0,0,"- ","- ",34.928169250488281,-120.46366882324219,"SANTA BARBARA","SANTA MARIA",-120.46387481689453,34.927864074707031
8998323,2019,2020-01-28,4204,2019-11-15,1153,21338,020,5,5,5,4204,0,0,0,,0,003,"MILLER ST","BATTLES RD",0.00,,Y,A,-,N,,,,,,,,,,N,3,0,2,4,A,-,12,21453,A,N,D,C,A,A,H,-,A,A,0,,,,,Y,,A,01,0,1,1,0,0,0,0,0,0,"- ","- ",34.930271148681641,-120.43203735351562,"SANTA BARBARA","SANTA MARIA",-120.43177795410156,34.931438446044922
9000413,2019,2020-02-08,4203,2019-11-30,1205,25106,4,6,5,5,4203,0,0,0,,0,004,"CHAPALA ST","ORTEGA ST",20.00,N,N,C,-,N,,,,,,,,,,,4,0,1,2,A,-,03,22350,,N,C,C,A,B,H,-,A,A,0,,,,,Y,,D,22,0,0,1,0,0,0,0,0,0,"- ","- ",34.417690277099609,-117.69938659667969,"SANTA BARBARA","SANTA BARBARA",-119.69922637939453,34.417667388916016
9000570,2019,2020-07-13,4203,2019-12-04,0810,7187,12,3,5,5,4203,0,0,0,,0,002,"GARDEN ST","YANONALI ST",427.00,N,N,C,-,Y,SB,5,101,-,-,13.620,R,4,S,Y,4,0,1,2,A,-,03,22350,,N,C,C,A,B,H,-,A,D,0,,,,,Y,,-,,0,0,1,0,0,0,0,0,0,"- ","- ",34.415191650390625,-119.68389129638672,"SANTA BARBARA","SANTA BARBARA",-119.69113159179688,34.416862487792969
90012825,2015,2015-10-19,9750,2015-08-22,2020,019656,,6,2,9,4200,0,2,4,,1,024,"SANTA MARIA WAY","US-101 S/B TO SANTA MARIA WAY",101.00,E,N,A,-,N,,,,,,,,,,Y,3,0,2,2,A,-,09,21801,A,N,A,C,A,A,H,-,C,D,0,,,,,Y,,A,07,0,1,1,0,0,0,0,0,0,"- ","- ",34.89123,-120.41802,"SANTA BARBARA",UNINCORPORATED,,
90014743,2015,2015-10-19,9750,2015-08-28,1140,013766,,5,1,9,4200,0,1,2,,2,003,"US-101 S/B (EL CAMINO REAL)","ALISOS CANYON ROAD",5808.00,N,N,A,-,Y,,,101,,,,,,S,Y,4,0,1,1,A,-,08,22107,,N,E,I,A,A,H,-,A,D,0,,,,,Y,,A,01,0,0,1,0,0,0,0,0,0,"- ","- ",34.736400000000003,-120.25458999999999,"SANTA BARBARA",UNINCORPORATED,-120.25458286,34.736453949999998
90014754,2015,2015-10-19,9750,2015-08-30,1550,017379,,7,2,9,4200,0,3,5,,2,020,"HARRIS GRADE ROAD",SR-135,10032.00,S,N,A,-,N,,,,,,,,,,Y,4,0,1,2,A,-,05,21460,A,N,A,C,A,A,H,-,A,D,0,,,,,Y,,A,01,0,0,1,0,0,0,0,0,0,"- ","- ",34.744599999999998,-120.43825,"SANTA BARBARA",UNINCORPORATED,-120.43721745000001,34.745267949999999
90015006,2015,2015-10-19,9760,2015-08-16,2055,020226,,7,2,9,4200,0,1,2,,2,010,"US-101 N/B","SAN YSIDRO ROAD",650.00,S,N,A,-,Y,,,101,,,,,,N,Y,3,0,1,2,A,-,07,21658,A,M,B,C,A,A,H,-,C,D,0,,,,,Y,,A,07,0,1,0,0,0,0,0,0,0,"- ","- ",34.421729999999997,-119.62898,"SANTA BARBARA",UNINCORPORATED,-119.62898736,34.421706610000001
90015420,2015,2015-10-19,9760,2015-08-25,0705,015669,,2,1,9,4200,0,3,5,,2,002,"TURNPIKE ROAD","US 101 S/B TO TURNPIKE ROAD",0.00,,Y,A,-,Y,,,,,,,,,,Y,3,0,1,2,A,-,12,21453,A,N,D,C,A,A,H,-,A,A,0,,,,,Y,,A,01,0,1,0,0,0,0,0,0,0,"- ","- ",34.441929999999999,-119.78936,"SANTA BARBARA",UNINCORPORATED,,
90015801,2015,2015-10-19,9760,2015-09-02,0810,018019,,3,1,3,4205,0,1,2,,2,010,"US-101 N/B (EL CAMINO REAL)","BAILARD AVE",313.00,S,N,B,-,Y,,,,,,,,,,Y,4,0,1,1,A,-,08,22107,,N,E,I,A,A,H,-,A,D,0,,,,,Y,,A,01,0,0,1,0,0,0,0,0,0,"- ","- ",34.286920000000002,-119.49259000000001,"SANTA BARBARA",CARPINTERIA,-119.49695402,34.388128510000001
90015934,2015,2015-10-19,9760,2015-08-29,2341,020226,,6,3,5,4203,0,1,2,,2,011,"US-101 NORTHBOUND","MILPAS STREET",0.00,,N,A,-,Y,,,101,,,,,,N,Y,3,0,2,1,A,-,01,23152,A,N,E,I,A,A,H,-,C,D,0,,,,,Y,Y,A,01,0,1,1,0,0,0,0,0,0,"- ","- ",34.42118,-119.66709,"SANTA BARBARA","SANTA BARBARA",-119.66706069999999,34.421090999999997
90016089,2015,2015-10-19,9760,2015-08-29,1355,020211,,6,1,9,4200,0,1,2,,2,010,"US-101 NORTHBOUND","SOUTH PADARO LN.",150.00,N,N,A,-,Y,,,101,,,,,,N,Y,3,0,2,2,A,-,03,22350,,N,C,C,A,A,H,-,A,D,0,,,Y,,Y,,C,02,0,1,1,0,0,0,0,0,1,"- ","- ",34.411540000000002,-119.55392999999999,"SANTA BARBARA",UNINCORPORATED,-119.55391102,34.411566489999998
90018473,2015,2015-10-19,9750,2015-09-13,1355,014753,,7,1,9,4200,0,1,3,,1,062,"STATE ROUTE 166 WESTBOUND","PINE CANYON ROAD",4752.00,E,N,A,-,Y,,,166,,,,,,W,Y,3,0,1,1,C,-,18,,,N,F,A,A,A,H,-,A,D,0,,,Y,,Y,,-,"- ",0,1,0,0,0,0,0,0,1,"- ","- ",35.035710000000002,-120.18479000000001,"SANTA BARBARA",UNINCORPORATED,-120.18480828,35.035767540000002
90020913,2015,2015-12-11,9755,2015-09-10,0610,015281,,4,1,9,4200,0,1,2,,2,004,"US-101 N/B","JONATA PARK ROAD",0.00,,N,A,-,Y,,,101,,,,,,N,Y,1,1,0,2,A,-,03,22350,,N,C,C,A,A,H,-,D,D,0,,,Y,Y,Y,,C,02,0,0,0,0,0,0,0,1,0,"- ","- ",34.653199999999998,-120.18255000000001,"SANTA BARBARA",UNINCORPORATED,-120.18257301,34.653206310000002
90020940,2015,2015-10-19,9755,2015-09-18,1815,019464,,5,2,9,4200,0,3,5,,2,040,"FOXEN CANYON ROAD","ZACA STATION ROAD",7392.00,N,N,A,-,N,,,,,,,,,,Y,3,0,1,2,A,-,09,21804,A,N,D,C,A,A,H,-,A,D,0,,,Y,,Y,,C,02,0,1,0,0,0,0,0,0,1,"- ","- ",34.742809999999999,-120.11991,"SANTA BARBARA",UNINCORPORATED,-120.12662028,34.71104167
90022678,2015,2015-10-19,9750,2015-09-17,1228,016354,,4,1,9,4200,0,1,3,,1,012,SR-1,"BROWN RD",0.00,,Y,A,-,Y,,,1,,,,,,,Y,4,0,1,2,A,-,09,21802,A,N,D,C,A,A,H,-,A,A,0,,,,,Y,,D,22,0,0,1,0,0,0,0,0,0,"- ","- ",34.93262,-120.56811999999999,"SANTA BARBARA",UNINCORPORATED,-120.56834924,34.932483550000001
90023129,2015,2015-10-19,9755,2015-09-25,1430,012436,,5,2,9,4200,0,1,2,,2,004,"US-101 N/B","SANTA ROSA ROAD",8976.00,S,N,A,-,Y,,,,,,,,,,Y,4,0,1,1,A,-,08,22107,,N,E,I,A,A,H,-,A,D,0,,,,,Y,,A,01,0,0,1,0,0,0,0,0,0,"- ","- ",34.610489999999999,-120.05687,"SANTA BARBARA",UNINCORPORATED,-120.19360002000001,34.579770289999999
9002412,2019,2020-02-07,4203,2019-12-09,1000,6093,21,1,5,5,4203,0,0,0,,0,008,"SAN ANDRES ST","ANAPAMU ST",0.00,,Y,A,-,N,,,,,,,,,,,4,0,1,2,A,-,09,21804,A,N,D,C,A,A,H,-,A,A,0,,,,,Y,,A,01,0,0,1,0,0,0,0,0,0,"- ","- ",34.414218902587891,-119.70774078369141,"SANTA BARBARA","SANTA BARBARA",-119.71234130859375,34.415969848632812
90024976,2015,2015-10-19,9750,2015-09-25,2324,019656,,5,3,9,4200,0,1,3,,1,021,"SR-135 S/B (ORCUTT EXPRESSWAY)","WALLER LANE",300.00,S,N,A,-,Y,,,135,,,,,,S,N,4,0,1,2,A,-,07,21658,A,N,B,C,A,A,H,-,C,D,0,,,,,Y,,-,"- ",0,0,1,0,0,0,0,0,0,"- ","- ",34.904820000000001,-120.43601,"SANTA BARBARA",UNINCORPORATED,-120.43600445,34.90482016