CASE_ID,ACCIDENT_YEAR,PROC_DATE,JURIS,COLLISION_DATE,COLLISION_TIME,OFFICER_ID,REPORTING_DISTRICT,DAY_OF_WEEK,CHP_SHIFT,POPULATION,CNTY_CITY_LOC,SPECIAL_COND,BEAT_TYPE,CHP_BEAT_TYPE,CITY_DIVISION_LAPD,CHP_BEAT_CLASS,BEAT_NUMBER,PRIMARY_RD,SECONDARY_RD,DISTANCE,DIRECTION,INTERSECTION,WEATHER_1,WEATHER_2,STATE_HWY_IND,CALTRANS_COUNTY,CALTRANS_DISTRICT,STATE_ROUTE,ROUTE_SUFFIX,POSTMILE_PREFIX,POSTMILE,LOCATION_TYPE,RAMP_INTERSECTION,SIDE_OF_HWY,TOW_AWAY,COLLISION_SEVERITY,NUMBER_KILLED,NUMBER_INJURED,PARTY_COUNT,PRIMARY_COLL_FACTOR,PCF_CODE_OF_VIOL,PCF_VIOL_CATEGORY,PCF_VIOLATION,PCF_VIOL_SUBSECTION,HIT_AND_RUN,TYPE_OF_COLLISION,MVIW,PED_ACTION,ROAD_SURFACE,ROAD_COND_1,ROAD_COND_2,LIGHTING,CONTROL_DEVICE,CHP_ROAD_TYPE,PEDESTRIAN_ACCIDENT,BICYCLE_ACCIDENT,MOTORCYCLE_ACCIDENT,TRUCK_ACCIDENT,NOT_PRIVATE_PROPERTY,ALCOHOL_INVOLVED,STWD_VEHTYPE_AT_FAULT,CHP_VEHTYPE_AT_FAULT,COUNT_SEVERE_INJ,COUNT_VISIBLE_INJ,COUNT_COMPLAINT_PAIN,COUNT_PED_KILLED,COUNT_PED_INJURED,COUNT_BICYCLIST_KILLED,COUNT_BICYCLIST_INJURED,COUNT_MC_KILLED,COUNT_MC_INJURED,PRIMARY_RAMP,SECONDARY_RAMP,LATITUDE,LONGITUDE,COUNTY,CITY,POINT_X,POINT_Y
9014822,2019,2020-02-08,4204,2019-12-09,0736,90276,13,1,5,5,4204,0,0,0,,0,002,"PANTHER DR","WILLINGHAM DR",0.00,,Y,A,-,N,,,,,,,,,,,4,0,1,2,A,-,10,21950,A,N,G,B,B,A,H,-,A,A,0,Y,,,,Y,,A,01,0,0,1,0,1,0,0,0,0,"- ","- ",34.95452880859375,-120.39987945556641,"SANTA BARBARA","SANTA MARIA",-120.40031,34.95635
90149118,2016,2016-04-01,9750,2016-04-01,0320,020323,,5,3,5,4204,0,1,2,,2,001,"US-101 S/B (EL CAMINO REAL)","BETTERAVIA RD",867.00,S,N,A,-,Y,,,101,,,,,,S,Y,4,0,1,1,A,-,08,22107,,N,F,A,A,A,H,-,D,D,0,,,,,Y,,D,22,0,0,1,0,0,0,0,0,0,"- ","- ",34.918039999999998,-120.4182,"SANTA BARBARA","SANTA MARIA",-120.41806253999999,34.918038520000003
90149164,2016,2016-04-01,9750,2016-03-31,2125,020323,,4,2,9,4200,0,1,3,,1,023,SR-135,"BELL ST",2112.00,N,N,A,-,Y,,,135,,,,,,,Y,3,0,1,1,A,-,08,22107,,N,E,I,A,A,H,-,C,D,0,,,,,Y,Y,A,01,0,1,0,0,0,0,0,0,0,"- ","- ",34.746360000000003,-120.29455,"SANTA BARBARA",UNINCORPORATED,-120.29453997,34.746426040000003
9015180,2019,2020-02-14,4204,2019-12-06,1025,90269,23,5,5,5,4204,0,0,0,,0,003,"COLLEGE DR","SOUTHSIDE PKWY",400.00,S,N,A,-,N,,,,,,,,,,Y,4,0,1,2,A,-,03,22350,,N,C,C,A,A,H,-,A,D,0,,,,,Y,,I,11,0,0,1,0,0,0,0,0,0,"- ","- ",34.920730590820312,-120.42549896240234,"SANTA BARBARA","SANTA MARIA",-120.425316,34.920346000000002
9015184,2019,2020-02-27,4204,2019-12-14,0118,90343,11,6,5,5,4204,0,0,0,,0,002,"MILL ST","PINE ST",0.00,,Y,B,-,N,,,,,,,,,,Y,3,0,1,4,A,-,01,23152,,N,D,E,A,A,H,-,C,A,0,,,,,Y,Y,A,07,0,1,0,0,0,0,0,0,0,"- ","- ",34.955459594726562,-120.43881988525391,"SANTA BARBARA","SANTA MARIA",-120.43881988525391,34.955360412597656
9015190,2019,2020-02-28,4204,2019-12-01,1439,90268,2,7,5,5,4204,0,0,0,,0,001,BROADWAY,"GRANT ST",0.00,,Y,A,-,Y,SB,5,135,-,-,17.130,I,5,S,N,4,0,3,3,A,-,12,21453,A,N,D,C,A,A,H,-,A,A,0,,,,,Y,,A,01,0,0,3,0,0,0,0,0,0,"- ","- ",34.972789764404297,-120.43578338623047,"SANTA BARBARA","SANTA MARIA",-120.43567657470703,34.972774505615234
9015577,2019,2020-03-09,4203,2019-12-21,1940,23781,24,6,5,5,4203,0,0,0,,0,006,"LAS POSITAS","CALLE REAL",15.00,W,N,A,-,N,,,,,,,,,,N,4,0,2,2,A,-,12,21453,A,N,D,C,A,A,H,-,C,A,0,,,,,Y,,A,01,0,0,2,0,0,0,0,0,0,"- ","- ",34.429100036621094,-119.73380279541016,"SANTA BARBARA","SANTA BARBARA",-119.73374176025391,34.4285888671875
9015585,2019,2020-03-09,4203,2019-12-26,0830,240585,4,4,5,5,4203,0,0,0,,0,004,"DE LA VINA ST","W MISSION ST",0.00,,Y,A,-,N,,,,,,,,,,,3,0,2,2,A,-,12,21453,A,N,D,C,A,B,H,-,A,A,0,,,,,Y,,A,01,0,1,1,0,0,0,0,0,0,"- ","- ",34.428699493408203,-119.71700286865234,"SANTA BARBARA","SANTA BARBARA",-119.71695709228516,34.428730010986328
90156906,2016,2016-04-13,9760,2016-04-01,0955,018019,,5,1,9,4200,0,1,2,,2,010,"US-101 N/B (EL CAMINO REAL)","SANTA CLAUS LN.",945.00,S,N,A,-,Y,,,101,,,,,,N,N,3,0,1,2,A,-,03,22350,,N,C,C,A,A,H,-,A,D,0,,,Y,,Y,,C,02,0,1,0,0,0,0,0,0,1,"- ","- ",34.4069,-119.54728,"SANTA BARBARA",UNINCORPORATED,-119.54728396,34.406891960000003
90157356,2016,2016-04-14,9760,2016-04-03,1623,018754,,7,2,9,4200,0,3,5,,2,005,"CAMINO MAJORCA","SABADO TARDE",45.00,S,N,A,-,N,,,,,,,,,,N,3,0,1,1,A,-,21,22106,,N,E,I,A,A,H,-,A,D,0,,,Y,,Y,,C,02,0,1,0,0,0,0,0,0,1,"- ","- ",34.528210000000001,-119.86736999999999,"SANTA BARBARA",UNINCORPORATED,-119.86954,34.410496430000002
90158870,2016,2016-04-15,9755,2016-04-08,1110,016058,,5,1,9,4200,0,3,5,,2,050,"BURTON MESA BLVD","MESA CIRCLE DR",70.00,W,N,B,C,N,,,,,,,,,,Y,4,0,2,3,A,-,21,22106,,N,C,C,A,B,H,-,A,D,0,,,,,Y,,A,07,0,0,2,0,0,0,0,0,0,"- ","- ",34.70196,-120.4701,"SANTA BARBARA",UNINCORPORATED,-120.47028,34.702469999999998
90161124,2016,2016-04-19,9760,2016-04-09,2040,020483,,6,2,9,4200,0,1,2,,1,040,"US-101 N/B","MARIPOSA REINA",10032.00,S,N,C,-,Y,,,101,,,,,,N,Y,4,0,1,1,A,-,03,22350,,N,E,J,A,B,H,-,D,D,0,,,,,Y,,D,22,0,0,1,0,0,0,0,0,0,"- ","- ",34.471879999999999,-120.17343,"SANTA BARBARA",UNINCORPORATED,-120.17342406,34.471776060000003
90161823,2016,2016-04-20,9750,2016-04-18,2318,017379,,1,3,9,4200,0,1,2,,2,001,"US-101 S/B (EL CAMINO REAL)","UNION VALLEY PARKWAY",75.00,S,N,A,-,Y,,,101,,,,,,S,Y,3,0,1,1,A,-,08,22107,,N,E,I,A,A,H,-,D,D,0,,,,,Y,,A,01,0,1,0,0,0,0,0,0,0,"- ","- ",34.879779999999997,-120.40871,"SANTA BARBARA",UNINCORPORATED,-120.40881778000001,34.879687019999999
90162897,2016,2016-04-21,9760,2016-04-12,1125,015669,,2,1,5,4203,0,1,2,,2,011,"U.S. 101 NORTHBOUOND","GARDEN ST",2640.00,S,N,A,-,Y,,,,,,,,,,Y,4,0,1,2,A,-,07,21658,A,N,E,I,A,A,H,-,A,D,0,,,,,Y,,A,01,0,0,1,0,0,0,0,0,0,"- ","- ",34.420079999999999,-119.68196,"SANTA BARBARA","SANTA BARBARA",,
9016295,2020,2020-03-03,4204,2020-01-17,1744,91005,23,5,5,5,4204,0,0,0,,0,003,"BRADLEY RD","IRIS LN",60.00,E,N,A,-,N,,,,,,,,,,Y,3,0,2,2,A,-,17,24250,,F,A,C,A,A,H,-,C,D,0,,,,,Y,,D,22,0,2,0,0,0,0,0,0,0,"- ","- ",34.917640686035156,-120.42230224609375,"SANTA BARBARA","SANTA MARIA",-120.42160797119141,34.918819427490234
90162973,2016,2016-04-21,9760,2016-04-12,1630,018431,,2,2,9,4200,0,1,3,,1,014,"SR-192 (E. VALLEY RD.)","SAN YSIDRO RD.",0.00,,Y,A,-,Y,,,192,,,,,,,N,3,0,1,2,A,-,09,21801,A,N,D,G,A,A,H,-,A,D,0,,Y,,,Y,,A,01,0,1,0,0,0,0,1,0,0,"- ","- ",34.436979999999998,-119.63200999999999,"SANTA BARBARA",UNINCORPORATED,-119.63201282999999,34.436968239999999
90164569,2016,2016-04-27,9755,2016-04-18,1440,013618,,1,2,9,4200,0,1,3,,1,053,"STATE ROUTE 246","TULAROSA ROAD",1584.00,E,N,A,-,Y,,,246,,,,,,,Y,2,0,1,2,A,-,06,21750,,N,D,C,A,A,H,-,A,D,0,,,Y,Y,Y,,C,02,1,0,0,0,0,0,0,0,1,"- ","- ",34.664569999999998,-120.3683,"SANTA BARBARA",UNINCORPORATED,-120.36830003,34.664606849999998
90165383,2016,2016-04-26,9760,2016-04-19,1230,015658,,2,1,9,4200,0,1,2,,1,040,"US 101 N/B (EL CAMINO REAL)","REFUGIO RD",5280.00,S,N,A,-,Y,,,,,,,,,,Y,3,0,1,1,A,-,08,22107,,N,E,J,A,A,H,-,A,D,0,,,,,Y,,A,07,0,1,0,0,0,0,0,0,0,"- ","- ",34.462800000000001,-120.05231999999999,"SANTA BARBARA",UNINCORPORATED,-120.08532291,34.461801100000002
90166169,2016,2016-04-26,9760,2016-04-21,0955,018483,,4,1,3,4205,0,1,2,,2,010,"US-101 N/B","SANTA YNEZ AVENUE O/C",1000.00,S,N,A,-,Y,,,101,,,,,,N,N,4,0,1,2,A,-,03,22350,,N,C,C,A,A,H,-,A,D,0,,,,,Y,,D,22,0,0,1,0,0,0,0,0,0,"- ","- ",34.403329999999997,-119.52654,"SANTA BARBARA",CARPINTERIA,-119.52653159,34.403374360000001
90166259,2016,2016-04-26,9760,2016-04-21,1430,015669,,4,2,9,4200,0,3,5,,2,005,"SABADO TARDE ROAD","CAMINO DEL SUR",5.00,W,N,A,-,N,,,,,,,,,,N,3,0,1,1,C,-,18,,,N,F,A,A,A,H,-,A,A,0,,Y,,,Y,,-,"- ",0,1,0,0,0,0,1,0,0,"- ","- ",34.410409999999999,-119.86264,"SANTA BARBARA",UNINCORPORATED,-119.86260656,34.410460129999997
90167215,2016,2016-04-27,9760,2016-04-25,0905,018483,,1,1,9,4200,0,1,2,,2,010,"US-101 N/B","SAN YSIDRO ROAD O/C",1100.00,S,N,A,-,Y,,,101,,,,,,N,Y,3,0,2,2,A,-,03,22350,,N,C,C,A,A,H,-,A,D,0,,,,,Y,,A,01,0,1,1,0,0,0,0,0,0,"- ","- ",34.421559999999999,-119.62862,"SANTA BARBARA",UNINCORPORATED,-119.62861038,34.421591669999998
90178854,2016,2016-05-13,9755,2016-05-06,1800,017255,,5,2,9,4200,0,1,2,,2,004,"US-101 N/B","SANTA ROSA RD",5280.00,S,N,B,-,Y,,,101,,,,,,N,Y,3,0,1,1,A,-,03,22350,,N,E,I,A,B,H,-,A,D,0,,,,,Y,,A,01,0,1,0,0,0,0,0,0,0,"- ","- ",34.587769999999999,-120.19110000000001,"SANTA BARBARA",UNINCORPORATED,-120.19115856000001,34.587768070000003
90181031,2016,2018-03-19,9755,2016-05-13,1320,017884,,5,1,9,4200,0,1,3,,1,042,SR-154,"FOXEN CANYON RD",0.00,,Y,A,-,Y,,,154,,,,,,,Y,2,0,1,2,A,-,03,22350,,N,D,C,A,A,H,-,A,A,0,,,Y,,Y,,C,02,1,0,0,0,0,0,0,0,1,"- ","- ",34.667900000000003,-120.1229,"SANTA BARBARA",UNINCORPORATED,-120.12287240000001,34.66803153
90181655,2016,2016-05-17,9760,2016-04-22,1145,16739,,5,1,9,4200,0,1,2,,2,020,"US-101 S/B (EL CAMINO REAL)","PATTERSON AVE.",35.00,S,N,A,-,Y,,,101,,,,,,S,Y,3,0,2,2,A,-,08,22107,,N,D,C,A,A,H,-,A,D,0,,,,,Y,,A,01,0,2,0,0,0,0,0,0,0,"- ","- ",34.44182,-119.80798,"SANTA BARBARA",UNINCORPORATED,-119.80797784000001,34.441843130000002
90183253,2016,2016-05-19,9760,2016-05-08,1750,020721,,7,2,5,4203,0,1,2,,2,020,"US-101 S/B","STATE ST",457.00,N,N,A,-,Y,,,101,,,,,,S,Y,3,0,4,2,A,-,08,22107,,N,B,C,A,A,H,-,A,D,0,,,,,Y,,M,47,0,4,0,0,0,0,0,0,0,"- ","- ",34.440939999999998,-119.75757,"SANTA BARBARA","SANTA BARBARA",-119.75757086,34.440936970000003
90186060,2016,2016-05-24,9750,2016-05-21,0540,016170,,6,3,9,4200,0,1,3,,1,011,"SR-166 W  (W. MAIN ST)","BLACK RD",670.00,W,N,A,-,Y,,,166,,,,,,,Y,3,0,2,2,A,-,09,21804,A,N,D,C,A,A,H,-,D,D,0,,,,,Y,,A,01,0,1,1,0,0,0,0,0,0,"- ","- ",34.955269999999999,-120.48824,"SANTA BARBARA",UNINCORPORATED,-120.48824104000001,34.955255790000002
90187873,2016,2016-05-26,9750,2016-05-25,1547,018209,,3,2,9,4200,0,3,5,,2,020,"BROADWAY STREET","NORTH AVE",90.00,N,N,A,-,N,,,,,,,,,,N,3,0,1,1,A,-,08,22107,,N,F,A,A,A,H,-,A,D,0,,Y,,,Y,,L,04,0,1,0,0,0,0,1,0,0,"- ","- ",34.867669999999997,-120.44723999999999,"SANTA BARBARA",UNINCORPORATED,-120.44723999999999,34.86759721
90192329,2016,2016-06-01,9760,2016-05-18,0850,019446,,3,1,9,4200,0,1,3,,1,014,"SR-192 (CASITAS PASS ROAD)","LILINGSTON CANYON RD",557.00,W,N,B,-,Y,,,192,,,,,,,Y,4,0,1,1,A,-,08,22107,,N,E,I,A,A,H,-,A,A,0,,,,,Y,,A,07,0,0,1,0,0,0,0,0,0,"- ","- ",34.401800000000001,-119.48950000000001,"SANTA BARBARA",UNINCORPORATED,-119.48948772,34.40182926
90194844,2016,2016-06-06,9755,2016-05-25,1620,012436,,3,2,9,4200,0,1,3,,1,042,SR-154,"FIGUEROA MOUNTAIN RD",618.00,W,N,A,-,Y,,,154,,,,,,,Y,2,0,1,2,A,-,05,21651,B,N,A,C,A,A,H,-,A,D,0,,,,Y,Y,,D,22,1,0,0,0,0,0,0,0,0,"- ","- ",34.667839999999998,-120.11711,"SANTA BARBARA",UNINCORPORATED,-120.11711025,34.667828200000002
90196465,2016,2016-06-08,9750,2016-06-06,0815,014753,,1,1,9,4200,0,3,5,,2,010,"SANDALWOOD DRIVE","MYRTLEWOOD ROAD",170.00,E,N,B,-,N,,,,,,,,,,Y,4,0,1,2,A,-,08,22107,,N,C,E,A,A,H,-,A,D,0,,,,,Y,,A,07,0,0,1,0,0,0,0,0,0,"- ","- ",34.896430000000002,-120.48829000000001,"SANTA BARBARA",UNINCORPORATED,-120.48832327,34.896475539999997
90197508,2016,2016-06-09,9750,2016-06-06,1430,015514,,1,2,9,4200,0,1,2,,2,002,"US-101 N/B (EL CAMINO REAL)","CLARK AVENUE",5280.00,S,N,A,-,Y,,,101,,,,,,N,Y,4,0,1,1,A,-,08,22107,,N,F,A,A,A,H,-,A,D,0,,,,,Y,,A,01,0,0,1,0,0,0,0,0,0,"- ","- ",34.857309999999998,-120.38816,"SANTA BARBARA",UNINCORPORATED,-120.38863326000001,34.856912719999997
90201573,2016,2016-06-14,9760,2016-06-02,1740,018431,,4,2,9,4200,0,1,2,,2,020,"US-101 S/B","FAIRVIEW AVE.",1320.00,S,N,A,-,Y,,,,,,,,,,Y,3,0,5,2,A,-,03,22350,,N,C,C,A,A,H,-,A,D,0,,,,,Y,,A,08,0,2,3,0,0,0,0,0,0,"- ","- ",34.439860000000003,-119.82749,"SANTA BARBARA",UNINCORPORATED,-119.83674766,34.439056579999999
90203066,2016,2016-06-16,9755,2016-06-11,0735,016058,,6,1,9,4200,0,1,2,,2,004,"US-101 S/B","JONATA PARK RD",5280.00,N,N,B,-,Y,,,101,,,,,,S,Y,3,0,1,1,A,-,08,22107,,N,F,A,A,A,H,-,A,D,0,,,,,Y,,A,01,0,1,0,0,0,0,0,0,0,"- ","- ",34.666530000000002,-120.17322,"SANTA BARBARA",UNINCORPORATED,-120.17321574,34.666524600000002
9020622,2019,2020-02-28,4204,2019-12-13,0622,90890,002,5,5,5,4204,0,0,0,,0,001,"WILLIAMS ST",BROADWAY,0.00,,Y,B,-,Y,SB,5,135,-,-,16.930,I,5,S,N,4,0,1,2,A,-,00,21451,,M,A,C,A,B,H,-,B,A,0,,,,,Y,,A,01,0,0,1,0,0,0,0,0,0,"- ","- ",34.968769073486328,-120.43473052978516,"SANTA BARBARA","SANTA MARIA",-120.43570709228516,34.969882965087891
9020710,2019,2020-09-14,4202,2019-11-22,0756,234,4202,5,5,4,4202,0,0,0,,0,,"H ST","WALNUT AV",0.00,,Y,A,-,Y,SB,5,1,-,-,20.640,I,5,N,N,3,0,2,2,A,-,08,22107,,N,D,C,A,A,H,-,A,A,0,,,,,Y,,A,01,0,1,1,0,0,0,0,0,0,"- ","- ",,,"SANTA BARBARA",LOMPOC,-120.45783233642578,34.640640258789062
90210520,2016,2016-06-27,9750,2016-06-25,1505,017616,,6,2,9,4200,0,2,4,,1,024,"BRADLEY ROAD","CAMBRIA AVE",100.00,N,N,A,-,N,,,,,,,,,,N,3,0,1,1,A,-,03,22350,,N,E,I,A,A,H,-,A,D,0,,,Y,,Y,,C,02,0,1,0,0,0,0,0,0,1,"- ","- ",34.891359999999999,-120.42261000000001,"SANTA BARBARA",UNINCORPORATED,-120.42244352,34.890973520000003
90212281,2016,2016-06-29,9760,2016-06-21,0450,017674,,2,3,9,4200,0,1,2,,1,040,"US-101 S/B","VISTA POINT",200.00,S,N,A,-,Y,,,101,,,,,,S,Y,4,0,2,2,A,-,07,21658,A,F,E,I,A,A,H,-,A,D,0,,,,,Y,,A,01,0,0,2,0,0,0,0,0,0,"- ","- ",34.47457,-120.13997000000001,"SANTA BARBARA",UNINCORPORATED,-120.13997025,34.4745676
90216199,2016,2016-07-20,9750,2016-06-08,1050,014753,,3,1,9,4200,0,2,4,,1,024,"BRADLEY ROAD","SANTA MARIA WAY",60.00,S,N,A,-,N,,,,,,,,,,N,4,0,1,2,D,-,00,,,N,B,C,A,A,H,-,A,D,0,,,,,Y,,-,"- ",0,0,1,0,0,0,0,0,0,"- ","- ",34.895180000000003,-120.42261999999999,"SANTA BARBARA",UNINCORPORATED,-120.42260989,34.895358209999998
90217295,2016,2016-07-07,9760,2016-06-23,0540,021300,,4,3,9,4200,0,1,3,,1,022,"SR-154 (SAN MARCOS PASS RD.)","PAINTED CAVE RD",6336.00,E,N,A,-,Y,,,154,,,,,,,Y,4,0,1,1,A,-,08,22107,,N,E,I,A,A,H,-,B,D,0,,,,,Y,,A,07,0,0,1,0,0,0,0,0,0,"- ","- ",34.487360000000002,-119.78102,"SANTA BARBARA",UNINCORPORATED,-119.78095513,34.487363279999997
90220441,2016,2016-07-11,9750,2016-07-04,2200,018786,,1,3,9,4200,0,1,3,,1,063,SR-166,"WASIOJA RD",2640.00,W,N,A,-,Y,,,166,,,,,,,Y,4,0,1,1,A,-,08,22107,,N,E,I,A,A,H,-,D,D,0,,,,,Y,,A,01,0,0,1,0,0,0,0,0,0,"- ","- ",34.985810000000001,-119.78918,"SANTA BARBARA",UNINCORPORATED,-119.78923008,34.985552149999997
90221590,2016,2016-07-13,9760,2016-06-09,2335,020366,,4,3,4,4214,0,1,2,,1,030,"S/B US-101","LOS CARNEROS RD",1755.00,N,N,A,-,Y,,,101,,,,,,,Y,3,0,1,1,A,-,08,22107,,F,E,I,A,A,H,-,D,D,0,,,,,Y,,A,08,0,1,0,0,0,0,0,0,0,"- ","- ",34.436480000000003,-119.85883,"SANTA BARBARA",GOLETA,-119.85884907000001,34.436585970000003
90222051,2016,2016-11-02,9760,2016-05-21,1250,021294,,6,1,9,4200,0,3,5,,2,002,"SANDSPIT RD.","SANDSPIT PL.",0.00,,Y,A,-,N,,,,,,,,,,N,4,0,1,2,A,-,12,22450,A,N,D,G,A,A,H,-,A,A,0,,Y,,,Y,,L,04,0,0,1,0,0,0,1,0,0,"- ","- ",34.418030000000002,-119.83150999999999,"SANTA BARBARA",UNINCORPORATED,-119.83520995000001,34.419260010000002
90222439,2016,2016-07-14,9760,2016-07-08,1840,018431,,5,2,9,4200,0,3,5,,2,002,"TURNPIKE RD.","CALLE REAL",35.00,N,N,A,-,N,,,,,,,,,,N,3,0,1,2,A,-,08,22107,,N,B,G,A,A,H,-,A,D,0,,Y,,,Y,,D,22,0,1,0,0,0,0,1,0,0,"- ","- ",34.44406,-119.78919,"SANTA BARBARA",UNINCORPORATED,-119.78938253,34.44395608
90227354,2016,2016-07-21,9760,2016-06-30,1210,019831,,4,1,9,4200,0,3,5,,2,005,"DEL PLAYA DR","CAMINO PESCADERO",64.00,E,N,A,-,N,,,,,,,,,,N,3,0,1,2,A,-,11,21954,A,N,G,B,E,A,H,-,A,D,0,Y,,,,Y,,N,60,0,1,0,0,1,0,0,0,0,"- ","- ",34.409750000000003,-119.85853,"SANTA BARBARA",UNINCORPORATED,-119.85849883,34.409742129999998
90231051,2016,2016-07-27,9760,2016-07-17,1650,020777,,7,2,9,4200,0,1,2,,2,010,"US-101 S/B",SR-150,250.00,S,N,A,-,Y,,,101,,,,,,S,N,4,0,2,2,A,-,03,22350,,N,C,C,A,A,H,-,A,D,0,,,,,Y,,A,01,0,0,2,0,0,0,0,0,0,"- ","- ",34.380699999999997,-119.48220000000001,"SANTA BARBARA",UNINCORPORATED,-119.48221568,34.380690430000001
90231339,2016,2016-07-27,9760,2016-07-19,2050,020473,,2,2,4,4214,0,1,2,,1,030,"US-101 S/B","LOS CARNEROS RD",900.00,N,N,A,-,Y,,,101,,,,,,S,Y,4,0,1,2,A,-,03,22350,,N,C,C,A,A,H,-,C,D,0,,,,,Y,,D,22,0,0,1,0,0,0,0,0,0,"- ","- ",34.437100000000001,-119.85606,"SANTA BARBARA",GOLETA,-119.85605978,34.43709879
90236678,2016,2016-08-03,9760,2016-07-31,1950,020908,,7,2,9,4200,0,3,5,,2,001,"E/B VIA REAL","SENTAR ROAD",400.00,W,N,A,-,Y,,,,,,,,,,Y,4,0,2,2,A,-,05,21460,A,F,A,C,A,A,H,-,A,D,0,,,,,Y,,A,01,0,0,2,0,0,0,0,0,0,"- ","- ",34.416550000000001,-119.57046,"SANTA BARBARA",UNINCORPORATED,,
90238289,2016,2016-08-05,9750,2016-07-27,2325,020511,,3,3,9,4200,0,2,4,,1,024,"BRADLEY RD","PATTERSON RD",0.00,,Y,A,-,N,,,,,,,,,,Y,3,0,3,2,D,-,00,,,N,D,C,A,A,H,-,C,A,0,,,,,Y,,-,"- ",0,1,2,0,0,0,0,0,0,"- ","- ",34.868450000000003,-120.41893,"SANTA BARBARA",UNINCORPORATED,-120.41879987,34.86857011
90239090,2016,2016-08-08,9760,2016-07-31,2215,021061,,7,3,9,4200,0,3,5,,2,002,"PATTERSON AVE","CALLE REAL",0.00,,Y,A,-,N,,,,,,,,,,Y,4,0,1,2,D,-,00,,,N,D,C,A,A,H,-,C,A,0,,,,,Y,,-,"- ",0,0,1,0,0,0,0,0,0,"- ","- ",34.443739999999998,-119.80833,"SANTA BARBARA",UNINCORPORATED,-119.80817,34.443630059999997
90240047,2016,2016-08-08,9760,2016-08-02,1312,019831,,2,1,9,4200,0,1,2,,2,010,"US-101 NB (EL CAMINO REAL)","SOUTH PADARO LANE",3388.00,N,N,A,-,Y,,,101,,,,,,N,Y,3,0,1,1,A,-,08,22107,,N,F,A,A,A,H,-,A,D,0,,,,,Y,,D,22,0,1,0,0,0,0,0,0,0,"- ","- ",34.416339999999998,-119.56237,"SANTA BARBARA",UNINCORPORATED,-119.56236087000001,34.416433220000002
9024067,2019,2020-02-08,4204,2019-12-17,0857,90357,,2,5,5,4204,0,0,0,,0,002,"MAIN ST","NICHOLSON AV",25.00,E,N,A,-,N,,,,,,,,,,,4,0,1,2,A,-,03,22350,,N,C,C,A,A,H,-,A,D,0,,,,,Y,,A,01,0,0,1,0,0,0,0,0,0,"- ","- ",34.953109741210938,-120.41638946533203,"SANTA BARBARA","SANTA MARIA",-120.41631317138672,34.952976226806641
90241006,2016,2016-08-09,9760,2016-07-17,2345,021061,,7,3,9,4200,0,1,2,,2,010,"US-101 S/B FROM OLIVE MILL RD","OLIVE MILL RD",25.00,S,N,A,-,Y,,,101,,,,R,,S,Y,4,0,1,1,A,-,01,23152,A,N,E,I,A,A,H,-,C,D,0,,,,,Y,Y,A,01,0,0,1,0,0,0,0,0,0,"- ","- ",34.421500000000002,-119.63978,"SANTA BARBARA",UNINCORPORATED,-119.63978,34.421500000000002
90241451,2016,2016-08-10,9760,2016-07-31,2300,021300,,7,3,9,4200,0,3,5,,2,002,"VENADO DR. (400 BLOCK)","LA GAMA WAY",120.00,N,N,A,-,N,,,,,,,,,,Y,4,0,1,3,A,-,01,23152,F,N,B,C,A,A,H,-,C,D,0,,,,,Y,Y,A,07,0,0,1,0,0,0,0,0,0,"- ","- ",34.448,-119.789,"SANTA BARBARA",UNINCORPORATED,,
90241953,2016,2016-08-10,9760,2016-08-04,1029,019446,,4,1,9,4200,0,1,3,,1,014,"SR-192 (FOOTHILL ROAD)","LINDEN RD",2112.00,W,N,A,-,Y,,,192,,,,,,,N,3,0,1,1,A,-,03,22350,,N,F,A,A,A,H,-,A,A,0,,Y,,,Y,,L,04,0,1,0,0,0,0,1,0,0,"- ","- ",34.411050000000003,-119.51931999999999,"SANTA BARBARA",UNINCORPORATED,-119.51932603,34.411039860000002
90242440,2016,2016-08-11,9760,2016-08-08,2015,020473,,1,2,4,4214,0,1,2,,1,030,"US-101 S/B","LOS CARNEROS RD",1000.00,N,N,A,-,Y,,,101,,,,,,S,Y,4,0,2,2,A,-,03,22350,,N,C,C,A,A,D,-,B,D,0,,,,,Y,,D,22,0,0,2,0,0,0,0,0,0,"- ","- ",34.436459999999997,-119.85903999999999,"SANTA BARBARA",GOLETA,-119.85905597,34.43654875
90244458,2016,2016-08-15,9760,2016-08-10,0100,021300,,3,3,9,4200,0,1,3,,1,014,"SR 192 (EAST VALLEY ROAD)","TORO CANYON PARK RD.",0.00,,Y,A,-,Y,,,192,,,,,,,Y,4,0,4,1,A,-,01,23152,A,N,E,I,A,A,H,-,D,D,0,,,,,Y,Y,A,01,0,0,4,0,0,0,0,0,0,"- ","- ",34.433689999999999,-119.571,"SANTA BARBARA",UNINCORPORATED,-119.57092328,34.433665490000003
90249541,2016,2016-08-22,9750,2016-08-15,1200,018209,,1,1,9,4200,0,1,2,,2,003,"US-101 N/B (EL CAMINO REAL)","SOLOMON RD",8448.00,S,N,A,-,Y,,,101,,,,,,N,Y,3,0,1,1,A,-,08,22107,,N,F,A,A,A,H,-,A,D,0,,,,,Y,,D,22,0,1,0,0,0,0,0,0,0,"- ","- ",34.805430000000001,-120.34352,"SANTA BARBARA",UNINCORPORATED,-120.34354183000001,34.805421879999997