CASE_ID,ACCIDENT_YEAR,PROC_DATE,JURIS,COLLISION_DATE,COLLISION_TIME,OFFICER_ID,REPORTING_DISTRICT,DAY_OF_WEEK,CHP_SHIFT,POPULATION,CNTY_CITY_LOC,SPECIAL_COND,BEAT_TYPE,CHP_BEAT_TYPE,CITY_DIVISION_LAPD,CHP_BEAT_CLASS,BEAT_NUMBER,PRIMARY_RD,SECONDARY_RD,DISTANCE,DIRECTION,INTERSECTION,WEATHER_1,WEATHER_2,STATE_HWY_IND,CALTRANS_COUNTY,CALTRANS_DISTRICT,STATE_ROUTE,ROUTE_SUFFIX,POSTMILE_PREFIX,POSTMILE,LOCATION_TYPE,RAMP_INTERSECTION,SIDE_OF_HWY,TOW_AWAY,COLLISION_SEVERITY,NUMBER_KILLED,NUMBER_INJURED,PARTY_COUNT,PRIMARY_COLL_FACTOR,PCF_CODE_OF_VIOL,PCF_VIOL_CATEGORY,PCF_VIOLATION,PCF_VIOL_SUBSECTION,HIT_AND_RUN,TYPE_OF_COLLISION,MVIW,PED_ACTION,ROAD_SURFACE,ROAD_COND_1,ROAD_COND_2,LIGHTING,CONTROL_DEVICE,CHP_ROAD_TYPE,PEDESTRIAN_ACCIDENT,BICYCLE_ACCIDENT,MOTORCYCLE_ACCIDENT,TRUCK_ACCIDENT,NOT_PRIVATE_PROPERTY,ALCOHOL_INVOLVED,STWD_VEHTYPE_AT_FAULT,CHP_VEHTYPE_AT_FAULT,COUNT_SEVERE_INJ,COUNT_VISIBLE_INJ,COUNT_COMPLAINT_PAIN,COUNT_PED_KILLED,COUNT_PED_INJURED,COUNT_BICYCLIST_KILLED,COUNT_BICYCLIST_INJURED,COUNT_MC_KILLED,COUNT_MC_INJURED,PRIMARY_RAMP,SECONDARY_RAMP,LATITUDE,LONGITUDE,COUNTY,CITY,POINT_X,POINT_Y
90250155,2016,2016-08-23,9760,2016-08-15,1635,017314,,1,2,9,4200,0,1,2,,1,030,"US-101 S/B","EL CAPITAN RANCH ROAD",888.00,N,N,A,-,Y,,,101,,,,,,S,Y,3,0,2,2,A,-,08,22107,,N,B,C,A,A,H,-,A,D,0,,,,,Y,,A,07,0,2,0,0,0,0,0,0,0,"- ","- ",34.463169999999998,-120.02397999999999,"SANTA BARBARA",UNINCORPORATED,-120.02397517999999,34.463400640000003
90251262,2016,2016-08-24,9760,2016-08-20,1104,020211,,6,1,3,4205,0,1,2,,2,010,"US-101 NORTHBOUND",SR-150,1200.00,N,N,A,-,Y,,,101,,,,,,N,Y,4,0,1,2,A,-,03,22350,,N,C,C,A,A,H,-,A,D,0,,,,,Y,,A,07,0,0,1,0,0,0,0,0,0,"- ","- ",34.386139999999997,-119.49071000000001,"SANTA BARBARA",CARPINTERIA,-119.49071324000001,34.386129820000001
90251266,2016,2016-08-24,9760,2016-08-07,1535,020965,,7,2,9,4200,0,3,5,,2,001,"SANTA CLAUS LN","S. PADARO LANE",500.00,E,N,A,-,N,,,,,,,,,,N,3,0,1,2,A,-,11,21954,A,N,G,B,E,A,H,-,A,D,0,Y,,,,Y,,N,60,0,1,0,0,1,0,0,0,0,"- ","- ",34.409770000000002,-119.55244,"SANTA BARBARA",UNINCORPORATED,-119.5521835,34.409597669999997
9025235,2019,2020-01-31,4202,2019-12-23,1933,295,,1,5,4,4202,0,0,0,,0,,"W PINE AV","RT 1",284.00,W,N,-,-,N,,,,,,,,,,N,4,0,1,2,A,-,05,21650,1,N,A,C,A,B,H,-,C,A,0,,Y,,,Y,,L,04,0,0,1,0,0,0,1,0,0,"- ","- ",,,"SANTA BARBARA",LOMPOC,-120.44854736328125,34.650119781494141
9025239,2019,2020-01-31,4202,2019-12-12,2125,292,,4,5,4,4202,0,0,0,,0,,"COLLEGE AV","R ST",168.00,E,N,A,-,N,,,,,,,,,,Y,4,0,1,2,A,-,01,23152,B,M,C,C,A,A,H,-,C,A,0,,,,,Y,Y,A,01,0,0,1,0,0,0,0,0,0,"- ","- ",,,"SANTA BARBARA",LOMPOC,-120.46990966796875,34.647121429443359
90256189,2016,2016-08-29,9760,2016-08-08,0035,021300,,1,3,5,4203,0,1,2,,2,011,"US-101 N/B","OLIVE MILL RD",570.00,N,N,A,-,Y,,,101,,,,,,N,Y,3,0,1,1,A,-,08,22107,,N,F,I,A,A,H,-,C,D,0,,,,,Y,,A,01,0,1,0,0,0,0,0,0,0,"- ","- ",34.420020000000001,-119.64254,"SANTA BARBARA","SANTA BARBARA",-119.64252793,34.419931050000002
90256387,2016,2016-08-30,9760,2016-08-17,0150,021300,,3,3,9,4200,0,1,3,,1,014,"SR-192 (CASITAS PASS RD)","LILLINGSTON CANYON RD",300.00,W,N,A,-,Y,,,192,,,,,,,Y,3,0,1,1,A,-,01,23152,A,N,E,I,A,A,H,-,D,D,0,,,,,Y,Y,A,01,0,1,0,0,0,0,0,0,0,"- ","- ",34.401609999999998,-119.489,"SANTA BARBARA",UNINCORPORATED,-119.48899129,34.401654530000002
90257212,2016,2016-08-30,9750,2016-08-17,2020,020511,,3,2,9,4200,0,1,3,,1,021,"SR-135 N/B","FOSTER ROAD",177.00,S,N,A,-,Y,,,135,,,,,,N,Y,4,0,1,3,A,-,01,23152,E,N,C,C,A,A,H,-,D,A,0,,,,,Y,,A,08,0,0,1,0,0,0,0,0,0,"- ","- ",34.8825,-120.43643,"SANTA BARBARA",UNINCORPORATED,-120.43651933,34.882500180000001
90264207,2016,2016-09-08,9760,2016-08-31,0700,017674,,3,1,9,4200,0,3,5,,2,002,"SAN SIMEON DR.","TURNPIKE RD.",10.00,W,N,A,-,N,,,,,,,,,,N,4,0,1,2,D,-,00,,,N,H,B,B,A,H,-,A,D,0,Y,,,,Y,,-,"- ",0,0,1,0,1,0,0,0,0,"- ","- ",34.438139999999997,-119.78958,"SANTA BARBARA",UNINCORPORATED,-119.78949313,34.438209229999998
90265920,2016,2016-09-12,9760,2016-09-08,1620,021300,,4,2,5,4203,0,1,2,,2,011,"US-101 N/B","PUEBLO ST",740.00,S,N,A,-,Y,,,101,,,,,,N,Y,4,0,1,2,A,-,03,22350,,N,C,C,A,A,H,-,A,D,0,,,,,Y,,A,01,0,0,1,0,0,0,0,0,0,"- ","- ",34.42624,-119.72333,"SANTA BARBARA","SANTA BARBARA",-119.72331905999999,34.426292340000003
90270774,2016,2016-09-19,9750,2016-09-14,2025,020511,,3,2,9,4200,0,1,3,,1,062,"SR-166 W/B","TEPUSQUET RD",9504.00,W,N,A,-,Y,,,166,,,,,,W,Y,3,0,1,1,A,-,01,23152,A,N,E,J,A,A,H,-,D,D,0,,,,,Y,Y,-,36,0,1,0,0,0,0,0,0,0,"- ","- ",35.024850000000001,-120.23824999999999,"SANTA BARBARA",UNINCORPORATED,-120.23826453,35.02479555
90271284,2016,2016-09-20,9750,2016-09-16,2150,020510,,5,2,9,4200,0,3,5,,2,020,"QUARTER HORSE TRL","APPALOOSA TRL",184.00,E,N,A,-,N,,,,,,,,,,Y,3,0,1,1,A,-,01,23152,A,N,E,I,A,A,H,-,D,D,0,,,,,Y,Y,A,07,0,1,0,0,0,0,0,0,0,"- ","- ",34.868580000000001,-120.45869,"SANTA BARBARA",UNINCORPORATED,-120.45873476,34.868523359999998
90273191,2016,2016-09-21,9750,2016-09-11,1400,018786,,7,2,9,4200,0,3,5,,2,030,"FALLEN LEAF DR","TELEPHONE RD",50.00,E,N,A,-,N,,,,,,,,,,Y,3,0,1,1,A,-,01,23152,A,M,E,I,A,A,H,-,A,D,0,,,,,Y,Y,D,22,0,1,0,0,0,0,0,0,0,"- ","- ",34.871110000000002,-120.38293,"SANTA BARBARA",UNINCORPORATED,-120.38296338000001,34.871128110000001
90273212,2016,2016-09-22,9760,2016-09-18,0722,019831,,7,1,9,4200,0,1,2,,1,040,"US-101 SB (EL CAMINO REAL)","CALLE MARIPOSA",1940.00,N,N,A,-,Y,,,101,,,,,,S,Y,4,0,2,2,A,-,03,22350,,N,C,C,A,A,H,-,A,D,0,,,,,Y,,A,07,0,0,2,0,0,0,0,0,0,"- ","- ",34.473179999999999,-120.2212,"SANTA BARBARA",UNINCORPORATED,-120.22120051,34.473215619999998
90275560,2016,2016-09-26,9755,2016-09-20,1530,012436,,2,2,9,4200,0,1,3,,1,053,SR-246,"MISSION GATE RD",1320.00,W,N,A,-,Y,,,246,,,,,,,Y,3,0,1,3,A,-,03,22350,,N,C,C,A,A,C,-,A,D,0,,,,,Y,,A,01,0,1,0,0,0,0,0,0,0,"- ","- ",34.660060000000001,-120.42421,"SANTA BARBARA",UNINCORPORATED,-120.42415275,34.660042169999997
90276879,2016,2016-09-27,9760,2016-09-20,0723,019831,,2,1,9,4200,0,1,2,,2,010,"US-101 NB (EL CAMINO REAL)","SAN YSIDRO ROAD",1851.00,S,N,B,-,Y,,,101,,,,,,N,Y,3,0,1,2,A,-,07,21658,A,N,B,C,A,A,H,-,A,D,0,,,Y,,Y,,A,01,0,1,0,0,0,0,0,0,1,"- ","- ",34.421039999999998,-119.6254,"SANTA BARBARA",UNINCORPORATED,-119.62540414999999,34.420980950000001
90277972,2016,2016-09-28,9755,2016-09-23,0725,015973,,5,1,9,4200,0,1,3,,1,053,SR-246,"CAMPBELL RD",0.00,,Y,E,-,Y,,,246,,,,,,,Y,4,0,2,3,A,-,09,21801,A,N,B,C,A,A,H,-,B,D,0,,,,,Y,,D,22,0,0,2,0,0,0,0,0,0,"- ","- ",34.662860000000002,-120.32885,"SANTA BARBARA",UNINCORPORATED,-120.32879533000001,34.66296208
90283847,2016,2016-10-04,9750,2016-10-03,0703,016874,,1,1,5,4204,0,1,2,,2,001,"US-101 S/B (LOREN D. SCRUGGS MEM. HWY)","DONOVAN RD",15.00,N,N,A,-,Y,,,101,,,,,,S,Y,3,0,2,2,A,-,07,21658,A,N,B,C,A,A,H,-,A,D,0,,,,,Y,,A,07,0,2,0,0,0,0,0,0,0,"- ","- ",34.967390000000002,-120.42291,"SANTA BARBARA","SANTA MARIA",-120.42295724,34.967360050000003
90285236,2016,2016-10-06,9760,2016-10-03,1756,017374,,1,2,5,4203,0,1,2,,2,020,"US-101 N/B","HOPE AVE",1056.00,S,N,A,-,Y,,,101,,,,,,N,Y,4,0,2,2,A,-,03,22350,,N,C,C,A,A,H,-,A,D,0,,,,,Y,,A,01,0,0,2,0,0,0,0,0,0,"- ","- ",34.43329,-119.74760000000001,"SANTA BARBARA","SANTA BARBARA",-119.7475608,34.433342439999997
90285349,2016,2016-10-06,9760,2016-04-12,2232,020908,,2,3,9,4200,0,1,2,,2,020,"US-101 N/B (EL CAMINO REAL)","TURNPIKE ROAD",2356.00,S,N,A,-,Y,,,101,,,,,,N,Y,1,1,1,2,A,-,11,21954,A,N,G,B,E,A,H,-,D,D,0,Y,,,,Y,,N,60,0,1,0,1,0,0,0,0,0,"- ","- ",34.442120000000003,-119.78127000000001,"SANTA BARBARA",UNINCORPORATED,-119.78127069999999,34.442142439999998
90285872,2016,2016-10-06,9760,2016-10-04,1600,020721,,2,2,9,4200,0,2,4,,2,026,"CATHEDRAL OAKS ROAD","SAN MARCOS ROAD",0.00,,Y,A,-,N,,,,,,,,,,Y,4,0,1,2,D,-,00,,,N,D,C,A,A,H,-,A,A,0,,,,,Y,,-,"- ",0,0,1,0,0,0,0,0,0,"- ","- ",34.451540000000001,-119.7962,"SANTA BARBARA",UNINCORPORATED,-119.79708994000001,34.451510069999998
90288224,2016,2016-10-10,9760,2016-10-02,1503,017603,,7,2,9,4200,0,1,3,,1,014,"SR-192 (EAST VALLEY ROAD)","LADERA LN.",1056.00,E,N,A,-,Y,,,192,,,,,,,Y,3,0,1,1,A,-,08,22107,,N,E,I,A,A,H,-,A,D,0,,,Y,,Y,,C,02,0,1,0,0,0,0,0,0,1,"- ","- ",34.43533,-119.57526,"SANTA BARBARA",UNINCORPORATED,-119.57525981000001,34.435324469999998
90301716,2016,2016-10-26,9760,2016-10-21,0740,016739,,5,1,9,4200,0,1,2,,1,030,"US-101 S/B (EL CAMINO REAL)","EL CAPITAN RANCH RD.",3168.00,S,N,A,F,Y,,,101,,,,,,S,Y,4,0,1,2,A,-,03,22350,,F,C,C,A,A,H,-,A,D,0,,,,Y,Y,,A,01,0,0,1,0,0,0,0,0,0,"- ","- ",34.459150000000001,-119.99245999999999,"SANTA BARBARA",UNINCORPORATED,-119.99248117,34.459014549999999
9030584,2019,2020-01-29,4203,2019-11-24,0630,24319,12,7,5,5,4203,0,0,0,,0,005,"TALLANT RD","SAMARKAND DR",12.00,S,N,A,-,N,,,,,,,,,,N,4,0,1,2,A,-,05,21460,A,N,A,C,A,A,H,-,A,A,0,,,Y,,Y,,C,02,0,0,1,0,0,0,0,0,1,"- ","- ",34.431938171386719,-119.73027801513672,"SANTA BARBARA","SANTA BARBARA",-119.7303466796875,34.431991577148438
90312948,2016,2016-11-07,9760,2016-10-29,1740,020777,,6,2,9,4200,0,1,2,,1,030,"US-101 S/B","LAS VARAS CYN RD",2300.00,S,N,B,-,Y,,,101,,,,,,S,Y,4,0,1,1,A,-,08,22107,,N,F,A,A,A,H,-,B,D,0,,,,,Y,,A,01,0,0,1,0,0,0,0,0,0,"- ","- ",34.4527,-119.9665,"SANTA BARBARA",UNINCORPORATED,-119.96643127999999,34.452797570000001
90313156,2016,2016-11-07,9760,2016-10-29,1525,021300,,6,2,9,4200,0,3,5,,2,001,"SAN YSIDRO RD","NORTH JAMESON LANE",0.00,,Y,B,-,N,,,,,,,,,,Y,4,0,1,2,A,-,09,21802,A,N,D,C,A,A,H,-,A,A,0,,,,,Y,,A,01,0,0,1,0,0,0,0,0,0,"- ","- ",34.423020000000001,-119.63160999999999,"SANTA BARBARA",UNINCORPORATED,-119.63153991,34.422990110000001
90314751,2016,2016-11-09,9760,2016-10-30,1730,020777,,7,2,9,4200,0,1,3,,1,022,SR-154,"PAINTED CAVE RD",2685.00,E,N,B,C,Y,,,154,,,,,,,Y,4,0,1,1,A,-,03,22350,,N,F,A,A,B,H,-,A,D,0,,,,,Y,Y,A,01,0,0,1,0,0,0,0,0,0,"- ","- ",34.486649999999997,-119.79049999999999,"SANTA BARBARA",UNINCORPORATED,-119.79048466,34.486777160000003
90315707,2016,2016-11-09,9750,2016-11-07,1610,017616,,1,2,9,4200,0,2,4,,1,024,"ORCUTT ROAD","GOODWIN RD",35.00,S,N,A,-,N,,,,,,,,,,N,2,0,1,2,A,-,08,22107,,N,H,G,A,A,H,-,A,D,0,,Y,,,Y,,L,04,1,0,0,0,0,0,1,0,0,"- ","- ",34.899320000000003,-120.43564000000001,"SANTA BARBARA",UNINCORPORATED,-120.43651724,34.899384050000002
90320527,2016,2016-11-16,9760,2016-11-07,0930,019831,,1,1,9,4200,0,1,2,,1,030,"US-101 SB (EL CAMINO REAL)","LAS VARAS CANYON ROAD",2031.00,N,N,A,-,Y,,,101,,,,,,S,Y,4,0,1,2,A,-,07,21658,A,N,B,C,A,A,H,-,A,D,0,,,,,Y,,D,22,0,0,1,0,0,0,0,0,0,"- ","- ",34.457099999999997,-119.97983000000001,"SANTA BARBARA",UNINCORPORATED,-119.97982239,34.457152229999998
9032617,2019,2020-02-05,4204,2019-12-31,0859,90415,14,2,5,5,4204,0,0,0,,0,003,"STOWELL RD","MILLER ST",0.00,,Y,A,-,N,,,,,,,,,,Y,4,0,2,3,A,-,03,22350,,F,C,C,A,A,H,-,A,A,0,,,,,Y,,A,01,0,0,2,0,0,0,0,0,0,"- ","- ",34.937198638916016,-120.43166351318359,"SANTA BARBARA","SANTA MARIA",-120.43160247802734,34.938480377197266
9032621,2019,2020-02-28,4204,2019-12-22,1744,90685,22,7,5,5,4204,0,0,0,,0,003,"THORNBURG ST","CARMEN LN",200.00,S,N,C,-,N,,,,,,,,,,Y,4,0,1,1,A,-,01,23152,A,N,E,I,A,B,H,-,C,D,0,,,,,Y,Y,A,01,0,0,1,0,0,0,0,0,0,"- ","- ",,,"SANTA BARBARA","SANTA MARIA",-120.44063568115234,34.924358367919922
90326680,2016,2016-11-21,9760,2016-11-09,1429,018431,,3,2,9,4200,0,2,4,,2,026,"CATHEDRAL OAKS RD.","COUNTY DUMP RD.",2.00,E,N,A,-,N,,,,,,,,,,N,4,0,1,2,A,-,08,22107,,F,G,B,E,A,D,-,A,A,0,Y,,,,Y,,A,01,0,0,1,0,1,0,0,0,0,"- ","- ",34.450519999999997,-119.77202,"SANTA BARBARA",UNINCORPORATED,,
90326833,2016,2016-11-22,9760,2016-11-11,1345,017253,,5,1,9,4200,0,1,2,,2,010,"US-101 S/B","SAN YSIDRO RD",365.00,N,N,A,-,Y,,,101,,,,,,S,Y,4,0,1,1,A,-,08,22107,,N,E,I,A,A,H,-,A,D,0,,,,,Y,,A,01,0,0,1,0,0,0,0,0,0,"- ","- ",34.422469999999997,-119.63273,"SANTA BARBARA",UNINCORPORATED,-119.63272225,34.422546650000001
90331615,2016,2016-11-29,9760,2016-11-18,1744,020366,,5,2,9,4200,0,1,3,,1,014,"SR-192 (FOOTHILL RD.)","TYE ROAD",7.00,W,N,A,-,Y,,,192,,,,,,,N,3,0,2,2,A,-,03,22350,,N,C,C,A,A,H,-,B,D,0,,,Y,,Y,,A,01,0,2,0,0,0,0,0,0,2,"- ","- ",34.446559999999998,-119.71980000000001,"SANTA BARBARA",UNINCORPORATED,-119.71979999,34.44657892
90335252,2016,2016-12-01,9750,2016-11-30,1645,017616,,3,2,9,4200,0,1,2,,2,002,"US-101 N/B (EL CAMINO REAL)","CLARK AVENUE",2640.00,S,N,A,-,Y,,,101,,,,,,N,N,4,0,1,2,A,-,03,22350,,N,C,C,A,A,H,-,B,D,0,,,,,Y,,D,22,0,0,1,0,0,0,0,0,0,"- ","- ",34.859540000000003,-120.39138,"SANTA BARBARA",UNINCORPORATED,-120.39110094,34.859785379999998
90336177,2016,2016-12-05,9760,2016-11-22,2050,020473,,2,2,9,4200,0,2,4,,2,026,"CATHEDRAL OAKS RD","EL RODEO RD.",420.00,E,N,A,-,Y,,,,,,,,,,Y,4,0,2,2,A,-,05,21460,A,N,B,C,A,A,H,-,D,D,0,,,,,Y,,D,22,0,0,2,0,0,0,0,0,0,"- ","- ",34.452199999999998,-119.7848,"SANTA BARBARA",UNINCORPORATED,-119.78490386999999,34.452065830000002
90337310,2016,2016-12-06,9760,2016-11-21,0215,021300,,1,3,5,4203,0,1,2,,2,020,"US-101 N/B TO HOPE AVE","US-101 N/B",95.00,E,N,A,-,Y,,,101,,,,R,,N,Y,2,0,1,1,A,-,01,23152,A,N,E,I,A,B,H,-,C,D,0,,,,,Y,Y,A,01,1,0,0,0,0,0,0,0,0,"- ","- ",34.433799999999998,-119.74782,"SANTA BARBARA","SANTA BARBARA",-119.74782,34.433799999999998
90340795,2016,2016-12-08,9760,2016-11-26,1245,019831,,6,1,9,4200,0,3,5,,2,002,"OLD SAN MARCOS ROAD","VIA PARVA",1934.00,N,N,C,-,N,,,,,,,,,,Y,3,0,1,1,A,-,08,22107,,N,E,I,A,B,H,-,A,D,0,,,,,Y,,A,01,0,1,0,0,0,0,0,0,0,"- ","- ",34.462670000000003,-119.79664,"SANTA BARBARA",UNINCORPORATED,-119.79653132999999,34.462694519999999
9034615,2019,2020-03-11,4204,2019-12-29,1136,90972,P082,7,5,5,4204,0,0,0,,0,003,"BETTERAVIA RD","COLLEGE DR",0.00,,Y,A,-,N,,,,,,,,,,N,4,0,1,3,A,-,03,22350,A,N,C,C,A,A,H,-,A,A,0,,,,,Y,,A,01,0,0,1,0,0,0,0,0,0,"- ","- ",34.923480987548828,-120.42566680908203,"SANTA BARBARA","SANTA MARIA",-120.42563629150391,34.923751831054688
90348467,2016,2016-12-20,9760,2016-12-08,2100,020965,,4,2,9,4200,0,3,5,,2,005,"CAMINO PESCADERO","PARDALL RD",0.00,,Y,A,-,Y,,,,,,,,,,N,4,0,1,2,A,-,10,21950,A,M,G,B,B,A,H,-,C,D,0,Y,,,,Y,,-,99,0,0,1,0,1,0,0,0,0,"- ","- ",34.413139999999999,-119.8587,"SANTA BARBARA",UNINCORPORATED,-119.85868997,34.413120050000003
90348686,2016,2016-12-20,9760,2016-12-07,1102,021476,,3,1,9,4200,0,3,5,,2,005,"CAMINO PESCADERO","ABREGO RD",0.00,,Y,A,-,N,,,,,,,,,,N,4,0,1,2,A,-,08,22100,B,N,H,G,A,A,H,-,A,D,0,,Y,,,Y,,L,04,0,0,1,0,0,0,1,0,0,"- ","- ",34.414380000000001,-119.85866,"SANTA BARBARA",UNINCORPORATED,-119.85869999000001,34.414150059999997
9035017,2020,2020-09-24,4203,2020-01-18,1818,24802,56,6,5,5,4203,0,0,0,,0,005,"RT 154","CALLE REAL",0.00,,Y,A,-,Y,SB,5,154,-,-,32.250,I,5,W,N,3,0,1,2,A,-,12,21453,A,N,D,G,A,A,H,-,C,A,0,,Y,,,Y,,A,07,0,1,0,0,0,0,1,0,0,"- ","- ",34.441699981689453,-119.75990295410156,"SANTA BARBARA","SANTA BARBARA",-119.760009765625,34.441196441650391
9035161,2020,2020-09-24,4204,2020-02-10,0709,90415,,1,5,5,4204,0,0,0,,0,,BROADWAY,"ENOS DR",0.00,,Y,A,-,Y,SB,5,135,-,-,14.470,I,5,N,N,4,0,1,2,A,-,12,21453,A,N,D,C,A,A,H,-,A,A,0,,,,,Y,,A,01,0,0,1,0,0,0,0,0,0,"- ","- ",34.934108734130859,-120.43611145019531,"SANTA BARBARA","SANTA MARIA",-120.43592071533203,34.934112548828125
90351882,2016,2016-12-27,9760,2016-12-11,1645,020908,,7,2,9,4200,0,2,4,,2,026,"CATHEDRAL OAKS ROAD","RIBERA DRIVE",0.00,,Y,A,-,N,,,,,,,,,,N,3,0,1,2,A,-,03,22350,,N,H,G,A,A,H,-,B,A,0,,Y,,,Y,,A,08,0,1,0,0,0,0,1,0,0,"- ","- ",34.451549999999997,-119.79996,"SANTA BARBARA",UNINCORPORATED,-119.79994993,34.451550060000002
9035512,2020,2020-08-26,4203,2020-07-02,1249,24576,51,4,5,5,4203,0,0,0,,0,005,"FOOTHILL RD","ALAMAR AV",0.00,,Y,A,-,Y,,,192,,,,,,,Y,3,0,2,2,A,-,09,21801,A,N,D,C,A,A,H,-,A,A,0,,,,,Y,,A,01,0,2,0,0,0,0,0,0,0,"- ","- ",34.446769714355469,-119.72457885742188,"SANTA BARBARA","SANTA BARBARA",-119.72457885742188,34.446765899658203
90357460,2016,2016-12-29,9750,2016-10-25,0628,014358,,2,1,9,4200,0,1,3,,1,062,"STATE ROUTE 166","TEPUSQUET ROAD",2112.00,W,N,A,-,Y,,,,,,,,,,Y,1,1,1,2,A,-,05,21460,A,N,A,C,A,A,H,-,D,D,0,,,,Y,Y,,A,08,0,1,0,0,0,0,0,0,0,"- ","- ",35.011600000000001,-120.12529000000001,"SANTA BARBARA",UNINCORPORATED,,
90359687,2017,2017-01-03,9755,2017-01-01,0704,014934,,7,1,9,4200,0,1,3,,2,041,"SR-246 W/B","DRIVEWAY FOR 801 E. SR-246",195.00,W,N,A,-,Y,,,246,,,,,,W,Y,3,0,2,1,A,-,05,21650,,N,E,I,A,A,H,-,B,D,0,,,,,Y,,A,01,0,1,1,0,0,0,0,0,0,"- ","- ",34.604329999999997,-120.1717,"SANTA BARBARA",UNINCORPORATED,-120.17163897,34.604464899999996
9036024,2020,2020-03-13,4200,2020-01-10,1714,3077,GOLET,5,5,4,4214,0,0,0,,0,SANTA,"PATTERSON AV","DEBBIE RD",543.00,S,N,A,-,N,,,,,,,,,,Y,3,0,4,2,A,-,09,21801,A,N,D,C,A,A,H,-,C,D,0,,,,,Y,,A,01,0,1,3,0,0,0,0,0,0,"- ","- ",,,"SANTA BARBARA",GOLETA,-119.80890655517578,34.4365234375
90362533,2016,2017-01-23,9760,2016-07-11,1520,018264,,1,2,5,4203,0,1,2,,2,011,"US-101 SOUTHBOUND","CABRILLO BLVD",16.00,S,N,A,-,Y,,,101,,,,,,S,Y,1,1,0,3,A,-,03,22350,,N,C,C,A,A,H,-,A,D,0,,,Y,Y,Y,,C,02,0,0,0,0,0,0,0,1,0,"- ","- ",34.421289999999999,-119.65016,"SANTA BARBARA","SANTA BARBARA",-119.65019506,34.421145119999998
90363498,2017,2017-01-06,9750,2017-01-05,0548,014820,,4,3,9,4200,0,3,5,,2,010,"SIMAS RD",SR-166,1056.00,N,N,B,C,N,,,,,,,,,,Y,4,0,1,2,A,-,21,22106,,N,H,C,A,B,H,-,D,D,0,,,,,Y,,A,01,0,0,1,0,0,0,0,0,0,"- ","- ",34.960279999999997,-120.55822999999999,"SANTA BARBARA",UNINCORPORATED,-120.558212,34.960318999999998
90364866,2017,2017-01-09,9750,2017-01-02,1912,015916,,1,2,9,4200,0,1,3,,1,021,"SR-135 S/B (ORCUTT EXPRESSWAY)","UNION VALLEY PARKWAY",0.00,,Y,A,-,Y,,,135,,,,,,S,Y,4,0,4,2,A,-,09,21453,C,N,A,C,A,A,H,-,C,A,0,,,,,Y,,A,01,0,0,4,0,0,0,0,0,0,"- ","- ",34.87959,-120.43653999999999,"SANTA BARBARA",UNINCORPORATED,-120.43667467,34.87959043
9036562,2019,2020-06-30,4202,2019-12-13,1300,239,LOMPO,5,5,4,4202,0,0,0,,0,,"RT 1","NORTH AV",574.00,N,N,A,-,Y,SB,5,1,-,-,21.670,H,-,S,N,3,0,1,2,A,-,11,21950,B,N,G,B,E,A,-,-,A,D,0,Y,,,,Y,,N,60,0,1,0,0,1,0,0,0,0,"- ","- ",,,"SANTA BARBARA",LOMPOC,-120.45774841308594,34.655025482177734
90365694,2017,2017-01-10,9755,2017-01-05,0650,015281,,4,1,9,4200,0,1,2,,2,004,"UNITED STATES HIGHWAY 101","GAVIOTA BEACH ROAD",1056.00,N,N,C,-,Y,,,101,,,,,,,Y,4,0,1,1,A,-,03,22350,,N,E,I,A,B,H,-,D,D,0,,,,,Y,,A,01,0,0,1,0,0,0,0,0,0,"- ","- ",34.486829999999998,-120.22766,"SANTA BARBARA",UNINCORPORATED,-120.22762556000001,34.486795950000001
90366302,2017,2017-03-21,9750,2017-01-06,1220,014358,,5,1,9,4200,0,1,3,,1,021,"STATE ROUTE 135","UNION VALLEY PARKWAY",0.00,,Y,A,-,Y,,,135,,,,,,,Y,3,0,2,4,A,-,12,21453,A,N,D,C,A,A,H,-,A,A,0,,,,,Y,,A,01,0,1,1,0,0,0,0,0,0,"- ","- ",34.879919999999998,-120.4366,"SANTA BARBARA",UNINCORPORATED,-120.43667361999999,34.879920239999997
90367401,2017,2017-01-11,9750,2017-01-09,2200,015915,,1,3,9,4200,0,3,5,,2,030,"PALMER ROAD","CAT CANYON RD",528.00,N,N,B,-,N,,,,,,,,,,Y,4,0,1,1,A,-,08,22107,,N,E,I,A,B,H,-,D,A,0,,,,,Y,,A,07,0,0,1,0,0,0,0,0,0,"- ","- ",34.839889999999997,-120.30434,"SANTA BARBARA",UNINCORPORATED,-120.3081495,34.839819110000001
90370933,2017,2017-01-17,9755,2017-01-14,1225,017378,,6,1,9,4200,0,3,5,,2,050,"SAN MIGUELITO RD","W. WILLOW ST.",2640.00,S,N,A,-,N,,,,,,,,,,N,4,0,1,1,A,-,08,22107,,N,F,A,A,A,H,-,A,D,0,,,Y,,Y,,C,02,0,0,1,0,0,0,0,0,1,"- ","- ",34.6248,-120.4581,"SANTA BARBARA",UNINCORPORATED,-120.45820672000001,34.624056009999997
90372224,2017,2017-01-18,9755,2017-01-11,0622,015973,,3,1,9,4200,0,1,3,,1,055,SR-1,"FIREFIGHTER RD",3696.00,N,N,B,C,Y,,,1,,,,,,,Y,2,0,3,4,C,-,18,,,N,D,C,A,B,H,-,C,D,0,,,,,Y,,-,"- ",1,1,1,0,0,0,0,0,0,"- ","- ",34.774569999999997,-120.50491,"SANTA BARBARA",UNINCORPORATED,-120.504907,34.774606009999999