CASE_ID,ACCIDENT_YEAR,PROC_DATE,JURIS,COLLISION_DATE,COLLISION_TIME,OFFICER_ID,REPORTING_DISTRICT,DAY_OF_WEEK,CHP_SHIFT,POPULATION,CNTY_CITY_LOC,SPECIAL_COND,BEAT_TYPE,CHP_BEAT_TYPE,CITY_DIVISION_LAPD,CHP_BEAT_CLASS,BEAT_NUMBER,PRIMARY_RD,SECONDARY_RD,DISTANCE,DIRECTION,INTERSECTION,WEATHER_1,WEATHER_2,STATE_HWY_IND,CALTRANS_COUNTY,CALTRANS_DISTRICT,STATE_ROUTE,ROUTE_SUFFIX,POSTMILE_PREFIX,POSTMILE,LOCATION_TYPE,RAMP_INTERSECTION,SIDE_OF_HWY,TOW_AWAY,COLLISION_SEVERITY,NUMBER_KILLED,NUMBER_INJURED,PARTY_COUNT,PRIMARY_COLL_FACTOR,PCF_CODE_OF_VIOL,PCF_VIOL_CATEGORY,PCF_VIOLATION,PCF_VIOL_SUBSECTION,HIT_AND_RUN,TYPE_OF_COLLISION,MVIW,PED_ACTION,ROAD_SURFACE,ROAD_COND_1,ROAD_COND_2,LIGHTING,CONTROL_DEVICE,CHP_ROAD_TYPE,PEDESTRIAN_ACCIDENT,BICYCLE_ACCIDENT,MOTORCYCLE_ACCIDENT,TRUCK_ACCIDENT,NOT_PRIVATE_PROPERTY,ALCOHOL_INVOLVED,STWD_VEHTYPE_AT_FAULT,CHP_VEHTYPE_AT_FAULT,COUNT_SEVERE_INJ,COUNT_VISIBLE_INJ,COUNT_COMPLAINT_PAIN,COUNT_PED_KILLED,COUNT_PED_INJURED,COUNT_BICYCLIST_KILLED,COUNT_BICYCLIST_INJURED,COUNT_MC_KILLED,COUNT_MC_INJURED,PRIMARY_RAMP,SECONDARY_RAMP,LATITUDE,LONGITUDE,COUNTY,CITY,POINT_X,POINT_Y
90373403,2017,2017-03-31,9760,2017-01-06,1220,020965,,5,1,9,4200,0,2,4,,1,021,"HOLLISTER AVE","WALNUT LN",400.00,W,N,A,-,N,,,,,,,,,,N,4,0,1,2,A,-,12,21453,A,N,B,C,A,A,H,-,A,A,0,,,,,Y,,A,01,0,0,1,0,0,0,0,0,0,"- ","- ",34.434849999999997,-119.80355,"SANTA BARBARA",UNINCORPORATED,-119.80356546,34.434959679999999
90375084,2017,2017-01-23,9750,2017-01-19,1750,017379,,4,2,9,4200,0,3,5,,2,020,"HILLVIEW RD.","FRANCINE LN.",18.00,N,N,B,-,N,,,,,,,,,,Y,4,0,1,2,A,-,08,22107,,N,C,E,A,A,H,-,D,D,0,,,,,Y,,A,01,0,0,1,0,0,0,0,0,0,"- ","- ",34.892620000000001,-120.42529,"SANTA BARBARA",UNINCORPORATED,-120.42520069,34.892569440000003
90380044,2017,2017-01-27,9755,2017-01-23,0545,013618,,1,3,9,4200,0,1,3,,1,055,"RT 1","SANTA LUCIA CYN",0.00,,N,C,F,Y,,,1,,,,,,,Y,3,0,1,1,C,-,18,,,N,E,I,A,D,G,-,D,D,0,,,,,Y,,-,"- ",0,1,0,0,0,0,0,0,0,"- ","- ",34.720120000000001,-120.49124,"SANTA BARBARA",UNINCORPORATED,-120.49129662999999,34.720066660000001
90381130,2017,2017-03-22,9755,2017-01-19,1518,015973,,4,2,9,4200,0,1,3,,1,053,SR-246,"TULAROSA RD",198.00,W,N,B,-,Y,,,246,,,,,,,Y,4,0,2,3,A,-,03,22350,,N,C,C,A,B,H,-,A,D,0,,,,,Y,,I,11,0,0,2,0,0,0,0,0,0,"- ","- ",34.664189999999998,-120.37066,"SANTA BARBARA",UNINCORPORATED,-120.37065749,34.664621250000003
90381886,2017,2017-01-30,9760,2017-01-23,1525,021431,,1,2,5,4203,0,1,2,,2,011,"US 101 NB TO MISSION ST","MISSION ST",250.00,S,N,B,-,Y,,,,,,,,,,Y,4,0,1,2,A,-,01,23152,A,N,C,C,A,B,H,-,A,A,0,,,,,Y,Y,D,22,0,0,1,0,0,0,0,0,0,"- ","- ",34.425170000000001,-119.71935000000001,"SANTA BARBARA","SANTA BARBARA",-119.71960579,34.425095489999997
90382676,2017,2017-01-31,9760,2017-01-30,0830,019831,,1,1,4,4214,0,2,4,,1,021,"HOLLISTER AVENUE","PUENTE DRIVE",12.00,E,N,A,-,N,,,,,,,,,,Y,4,0,1,2,A,-,03,22350,,N,C,C,A,A,H,-,A,A,0,,,,,Y,,A,01,0,0,1,0,0,0,0,0,0,"- ","- ",34.437719999999999,-119.78363,"SANTA BARBARA",GOLETA,-119.78370117999999,34.437697149999998
9038326,2020,2020-03-25,4200,2020-01-24,2230,5412,6,5,5,2,4206,0,0,0,,0,010,"FREDENSBORG CANYON RD","ATTERDAG RD",136.00,N,N,A,-,N,,,,,,,,,,Y,3,0,1,1,A,-,01,23152,A,N,F,I,A,A,H,-,D,D,0,,,,,Y,Y,D,22,0,1,0,0,0,0,0,0,0,"- ","- ",,,"SANTA BARBARA",SOLVANG,,
90384475,2017,2017-02-02,9755,2017-01-31,1555,012436,,2,2,9,4200,0,1,3,,1,051,SR-1,"SANTA ROSA ROAD",5280.00,S,N,A,-,Y,,,1,,,,,,,Y,4,0,2,1,A,-,08,22107,,N,E,I,A,A,H,-,A,D,0,,,,,Y,,A,01,0,0,2,0,0,0,0,0,0,"- ","- ",34.609769999999997,-120.42095,"SANTA BARBARA",UNINCORPORATED,-120.42100086000001,34.60967042
90389937,2017,2017-02-09,9750,2017-02-03,1035,019656,,5,1,9,4200,0,1,3,,1,011,"SR-166 E/B","HANSON WAY",1584.00,W,N,C,-,Y,,,166,,,,,,E,Y,3,0,1,1,A,-,08,22107,,N,E,I,A,B,H,-,A,D,0,,,,,Y,,A,01,0,1,0,0,0,0,0,0,0,"- ","- ",34.953299999999999,-120.46196999999999,"SANTA BARBARA",UNINCORPORATED,-120.46196843,34.953370450000001
9039280,2019,2020-06-30,4202,2019-09-06,1404,234,4202,5,5,4,4202,0,0,0,,0,,"GEORGE MILLER DR","RT 1",11.00,W,N,A,-,Y,SB,5,1,-,-,22.463,I,6,S,N,3,0,1,2,A,-,05,21650,,N,D,G,A,A,H,-,A,A,0,,Y,,,Y,,-,,0,1,0,0,0,0,1,0,0,"- ","- ",,,"SANTA BARBARA",LOMPOC,-120.45774078369141,34.666500091552734
90395418,2017,2017-02-17,9750,2017-02-14,1000,016170,,2,1,5,4204,0,1,2,,2,001,"S/B US-101 OFF TO STOWELL RD.","COLLEGE DR.",20.00,E,N,A,-,Y,,,101,,,,R,,,N,4,0,2,2,A,-,03,22350,,N,C,C,A,A,H,-,A,A,0,,,,,Y,,A,08,0,0,2,0,0,0,0,0,0,"- ","- ",34.936070000000001,-120.41869,"SANTA BARBARA","SANTA MARIA",-120.41869,34.936070000000001
90398005,2017,2017-02-22,9750,2017-02-16,1929,017910,,4,2,9,4200,0,3,5,,2,020,"UNION VALLEY PARKWAY","BRADLEY ROAD",0.00,,Y,B,C,N,,,,,,,,,,Y,4,0,1,2,A,-,09,21453,C,F,A,C,A,B,H,-,C,A,0,,,,,Y,,D,22,0,0,1,0,0,0,0,0,0,"- ","- ",34.879539999999999,-120.41873,"SANTA BARBARA",UNINCORPORATED,-120.41869994,34.879360030000001
90399576,2017,2017-02-24,9750,2017-02-16,1132,014358,,4,1,9,4200,0,3,5,,2,010,"SIMAS ROAD","RT 166",2112.00,N,N,C,-,N,,,,,,,,,,Y,3,0,1,1,A,-,01,23152,A,N,E,I,A,B,H,-,A,D,0,,,,,Y,Y,A,07,0,1,0,0,0,0,0,0,0,"- ","- ",34.965130000000002,-120.55828,"SANTA BARBARA",UNINCORPORATED,-120.558193,34.963217999999998
90399643,2017,2017-02-24,9750,2017-02-17,1055,018454,,5,1,9,4200,0,1,2,,2,001,US-101,"STOWELL RD",1056.00,S,N,B,C,Y,,,,,,,,,,Y,4,0,1,2,A,-,03,22350,,N,C,C,A,B,H,-,A,D,0,,,,,Y,,A,01,0,0,1,0,0,0,0,0,0,"- ","- ",34.931980000000003,-120.41566,"SANTA BARBARA",UNINCORPORATED,-120.41792938,34.935429679999999
90404722,2017,2017-03-02,9755,2017-03-01,1640,016058,,3,2,9,4200,0,1,3,,1,053,SR-246,"CEBADA CANYON RD",3168.00,E,N,A,-,Y,,,246,,,,,,,Y,4,0,1,2,A,-,03,22350,,N,C,C,A,A,H,-,A,D,0,,,,,Y,,A,07,0,0,1,0,0,0,0,0,0,"- ","- ",34.664749999999998,-120.38879,"SANTA BARBARA",UNINCORPORATED,-120.38879022,34.664694330000003
90406913,2017,2017-03-07,9760,2017-02-23,0825,019831,,4,1,9,4200,0,1,2,,2,010,"US-101 NORTHBOUND (EL CAMINO REAL)","SANTA CLAUS LANE",5.00,S,N,A,-,Y,,,101,,,,,,N,Y,4,0,1,1,A,-,08,22107,,N,E,I,A,A,H,-,A,D,0,,,,,Y,,A,01,0,0,1,0,0,0,0,0,0,"- ","- ",34.410769999999999,-119.55314,"SANTA BARBARA",UNINCORPORATED,-119.55302446,34.410931239999996
9040698,2020,2020-03-18,4200,2020-01-14,1500,5067,6,2,5,2,4206,0,0,0,,0,,"MAPLE AV","ALISAL RD",164.00,W,N,A,-,N,,,,,,,,,,N,3,0,1,2,A,-,21,22106,,N,D,C,A,A,H,-,A,D,0,,,,,Y,,A,01,0,1,0,0,0,0,0,0,0,"- ","- ",,,"SANTA BARBARA",SOLVANG,-120.1378173828125,34.597431182861328
90407629,2017,2017-03-07,9750,2017-02-26,0630,014753,,7,1,9,4200,0,1,3,,1,062,"STATE ROUTE 166","CABLE CORRAL ROAD (ROCK FRONT RANCH)",145.00,W,N,B,-,Y,,,166,,,,,,,Y,2,0,3,2,D,-,00,,,N,F,A,A,B,H,-,B,D,0,,,,,Y,,-,"- ",1,2,0,0,0,0,0,0,0,"- ","- ",35.11083,-120.09568,"SANTA BARBARA",UNINCORPORATED,-120.09564794000001,35.110728250000001
90407796,2017,2017-03-08,9760,2017-02-26,1238,019464,,7,1,9,4200,0,3,5,,2,005,"CAMINO DEL SUR","SUENO ROAD",189.00,N,N,B,-,N,,,,,,,,,,Y,4,0,1,2,A,-,09,21801,A,N,A,C,A,A,H,-,A,D,0,,,,,Y,,A,01,0,0,1,0,0,0,0,0,0,"- ","- ",34.413179999999997,-119.86261,"SANTA BARBARA",UNINCORPORATED,-119.86257000000001,34.413178989999999
90408752,2017,2017-03-08,9760,2017-02-24,0705,020029,,5,1,9,4200,0,1,2,,2,010,"US-101 NORTHBOUND","SANTA YNEZ AVE",500.00,S,N,A,-,Y,,,,,,,,,,Y,4,0,1,2,A,-,03,22350,,N,C,C,A,A,H,-,A,D,0,,,,,Y,,A,01,0,0,1,0,0,0,0,0,0,"- ","- ",34.40204,-119.52200999999999,"SANTA BARBARA",UNINCORPORATED,-119.52499238999999,34.40308589
90413207,2017,2017-03-15,9755,2017-03-15,1010,015281,,3,1,9,4200,0,1,3,,1,042,"STATE ROUTE 154","STAGECOACH ROAD",7920.00,W,N,A,-,Y,,,154,,,,,,,Y,3,0,2,2,A,-,08,22107,,N,B,C,A,A,H,-,A,D,0,,,,Y,Y,,F,26,0,2,0,0,0,0,0,0,0,"- ","- ",34.549419999999998,-119.90665,"SANTA BARBARA",UNINCORPORATED,-119.90662469,34.549532640000002
90415397,2017,2017-03-20,9760,2017-03-01,0150,020473,,3,3,4,4214,0,1,2,,2,020,"US-101 S/B","PATTERSON AVE",2000.00,N,N,A,-,Y,,,101,,,,,,S,Y,3,0,1,2,A,-,01,23152,A,F,B,C,A,A,H,-,C,D,0,,,,,Y,Y,D,22,0,1,0,0,0,0,0,0,0,"- ","- ",34.440910000000002,-119.81592000000001,"SANTA BARBARA",GOLETA,-119.81592802999999,34.44098391
90415414,2017,2017-03-20,9750,2017-03-14,2010,016874,,2,2,9,4200,0,3,5,,2,020,"BELL STREET","DEN STREET",25.00,N,N,A,B,N,,,,,,,,,,Y,4,0,2,2,A,-,08,22107,,N,D,C,A,A,H,-,C,D,0,,,,,Y,Y,A,01,0,0,2,0,0,0,0,0,0,"- ","- ",34.744250000000001,-120.28323,"SANTA BARBARA",UNINCORPORATED,-120.28312699999999,34.744376000000003
90415801,2017,2017-03-20,9760,2017-03-03,0800,021531,,5,1,9,4200,0,3,5,,2,001,"SPRING ROAD E/B","OLIVE MILL RD",0.00,,Y,A,-,N,,,,,,,,,,Y,4,0,1,1,A,-,03,22350,,N,E,I,A,A,H,-,A,A,0,,,,,Y,,A,08,0,0,1,0,0,0,0,0,0,"- ","- ",34.419440000000002,-119.64,"SANTA BARBARA",UNINCORPORATED,-119.64004987,34.419440039999998
90415901,2017,2017-03-20,9760,2017-03-15,1610,018418,,3,2,9,4200,0,3,5,,2,001,"NORTH JAMESON LANE","SHEFFIELD DR",0.00,,Y,A,-,N,,,,,,,,,,Y,4,0,1,2,A,-,09,21801,A,N,A,C,A,A,H,-,A,D,0,,,,,Y,,A,08,0,0,1,0,0,0,0,0,0,"- ","- ",,,"SANTA BARBARA",UNINCORPORATED,-119.61249995999999,34.422300100000001
90417155,2017,2017-03-22,9760,2017-02-13,1750,020964,,1,2,9,4200,0,1,2,,1,030,"US-101 N/B","DOS PUEBLOS CANYON RD",2640.00,S,N,A,-,Y,,,101,,,,,,N,Y,2,0,1,1,A,-,08,22107,,N,F,A,A,A,H,-,B,D,0,,,,,Y,,A,01,1,0,0,0,0,0,0,0,0,"- ","- ",34.442909999999998,-119.95244,"SANTA BARBARA",UNINCORPORATED,-119.95231902,34.443222560000002
90417337,2017,2017-03-22,9760,2017-03-10,2255,021431,,5,3,5,4203,0,1,2,,2,020,"US-101 S/B","LAS POSITAS RD",500.00,N,N,A,-,Y,,,101,,,,,,S,N,4,0,1,2,A,-,07,21658,A,N,B,C,A,A,H,-,D,D,0,,,,,Y,,A,01,0,0,1,0,0,0,0,0,0,"- ","- ",34.428109999999997,-119.73565000000001,"SANTA BARBARA","SANTA BARBARA",-119.73564954,34.428116240000001
90418107,2017,2017-03-23,9760,2017-03-12,1630,020964,,7,2,9,4200,0,3,5,,2,002,"LA CUMBRE RD","HAROLD AVE.",0.00,,Y,A,-,N,,,,,,,,,,N,4,0,1,1,A,-,08,22107,,M,E,I,A,A,H,-,A,D,0,,,,,Y,,D,22,0,0,1,0,0,0,0,0,0,"- ","- ",34.450020000000002,-119.75118000000001,"SANTA BARBARA",UNINCORPORATED,-119.75104999,34.450090090000003
90418140,2017,2017-03-23,9760,2017-03-12,1620,021061,,7,2,9,4200,0,1,2,,2,010,"US-101 S/B","SAN YSIDRO RD.",480.00,N,N,A,-,Y,,,101,,,,,,S,Y,3,0,2,2,A,-,08,22107,,N,C,C,A,A,H,-,A,D,0,,,Y,,Y,,C,02,0,2,0,0,0,0,0,0,2,"- ","- ",34.422580000000004,-119.63307,"SANTA BARBARA",UNINCORPORATED,-119.63307005,34.42257901
90421760,2017,2017-03-27,9750,2017-03-26,0640,015915,,7,1,9,4200,0,1,2,,2,003,"US 101 N/B","ALISOS CANYON ROAD",11088.00,S,N,B,-,Y,,,,,,,,,,Y,3,0,2,2,A,-,03,22350,,N,C,C,A,A,H,-,B,D,0,,,,,Y,,A,01,0,2,0,0,0,0,0,0,0,"- ","- ",34.718350000000001,-120.20101,"SANTA BARBARA",UNINCORPORATED,-120.20370115,34.718585150000003
90425088,2017,2017-03-31,9750,2017-03-27,0800,015915,,1,1,9,4200,0,1,3,,1,022,"SR-1 S/B","SAN ANTONIO ROAD WEST",528.00,S,N,A,-,Y,,,1,,,,,,S,Y,4,0,1,2,A,-,03,22350,,N,C,C,A,A,H,-,A,D,0,,,,,Y,,A,01,0,0,1,0,0,0,0,0,0,"- ","- ",34.775019999999998,-120.4999,"SANTA BARBARA",UNINCORPORATED,-120.49990767,34.775058080000001
90428799,2017,2017-04-06,9760,2017-03-25,1415,020908,,6,2,9,4200,0,3,5,,2,001,"FOOTHILL ROAD","TORO CANYON ROAD",50.00,E,N,A,-,N,,,,,,,,,,Y,4,0,1,1,A,-,08,22107,,N,F,A,A,A,H,-,A,D,0,,,Y,,Y,,C,02,0,0,1,0,0,0,0,0,1,"- ","- ",34.426929999999999,-119.57477,"SANTA BARBARA",UNINCORPORATED,-119.57460724000001,34.426870360000002
90437169,2017,2017-04-18,9760,2017-04-06,0852,021476,,4,1,9,4200,0,3,5,,2,005,"CERVANTES ROAD","EMBARCADERO DEL MAR",190.00,E,N,B,-,N,,,,,,,,,,N,3,0,1,2,A,-,09,21804,A,N,H,G,A,A,H,-,A,D,0,,Y,,,Y,,L,04,0,1,0,0,0,0,1,0,0,"- ","- ",34.416440000000001,-119.85635000000001,"SANTA BARBARA",UNINCORPORATED,-119.85639045000001,34.416409999999999
90438293,2017,2017-05-23,9760,2017-04-08,1425,020908,,6,2,9,4200,0,3,5,,2,005,"CAMINO CORTO","TRIGO ROAD",50.00,N,N,A,-,N,,,,,,,,,,N,3,0,1,2,A,-,17,21200,,N,H,E,A,A,H,-,A,D,0,,Y,,,Y,Y,L,04,0,1,0,0,0,0,1,0,0,"- ","- ",34.411200000000001,-119.86642999999999,"SANTA BARBARA",UNINCORPORATED,-119.86642999999999,34.411287299999998
90439932,2017,2017-04-24,9750,2017-04-17,0850,015915,,1,1,9,4200,0,1,3,,1,011,"SR-166 E/B","SIMAS ROAD",2640.00,E,N,B,C,Y,,,,,,,,,,Y,3,0,1,1,A,-,08,22107,,N,F,A,A,B,H,-,A,D,0,,,,,Y,,A,07,0,1,0,0,0,0,0,0,0,"- ","- ",34.881500000000003,-120.49756000000001,"SANTA BARBARA",UNINCORPORATED,,
90441036,2017,2017-04-24,9755,2017-04-20,2139,017378,,4,2,9,4200,0,3,5,,2,040,"EDISON ST.","BASELINE AVE",1584.00,S,N,A,-,N,,,,,,,,,,Y,4,0,1,2,A,-,08,22107,,N,A,C,A,A,H,-,D,D,0,,,,Y,Y,,A,01,0,0,1,0,0,0,0,0,0,"- ","- ",34.629660000000001,-120.08043000000001,"SANTA BARBARA",UNINCORPORATED,-120.08043114,34.629372359999998
9044788,2020,2020-02-19,4203,2020-01-06,1327,8825,54,1,5,5,4203,0,0,0,,0,005,"CALLE REAL","HOPE AV",436.00,W,N,A,-,N,,,,,,,,,,Y,4,0,1,1,A,-,08,22107,,N,E,I,A,A,H,-,A,A,0,,,,,Y,,A,01,0,0,1,0,0,0,0,0,0,"- ","- ",34.433998107910156,-119.747802734375,"SANTA BARBARA","SANTA BARBARA",-119.74888610839844,34.434841156005859
90448015,2017,2017-05-03,9760,2017-04-24,0515,020964,,1,3,9,4200,0,1,3,,1,022,"SR-154 E/B","STAGECOACH ROAD",2640.00,E,N,E,-,Y,,,154,,,,,,E,Y,4,0,1,1,A,-,08,22107,,N,E,I,A,A,H,-,B,D,0,,,,,Y,,A,01,0,0,1,0,0,0,0,0,0,"- ","- ",34.5152,-119.82686,"SANTA BARBARA",UNINCORPORATED,-119.82687597,34.515150380000001
90448240,2017,2017-05-03,9760,2017-04-22,1420,021531,,6,2,9,4200,0,3,5,,2,005,"CAMINO CORTO S/B","PASADO ROAD",0.00,,Y,A,-,N,,,,,,,,,,N,3,0,1,2,A,-,11,21954,A,N,G,B,D,A,H,-,A,A,0,Y,,,,Y,,N,60,0,1,0,0,1,0,0,0,0,"- ","- ",34.411729999999999,-119.86648,"SANTA BARBARA",UNINCORPORATED,-119.86642994,34.411720019999997
90450586,2017,2017-08-15,9760,2017-05-06,1435,020483,,6,2,9,4200,0,3,5,,2,005,"EMBARCADERO DEL NORTE","PARDALL RD",0.00,,Y,A,G,N,,,,,,,,,,N,2,0,1,2,A,-,11,21954,A,N,G,B,E,A,H,-,A,D,0,Y,,,Y,Y,,N,60,1,0,0,0,1,0,0,0,0,"- ","- ",34.244700000000002,-119.5119,"SANTA BARBARA",UNINCORPORATED,-119.85538993999999,34.413090050000001
9045072,2020,2020-03-03,4204,2020-01-08,1430,90375,12,3,5,5,4204,0,0,0,,0,002,"BOONE ST","SCHOOL ST",0.00,,Y,A,-,N,,,,,,,,,,,3,0,1,3,A,-,08,22107,,N,H,G,A,A,H,-,A,D,0,,Y,,,Y,,A,07,0,1,0,0,0,0,1,0,0,"- ","- ",34.946800231933594,-120.43028259277344,"SANTA BARBARA","SANTA MARIA",-120.4300537109375,34.9468994140625
90457070,2017,2017-05-16,9755,2017-05-15,1230,017255,,1,1,9,4200,0,1,3,,1,042,"SR-154 E/B","LAKEVIEW DRIVE",1056.00,E,N,A,-,Y,,,154,,,,,,E,Y,4,0,2,2,A,-,03,22350,,N,C,C,A,A,D,-,A,D,0,,,,,Y,,A,01,0,0,2,0,0,0,0,0,0,"- ","- ",34.562109999999997,-119.9281,"SANTA BARBARA",UNINCORPORATED,-119.92810903,34.562079449999999
90459858,2017,2017-05-19,9760,2017-05-11,2130,020528,,4,2,9,4200,0,1,3,,1,014,"SR-192 (EAST VALLEY ROAD)","SYCAMORE CANYON ROAD",354.00,E,N,A,-,Y,,,192,,,,,,,Y,3,0,1,1,A,-,01,23152,G,N,E,I,A,A,H,-,D,D,0,,,,,Y,Y,A,01,0,1,0,0,0,0,0,0,0,"- ","- ",34.434510000000003,-119.64506,"SANTA BARBARA",UNINCORPORATED,-119.64505708999999,34.43450807
90460280,2017,2017-05-22,9760,2017-05-11,1545,018418,,4,2,9,4200,0,1,2,,2,010,"U.S. 101 S/B","SOUTH PADARO LANE",1000.00,S,N,A,-,Y,,,,,,,,,,Y,4,0,2,2,A,-,03,22350,,N,C,C,A,A,H,-,A,D,0,,,,,Y,,A,07,0,0,2,0,0,0,0,0,0,"- ","- ",34.407220000000002,-119.54814,"SANTA BARBARA",UNINCORPORATED,-119.57934753000001,34.415845150000003
90460697,2017,2017-05-22,9755,2017-05-19,0015,020777,,5,3,9,4200,0,3,5,,2,050,"PURISMA ROAD","RUCKER ROAD",3000.00,E,N,A,-,N,,,,,,,,,,Y,3,0,1,1,A,-,08,22107,,N,A,I,A,A,H,-,D,D,0,,,,,Y,,A,01,0,1,0,0,0,0,0,0,0,"- ","- ",34.671950000000002,-120.4299,"SANTA BARBARA",UNINCORPORATED,-120.43059809,34.672053599999998
90460846,2017,2017-05-22,9760,2017-05-08,0018,021431,,1,3,9,4200,0,1,2,,1,040,US-101,"ARROYO HONDO VISTA POINT",3300.00,N,N,A,-,Y,,,101,,,,,,,Y,3,0,1,1,A,-,08,22107,,N,E,I,A,A,H,-,D,D,0,,,,,Y,,A,01,0,1,0,0,0,0,0,0,0,"- ","- ",34.47419,-120.15132,"SANTA BARBARA",UNINCORPORATED,-120.15132076,34.474218790000002
90461545,2017,2017-05-23,9760,2017-05-19,1620,020965,,5,2,9,4200,0,3,5,,2,001,"OLIVE MILL RD","SAN BENITO WAY",0.00,,Y,A,-,N,,,,,,,,,,Y,4,0,2,3,A,-,09,21802,A,N,B,C,A,A,H,-,A,D,0,,,,,Y,,A,01,0,0,2,0,0,0,0,0,0,"- ","- ",34.423789999999997,-119.64001,"SANTA BARBARA",UNINCORPORATED,-119.6401699,34.42386011
90463090,2017,2017-05-24,9750,2017-05-20,0213,020510,,6,3,5,4204,0,1,2,,2,001,"US-101 N/B","SANTA MARIA WAY O/C",1789.00,N,N,A,-,Y,,,101,,,,,,N,Y,3,0,1,1,A,-,08,22107,,N,F,I,A,A,H,-,D,D,0,,,,,Y,,A,08,0,1,0,0,0,0,0,0,0,"- ","- ",34.896540000000002,-120.41793,"SANTA BARBARA","SANTA MARIA",-120.41812210000001,34.8965411
90466801,2017,2017-05-30,9760,2017-05-09,1535,020483,,2,2,9,4200,0,3,5,,2,002,"PATTERSON AVE.","UNIVERSITY DR.",0.00,,Y,B,-,N,,,,,,,,,,N,3,0,1,2,A,-,10,21950,A,N,G,B,B,A,H,-,A,A,0,Y,,,,Y,,A,01,0,1,0,0,1,0,0,0,0,"- ","- ",34.445300000000003,-119.80774,"SANTA BARBARA",UNINCORPORATED,-119.80783999000001,34.445350009999999
90468298,2017,2017-05-31,9750,2017-02-14,2157,018786,,2,2,9,4200,0,1,3,,1,023,SR-135,"BELL STREET",1500.00,W,N,A,-,Y,,,135,,,,,,,N,1,1,0,2,A,-,11,21954,A,N,G,B,E,A,H,-,D,D,0,Y,,,,Y,,N,60,0,0,0,1,0,0,0,0,0,"- ","- ",34.746110000000002,-120.29181,"SANTA BARBARA",UNINCORPORATED,-120.29182545,34.746008580000002
90468381,2017,2017-05-31,9760,2017-05-24,0750,012263,,3,1,9,4200,0,1,2,,2,020,"US101 N/B","PATTERSON AVE.",1056.00,S,N,B,-,Y,,,101,,,,,,N,N,4,0,2,2,A,-,03,22350,,N,C,C,A,A,H,-,A,D,0,,,,,Y,,A,01,0,0,2,0,0,0,0,0,0,"- ","- ",34.441659999999999,-119.80192,"SANTA BARBARA",UNINCORPORATED,-119.80192,34.44159681
90469068,2017,2017-06-01,9760,2017-05-24,1710,019464,,3,2,5,4203,0,1,2,,2,011,"US-101 SOUTHBOUND","CABRILLO BOULEVARD",150.00,N,N,A,-,Y,,,101,,,,,,S,Y,3,0,1,3,A,-,03,22350,,N,C,C,A,A,H,-,A,D,0,,,,,Y,,A,07,0,1,0,0,0,0,0,0,0,"- ","- ",34.422640000000001,-119.65557,"SANTA BARBARA","SANTA BARBARA",-119.65558923,34.422571320000003
90469127,2017,2017-06-01,9760,2017-05-25,1420,019464,,4,2,9,4200,0,2,4,,1,021,"STATE STREET","US-101 S/B TO STATE ST. OFFRAMP",20.00,W,N,B,-,N,,,,,,,,,,N,4,0,2,2,A,-,03,22350,,N,C,C,A,A,H,-,A,A,0,,,,,Y,,A,01,0,0,2,0,0,0,0,0,0,"- ","- ",34.440460000000002,-119.76192,"SANTA BARBARA",UNINCORPORATED,-119.761673,34.440497999999998
90471825,2017,2017-06-06,9755,2017-06-04,1120,020773,,7,1,9,4200,0,1,3,,1,042,SR-154,"ARMOUR RANCH RD",0.00,,Y,A,-,Y,,,154,,,,,,,Y,3,0,3,2,A,-,09,21802,A,N,D,C,A,A,H,-,A,A,0,,,,,Y,,A,07,0,1,2,0,0,0,0,0,0,"- ","- ",34.589979999999997,-120.03164,"SANTA BARBARA",UNINCORPORATED,-120.03186633999999,34.589615649999999
90475264,2017,2017-06-12,9750,2017-06-03,0630,013267,,6,1,9,4200,0,1,3,,1,023,"SR 135 (NORTHBOUND)","CLARK AVENUE",11088.00,S,N,A,-,Y,,,,,,,,,,Y,3,0,2,1,A,-,08,22107,,N,E,I,A,A,H,-,B,D,0,,,,,Y,,A,01,0,1,1,0,0,0,0,0,0,"- ","- ",34.840470000000003,-120.45162000000001,"SANTA BARBARA",UNINCORPORATED,-120.45199676999999,34.842874350000002
90475493,2017,2017-06-12,9760,2017-06-01,1300,012263,,4,1,5,4203,0,1,2,,2,020,"US101 SB TO LAS POSITAS RD.","LAS POSITAS RD.",240.00,N,N,A,-,Y,,,101,,,,R,,S,Y,4,0,1,2,A,-,03,22350,,N,C,C,A,A,H,-,A,A,0,,,,,Y,,A,01,0,0,1,0,0,0,0,0,0,"- ","- ",34.427909999999997,-119.73466000000001,"SANTA BARBARA","SANTA BARBARA",-119.73466000000001,34.427909999999997
90475949,2017,2017-06-12,9760,2017-06-02,1155,020528,,5,1,9,4200,0,1,2,,2,010,"US-101 NB (EL CAMINO REAL)","SAN YSIDRO ROAD",2112.00,S,N,B,-,Y,,,101,,,,,,N,Y,4,0,2,2,A,-,03,22350,,N,C,C,A,A,H,-,A,D,0,,,,,Y,,A,07,0,0,2,0,0,0,0,0,0,"- ","- ",34.420990000000003,-119.62305000000001,"SANTA BARBARA",UNINCORPORATED,-119.62304822,34.420943260000001
90476636,2017,2017-06-13,9750,2017-06-01,2030,020510,,4,2,9,4200,0,3,5,,2,020,"HARRIS GRADE RD",SR-135,13200.00,S,N,B,-,N,,,,,,,,,,Y,3,0,1,1,A,-,08,22107,,N,E,I,A,A,H,-,D,D,0,,,,,Y,Y,A,07,0,1,0,0,0,0,0,0,0,"- ","- ",34.74353,-120.43818,"SANTA BARBARA",UNINCORPORATED,-120.4371277,34.739775479999999