CASE_ID,ACCIDENT_YEAR,PROC_DATE,JURIS,COLLISION_DATE,COLLISION_TIME,OFFICER_ID,REPORTING_DISTRICT,DAY_OF_WEEK,CHP_SHIFT,POPULATION,CNTY_CITY_LOC,SPECIAL_COND,BEAT_TYPE,CHP_BEAT_TYPE,CITY_DIVISION_LAPD,CHP_BEAT_CLASS,BEAT_NUMBER,PRIMARY_RD,SECONDARY_RD,DISTANCE,DIRECTION,INTERSECTION,WEATHER_1,WEATHER_2,STATE_HWY_IND,CALTRANS_COUNTY,CALTRANS_DISTRICT,STATE_ROUTE,ROUTE_SUFFIX,POSTMILE_PREFIX,POSTMILE,LOCATION_TYPE,RAMP_INTERSECTION,SIDE_OF_HWY,TOW_AWAY,COLLISION_SEVERITY,NUMBER_KILLED,NUMBER_INJURED,PARTY_COUNT,PRIMARY_COLL_FACTOR,PCF_CODE_OF_VIOL,PCF_VIOL_CATEGORY,PCF_VIOLATION,PCF_VIOL_SUBSECTION,HIT_AND_RUN,TYPE_OF_COLLISION,MVIW,PED_ACTION,ROAD_SURFACE,ROAD_COND_1,ROAD_COND_2,LIGHTING,CONTROL_DEVICE,CHP_ROAD_TYPE,PEDESTRIAN_ACCIDENT,BICYCLE_ACCIDENT,MOTORCYCLE_ACCIDENT,TRUCK_ACCIDENT,NOT_PRIVATE_PROPERTY,ALCOHOL_INVOLVED,STWD_VEHTYPE_AT_FAULT,CHP_VEHTYPE_AT_FAULT,COUNT_SEVERE_INJ,COUNT_VISIBLE_INJ,COUNT_COMPLAINT_PAIN,COUNT_PED_KILLED,COUNT_PED_INJURED,COUNT_BICYCLIST_KILLED,COUNT_BICYCLIST_INJURED,COUNT_MC_KILLED,COUNT_MC_INJURED,PRIMARY_RAMP,SECONDARY_RAMP,LATITUDE,LONGITUDE,COUNTY,CITY,POINT_X,POINT_Y
91325668,2020,2020-10-19,9760,2020-10-10,2000,020757,,6,2,9,4200,0,1,2,,2,020,"US-101 S/B","TURNPIKE ROAD",800.00,S,N,A,-,Y,,,101,,,,,,S,Y,4,0,2,2,A,-,03,22350,,F,C,C,A,A,H,-,C,D,0,,,,,Y,,A,01,0,0,2,0,0,0,0,0,0,"- ","- ",34.442058563232422,-119.78621673583984,"SANTA BARBARA",UNINCORPORATED,-119.78621673583984,34.44207763671875
9132649,2020,2020-10-13,4204,2020-07-27,1746,90970,10,1,5,5,4204,0,0,0,,0,002,"BLOSSER RD","MORRISON AV",0.00,,Y,A,-,N,,,,,,,,,,,4,0,1,2,A,-,08,22107,,N,H,G,A,A,H,-,A,A,0,,Y,,,Y,,A,01,0,0,1,0,0,0,1,0,0,"- ","- ",34.943199157714844,-120.45411682128906,"SANTA BARBARA","SANTA MARIA",-120.45379638671875,34.943309783935547
91331702,2020,2020-10-26,9760,2020-10-16,2140,017140,,5,2,9,4200,0,3,5,,2,002,"RHOADS AVE","WALNUT LN",0.00,,Y,A,-,N,,,,,,,,,,Y,3,0,1,1,A,-,01,23152,A,N,E,I,A,A,H,-,C,A,0,,,,,Y,Y,A,01,0,1,0,0,0,0,0,0,0,"- ","- ",34.42755126953125,-119.80235290527344,"SANTA BARBARA",UNINCORPORATED,-119.80242156982422,34.427539825439453
91332070,2020,2020-10-27,9760,2020-10-20,1635,020423,,2,2,9,4200,0,3,5,,2,001,"LILLIE AVE","EVANS AVE",65.00,W,N,A,-,N,,,,,,,,,,Y,4,0,1,3,A,-,21,22106,,N,C,C,F,A,H,-,A,D,0,Y,,,,Y,,D,22,0,0,1,0,1,0,0,0,0,"- ","- ",34.422050476074219,-119.60169219970703,"SANTA BARBARA",UNINCORPORATED,-119.60163879394531,34.422138214111328
9133791,2020,2020-09-22,4200,2020-07-21,1215,3116,14,2,5,4,4214,0,0,0,,0,060,"PATTERSON AV","HOLLISTER AV",435.00,N,N,A,-,N,,,,,,,,,,Y,3,0,2,2,A,-,09,21801,A,N,D,C,A,A,H,-,A,D,0,,,,,Y,,A,01,0,1,1,0,0,0,0,0,0,"- ","- ",,,"SANTA BARBARA",GOLETA,-119.80894470214844,34.435585021972656
9133846,2020,2020-09-03,4200,2020-05-27,0620,5436,10,3,5,4,4214,0,0,0,,0,060,"WARD DR","EKWILL ST",695.00,N,N,B,-,N,,,,,,,,,,N,3,0,1,2,A,-,06,21750,A,N,D,C,A,A,H,-,B,D,0,,,,,Y,,-,"- ",0,1,0,0,0,0,0,0,0,"- ","- ",,,"SANTA BARBARA",GOLETA,-119.82036590576172,34.431846618652344
91339117,2020,2020-11-04,9750,2020-11-02,1438,017379,,1,2,9,4200,0,3,5,,2,010,"BETTERAVIA RD.","BROWN RD.",0.00,,Y,A,-,N,,,,,,,,,,Y,2,0,2,2,A,-,01,23152,A,N,A,C,A,A,H,-,A,D,0,,,,,Y,Y,A,07,1,0,1,0,0,0,0,0,0,"- ","- ",34.935230255126953,-120.54649353027344,"SANTA BARBARA",UNINCORPORATED,-120.54643249511719,34.935199737548828
91339444,2020,2020-11-04,9750,2020-11-01,0825,015915,,7,1,9,4200,0,1,3,,1,022,"SR-1 N/B","SAN ANTONIO ROAD EAST",1584.00,S,N,A,-,Y,,,1,,,,,,N,Y,2,0,1,1,A,-,08,22107,,N,F,A,A,A,H,-,A,D,0,,,,,Y,,A,07,1,0,0,0,0,0,0,0,0,"- ","- ",34.774810791015625,-120.49289703369141,"SANTA BARBARA",UNINCORPORATED,-120.49289703369141,34.774829864501953
91342232,2020,2020-11-09,9755,2020-11-07,0830,016058,,6,1,9,4200,0,1,3,,1,053,SR-246,"TULAROSA RD",3168.00,W,N,B,C,Y,,,246,,,,,,,Y,4,0,1,1,A,-,08,22107,,N,F,A,A,B,H,-,A,D,0,,,,,Y,,A,07,0,0,1,0,0,0,0,0,0,"- ","- ",34.664451599121094,-120.38172912597656,"SANTA BARBARA",UNINCORPORATED,-120.38172912597656,34.664657592773438
91343018,2020,2020-11-10,9755,2020-10-31,0500,020619,,6,3,9,4200,0,1,3,,1,053,"SR-246 W/B","TULAROSA RD",1625.00,W,N,E,-,Y,,,246,,,,,,W,Y,2,0,2,2,A,-,03,22350,,N,C,C,A,A,H,-,D,D,0,,,,,Y,,A,01,1,1,0,0,0,0,0,0,0,"- ","- ",34.664539337158203,-120.37525177001953,"SANTA BARBARA",UNINCORPORATED,-120.37525177001953,34.664646148681641
9134441,2020,2020-11-04,4200,2020-07-18,1959,2817,11,6,5,2,4212,0,0,0,,0,,"RT 246","FREEAR DR",229.00,E,N,A,-,Y,SB,5,246,-,-,26.570,H,-,W,Y,3,0,2,4,A,-,03,22350,,N,C,C,A,A,H,-,A,A,0,,,,,Y,,D,22,0,2,0,0,0,0,0,0,0,"- ","- ",,,"SANTA BARBARA",BUELLTON,-120.18560791015625,34.610385894775391
9134826,2020,2020-09-29,4200,2020-07-14,1103,4608,14,2,5,4,4214,0,0,0,,0,080,"HOLLISTER AV","VILLAGE WAY",0.00,,Y,A,-,N,,,,,,,,,,Y,3,0,2,2,A,-,12,21453,A,N,D,C,A,A,H,-,A,A,0,,,,,Y,,D,22,0,2,0,0,0,0,0,0,0,"- ","- ",,,"SANTA BARBARA",GOLETA,-119.87356,34.43018
91350344,2020,2020-11-20,9750,2020-11-12,1658,017709,,4,2,5,4204,0,1,2,,2,001,"US-101 S/B","BETTERAVIA ROAD O/C",3696.00,S,N,A,-,Y,,,101,,,,,,S,Y,4,0,1,2,A,-,07,21658,A,N,B,C,A,A,H,-,D,D,0,,,,,Y,,D,22,0,0,1,0,0,0,0,0,0,"- ","- ",34.910598754882812,-120.418212890625,"SANTA BARBARA","SANTA MARIA",-120.41814422607422,34.910598754882812
91353099,2020,2020-11-24,9755,2020-11-24,0630,016058,,2,1,9,4200,0,1,2,,2,004,"US-101 S/B",SR-154,4224.00,S,N,A,-,Y,,,101,,,,,,S,Y,4,0,1,1,A,-,08,22107,,N,F,A,A,A,H,-,B,D,0,,,,,Y,,A,01,0,0,1,0,0,0,0,0,0,"- ","- ",34.675590515136719,-120.15834808349609,"SANTA BARBARA",UNINCORPORATED,-120.15842437744141,34.675632476806641
91360046,2020,2020-12-07,9750,2020-12-01,1135,015915,,2,1,9,4200,0,1,2,,2,002,"US 101 N/B","PALMER ROAD",5808.00,S,N,A,-,Y,,,,,,,,,,Y,3,0,1,1,A,-,08,22107,,N,E,I,A,A,H,-,A,D,0,,,,,Y,,A,01,0,1,0,0,0,0,0,0,0,"- ","- ",34.780460357666016,-120.31591033935547,"SANTA BARBARA",UNINCORPORATED,-120.31706237792969,34.782688140869141
91360634,2020,2020-12-07,9755,2020-12-03,1744,018483,,4,2,9,4200,0,3,5,,2,050,"RUCKER ROAD","CALLE TERCERA",180.00,S,N,A,-,N,,,,,,,,,,Y,4,0,2,4,A,-,08,22107,,N,B,C,A,A,H,-,D,D,0,,,,,Y,,A,08,0,0,2,0,0,0,0,0,0,"- ","- ",34.68798828125,-120.43778991699219,"SANTA BARBARA",UNINCORPORATED,-120.43775939941406,34.687942504882812
91363186,2020,2020-12-10,9750,2020-12-06,1400,017379,,7,2,9,4200,0,3,5,,2,030,"FOXEN CANYON RD.","BROOKS ST.",1056.00,S,N,A,-,N,,,,,,,,,,Y,4,0,1,1,A,-,08,22107,,N,E,I,A,A,H,-,A,D,0,,,,,Y,,A,01,0,0,1,0,0,0,0,0,0,"- ","- ",34.864070892333984,-120.27719879150391,"SANTA BARBARA",UNINCORPORATED,-120.2906494140625,34.864540100097656
91366680,2020,2020-12-14,9750,2020-12-08,1400,020511,,2,2,9,4200,0,3,5,,2,020,"HARRIS GRADE RD",SR-135,9504.00,S,N,A,-,N,,,,,,,,,,Y,3,0,1,1,A,-,03,22350,,N,E,I,A,A,H,-,A,D,0,,,,,Y,,A,01,0,1,0,0,0,0,0,0,0,"- ","- ",34.735759735107422,-120.43985748291016,"SANTA BARBARA",UNINCORPORATED,-120.43666076660156,34.746635437011719
91374710,2020,2020-12-24,9760,2020-12-21,0028,021531,,1,3,9,4200,0,3,5,,2,002,"MODOC RD","CUNA DR",140.00,S,N,A,-,N,,,,,,,,,,Y,4,0,1,1,A,-,08,22107,,N,E,I,A,A,H,-,D,D,0,,,,,Y,,A,01,0,0,1,0,0,0,0,0,0,"- ","- ",34.439159393310547,-119.76860046386719,"SANTA BARBARA",UNINCORPORATED,-119.76860046386719,34.439186096191406
91378249,2020,2020-12-30,9750,2020-12-27,0745,015915,,7,1,9,4200,0,1,3,,1,064,SR-166,"ALISO CANYON ROAD",1584.00,E,N,B,C,Y,,,166,,,,,,,Y,3,0,1,1,A,-,08,22107,,N,E,I,A,B,H,-,B,D,0,,,,,Y,,D,22,0,1,0,0,0,0,0,0,0,"- ","- ",34.964080810546875,-119.72164916992188,"SANTA BARBARA",UNINCORPORATED,-119.72164154052734,34.964099884033203
9137829,2020,2020-09-16,4202,2020-07-02,1055,,4202,4,5,4,4202,0,0,0,,0,,"LAUREL AV","Q ST",333.00,E,N,B,-,N,,,,,,,,,,Y,3,0,4,2,A,-,09,21804,,N,D,C,A,A,H,-,A,D,0,,,,,Y,,A,01,0,1,3,0,0,0,0,0,0,"- ","- ",,,"SANTA BARBARA",LOMPOC,-120.46810150146484,34.643905639648438
91386688,2021,2021-01-13,9755,2021-01-11,1420,017374,,1,2,9,4200,0,3,5,,2,040,"EDISON ST","BASELINE AVE",0.00,,Y,A,-,N,,,,,,,,,,Y,4,0,2,2,A,-,12,22450,A,N,D,C,A,A,H,-,A,A,0,,,,,Y,,D,22,0,0,2,0,0,0,0,0,0,"- ","- ",34.63555908203125,-120.08039855957031,"SANTA BARBARA",UNINCORPORATED,-120.0814208984375,34.633476257324219
9138834,2020,2020-10-06,4203,2020-07-31,1512,6970,,5,5,5,4203,0,0,0,,0,005,"VISTA DE LA CUMBRE","PASEO DEL DESCANSO",600.00,W,N,A,-,N,,,,,,,,,,,3,0,1,2,A,-,03,22350,,N,B,E,A,A,H,-,A,D,0,,,Y,,Y,,C,03,0,1,0,0,0,0,0,0,1,"- ","- ",34.445781707763672,-119.72534942626953,"SANTA BARBARA","SANTA BARBARA",-119.72731018066406,34.444869995117188
9138853,2020,2020-09-29,4202,2020-08-04,1717,277,4202,2,5,4,4202,0,0,0,,0,,"W NORTH AV","N O ST",0.00,,Y,B,-,N,,,,,,,,,,N,4,0,1,2,A,-,09,21802,A,N,B,C,A,A,H,-,A,D,0,,,,,Y,,A,01,0,0,1,0,0,0,0,0,0,"- ","- ",,,"SANTA BARBARA",LOMPOC,-120.46660614013672,34.653461456298828
91390620,2021,2021-01-19,9760,2021-01-14,1920,020757,,4,2,9,4200,0,2,4,,1,021,"STATE STREET E/B",SR-154,560.00,W,N,A,-,N,,,,,,,,,,Y,4,0,1,3,A,-,01,23152,A,N,C,C,A,A,H,-,C,A,0,,,,,Y,Y,A,01,0,0,1,0,0,0,0,0,0,"- ","- ",34.440200805664062,-119.76206970214844,"SANTA BARBARA",UNINCORPORATED,-119.76186370849609,34.440498352050781
91395370,2021,2021-01-27,9760,2021-01-26,1022,015669,,2,1,4,4214,0,1,2,,2,020,"US-101 S/B FROM FAIRVIEW AVE","FAIRVIEW AVE",5.00,S,N,A,-,Y,,,101,,,,R,,S,N,4,0,1,2,A,-,11,21453,D,N,G,B,D,A,H,-,A,D,0,Y,,,,Y,,N,60,0,0,1,0,1,0,0,0,0,"- ","- ",34.439201354980469,-119.83216094970703,"SANTA BARBARA",GOLETA,-119.83216094970703,34.439201354980469
9139873,2020,2020-10-20,4203,2020-08-01,1858,3849,,6,5,5,4203,0,0,0,,0,002,"SHORELINE DR","SAN NICOLAS AV",0.00,,Y,A,-,N,,,,,,,,,,,3,0,1,2,A,-,06,21750,,N,D,C,A,A,H,-,A,A,0,,,Y,,Y,,C,02,0,1,0,0,0,0,0,0,1,"- ","- ",34.394760131835938,-119.70391845703125,"SANTA BARBARA","SANTA BARBARA",-119.70809936523438,34.396549224853516
91398946,2021,2021-01-29,9755,2021-01-28,0135,020619,,4,3,9,4200,0,1,2,,2,004,"US-101 N/B",SR-1,6600.00,N,N,B,C,Y,,,101,,,,,,N,Y,4,0,1,1,A,-,03,22350,,N,E,I,A,B,H,-,D,D,0,,,,,Y,,D,22,0,0,1,0,0,0,0,0,0,"- ","- ",34.522300720214844,-120.21167755126953,"SANTA BARBARA",UNINCORPORATED,-120.21160125732422,34.522228240966797
91398973,2021,2021-01-29,9755,2021-01-29,0215,020619,,5,3,9,4200,0,1,2,,2,004,"US-101 N/B",SR-1,7920.00,S,N,B,-,Y,,,101,,,,,,N,Y,4,0,1,1,C,-,18,,,N,E,J,A,B,H,-,D,D,0,,,,,Y,,-,"- ",0,0,1,0,0,0,0,0,0,"- ","- ",34.486610412597656,-120.22727966308594,"SANTA BARBARA",UNINCORPORATED,-120.22738647460938,34.486713409423828
91399260,2021,2021-02-01,9760,2021-01-29,1740,020757,,5,2,4,4214,0,1,2,,1,030,"US-101 S/B","LOS CARNEROS RD",600.00,N,N,A,-,Y,,,101,,,,,,S,Y,4,0,1,2,A,-,01,23152,A,N,C,C,A,A,H,-,D,D,0,,,,,Y,Y,A,01,0,0,1,0,0,0,0,0,0,"- ","- ",34.437210083007812,-119.85508728027344,"SANTA BARBARA",GOLETA,-119.8551025390625,34.437267303466797
91399624,2021,2021-02-01,9760,2021-01-26,0523,018760,,2,3,9,4200,0,1,3,,1,022,"STATE ROUTE 154","SAN MARCOS PASS ROAD",1502.00,W,N,A,-,Y,,,154,,,,,,,Y,3,0,1,2,A,-,08,22107,,N,E,I,A,A,H,-,D,D,0,,,,,Y,,A,07,0,1,0,0,0,0,0,0,0,"- ","- ",34.474948883056641,-119.77272796630859,"SANTA BARBARA",UNINCORPORATED,-119.77274322509766,34.474960327148438
91405031,2021,2021-02-09,9755,2021-02-04,1603,018483,,4,2,9,4200,0,1,3,,1,042,SR-154,SR-246,0.00,,Y,A,-,Y,,,154,,,,,,,N,4,0,1,2,A,-,09,21803,A,N,B,C,A,A,H,-,A,A,0,,,,,Y,,A,01,0,0,1,0,0,0,0,0,0,"- ","- ",34.610260009765625,-120.054931640625,"SANTA BARBARA",UNINCORPORATED,-120.05492401123047,34.610271453857422
91409152,2021,2021-02-16,9760,2021-02-13,1600,020227,,6,2,9,4200,0,3,5,,2,002,"ROBLE DRIVE","LLANO AVE",185.00,S,N,A,-,N,,,,,,,,,,N,3,0,2,1,A,-,03,22350,,N,F,A,A,A,H,-,A,D,0,,,Y,,Y,,C,02,0,1,1,0,0,0,0,0,2,"- ","- ",34.414531707763672,-119.77101135253906,"SANTA BARBARA",UNINCORPORATED,-119.77091217041016,34.414558410644531
9141244,2020,2020-08-27,4203,2020-01-22,0737,25323,62,3,5,5,4203,0,0,0,,0,001,"ALISOS ST","MASON ST",0.00,,Y,A,-,N,,,,,,,,,,N,3,0,1,2,A,-,09,21802,A,N,H,G,A,A,H,-,A,A,0,,Y,,,Y,,A,01,0,1,0,0,0,0,1,0,0,"- ","- ",34.423000335693359,-119.67900085449219,"SANTA BARBARA","SANTA BARBARA",-119.67904663085938,34.423629760742188
9141256,2019,2020-09-15,4203,2019-10-22,0748,8825,52,2,5,5,4203,0,0,0,,0,005,"FOOTHILL BL","WILLOWGLEN RD",80.00,E,N,A,-,N,,,,,,,,,,Y,4,0,2,3,A,-,03,22350,,N,C,C,A,A,H,-,A,D,0,,,,,Y,,A,01,0,0,2,0,0,0,0,0,0,"- ","- ",34.4541015625,-119.74388885498047,"SANTA BARBARA","SANTA BARBARA",-119.74381256103516,34.453845977783203
91412838,2021,2021-02-22,9760,2021-02-15,1052,018431,,1,1,9,4200,0,3,5,,2,002,"CALLE REAL","SAN ANTONIO RD.",0.00,,Y,A,-,N,,,,,,,,,,N,3,0,1,2,A,-,09,21802,A,N,D,G,A,A,H,-,A,A,0,,Y,,,Y,,A,07,0,1,0,0,0,0,1,0,0,"- ","- ",34.442428588867188,-119.78173828125,"SANTA BARBARA",UNINCORPORATED,-119.78172302246094,34.442378997802734
9141530,2020,2020-10-15,4203,2020-08-22,1930,3849,,6,5,5,4203,0,0,0,,0,005,"CALLE REAL","HITCHCOCK WY",361.00,S,N,A,-,N,,,,,,,,,,Y,3,0,1,1,A,-,01,23152,A,N,E,I,A,A,H,-,A,A,0,,,,,Y,Y,D,72,0,1,0,0,0,0,0,0,0,"- ","- ",34.432899475097656,-119.74656677246094,"SANTA BARBARA","SANTA BARBARA",-119.74552917480469,34.432296752929688
91418086,2021,2021-03-01,9760,2021-02-27,1425,020495,,6,2,3,4205,0,1,2,,2,010,"US-101 SB FROM SANTA CLAUS LANE","SAND POINT RD PROLONGATION",200.00,S,N,A,-,Y,,,101,,,,R,,S,Y,4,0,2,2,A,-,03,22350,,N,C,C,A,A,D,-,A,D,0,,,,,Y,,A,08,0,0,2,0,0,0,0,0,0,"- ","- ",34.405849456787109,-119.54434967041016,"SANTA BARBARA",CARPINTERIA,-119.54434967041016,34.405849456787109
91426128,2021,2021-03-12,9755,2021-03-10,1020,018264,,3,1,9,4200,0,1,3,,1,042,SR-154,"PARADISE RD",1056.00,W,N,C,F,Y,,,154,,,,,,,Y,3,0,3,2,A,-,03,22350,,N,A,C,A,B,H,-,A,D,0,,,,,Y,,A,01,0,1,2,0,0,0,0,0,0,"- ","- ",34.535701751708984,-119.86186981201172,"SANTA BARBARA",UNINCORPORATED,-119.86186981201172,34.535701751708984
91427668,2021,2021-03-15,9755,2021-03-05,0540,021818,,5,3,9,4200,0,3,5,,2,040,"ALISAL RD","OLD COAST HWY",14098.00,E,N,A,-,N,,,,,,,,,,Y,2,0,2,1,A,-,03,22350,,N,E,I,A,B,H,-,B,D,0,,,,,Y,Y,A,01,1,1,0,0,0,0,0,0,0,"- ","- ",34.540908813476562,-120.14803314208984,"SANTA BARBARA",UNINCORPORATED,-120.14814758300781,34.540946960449219
91429095,2021,2021-03-17,9760,2021-03-14,2000,021061,,7,2,9,4200,0,1,3,,1,022,"SR-154 E/B","2260 SAN MARCOS PASS RD.",1267.00,E,N,A,-,Y,,,154,,,,,,E,Y,4,0,1,1,C,-,18,,,N,H,H,A,A,H,-,D,D,0,,,Y,,Y,,-,"- ",0,0,1,0,0,0,0,0,1,"- ","- ",34.48712158203125,-119.78096771240234,"SANTA BARBARA",UNINCORPORATED,-119.78094482421875,34.48712158203125
91430044,2021,2021-03-18,9760,2021-01-19,1756,022181,,2,2,5,4203,0,1,2,,2,011,"US-101 S/B","CACIQUE STREET",15.00,S,N,A,-,Y,,,101,,,,,,S,Y,1,1,0,5,A,-,11,21954,A,M,G,B,D,A,H,-,C,D,0,Y,,,,Y,,N,60,0,0,0,1,0,0,0,0,0,"- ","- ",34.420158386230469,-119.67558288574219,"SANTA BARBARA","SANTA BARBARA",-119.67555236816406,34.420303344726562
91431910,2021,2021-03-22,9760,2021-03-10,0011,022181,,3,3,9,4200,0,1,2,,2,010,"US-101 SB","PADARO LN",950.00,N,N,C,-,Y,,,101,,,,,,S,Y,3,0,2,2,A,-,03,22350,,N,E,C,A,B,H,-,D,D,0,,,,,Y,Y,A,07,0,1,1,0,0,0,0,0,0,"- ","- ",34.412509918212891,-119.5555419921875,"SANTA BARBARA",UNINCORPORATED,-119.55551910400391,34.41253662109375
91432606,2021,2021-03-22,9760,2021-03-19,0830,019446,,5,1,9,4200,0,1,2,,2,010,"US-101 N/B","S. PADARO LANE",2100.00,N,N,A,-,Y,,,101,,,,,,N,Y,4,0,1,3,A,-,03,22350,,N,C,C,A,A,H,-,A,A,0,,,,,Y,,A,01,0,0,1,0,0,0,0,0,0,"- ","- ",34.415279388427734,-119.55844879150391,"SANTA BARBARA",UNINCORPORATED,-119.55848693847656,34.415229797363281
91433021,2021,2021-03-23,9760,2021-03-14,2250,022181,,7,3,5,4203,0,1,2,,2,011,"US-101 SB","CABRILLO BLVD",1100.00,N,N,A,-,Y,,,101,,,,,,S,Y,4,0,2,2,A,-,07,21658,A,F,B,C,A,A,H,-,D,D,0,,,,,Y,Y,A,01,0,0,2,0,0,0,0,0,0,"- ","- ",34.422958374023438,-119.65872192382812,"SANTA BARBARA","SANTA BARBARA",-119.65872192382812,34.422977447509766
91436838,2021,2021-03-26,9760,2021-03-18,0123,017140,,4,3,9,4200,0,3,5,,2,005,"CAMINO CORTO","ABREGO RD",45.00,S,N,A,-,N,,,,,,,,,,Y,3,0,1,2,A,-,01,23152,A,N,B,E,A,A,H,-,C,D,0,,,,,Y,Y,A,01,0,1,0,0,0,0,0,0,0,"- ","- ",34.414299011230469,-119.86660766601562,"SANTA BARBARA",UNINCORPORATED,-119.86653900146484,34.414356231689453
91437171,2021,2021-03-26,9750,2021-03-23,0615,015514,,2,1,9,4200,0,3,5,,2,030,"PALMER ROAD","US-101 N/B",2112.00,E,N,B,-,N,,,,,,,,,,N,2,0,2,2,A,-,03,22350,,N,C,G,A,A,H,-,D,D,0,,Y,,,Y,,L,04,1,0,1,0,0,0,2,0,0,"- ","- ",34.798110961914062,-120.33231353759766,"SANTA BARBARA",UNINCORPORATED,-120.33194732666016,34.797470092773438
91437264,2021,2021-03-26,9755,2021-03-20,1700,017255,,6,2,9,4200,0,1,2,,2,004,"US-101 N/B","OLD COAST HWY",10.00,N,N,A,-,Y,,,101,,,,,,N,Y,4,0,4,2,A,-,09,21802,A,N,D,C,A,A,H,-,A,A,0,,,,,Y,,A,01,0,0,4,0,0,0,0,0,0,"- ","- ",34.54608154296875,-120.19309997558594,"SANTA BARBARA",UNINCORPORATED,-120.19309234619141,34.546073913574219
91437970,2021,2021-03-29,9760,2021-03-21,1800,022181,,7,2,9,4200,0,1,2,,1,040,"US-101 NB","GAVIOTA BEACH RD",2000.00,S,N,A,-,Y,,,101,,,,,,N,Y,3,0,1,1,A,-,01,23152,A,N,E,I,A,A,H,-,A,D,0,,,,,Y,Y,A,01,0,1,0,0,0,0,0,0,0,"- ","- ",34.473560333251953,-120.22427368164062,"SANTA BARBARA",UNINCORPORATED,-120.22428131103516,34.473522186279297
91438613,2021,2021-03-29,9760,2021-03-17,1830,015830,,3,2,5,4203,0,1,2,,2,011,"US-101 N/B","ARRELLAGA ST",180.00,N,N,A,-,Y,,,101,,,,,,N,Y,4,0,2,2,A,-,01,23152,A,N,B,C,A,A,H,-,A,D,0,,,,,Y,Y,A,01,0,0,2,0,0,0,0,0,0,"- ","- ",34.422149658203125,-119.71555328369141,"SANTA BARBARA","SANTA BARBARA",-119.71556091308594,34.422134399414062
91439415,2021,2021-03-30,9760,2021-03-25,1951,020757,,4,2,9,4200,0,1,2,,1,030,"US-101 N/B","FARREN RD",350.00,S,N,A,-,Y,,,101,,,,,,N,Y,3,0,3,2,C,-,18,,,N,B,C,A,A,H,-,D,D,0,,,,,Y,,-,"- ",0,2,1,0,0,0,0,0,0,"- ","- ",34.436431884765625,-119.92115020751953,"SANTA BARBARA",UNINCORPORATED,-119.92112731933594,34.436481475830078
91439778,2021,2021-03-30,9755,2021-03-23,1630,020483,,2,2,9,4200,0,1,2,,2,004,"US-101 S/B",SR-154,4600.00,S,N,A,-,Y,,,101,,,,,,S,Y,2,0,1,1,A,-,08,22107,,N,F,A,A,A,H,-,A,D,0,,,,,Y,,A,01,1,0,0,0,0,0,0,0,0,"- ","- ",34.675048828125,-120.15904235839844,"SANTA BARBARA",UNINCORPORATED,-120.15886688232422,34.6749267578125
91440365,2021,2021-03-31,9760,2021-03-31,0955,018019,,3,1,9,4200,0,1,2,,2,010,"US-101 S/B (EL CAMINO REAL)","EVANS AVE.",2143.00,S,N,A,-,Y,,,101,,,,,,S,N,4,0,1,2,A,-,03,22350,,N,C,C,A,A,D,-,A,D,0,,,,,Y,,D,22,0,0,1,0,0,0,0,0,0,"- ","- ",34.419391632080078,-119.59470367431641,"SANTA BARBARA",UNINCORPORATED,-119.59469604492188,34.419395446777344
9144219,2020,2020-10-30,4204,2020-08-11,1437,21338,023,2,5,5,4204,0,0,0,,0,003,"MCCOY LN","MILLER ST",0.00,E,N,A,-,N,,,,,,,,,,N,4,0,1,2,A,-,21,22106,,F,C,C,A,A,H,-,A,A,0,,,,,Y,,-,99,0,0,1,0,0,0,0,0,0,"- ","- ",34.916450500488281,-120.43168640136719,"SANTA BARBARA","SANTA MARIA",-120.43151092529297,34.916538238525391
91443503,2021,2021-04-05,9755,2021-03-30,1028,016988,,2,1,9,4200,0,1,3,,2,041,"SR-246 E/B",SR-154,400.00,E,N,A,-,Y,,,246,,,,,,E,N,3,0,2,2,A,-,21,22106,,N,B,D,A,A,A,-,A,D,0,,,,,Y,,A,01,0,2,0,0,0,0,0,0,0,"- ","- ",34.610458374023438,-120.05708312988281,"SANTA BARBARA",UNINCORPORATED,-120.05708312988281,34.6104736328125
91446568,2021,2021-04-08,9760,2021-03-30,1500,015830,,2,2,9,4200,0,1,3,,1,014,"SR-192 (FOOTHILL RD.)","CHELTENHAM RD",0.00,,Y,A,-,Y,,,192,,,,,,,N,4,0,1,2,A,-,08,22107,,F,B,G,A,A,H,-,A,D,0,,Y,,,Y,,D,22,0,0,1,0,0,0,1,0,0,"- ","- ",34.446571350097656,-119.71478271484375,"SANTA BARBARA",UNINCORPORATED,-119.71478271484375,34.446582794189453