CASE_ID,ACCIDENT_YEAR,PROC_DATE,JURIS,COLLISION_DATE,COLLISION_TIME,OFFICER_ID,REPORTING_DISTRICT,DAY_OF_WEEK,CHP_SHIFT,POPULATION,CNTY_CITY_LOC,SPECIAL_COND,BEAT_TYPE,CHP_BEAT_TYPE,CITY_DIVISION_LAPD,CHP_BEAT_CLASS,BEAT_NUMBER,PRIMARY_RD,SECONDARY_RD,DISTANCE,DIRECTION,INTERSECTION,WEATHER_1,WEATHER_2,STATE_HWY_IND,CALTRANS_COUNTY,CALTRANS_DISTRICT,STATE_ROUTE,ROUTE_SUFFIX,POSTMILE_PREFIX,POSTMILE,LOCATION_TYPE,RAMP_INTERSECTION,SIDE_OF_HWY,TOW_AWAY,COLLISION_SEVERITY,NUMBER_KILLED,NUMBER_INJURED,PARTY_COUNT,PRIMARY_COLL_FACTOR,PCF_CODE_OF_VIOL,PCF_VIOL_CATEGORY,PCF_VIOLATION,PCF_VIOL_SUBSECTION,HIT_AND_RUN,TYPE_OF_COLLISION,MVIW,PED_ACTION,ROAD_SURFACE,ROAD_COND_1,ROAD_COND_2,LIGHTING,CONTROL_DEVICE,CHP_ROAD_TYPE,PEDESTRIAN_ACCIDENT,BICYCLE_ACCIDENT,MOTORCYCLE_ACCIDENT,TRUCK_ACCIDENT,NOT_PRIVATE_PROPERTY,ALCOHOL_INVOLVED,STWD_VEHTYPE_AT_FAULT,CHP_VEHTYPE_AT_FAULT,COUNT_SEVERE_INJ,COUNT_VISIBLE_INJ,COUNT_COMPLAINT_PAIN,COUNT_PED_KILLED,COUNT_PED_INJURED,COUNT_BICYCLIST_KILLED,COUNT_BICYCLIST_INJURED,COUNT_MC_KILLED,COUNT_MC_INJURED,PRIMARY_RAMP,SECONDARY_RAMP,LATITUDE,LONGITUDE,COUNTY,CITY,POINT_X,POINT_Y
94848935,2025,2025-09-18,9755,2025-09-06,2200,024538,,6,3,9,4200,0,3,5,,2,040,"ROBLAR AVE","EXTERIOR AVE",171.00,W,N,A,-,N,,,,,,,,,,N,2,0,1,1,A,-,01,23152,F,N,E,8,A,A,H,-,D,D,0,,,Y,,Y,,C,02,1,0,0,0,0,0,0,0,1,"- ","- ",34.652950286865234,-120.10431671142578,"SANTA BARBARA",UNINCORPORATED,-120.10434722900391,34.652919769287109
9485035,2022,2022-10-06,4203,2022-08-07,1758,26178,21,7,5,5,4203,0,0,0,,0,006,"W CARRILLO ST","RT 101",0.00,,Y,A,-,Y,SB,5,101,-,R,14.630,R,4,N,N,4,0,2,2,A,-,12,21453,A,N,D,C,A,A,H,-,A,A,0,,,,,Y,,A,01,0,0,2,0,0,0,0,0,0,"- ",NF,34.416538238525391,-119.70725250244141,"SANTA BARBARA","SANTA BARBARA",-119.70585632324219,34.415363311767578
9485479,2022,2022-08-31,4203,2022-08-16,0902,24079,13,2,5,5,4203,0,0,0,,0,002,"W CABRILLO BL","STATE ST",241.00,W,N,A,-,N,,,,,,,,,,N,4,0,1,1,A,-,08,22107,,N,F,A,A,A,H,-,A,D,0,,,Y,,Y,,C,03,0,0,1,0,0,0,0,0,1,"- ","- ",34.410110473632812,-119.68467712402344,"SANTA BARBARA","SANTA BARBARA",-119.68974304199219,34.411701202392578
94855089,2025,2025-09-22,9755,2025-09-13,1732,022851,,6,2,9,4200,0,3,5,,2,040,"GREENFIELD WAY","FREDENSBORG WAY",0.00,,Y,A,-,N,,,,,,,,,,N,2,0,1,2,A,-,09,21801,A,N,A,G,A,A,H,-,A,D,0,,Y,,,Y,,A,07,1,0,0,0,0,0,1,0,0,"- ","- ",34.608921051025391,-120.13987731933594,"SANTA BARBARA",UNINCORPORATED,-120.13982391357422,34.608985900878906
9485776,2022,2022-09-06,4203,2022-08-20,1340,25912,52,6,5,5,4203,0,0,0,,0,005,"STATE ST","TOYON DR",150.00,W,N,A,-,N,,,,,,,,,,Y,3,0,3,2,C,-,18,,,N,C,C,A,A,H,-,A,D,0,,,,,Y,,-,"- ",0,1,2,0,0,0,0,0,0,"- ","- ",34.440418243408203,-119.73873138427734,"SANTA BARBARA","SANTA BARBARA",-119.73857879638672,34.440399169921875
94864093,2025,2025-09-29,9760,2025-09-17,1650,024551,,3,2,9,4200,0,1,2,,2,020,"US-101 NORTHBOUND","PATTERSON AVE",3350.00,S,N,A,-,Y,SB,,101," "," ",20.463,H,,R,N,3,0,2,2,A,-,03,22350,,N,C,C,A,A,H,-,A,D,0,,,,,Y,,A,07,0,2,0,0,0,0,0,0,0,"- ","- ",34.441810607910156,-119.79637145996094,"SANTA BARBARA",UNINCORPORATED,-119.79637145996094,34.441783905029297
9486598,2022,2022-09-20,4203,2022-08-18,1227,25912,52,4,5,5,4203,0,0,0,,0,005,"STATE ST","BROADMOOR PLZ",20.00,E,N,A,-,N,,,,,,,,,,Y,4,0,1,3,A,-,03,22350,,N,C,C,A,A,H,-,A,A,0,,,,,Y,,A,08,0,0,1,0,0,0,0,0,0,"- ","- ",34.440361022949219,-119.7374267578125,"SANTA BARBARA","SANTA BARBARA",-119.73738098144531,34.440410614013672
94871267,2025,2025-10-03,9750,2025-09-21,"41  ",023429,,7,3,9,4200,0,1,3,,1,011,"SR-166 (W. MAIN STREET)","BONITA SCHOOL ROAD",7392.00,W,N,A,-,Y,SB,,166," "," ",2.406,H,,R,Y,2,0,2,2,A,-,01,23152,A,N,B,C,A,A,H,-,D,D,0,,,,,Y,Y,A,07,1,0,1,0,0,0,0,0,0,"- ","- ",34.959548950195312,-120.53182220458984,"SANTA BARBARA",UNINCORPORATED,-120.53182220458984,34.95953369140625
94874340,2025,2025-10-06,9760,2025-09-19,1835,023965,,5,2,5,4203,0,1,2,,2,020,"US-101 NORTHBOUND","EL SUENO ROAD",400.00,S,N,A,-,Y,SB,,101," "," ",18.601,H,,R,Y,3,0,1,2,A,-,03,22350,,N,C,C,A,A,H,-,A,D,0,,,,,Y,,A,01,0,1,0,0,0,0,0,0,0,"- ","- ",34.441188812255859,-119.76393890380859,"SANTA BARBARA","SANTA BARBARA",-119.76393890380859,34.441150665283203
94874918,2025,2025-10-06,9755,2025-10-04,1558,020226,,6,2,9,4200,0,1,2,,2,004,"US-101 SOUTHBOUND","SANTA ROSA ROAD",11616.00,S,N,A,-,Y,SB,,101," "," ",54.148,H,,L,Y,4,0,1,2,A,-,03,22350,,N,C,C,A,A,H,-,A,D,0,,,,,Y,,A,07,0,0,1,0,0,0,0,0,0,"- ","- ",34.570980072021484,-120.19228363037109,"SANTA BARBARA",UNINCORPORATED,-120.19229888916016,34.570968627929688
9487703,2022,2022-10-12,4203,2022-09-25,0630,24585,27,7,5,5,4203,0,0,0,,0,006,"VISTA DEL MAR DR","ALAN RD",130.00,W,N,A,-,N,,,,,,,,,,N,3,0,1,1,D,-,00,,,N,H,G,A,A,H,-,B,D,0,,Y,,,Y,,-,"- ",0,1,0,0,0,0,1,0,0,"- ","- ",34.407840728759766,-119.74118041992188,"SANTA BARBARA","SANTA BARBARA",-119.74134063720703,34.407848358154297
9488012,2022,2022-08-19,4203,2022-07-19,1357,24079,43,2,5,5,4203,0,0,0,,0,003,"E HALEY ST","LAGUNA ST",105.00,W,N,A,-,N,,,,,,,,,,N,4,0,2,2,A,-,08,22107,,N,D,C,A,A,H,-,A,D,0,,,,Y,Y,,A,07,0,0,2,0,0,0,0,0,0,"- ","- ",34.421051025390625,-119.69100952148438,"SANTA BARBARA","SANTA BARBARA",-119.69122314453125,34.42083740234375
94881010,2025,2025-11-13,9750,2025-09-26,2340,020510,,5,3,9,4200,0,1,3,,1,022,"SR-1 S/B (CABRILLO HWY)","GRACIOSA ROAD",2746.00,S,N,A,-,Y,SB,,1," ",R,31.256,H,,L,Y,2,0,1,1,A,-,01,23152,A,N,E,I,A,A,H,-,D,D,0,,,Y,,Y,Y,C,02,1,0,0,0,0,0,0,0,1,"- ","- ",34.803768157958984,-120.44451904296875,"SANTA BARBARA",UNINCORPORATED,-120.44445037841797,34.803794860839844
94885802,2025,2025-10-14,9755,2025-10-12,2115,023810,,7,2,9,4200,0,1,2,,2,004,"US-101 N/B",SR-1,5808.00,S,N,A,-,Y,SB,,101," "," ",47.690,H,,R,Y,4,0,1,1,C,-,18,,,N,H,H,A,A,H,-,D,D,0,,,,,Y,,-,"- ",0,0,1,0,0,0,0,0,0,"- ","- ",34.494239807128906,-120.22892761230469,"SANTA BARBARA",UNINCORPORATED,-120.22891235351562,34.4942626953125
94887674,2025,2025-10-15,9760,2025-10-11,1300,023838,,6,1,5,4203,0,1,2,,2,011,US-101,"HOT SPRINGS LN",1486.00,N,N,A,-,Y,SB,,101," "," ",11.740,H,,R,N,4,0,1,2,A,-,03,22350,,N,C,C,A,A,H,-,A,D,0,,,,,Y,,D,22,0,0,1,0,0,0,0,0,0,"- ","- ",34.422920227050781,-119.66000366210938,"SANTA BARBARA","SANTA BARBARA",-119.66004943847656,34.423072814941406
94889525,2025,2025-10-16,9760,2025-05-01,"650 ",022291,,4,1,9,4200,0,1,3,,1,022,"SR-154 (SAN MARCOS PASS ROAD)","SAN ANTONIO CREEK ROAD",222.00,W,N,B,F,Y,SB,,154," "," ",29.918,H,,R,Y,1,1,2,2,A,-,01,23152,A,N,A,C,A,B,H,-,A,D,0,,,,,Y,Y,D,22,2,0,0,0,0,0,0,0,0,"- ","- ",34.469741821289062,-119.7760009765625,"SANTA BARBARA",UNINCORPORATED,-119.7760009765625,34.469715118408203
94892374,2025,2025-10-20,9755,2025-10-04,"220 ",023530,,6,3,9,4200,0,3,5,,2,050,"HAPGOOD RD",SR-246,2640.00,S,N,A,-,N,,,,,,,,,,Y,3,0,1,1,A,-,01,23152,A,N,E,I,A,A,H,-,D,D,0,,,,,Y,Y,A,01,0,1,0,0,0,0,0,0,0,"- ","- ",34.65692138671875,-120.33693695068359,"SANTA BARBARA",UNINCORPORATED,-120.33686065673828,34.66375732421875
94893573,2025,2025-10-20,9760,2025-10-02,1130,024468,,4,1,9,4200,0,3,5,,2,005,"CAMINO DEL SUR","EL COLEGIO RD",0.00,,Y,A,-,N,,,,,,,,,,N,4,0,1,2,A,-,03,22350,,F,H,G,A,A,H,-,A,A,0,,Y,,,Y,,-,99,0,0,1,0,0,0,1,0,0,"- ","- ",34.41748046875,-119.86244964599609,"SANTA BARBARA",UNINCORPORATED,-119.86254119873047,34.417312622070312
94897456,2025,2025-10-22,9750,2025-10-13,"825 ",017140,,1,1,9,4200,0,3,5,,2,020,"BENJI LANE","RUBY CREST COURT",60.00,W,N,B,-,N,,,,,,,,,,Y,4,0,1,2,A,-,08,22107,,N,B,4,A,A,H,-,A,D,0,,,,,Y,,D,22,0,0,1,0,0,0,0,0,0,"- ","- ",34.866859436035156,-120.43483734130859,"SANTA BARBARA",UNINCORPORATED,-120.43479156494141,34.866905212402344
94899617,2025,2025-10-23,9760,2025-10-05,1546,023912,,7,2,4,4214,0,3,5,,2,005,"TRIGO ROAD","CAMINO DEL SUR",550.00,W,N,A,-,N,,,,,,,,,,N,3,0,1,2,A,-,09,21804,A,N,H,G,A,A,H,-,A,D,0,,Y,,,Y,,L,04,0,1,0,0,0,0,1,0,0,"- ","- ",38.596839904785156,-121.49004364013672,"SANTA BARBARA",GOLETA,-119.86441040039062,34.411151885986328
94905502,2025,2025-10-28,9760,2025-10-05,1246,023913,,7,1,9,4200,0,2,4,,2,026,"CATHEDRAL OAKS RD","CAMINO DEL RIO",181.00,W,N,A,-,N,,,,,,,,,,N,2,0,1,2,D,-,00,,,N,B,C,A,A,H,-,A,D,0,,,Y,,Y,,-,"- ",1,0,0,0,0,0,0,0,1,"- ","- ",34.452850341796875,-119.78012847900391,"SANTA BARBARA",UNINCORPORATED,-119.77999877929688,34.452816009521484
94905849,2025,2025-10-28,9760,2025-10-17,1602,024366,,5,2,5,4203,0,1,2,,2,011,"US-101 SOUTHBOUND","CARRILLO ST",1000.00,N,N,A,-,Y,SB,,101," ",R,15.051,H,,L,N,4,0,1,2,A,-,03,22350,,N,C,C,A,A,H,-,A,A,0,,,,,Y,,A,07,0,0,1,0,0,0,0,0,0,"- ","- ",34.418819427490234,-119.71121978759766,"SANTA BARBARA","SANTA BARBARA",-119.71126556396484,34.418781280517578
94907323,2025,2025-10-29,9760,2025-10-23,1410,024704,,4,2,5,4203,0,1,2,,2,011,"US-101 NB","GARDEN ST",556.00,S,N,A,-,Y,SB,,101," "," ",13.382,H,,R,Y,3,0,1,1,A,-,08,22107,,N,F,A,A,A,H,-,A,D,0,,,Y,,Y,,C,02,0,1,0,0,0,0,0,0,1,"- ","- ",34.419219970703125,-119.68807220458984,"SANTA BARBARA","SANTA BARBARA",-119.68809509277344,34.419265747070312
94909700,2025,2025-10-31,9750,2025-10-19,1626,017910,,7,2,9,4200,0,3,5,,2,020,"HILLVIEW ROAD","LAKEVIEW ROAD",5.00,S,N,A,-,N,,,,,,,,,,N,3,0,1,2,A,-,10,21950,A,N,G,B,B,A,H,-,A,A,0,Y,,,,Y,Y,D,22,0,1,0,0,1,0,0,0,0,"- ","- ",34.894401550292969,-120.42517852783203,"SANTA BARBARA",UNINCORPORATED,-120.42520904541016,34.894477844238281
94915170,2025,2025-11-07,9760,2025-10-03,2117,024140,,5,2,9,4200,0,3,5,,2,005,"SABADO TARDE","CAMINO PESCADERO",0.00,,Y,A,-,N,,,,,,,,,,N,3,0,1,2,A,-,09,21802,A,N,H,C,A,A,H,-,C,A,0,,,,,Y,,A,01,0,1,0,0,0,0,0,0,0,"- ","- ",34.410499572753906,-119.86264801025391,"SANTA BARBARA",UNINCORPORATED,-119.85870361328125,34.410446166992188
94916812,2025,2025-11-07,9750,2025-10-29,1000,024862,,3,1,9,4200,0,3,5,,2,030,"E. STOWELL ROAD","ROSEMARY ROAD",1584.00,E,N,A,-,N,,,,,,,,,,Y,3,0,2,1,A,-,08,22107,,N,F,A,A,A,H,-,A,D,0,,,,,Y,,A,07,0,2,0,0,0,0,0,0,0,"- ","- ",34.9381103515625,-120.39521789550781,"SANTA BARBARA",UNINCORPORATED,-120.39521026611328,34.938087463378906
94917912,2025,2025-11-10,9755,2025-10-29,1355,024838,,3,1,9,4200,0,1,3,,1,055,"SR-1 N/B","FIREFIGHTER RD",2073.00,N,N,A,-,Y,SB,,1," ",M,31.593,H,,R,Y,4,0,2,2,A,-,08,22107,,N,B,C,A,A,H,-,A,D,0,,,,,Y,,A,01,0,0,2,0,0,0,0,0,0,"- ","- ",34.772960662841797,-120.51052856445312,"SANTA BARBARA",UNINCORPORATED,-120.510498046875,34.772945404052734
94923434,2025,2025-11-12,9750,2025-10-29,1443,024516,,3,2,9,4200,0,2,4,,1,024,"BRADLEY ROAD","FOSTER ROAD",44.00,S,N,A,-,N,,,,,,,,,,N,4,0,1,2,A,-,03,22350,,N,C,C,A,A,H,-,A,A,0,,,,,Y,,A,07,0,0,1,0,0,0,0,0,0,"- ","- ",34.882938385009766,-120.41864776611328,"SANTA BARBARA",UNINCORPORATED,-120.41868591308594,34.882987976074219
94924830,2025,2025-11-12,9760,2025-10-23,1244,024789,,4,1,5,4203,0,1,2,,2,020,"US-101 SOUTHBOUND","STATE STREET",686.00,N,N,A,-,Y,SB,,101," "," ",18.267,H,,L,N,4,0,1,1,A,-,01,23152,F,N,E,I,A,A,H,-,A,D,0,,,,,Y,,A,07,0,0,1,0,0,0,0,0,0,"- ","- ",34.441131591796875,-119.75823974609375,"SANTA BARBARA","SANTA BARBARA",-119.75824737548828,34.441085815429688
94924935,2025,2025-11-12,9750,2025-10-29,1748,017910,,3,2,9,4200,0,2,4,,1,024,"ORCUTT ROAD","FOSTER ROAD",0.00,,Y,A,-,Y,,,,,,,,,,Y,3,0,2,2,A,-,09,21802,A,N,D,C,A,A,H,-,A,A,0,,,,Y,Y,,F,26,0,1,1,0,0,0,0,0,0,"- ","- ",34.883121490478516,-120.43609619140625,"SANTA BARBARA",UNINCORPORATED,-120.4361572265625,34.883064270019531
94928679,2025,2025-11-13,9750,2025-10-30,1750,024516,,4,2,5,4204,0,1,2,,2,001,"US-101 S/B (EL CAMINO REAL)","BETTERAVIA ROAD O/C",950.00,N,N,A,-,Y,SB,,101," "," ",86.781,H,,L,Y,3,0,1,3,A,-,03,22350,,N,C,C,A,A,H,-,B,D,0,,,,,Y,,A,08,0,1,0,0,0,0,0,0,0,"- ","- ",34.926418304443359,-120.41805267333984,"SANTA BARBARA","SANTA MARIA",-120.41799926757812,34.926418304443359
9493343,2022,2022-09-19,4200,2022-08-15,1631,5273,10,1,5,3,4205,0,0,0,,0,030,"CARPINTERIA AV","POLE 9248",150.00,W,N,A,-,N,,,,,,,,,,Y,3,0,1,1,B,-,22,,,N,E,I,A,-,H,-,A,-,0,,,,,Y,,A,07,0,1,0,0,0,0,0,0,0,"- ","- ",,,"SANTA BARBARA",CARPINTERIA,,
94933486,2025,2025-11-17,9750,2025-11-05,"840 ",024808,,3,1,9,4200,0,2,4,,1,024,"CLARK AVENUE","NB SR-135 ON AND OFF RAMPS",0.00,,Y,A,-,Y,,,,,,,,,,N,4,0,1,2,A,-,12,21453,A,N,A,C,A,A,H,-,A,A,0,,,,,Y,,A,07,0,0,1,0,0,0,0,0,0,"- ","- ",34.865119934082031,-120.43607330322266,"SANTA BARBARA",UNINCORPORATED,,
94935212,2025,2025-11-18,9750,2025-10-27,"555 ",024862,,1,3,9,4200,0,3,5,,2,010,"BONITA SCHOOL ROAD","BONITA LATERAL ROAD",5280.00,N,N,A,-,N,,,,,,,,,,Y,4,0,1,2,A,-,03,22350,,F,C,C,A,A,H,-,D,D,0,,,,,Y,,A,01,0,0,1,0,0,0,0,0,0,"- ","- ",34.977348327636719,-120.51203918457031,"SANTA BARBARA",UNINCORPORATED,-120.51197814941406,34.9769287109375
94935739,2025,2025-11-18,9755,2025-11-15,2355,024611,,6,3,9,4200,0,1,3,,1,042,SR-154,"LIVE OAK RD",11035.00,W,N,C,-,Y,SB,,154," "," ",17.802,H,,R,Y,3,0,2,2,A,-,05,21460,,N,A,C,A,B,H,-,D,D,0,,,,,Y,,A,01,0,2,0,0,0,0,0,0,0,"- ","- ",34.556781768798828,-119.91178131103516,"SANTA BARBARA",UNINCORPORATED,-119.91178894042969,34.556777954101562
94937515,2025,2025-11-19,9755,2025-11-02,2015,024859,,7,2,9,4200,0,3,5,,2,050,"W. OCEAN AVE","DEWOLFF AVE",1584.00,W,N,B,-,N,,,,,,,,,,Y,3,0,1,1,A,-,01,23152,A,N,E,I,A,A,H,-,D,D,0,,,,,Y,Y,A,01,0,1,0,0,0,0,0,0,0,"- ","- ",34.646160125732422,-120.52449798583984,"SANTA BARBARA",UNINCORPORATED,-120.52449035644531,34.646213531494141
94937757,2025,2025-11-19,9760,2025-11-10,1725,024706,,1,2,5,4203,0,1,2,,2,020,"US-101 NB","LAS POSITAS ROAD",240.00,N,N,A,-,Y,SB,,101," "," ",16.608,H,,R,N,3,0,2,3,A,-,03,22350,,N,C,C,A,A,H,-,D,D,0,,,,,Y,,A,01,0,1,1,0,0,0,0,0,0,"- ","- ",34.428218841552734,-119.73468780517578,"SANTA BARBARA","SANTA BARBARA",-119.73469543457031,34.428184509277344
94937815,2025,2025-11-19,9760,2025-11-17,"735 ",024644,,1,1,9,4200,0,3,5,,2,001,"ASHLEY RD",SR-192,634.00,N,N,B,C,N,,,,,,,,,,Y,4,0,1,1,A,-,03,22350,,N,E,8,A,B,H,-,A,D,0,,,,,Y,,D,22,0,0,1,0,0,0,0,0,0,"- ","- ",34.442020416259766,-119.65605163574219,"SANTA BARBARA",UNINCORPORATED,-119.65608215332031,34.442020416259766
94938263,2025,2025-11-19,9760,2025-11-06,1740,023326,,4,2,9,4200,0,3,5,,2,005,"PARDALL ROAD","EMBARCADERO DEL NORTE",400.00,E,N,A,-,N,,,,,,,,,,N,4,0,1,2,A,-,05,21460,,N,H,G,A,A,H,-,C,D,0,,Y,,,Y,,L,04,0,0,1,0,0,0,1,0,0,"- ","- ",34.413120269775391,-119.85398864746094,"SANTA BARBARA",UNINCORPORATED,-119.85406494140625,34.413105010986328
94945307,2025,2025-11-24,9760,2025-11-14,1320,022726,,5,1,3,4205,0,1,2,,2,010,"US-101 SOUTHBOUND","SANTA YNEZ AVENUE",700.00,N,N,C,-,Y,SB,,101," "," ",3.781,H,,L,Y,3,0,1,1,A,-,03,22350,,N,E,I,A,B,H,-,A,D,0,,,,,Y,,A,01,0,1,0,0,0,0,0,0,0,"- ","- ",34.403728485107422,-119.52893829345703,"SANTA BARBARA",CARPINTERIA,-119.52896118164062,34.403652191162109
94948611,2025,2025-11-26,9760,2025-11-08,2035,023326,,6,2,9,4200,0,3,5,,2,005,"745 CAMINO DEL SUR","EL COLEGIO ROAD",210.00,S,N,A,-,N,,,,,,,,,,N,3,0,1,2,A,-,09,21804,A,N,H,G,A,A,H,-,D,D,0,,Y,,,Y,,A,07,0,1,0,0,0,0,1,0,0,"- ","- ",34.416648864746094,-119.86264801025391,"SANTA BARBARA",UNINCORPORATED,-119.862548828125,34.416732788085938
94948644,2025,2025-11-26,9760,2025-11-14,1028,023130,,5,1,3,4205,0,1,2,,2,010,"US-101 SOUTHBOUND","CASITAS PASS RD",982.00,N,N,C,-,Y,SB,,101," "," ",2.836,H,,L,Y,4,0,1,1,A,-,03,22350,,N,E,8,A,B,H,-,A,D,0,,,,,Y,,D,22,0,0,1,0,0,0,0,0,0,"- ","- ",34.399188995361328,-119.51348114013672,"SANTA BARBARA",CARPINTERIA,-119.51356506347656,34.399124145507812
94957548,2025,2025-12-04,9760,2025-11-17,2150,024149,,1,2,9,4200,0,1,2,,2,020,"US-101 NORTHBOUND","TURNPIKE ROAD",2.00,N,N,A,-,Y,SB,,101," "," ",20.068,H,,R,N,4,0,1,2,A,-,08,22107,,N,C,C,A,B,H,-,C,D,0,,,,,Y,,A,01,0,0,1,0,0,0,0,0,0,"- ","- ",34.442489624023438,-119.78951263427734,"SANTA BARBARA",UNINCORPORATED,-119.78950500488281,34.442401885986328
94959943,2025,2025-12-05,9750,2025-11-20,1404,024808,,4,2,9,4200,0,1,3,,1,064,"SR-166 (CUYAMA HIGHWAY)","ALISO CANYON ROAD",1637.00,E,N,C,-,Y,SB,,166," "," ",62.274,H,,R,Y,3,0,1,1,A,-,08,22107,,N,F,A,A,B,H,-,A,D,0,,,,,Y,,A,07,0,1,0,0,0,0,0,0,0,"- ","- ",34.964241027832031,-119.72206115722656,"SANTA BARBARA",UNINCORPORATED,-119.72201538085938,34.964305877685547
94962131,2025,2025-12-08,9760,2025-10-21,"750 ",024871,,2,1,9,4200,0,1,2,,2,010,"US 101 N/B","SHEFFIELD DRIVE",200.00,S,N,A,-,Y,SB,,101," "," ",8.677,H,,R,N,3,0,1,3,A,-,03,22350,,N,C,C,A,A,H,-,A,D,0,,,,,Y,,A,01,0,1,0,0,0,0,0,0,0,"- ","- ",34.421089172363281,-119.60842895507812,"SANTA BARBARA",UNINCORPORATED,-119.60844421386719,34.421031951904297
94965852,2025,2025-12-10,9760,2025-11-23,1813,024366,,7,2,9,4200,0,2,4,,1,021,"HOLLISTER AVE","MAGNOLIA CENTER",0.00,,Y,A,-,N,,,,,,,,,,N,4,0,1,2,A,-,21,22106,,F,C,C,A,A,H,-,C,A,0,,,,,Y,,A,01,0,0,1,0,0,0,0,0,0,"- ","- ",34.434959411621094,-119.80335235595703,"SANTA BARBARA",UNINCORPORATED,-119.80358123779297,34.434818267822266
94965906,2025,2025-12-10,9750,2025-11-23,1600,024650,,7,2,9,4200,0,1,3,,1,011,SR-166,"BONITA SCHOOL RD",0.00,,Y,A,-,Y,SB,,166," "," ",3.740,H,,R,Y,2,0,1,2,A,-,01,23152,A,N,C,C,A,A,H,-,A,A,0,,,,,Y,Y,A,01,1,0,0,0,0,0,0,0,0,"- ","- ",34.956928253173828,-120.50856018066406,"SANTA BARBARA",UNINCORPORATED,-120.50855255126953,34.956977844238281
94966318,2025,2025-12-10,9760,2025-12-04,"655 ",024789,,4,1,9,4200,0,1,2,,1,030,"US-101 SOUTHBOUND","LAS VARAS CYN RD",777.00,S,N,A,-,Y,SB,,101," "," ",30.894,H,,L,Y,4,0,2,3,A,-,03,22350,,N,C,2,A,A,H,-,A,D,0,,,,,Y,,A,01,0,0,2,0,0,0,0,0,0,"- ","- ",34.455158233642578,-119.97064971923828,"SANTA BARBARA",UNINCORPORATED,-119.97068786621094,34.455108642578125
94973818,2025,2025-12-16,9760,2025-12-11,1737,023607,,4,2,5,4203,0,1,2,,2,011,"US-101 SOUTHBOUND","MICHELTORENA ST",12.00,N,N,A,-,Y,SB,,101," ",R,15.270,H,,L,N,4,0,1,2,A,-,03,22350,,N,C,C,A,A,H,-,D,D,0,,,,,Y,,A,01,0,0,1,0,0,0,0,0,0,"- ","- ",34.420860290527344,-119.71414184570312,"SANTA BARBARA","SANTA BARBARA",-119.71411895751953,34.420879364013672
94977553,2025,2025-12-18,9755,2025-08-10,2500,024538,,7,4,9,4200,0,3,5,,2,040,"CANADA ESTE RD","AVENIDA CABALLO",6125.00,N,N,A,-,N,,,,,,,,,,Y,1,1,0,1,A,-,01,23152,A,N,E,I,A,A,H,-,D,D,0,,,Y,,Y,Y,C,02,0,0,0,0,0,0,0,1,0,"- ","- ",34.673561096191406,-120.08860778808594,"SANTA BARBARA",UNINCORPORATED,-120.08860778808594,34.673126220703125
94979809,2025,2025-12-19,9755,2025-12-11,"823 ",020483,,4,1,9,4200,0,3,5,,2,050,"CONSTELLATION RD","BURTON MESA BLVD",0.00,,Y,A,-,N,,,,,,,,,,N,4,0,1,2,A,-,10,21950,A,N,G,B,B,A,H,-,A,A,0,Y,,,,Y,,A,01,0,0,1,0,1,0,0,0,0,"- ","- ",34.703948974609375,-120.46524047851562,"SANTA BARBARA",UNINCORPORATED,-120.46817779541016,34.699462890625
94982367,2025,2025-12-22,9750,2025-12-12,"811 ",020511,,5,1,9,4200,0,2,4,,1,024,"VILLAGE DR","BRADLEY RD",0.00,,Y,A,-,N,,,,,,,,,,Y,3,0,1,2,A,-,09,21802,A,N,D,C,A,A,H,-,A,A,0,,,,,Y,,A,01,0,1,0,0,0,0,0,0,0,"- ","- ",34.874710083007812,-120.41879272460938,"SANTA BARBARA",UNINCORPORATED,-120.41876983642578,34.874713897705078
9498739,2022,2022-12-28,4200,2022-10-14,2141,5594,11,5,5,2,4212,0,0,0,,0,,"RT 246","MCMURRAY RD",14.00,E,N,A,-,Y,SB,5,246,-,-,26.380,H,-,W,Y,4,0,1,2,A,-,03,22350,A,N,C,C,A,A,H,-,C,A,0,,,,,Y,,A,01,0,0,1,0,0,0,0,0,0,"- ","- ",,,"SANTA BARBARA",BUELLTON,-120.18873596191406,34.611640930175781
94994520,2025,2025-12-31,9755,2025-12-19,"110 ",024538,,5,3,9,4200,0,1,3,,1,042,SR-154,"EDISON STREET",0.00,,Y,E,-,N,,,,,,,,,,Y,3,0,2,1,A,-,03,22350,,N,A,8,A,A,H,-,C,A,0,,,,,Y,,A,01,0,2,0,0,0,0,0,0,0,"- ","- ",34.633548736572266,-120.08097076416016,"SANTA BARBARA",UNINCORPORATED,-120.08101654052734,34.633708953857422