CASE_ID,ACCIDENT_YEAR,PROC_DATE,JURIS,COLLISION_DATE,COLLISION_TIME,OFFICER_ID,REPORTING_DISTRICT,DAY_OF_WEEK,CHP_SHIFT,POPULATION,CNTY_CITY_LOC,SPECIAL_COND,BEAT_TYPE,CHP_BEAT_TYPE,CITY_DIVISION_LAPD,CHP_BEAT_CLASS,BEAT_NUMBER,PRIMARY_RD,SECONDARY_RD,DISTANCE,DIRECTION,INTERSECTION,WEATHER_1,WEATHER_2,STATE_HWY_IND,CALTRANS_COUNTY,CALTRANS_DISTRICT,STATE_ROUTE,ROUTE_SUFFIX,POSTMILE_PREFIX,POSTMILE,LOCATION_TYPE,RAMP_INTERSECTION,SIDE_OF_HWY,TOW_AWAY,COLLISION_SEVERITY,NUMBER_KILLED,NUMBER_INJURED,PARTY_COUNT,PRIMARY_COLL_FACTOR,PCF_CODE_OF_VIOL,PCF_VIOL_CATEGORY,PCF_VIOLATION,PCF_VIOL_SUBSECTION,HIT_AND_RUN,TYPE_OF_COLLISION,MVIW,PED_ACTION,ROAD_SURFACE,ROAD_COND_1,ROAD_COND_2,LIGHTING,CONTROL_DEVICE,CHP_ROAD_TYPE,PEDESTRIAN_ACCIDENT,BICYCLE_ACCIDENT,MOTORCYCLE_ACCIDENT,TRUCK_ACCIDENT,NOT_PRIVATE_PROPERTY,ALCOHOL_INVOLVED,STWD_VEHTYPE_AT_FAULT,CHP_VEHTYPE_AT_FAULT,COUNT_SEVERE_INJ,COUNT_VISIBLE_INJ,COUNT_COMPLAINT_PAIN,COUNT_PED_KILLED,COUNT_PED_INJURED,COUNT_BICYCLIST_KILLED,COUNT_BICYCLIST_INJURED,COUNT_MC_KILLED,COUNT_MC_INJURED,PRIMARY_RAMP,SECONDARY_RAMP,LATITUDE,LONGITUDE,COUNTY,CITY,POINT_X,POINT_Y
9713495,2024,2024-07-11,4202,2024-05-29,1423,292,,3,5,4,4202,0,0,0,,0,,"MAPLE AV","Q ST",0.00,,Y,A,-,N,,,,,,,,,,N,3,0,1,2,A,-,09,21802,A,N,D,C,A,A,H,-,A,D,0,,,,,Y,,A,01,0,1,0,0,0,0,0,0,0,"- ","- ",,,"SANTA BARBARA",LOMPOC,-120.46921539306641,34.645519256591797
9714218,2024,2024-07-31,4203,2024-06-04,"147 ",25305,50,2,5,5,4203,0,0,0,,0,005,"GARDEN ST","SANTA BARBARA ST",495.00,E,N,A,-,N,,,,,,,,,,Y,3,0,1,2,A,-,01,23152,B,N,C,E,A,A,H,-,C,D,0,,,,,Y,Y,A,01,0,1,0,0,0,0,0,0,0,"- ","- ",34.438468933105469,-119.71800994873047,"SANTA BARBARA","SANTA BARBARA",,
9716866,2024,2024-08-06,4203,2024-05-25,1311,24582,31,6,5,5,4203,0,0,0,,0,004,"DE LA VINA ST","ORTEGA ST",0.00,,Y,A,-,N,,,,,,,,,,Y,4,0,1,2,A,-,12,22450,A,N,D,C,A,A,H,-,A,A,0,,,,,Y,,A,01,0,0,1,0,0,0,0,0,0,"- ","- ",34.416538238525391,-119.70030212402344,"SANTA BARBARA","SANTA BARBARA",-119.7003173828125,34.416538238525391
9717063,2024,2024-07-31,4200,2024-06-04,1917,5460,14,2,5,4,4214,0,0,0,,0,060,"HOLLISTER AV","KINMAN AV",381.00,W,N,B,-,N,,,,,,,,,,Y,3,0,1,2,A,-,03,22350,,N,C,C,A,A,H,-,A,D,0,,,,,Y,,A,01,0,1,0,0,0,0,0,0,0,"- ","- ",,,"SANTA BARBARA",GOLETA,-119.82357025146484,34.435676574707031
9717798,2024,2024-08-15,4203,2024-05-05,1705,25912,20,7,5,5,4203,0,0,0,,0,006,"W CARRILLO ST","SAN PASCUAL ST",52.00,W,N,A,G,N,,,,,,,,,,Y,3,0,1,3,A,-,03,22350,,N,C,C,A,A,H,-,A,A,0,,,,,Y,,A,01,0,1,0,0,0,0,0,0,0,"- ","- ",34.415050506591797,-119.70932769775391,"SANTA BARBARA","SANTA BARBARA",-119.70925903320312,34.415084838867188
9717800,2024,2024-08-16,4203,2024-06-17,1430,24079,30,1,5,5,4203,0,0,0,,0,004,"DE LA VINA ST","COIA ST",0.00,,Y,A,-,N,,,,,,,,,,N,4,0,2,2,A,-,09,21802,A,N,D,C,A,A,H,-,A,A,0,,,,,Y,,A,01,0,0,2,0,0,0,0,0,0,"- ","- ",34.415630340576172,-119.69907379150391,"SANTA BARBARA","SANTA BARBARA",,
9719749,2024,2024-08-22,4202,2024-07-10,1415,234,4202,3,5,4,4202,0,0,0,,0,,"E OCEAN AV","SOUTH E ST",12.00,W,N,A,-,N,,,,,,,,,,N,4,0,2,2,A,-,09,21804,,N,D,C,A,A,H,-,A,A,0,,,,,Y,,A,01,0,0,2,0,0,0,0,0,0,"- ","- ",,,"SANTA BARBARA",LOMPOC,-120.45410919189453,34.638950347900391
9720150,2024,2024-09-27,4202,2024-06-29,1612,80926,4202,6,5,4,4202,0,0,0,,0,,"RT 246","12TH ST",0.00,,N,A,-,Y,SB,5,1,-,-,19.251,I,5,S,Y,4,0,1,2,A,-,12,21453,A,N,D,C,A,A,H,-,A,A,0,,,,,Y,,A,01,0,0,1,0,0,0,0,0,0,"- ","- ",,,"SANTA BARBARA",LOMPOC,-120.43595886230469,34.641246795654297
9720401,2024,2024-10-21,4200,2024-08-08,1443,5746,14,4,5,2,4206,0,0,0,,0,,"MISSION DR","ALAMO PINTADO RD",0.00,,Y,A,-,N,,,,,,,,,,N,3,0,1,2,A,-,06,21755,,N,A,C,A,-,H,-,A,D,0,,,Y,,Y,,C,02,0,1,0,0,0,0,0,0,1,"- ","- ",,,"SANTA BARBARA",SOLVANG,-120.12860107421875,34.598617553710938
9723420,2024,2024-10-07,4202,2024-08-23,1626,80738,4202,5,5,4,4202,0,0,0,,0,,"D ST","CHESTNUT AV",15.00,S,-,A,-,N,,,,,,,,,,Y,4,0,2,3,A,-,09,21802,A,N,A,C,A,A,H,-,A,A,0,,,,,Y,,A,01,0,0,2,0,0,0,0,0,0,"- ","- ",,,"SANTA BARBARA",LOMPOC,-120.45278167724609,34.642147064208984
9726222,2024,2024-08-22,4203,2024-04-23,1618,23133,55,2,5,5,4203,0,0,0,,0,005,"S LA CUMBRE RD","LA CUMBRE LN",107.00,S,N,A,-,N,,,,,,,,,,N,3,0,1,2,A,-,08,22100,A,N,H,G,A,A,H,-,A,A,0,,Y,,,Y,,A,07,0,1,0,0,0,0,1,0,0,"- ","- ",34.738510131835938,-119.75054168701172,"SANTA BARBARA","SANTA BARBARA",-119.75069427490234,34.438560485839844
9726335,2024,2024-08-26,4203,2024-07-24,1240,26710,32,3,5,5,4203,0,0,0,,0,004,"W VALERIO ST","CHAPALA ST",5.00,N,N,A,-,N,,,,,,,,,,N,2,0,1,2,A,-,17,21657,,N,H,G,A,A,H,-,A,A,0,,Y,,,Y,,L,04,1,0,0,0,0,0,1,0,0,"- ","- ",34.426990509033203,-119.71201324462891,"SANTA BARBARA","SANTA BARBARA",-119.71192932128906,34.427032470703125
9726355,2024,2024-10-21,4202,2024-07-22,"606 ",239,4202,1,5,4,4202,0,0,0,,0,,"RT 1","CENTRAL AV",0.00,,Y,A,-,Y,SB,5,1,-,-,22.068,I,6,S,N,4,0,1,2,A,-,10,21950,A,N,G,B,A,A,H,-,B,A,0,,,,,Y,,D,22,0,0,1,0,0,0,0,0,0,"- ","- ",,,"SANTA BARBARA",LOMPOC,-120.45777130126953,34.66082763671875
9726427,2024,2024-08-27,4203,2024-07-25,2203,26416,55,4,5,5,4203,0,0,0,,0,005,"LA CUMBRE RD","CALLE REAL",0.00,,Y,A,-,N,,,,,,,,,,N,3,0,4,2,A,-,09,21801,A,N,D,C,A,A,H,-,C,A,0,,,,,Y,,A,01,0,2,2,0,0,0,0,0,0,"- ","- ",34.436061859130859,-119.74595642089844,"SANTA BARBARA","SANTA BARBARA",-119.75102996826172,34.437229156494141
9726484,2024,2024-08-29,4203,2024-08-06,"659 ",24079,72,2,5,5,4203,0,0,0,,0,001,"SALINAS ST","EUCALYPTUS HILL RD",0.00,,Y,A,-,N,,,,,,,,,,N,4,0,1,2,A,-,12,22450,A,N,H,G,A,A,H,-,A,A,0,,Y,,,Y,,A,01,0,0,1,0,0,0,1,0,0,"- ","- ",34.423999786376953,-119.66999816894531,"SANTA BARBARA","SANTA BARBARA",-119.67073059082031,34.424964904785156
9727156,2024,2024-12-20,4203,2024-11-01,"859 ",24582,34,5,5,5,4203,0,0,0,,0,004,"CASTILLO ST","ARRELLAGA ST",0.00,,Y,A,-,N,,,,,,,,,,Y,4,0,1,2,A,-,12,22450,A,N,D,C,A,A,H,-,A,A,0,,,,,Y,,D,22,0,0,1,0,0,0,0,0,0,"- ","- ",34.422931671142578,-119.71421051025391,"SANTA BARBARA","SANTA BARBARA",-119.71405029296875,34.422901153564453
9732581,2024,2024-09-30,4200,2024-09-02,1215,5835,6,1,5,2,4206,0,0,0,,0,,"ELVERHOY WY","2ND ST",0.00,,Y,A,-,N,,,,,,,,,,Y,3,0,2,2,A,-,09,21801,A,N,D,C,A,A,H,-,A,D,0,,,,Y,Y,,F,26,0,1,1,0,0,0,0,0,0,"- ","- ",,,"SANTA BARBARA",SOLVANG,-120.14244079589844,34.59234619140625
9732700,2024,2024-09-23,4203,2024-08-10,"831 ",26177,62,6,5,5,4203,0,0,0,,0,001,"N MILPAS ST","E GUTIERREZ ST",0.00,,Y,A,-,N,,,,,,,,,,Y,2,0,4,3,A,-,12,21453,A,N,D,C,A,A,H,-,A,A,0,,,,,Y,,A,01,1,3,0,0,0,0,0,0,0,"- ","- ",34.425411224365234,-119.68406677246094,"SANTA BARBARA","SANTA BARBARA",-119.68405914306641,34.425388336181641
9733138,2024,2024-09-13,4203,2024-07-29,1128,24079,55,1,5,5,4203,0,0,0,,0,005,"LA CUMBRE RD","STATE ST",261.00,S,N,A,-,N,,,,,,,,,,N,4,0,1,2,A,-,08,22100,A,N,D,C,A,A,H,-,A,D,0,,,,,Y,,A,07,0,0,1,0,0,0,0,0,0,"- ","- ",34.43927001953125,-119.74591064453125,"SANTA BARBARA","SANTA BARBARA",-119.75105285644531,34.440498352050781
9733541,2024,2024-09-20,4203,2024-09-02,1539,25790,33,1,5,5,4203,0,0,0,,0,004,"W ARRELLAGA ST","BATH ST",180.00,W,N,A,-,N,,,,,,,,,,N,4,0,1,2,A,-,09,21804,A,N,D,C,A,A,H,-,A,D,0,,,,,Y,,A,01,0,0,1,0,0,0,0,0,0,"- ","- ",34.423530578613281,-119.71337890625,"SANTA BARBARA","SANTA BARBARA",-119.71329498291016,34.423599243164062
9736321,2024,2024-09-24,4203,2024-08-20,1833,23781,51,2,5,5,4203,0,0,0,,0,005,"FOOTHILL RD","ALAMAR AV",0.00,,Y,A,-,N,,,,,,,,,,N,3,0,1,2,A,-,08,22107,,N,D,G,A,A,H,-,A,A,0,,Y,,,Y,,A,07,0,1,0,0,0,0,1,0,0,"- ","- ",34.446701049804688,-119.72480010986328,"SANTA BARBARA","SANTA BARBARA",-119.72467803955078,34.446815490722656
9738591,2024,2024-10-03,4202,2024-09-01,"542 ",239,LOMPO,7,5,4,4202,0,0,0,,0,,"D ST","CHERRY AV",0.00,,Y,A,-,N,,,,,,,,,,Y,3,0,1,2,A,-,08,22107,,M,C,E,A,A,H,-,B,D,0,,,,,Y,,A,07,0,1,0,0,0,0,0,0,0,"- ","- ",,,"SANTA BARBARA",LOMPOC,-120.45266723632812,34.650970458984375
9744933,2024,2024-10-21,4202,2024-09-06,1320,80738,4202,5,5,4,4202,0,0,0,,0,,"WALNUT AV","R ST",416.00,W,N,A,-,N,,,,,,,,,,Y,4,0,1,2,A,-,09,21804,A,N,D,C,A,A,H,-,A,D,0,,,,,Y,,A,07,0,0,1,0,0,0,0,0,0,"- ","- ",,,"SANTA BARBARA",LOMPOC,-120.47055816650391,34.640739440917969
9745583,2024,2024-10-24,4203,2024-06-08,"129 ",26417,31,6,5,5,4203,0,0,0,,0,004,"WEST CARRILLO","DE LA VINA ST",124.00,W,N,A,-,N,,,,,,,,,,N,3,0,1,2,D,-,00,,,F,H,G,A,B,H,-,C,D,0,,Y,,,Y,Y,-,"- ",0,1,0,0,0,0,1,0,0,"- ","- ",34.418998718261719,-119.70400238037109,"SANTA BARBARA","SANTA BARBARA",-119.70441436767578,34.419097900390625
9745584,2024,2024-10-28,4203,2024-06-06,1641,27210,27,4,5,5,4203,0,0,0,,0,006,"CLIFF DR","ALAN RD",1000.00,W,N,A,-,N,,,,,,,,,,N,2,0,1,1,A,-,03,22350,,N,H,G,A,A,B,-,A,D,0,,Y,,,Y,,L,04,1,0,0,0,0,0,1,0,0,"- ","- ",34.403999328613281,-119.74089813232422,"SANTA BARBARA","SANTA BARBARA",-119.74363708496094,34.404010772705078
9745952,2024,2024-10-31,4202,2024-10-02,"945 ",80738,4202,3,5,4,4202,0,0,0,,0,,"CENTRAL AV","O ST",0.00,,Y,A,-,N,,,,,,,,,,Y,4,0,1,2,A,-,12,21453,A,N,A,C,A,A,H,-,A,A,0,,,,,Y,,D,22,0,0,1,0,0,0,0,0,0,"- ","- ",,,"SANTA BARBARA",LOMPOC,-120.46640777587891,34.660900115966797
9746115,2024,2024-10-29,4202,2024-10-12,1441,,4202,6,5,4,4202,0,0,0,,0,,"OCEAN AV","7TH ST",490.00,E,N,A,-,N,,,,,,,,,,Y,2,0,1,2,A,-,09,21804,,N,D,C,A,A,H,-,A,D,0,,,Y,,Y,,A,01,1,0,0,0,0,0,0,0,1,"- ","- ",,,"SANTA BARBARA",LOMPOC,-120.43893432617188,34.639595031738281
9746136,2024,2024-10-29,4203,2024-10-05,1808,6110,43,6,5,5,4203,0,0,0,,0,003,"HALEY ST","OLIVE ST",0.00,,Y,A,-,N,,,,,,,,,,N,3,0,2,2,A,-,09,21802,A,N,D,C,A,A,H,-,B,A,0,,,,,Y,,A,07,0,1,1,0,0,0,0,0,0,"- ","- ",34.422080993652344,-119.68987274169922,"SANTA BARBARA","SANTA BARBARA",-119.68982696533203,34.422138214111328
9746380,2024,2024-11-01,4203,2024-07-07,1937,6378,20,7,5,5,4203,0,0,0,,0,002,"SAN PASCUAL ST","CANON PERDIDO ST",15.00,S,N,A,-,N,,,,,,,,,,N,2,0,1,1,D,-,00,,,N,F,A,A,A,H,-,A,D,0,,Y,,,Y,,-,"- ",1,0,0,0,0,0,1,0,0,"- ","- ",34.414279937744141,-119.70735931396484,"SANTA BARBARA","SANTA BARBARA",-119.70728302001953,34.414203643798828
9747507,2024,2024-10-30,4202,2024-09-15,"741 ",81042,4202,7,5,4,4202,0,0,0,,0,,"N A ST","E CHESTNUT AV",0.00,,Y,B,-,N,,,,,,,,,,Y,4,0,1,2,A,-,09,21802,A,N,D,C,A,B,H,-,A,A,0,,,,,Y,,A,07,0,0,1,0,0,0,0,0,0,"- ","- ",,,"SANTA BARBARA",LOMPOC,-120.44898223876953,34.64215087890625
9748543,2024,2024-11-08,4203,2024-08-24,1642,24974,13,6,5,5,4203,0,0,0,,0,002,"STATE AV","VANONALI ST",46.00,S,N,A,-,N,,,,,,,,,,N,3,0,2,2,B,-,22,,,N,C,C,A,A,H,-,A,A,0,,,,,Y,,J,48,0,1,1,0,0,0,0,0,0,"- ","- ",34.413890838623047,-119.69164276123047,"SANTA BARBARA","SANTA BARBARA",,
9749659,2024,2024-11-21,4203,2024-05-01,1554,25932,14,3,5,5,4203,0,0,0,,0,002,"CASTILLO ST","RT 101",35.00,N,N,A,-,Y,SB,5,101,-,R,14.341,R,4,S,N,3,0,1,1,A,-,03,22350,,N,E,I,A,B,A,G,A,A,0,,,,,Y,,A,01,0,1,0,0,0,0,0,0,0,"- ","- ",34.410198211669922,-119.69458770751953,"SANTA BARBARA","SANTA BARBARA",-119.70204162597656,34.412498474121094
9751632,2024,2024-11-06,4203,2024-08-17,2331,26416,41,6,5,5,4203,0,0,0,,0,004,"STATE ST","ORTEGA ST",30.00,N,N,A,-,N,,,,,,,,,,N,3,0,1,1,C,-,18,,,N,H,A,A,A,H,-,C,A,0,,Y,,,Y,Y,-,"- ",0,1,0,0,0,0,1,0,0,"- ","- ",34.416728973388672,-119.69339752197266,"SANTA BARBARA","SANTA BARBARA",-119.69813537597656,34.418716430664062
9752837,2024,2024-11-07,4203,2024-08-01,1149,24582,11,4,5,5,4203,0,0,0,,0,002,"EAST CABRILLO BL","CORONA DEL MAR DR",0.00,,Y,A,-,N,,,,,,,,,,N,3,0,1,2,A,-,08,22100,A,N,H,G,A,A,H,-,A,A,0,,Y,,,Y,,D,22,0,1,0,0,0,0,1,0,0,"- ","- ",34.416858673095703,-119.67111206054688,"SANTA BARBARA","SANTA BARBARA",-119.67083740234375,34.417026519775391
9752912,2024,2024-11-18,4203,2024-08-17,1512,7568,43,6,5,5,4203,0,0,0,,0,003,"200 E COTA ST","SANTA BARBARA ST",134.00,E,N,A,-,N,,,,,,,,,,Y,3,0,2,5,D,-,00,,,F,B,E,A,A,H,-,A,D,0,,,,,Y,,-,"- ",0,2,0,0,0,0,0,0,0,"- ","- ",34.4197998046875,-119.69439697265625,"SANTA BARBARA","SANTA BARBARA",-119.69420623779297,34.420162200927734
9753162,2024,2024-11-21,4203,2024-10-01,1205,27319,,2,5,5,4203,0,0,0,,0,,"LAS POSITAS RD","CALLE REAL",49.00,W,N,A,-,Y,SB,5,101,-,-,16.721,R,4,S,N,4,0,1,2,A,-,04,21703,,N,C,C,A,A,H,-,A,A,0,,,,,Y,,A,01,0,0,1,0,0,0,0,0,0,"- ","- ",,,"SANTA BARBARA","SANTA BARBARA",-119.73667144775391,34.428203582763672
9753995,2024,2024-11-26,4203,2024-09-12,1040,24582,36,4,5,5,4203,0,0,0,,0,005,"W QUINTO ST","DE LA VINA ST",158.00,W,N,A,-,N,,,,,,,,,,N,3,0,1,2,A,-,21,22106,,N,H,G,A,A,H,-,A,D,0,,,,,Y,,D,22,0,1,0,0,0,0,0,0,0,"- ","- ",34.433681488037109,-119.72306060791016,"SANTA BARBARA","SANTA BARBARA",-119.72344970703125,34.433338165283203
9754093,2024,2024-11-20,4203,2024-09-20,1838,25932,67,5,5,5,4203,0,0,0,,0,001,"E FIGUEROA ST","NOPAL ST",144.00,W,N,A,-,N,,,,,,,,,,N,3,0,1,2,A,-,09,21804,A,N,H,G,A,A,H,-,A,D,0,,Y,,,Y,,L,04,0,1,0,0,0,0,1,0,0,"- ","- ",34.430931091308594,-119.69399261474609,"SANTA BARBARA","SANTA BARBARA",-119.69448852539062,34.430595397949219
9755867,2024,2024-11-22,4203,2024-05-24,1655,26710,41,5,5,5,4203,0,0,0,,0,004,"FIGUEROA ST","STATE ST",0.00,,Y,A,-,N,,,,,,,,,,N,3,0,1,2,D,-,00,,,F,H,G,B,A,H,-,A,A,0,Y,Y,,,Y,,-,"- ",0,1,0,0,1,0,0,0,0,"- ","- ",,,"SANTA BARBARA","SANTA BARBARA",-119.70317077636719,34.422409057617188
9755868,2024,2024-11-26,4203,2024-05-10,1537,23781,48,5,5,5,4203,0,0,0,,0,003,"GARDEN ST","PEDREGOSA ST",0.00,,Y,A,-,N,,,,,,,,,,Y,4,0,2,2,A,-,09,21802,A,N,D,C,A,A,H,-,A,A,0,,,,,Y,,A,01,0,0,2,0,0,0,0,0,0,"- ","- ",34.432998657226562,-119.70899963378906,"SANTA BARBARA","SANTA BARBARA",-119.71002960205078,34.433090209960938
9761343,2024,2024-12-20,4200,2024-10-23,2124,5700,14,3,5,4,4214,0,0,0,,0,080,"CATHEDRAL OAKS RD","HOLLISTER AV",0.00,,Y,A,-,N,,,,,,,,,,Y,2,0,1,2,A,-,12,22450,,N,A,C,A,A,G,-,D,A,0,,,Y,,Y,,A,01,1,0,0,0,0,0,0,0,1,"- ","- ",,,"SANTA BARBARA",GOLETA,-119.90637969970703,34.431175231933594
9762284,2024,2024-12-31,4203,2024-09-28,1045,24582,33,6,5,5,4203,0,0,0,,0,004,"CHAPALA ST","MICHELTORENA ST",257.00,S,N,A,-,N,,,,,,,,,,Y,2,0,1,1,A,-,03,22350,,N,E,I,A,A,H,-,A,A,0,,,,,Y,,D,22,1,0,0,0,0,0,0,0,0,"- ","- ",34.425090789794922,-119.70950317382812,"SANTA BARBARA","SANTA BARBARA",-119.70879364013672,34.424686431884766
9764032,2024,2025-02-07,4200,2024-11-02,1036,4796,14,6,5,4,4214,0,0,0,,0,050,"CALLE REAL","CARLO DR",35.00,E,N,B,-,N,,,,,,,,,,Y,3,0,1,2,A,-,03,22350,,N,D,C,A,B,H,-,A,D,0,,,Y,Y,Y,,C,02,0,1,0,0,0,0,0,0,1,"- ","- ",,,"SANTA BARBARA",GOLETA,-119.83647155761719,34.439411163330078
9764568,2024,2025-01-28,4203,2024-12-30,1737,26178,54,1,5,5,4203,0,0,0,,0,005,"S HOPE AV","LA RADA",42.00,N,N,E,-,N,,,,,,,,,,Y,3,0,1,1,A,-,03,22350,,N,E,I,A,A,H,-,C,D,0,,,,,Y,,A,01,0,1,0,0,0,0,0,0,0,"- ","- ",34.434471130371094,-119.74169158935547,"SANTA BARBARA","SANTA BARBARA",-119.74668121337891,34.435920715332031
9765093,2025,2025-02-24,4203,2025-01-15,"910 ",27408,40,3,5,5,4203,0,0,0,,0,004,"W GUTIERREZ ST","STATE ST",147.00,W,N,A,-,N,,,,,,,,,,,4,0,1,2,A,-,08,22107,,N,H,G,A,A,H,-,A,D,0,,Y,,,Y,,A,01,0,0,1,0,0,0,1,0,0,"- ","- ",34.413848876953125,-119.68962097167969,"SANTA BARBARA","SANTA BARBARA",-119.69453430175781,34.415557861328125
9765465,2024,2025-02-14,4200,2024-12-13,1755,5828,14,5,5,4,4214,0,0,0,,0,060,"STORKE RD","HOLLISTER AV",0.00,,Y,A,-,N,,,,,,,,,,N,4,0,1,2,A,-,12,21453,,F,D,C,A,A,H,-,C,A,0,,,,,Y,,A,07,0,0,1,0,0,0,0,0,0,"- ","- ",,,"SANTA BARBARA",GOLETA,-119.8697509765625,34.430103302001953
9765757,2024,2025-02-18,4200,2024-12-20,2132,5595,14,5,5,4,4214,0,0,0,,0,060,"HOLLISTER AV","RUTHERFORD ST",135.00,E,N,A,-,N,,,,,,,,,,Y,3,0,1,2,A,-,09,21804,A,F,E,I,A,A,H,-,C,A,0,,,,,Y,,-,99,0,1,0,0,0,0,0,0,0,"- ","- ",,,"SANTA BARBARA",GOLETA,-119.82479095458984,34.43572998046875
9765818,2025,2025-02-19,4203,2025-01-08,1249,24582,26,3,5,5,4203,0,0,0,,0,006,"LAS POSITAS RD","VERONICA SPRINGS RD",87.00,N,N,A,-,N,,,,,,,,,,N,4,0,2,3,A,-,03,22350,,N,C,C,A,A,H,-,A,A,0,,,,,Y,,A,07,0,0,2,0,0,0,0,0,0,"- ","- ",34.4180908203125,-119.74124908447266,"SANTA BARBARA","SANTA BARBARA",-119.7412109375,34.418369293212891
9769999,2024,2025-02-12,4202,2024-12-03,1648,81011,4202,2,5,4,4202,0,0,0,,0,,"H ST","BRISA DEL MAR",560.00,S,N,A,-,Y,SB,5,1,-,-,23.010,H,-,N,Y,3,0,1,3,A,-,03,22350,,N,C,C,A,A,H,-,B,A,0,,,,,Y,,A,01,0,1,0,0,0,0,0,0,0,"- ","- ",,,"SANTA BARBARA",LOMPOC,-120.45696258544922,34.674373626708984
9770994,2024,2025-01-15,4203,2024-11-14,1623,24431,62,4,5,5,4203,0,0,0,,0,001,"ALISOS ST","CANON PERDIDO ST",208.00,S,N,A,-,N,,,,,,,,,,N,3,0,1,2,A,-,21,22106,,N,C,C,A,A,H,-,A,D,0,,,,,Y,,A,08,0,1,0,0,0,0,0,0,0,"- ","- ",,,"SANTA BARBARA","SANTA BARBARA",-119.68936920166016,34.430988311767578
9771215,2024,2025-01-09,4203,2024-06-10,1454,24079,32,1,5,5,4203,0,0,0,,0,004,"CASTILLO ST","ANAPAMU ST",0.00,,Y,A,-,N,,,,,,,,,,N,2,0,1,2,A,-,09,21802,A,N,H,G,A,A,H,-,A,A,0,,Y,,,Y,,M,91,1,0,0,0,0,0,1,0,0,"- ","- ",34.419120788574219,-119.70916748046875,"SANTA BARBARA","SANTA BARBARA",-119.70896148681641,34.419178009033203
9771216,2024,2025-01-09,4203,2024-06-26,2027,25305,43,3,5,5,4203,0,0,0,,0,003,"GARDEN ST","E HALEY ST",5.00,S,N,A,-,N,,,,,,,,,,N,4,0,1,2,A,-,17,21208,A,N,H,G,A,A,H,-,B,A,0,,Y,,,Y,,L,04,0,0,1,0,0,0,1,0,0,"- ","- ",34.418998718261719,-119.69094085693359,"SANTA BARBARA","SANTA BARBARA",-119.69210815429688,34.420001983642578
9773212,2024,2025-07-21,4201,2024-11-02,1040,9962,SMSC,6,5,2,4201,0,0,0,,0,0S1,"WEST MAIN ST","OBISPO ST",0.00,,-,A,-,Y,SB,5,166,-,-,0.180,I,5,E,N,3,0,1,2,A,-,03,22350,,N,H,G,A,A,H,-,A,A,0,,Y,,,Y,,-,,0,1,0,0,0,0,1,0,0,"- ","- ",,,"SANTA BARBARA",GUADALUPE,-120.57070159912109,34.957473754882812
9774148,2024,2025-02-05,4203,2024-12-26,2044,24431,45,4,5,5,4203,0,0,0,,0,003,"CARRILLO ST","SANTA BARBARA ST",0.00,,Y,A,-,N,,,,,,,,,,N,4,0,1,2,A,-,09,21801,A,N,D,C,A,A,H,-,C,A,0,,,,,Y,,A,07,0,0,1,0,0,0,0,0,0,"- ","- ",34.423721313476562,-119.69959259033203,"SANTA BARBARA","SANTA BARBARA",-119.69963836669922,34.423641204833984
9774289,2024,2025-01-22,4200,2024-12-21,1741,5460,14,6,5,4,4214,0,0,0,,0,080,"STORKE RD","SANTA FALICIA DR",0.00,,Y,A,-,N,,,,,,,,,,N,3,0,1,2,A,-,09,21802,A,N,D,G,A,A,H,-,D,D,0,,Y,,,Y,,D,22,0,1,0,0,0,0,1,0,0,"- ","- ",,,"SANTA BARBARA",GOLETA,-119.86969757080078,34.426692962646484
9775557,2024,2025-02-03,4203,2024-12-03,1416,24079,36,2,5,5,4203,0,0,0,,0,005,"CHAPALA ST","QUINTO ST",0.00,,Y,A,-,N,,,,,,,,,,Y,3,0,1,2,A,-,09,21802,A,N,D,C,A,A,H,-,A,A,0,,,,,Y,,A,01,0,1,0,0,0,0,0,0,0,"- ","- ",34.434459686279297,-119.72219085693359,"SANTA BARBARA","SANTA BARBARA",-119.72215270996094,34.434459686279297
9775603,2024,2025-02-03,4203,2024-05-10,"809 ",24582,51,5,5,5,4203,0,0,0,,0,005,"STATE ST","CALLE LAURELES",0.00,,Y,A,-,N,,,,,,,,,,Y,3,0,2,2,A,-,12,21453,A,N,D,C,A,A,H,-,A,A,0,,,,,Y,,A,01,0,2,0,0,0,0,0,0,0,"- ","- ",34.440418243408203,-119.72821807861328,"SANTA BARBARA","SANTA BARBARA",-119.7281494140625,34.440372467041016
9775604,2024,2025-02-03,4203,2024-05-28,1406,2106,43,2,5,5,4203,0,0,0,,0,003,"100 E COTA ST","SANTA BARBARA ST",54.00,W,N,A,-,N,,,,,,,,,,N,2,0,1,1,A,-,03,22350,,N,H,G,A,A,G,-,A,A,0,,Y,,,Y,,L,04,1,0,0,0,0,0,1,0,0,"- ","- ",34.419921875,-119.69455718994141,"SANTA BARBARA","SANTA BARBARA",-119.69461822509766,34.419780731201172
9775807,2024,2025-01-17,4202,2024-11-21,1600,,4202,4,5,4,4202,0,0,0,,0,,"E ST","CYPRESS AV",0.00,,N,A,-,N,,,,,,,,,,N,4,0,1,2,A,-,09,21802,A,N,D,G,A,A,H,-,A,A,0,,Y,,,Y,,A,08,0,0,1,0,0,0,1,0,0,"- ","- ",,,"SANTA BARBARA",LOMPOC,-120.45407867431641,34.637283325195312
9776285,2024,2025-02-04,4203,2024-11-02,1635,24079,45,6,5,5,4203,0,0,0,,0,003,"COTA ST","GARDEN ST",0.00,,Y,A,-,N,,,,,,,,,,N,4,0,1,2,A,-,12,22450,A,N,D,C,A,A,H,-,A,A,0,,,,,Y,,A,07,0,0,1,0,0,0,0,0,0,"- ","- ",34.42095947265625,-119.69342041015625,"SANTA BARBARA","SANTA BARBARA",-119.69337463378906,34.420932769775391