CASE_ID,ACCIDENT_YEAR,PROC_DATE,JURIS,COLLISION_DATE,COLLISION_TIME,OFFICER_ID,REPORTING_DISTRICT,DAY_OF_WEEK,CHP_SHIFT,POPULATION,CNTY_CITY_LOC,SPECIAL_COND,BEAT_TYPE,CHP_BEAT_TYPE,CITY_DIVISION_LAPD,CHP_BEAT_CLASS,BEAT_NUMBER,PRIMARY_RD,SECONDARY_RD,DISTANCE,DIRECTION,INTERSECTION,WEATHER_1,WEATHER_2,STATE_HWY_IND,CALTRANS_COUNTY,CALTRANS_DISTRICT,STATE_ROUTE,ROUTE_SUFFIX,POSTMILE_PREFIX,POSTMILE,LOCATION_TYPE,RAMP_INTERSECTION,SIDE_OF_HWY,TOW_AWAY,COLLISION_SEVERITY,NUMBER_KILLED,NUMBER_INJURED,PARTY_COUNT,PRIMARY_COLL_FACTOR,PCF_CODE_OF_VIOL,PCF_VIOL_CATEGORY,PCF_VIOLATION,PCF_VIOL_SUBSECTION,HIT_AND_RUN,TYPE_OF_COLLISION,MVIW,PED_ACTION,ROAD_SURFACE,ROAD_COND_1,ROAD_COND_2,LIGHTING,CONTROL_DEVICE,CHP_ROAD_TYPE,PEDESTRIAN_ACCIDENT,BICYCLE_ACCIDENT,MOTORCYCLE_ACCIDENT,TRUCK_ACCIDENT,NOT_PRIVATE_PROPERTY,ALCOHOL_INVOLVED,STWD_VEHTYPE_AT_FAULT,CHP_VEHTYPE_AT_FAULT,COUNT_SEVERE_INJ,COUNT_VISIBLE_INJ,COUNT_COMPLAINT_PAIN,COUNT_PED_KILLED,COUNT_PED_INJURED,COUNT_BICYCLIST_KILLED,COUNT_BICYCLIST_INJURED,COUNT_MC_KILLED,COUNT_MC_INJURED,PRIMARY_RAMP,SECONDARY_RAMP,LATITUDE,LONGITUDE,COUNTY,CITY,POINT_X,POINT_Y
9781120,2024,2025-02-07,4203,2024-11-13,1857,26177,17,3,5,5,4203,0,0,0,,0,006,"CLIFF DR","LA MARINA DR",0.00,,Y,A,-,N,,,,,,,,,,N,4,0,1,2,A,-,03,22350,,N,H,G,A,A,H,-,C,D,0,,Y,,,Y,,M,91,0,0,1,0,0,0,1,0,0,"- ","- ",34.402458190917969,-119.70813751220703,"SANTA BARBARA","SANTA BARBARA",-119.7081298828125,34.402698516845703
9781950,2025,2025-02-26,4203,2025-02-03,"918 ",23136,56,1,5,5,4203,0,0,0,,0,005,"CIENEGUITAS RD","FOOTHILL RD",182.00,S,N,B,-,N,,,,,,,,,,Y,3,0,2,2,A,-,00,23153,F,N,A,E,A,A,H,-,A,D,0,,,,,Y,,A,07,0,1,1,0,0,0,0,0,0,"- ","- ",34.451480865478516,-119.75980377197266,"SANTA BARBARA","SANTA BARBARA",-119.75981903076172,34.450969696044922
9784233,2025,2025-02-24,4202,2025-01-21,1837,81112,LOMPO,2,5,4,4202,0,0,0,,0,,"E NORTH AV","N 7TH ST",0.00,,Y,A,-,N,,,,,,,,,,N,3,0,1,2,A,-,10,21950,,N,G,B,B,A,H,-,E,D,0,Y,,,Y,Y,,F,26,0,1,0,0,1,0,0,0,0,"- ","- ",,,"SANTA BARBARA",LOMPOC,-120.44014739990234,34.653232574462891
9785616,2025,2025-02-26,4200,2025-02-06,1823,5563,,4,5,2,4212,0,0,0,,0,,"DAWN DR","NINA PL",43.00,N,N,C,-,N,,,,,,,,,,N,4,0,1,2,A,-,08,22107,,N,B,C,A,B,H,-,C,-,0,,,,,Y,,A,01,0,0,1,0,0,0,0,0,0,"- ","- ",,,"SANTA BARBARA",BUELLTON,-120.19476318359375,34.617755889892578
9786114,2024,2025-04-29,4203,2024-05-21,1342,24079,48,2,5,5,4203,0,0,0,,0,003,"STATE ST","MISSION ST",0.00,,Y,A,-,N,,,,,,,,,,N,1,1,0,2,A,-,12,21453,A,N,H,G,A,A,H,-,A,A,0,,Y,,,Y,,L,04,0,0,0,0,0,1,0,0,0,"- ","- ",34.430789947509766,-119.71478271484375,"SANTA BARBARA","SANTA BARBARA",-119.71471405029297,34.430831909179688
9788686,2025,2025-05-12,4203,2025-03-10,"921 ",24079,56,1,5,5,4203,0,0,0,,0,005,"CALLE REAL","PESETAS LN",0.00,,Y,A,-,N,,,,,,,,,,N,4,0,1,2,A,-,09,21802,A,N,D,C,A,A,H,-,A,A,0,,,,,Y,,A,01,0,0,1,0,0,0,0,0,0,"- ","- ",34.441570281982422,-119.75821685791016,"SANTA BARBARA","SANTA BARBARA",-119.75840759277344,34.441505432128906
9788688,2025,2025-05-12,4203,2025-03-27,2100,27568,30,4,5,5,4203,0,0,0,,0,004,"DE LA VINA ST","W HALEY ST",290.00,N,N,A,-,N,,,,,,,,,,Y,3,0,1,3,A,-,01,23152,B,F,B,E,A,A,H,-,C,D,0,,,,,Y,Y,A,01,0,1,0,0,0,0,0,0,0,"- ","- ",,,"SANTA BARBARA","SANTA BARBARA",-119.69850921630859,34.415210723876953
9791486,2025,2025-03-17,4203,2025-01-09,1532,24582,20,4,5,5,4203,0,0,0,,0,002,"SAN PASCUAL ST","CANON PERDIDO ST",205.00,N,N,A,-,N,,,,,,,,,,Y,3,0,1,2,A,-,05,21460,A,N,A,C,A,A,H,-,A,D,0,,,,,Y,,A,07,0,1,0,0,0,0,0,0,0,"- ","- ",34.414279937744141,-119.70735931396484,"SANTA BARBARA","SANTA BARBARA",-119.70796203613281,34.414310455322266
9792270,2025,2025-03-18,4203,2025-02-01,"724 ",24582,36,6,5,5,4203,0,0,0,,0,005,"DE LA VINA ST","LOS OLIVOS ST",10.00,N,N,A,-,N,,,,,,,,,,Y,4,0,2,2,A,-,03,22350,,N,C,C,A,A,H,-,A,D,0,,,,,Y,,A,07,0,0,2,0,0,0,0,0,0,"- ","- ",34.430660247802734,-119.71949768066406,"SANTA BARBARA","SANTA BARBARA",-119.71947479248047,34.430698394775391
9795624,2025,2025-03-28,4203,2025-01-27,"900 ",3599,61,1,5,5,4203,0,0,0,,0,001,"E DE LA GUERRA ST","N QUARANTINA ST",0.00,,Y,A,-,N,,,,,,,,,,Y,3,0,1,2,A,-,08,22107,,N,D,C,A,A,H,-,A,D,0,,,,,Y,,D,22,0,1,0,0,0,0,0,0,0,"- ","- ",34.424968719482422,-119.68659973144531,"SANTA BARBARA","SANTA BARBARA",-119.69145202636719,34.427017211914062
9795809,2025,2025-03-26,4203,2025-03-14,"605 ",23767,25,5,5,5,4203,0,0,0,,0,006,"FLORA VISTA DR","CALLE GALICIA",92.00,N,N,A,C,N,,,,,,,,,,N,3,0,1,2,A,-,01,23152,F,N,C,E,A,B,H,-,C,A,0,,,,,Y,,A,01,0,1,0,0,0,0,0,0,0,"- ","- ",34.406501770019531,-119.72830200195312,"SANTA BARBARA","SANTA BARBARA",-119.72840881347656,34.406517028808594
9795983,2025,2025-03-26,4203,2025-01-07,1749,26178,53,2,5,5,4203,0,0,0,,0,005,"STATE ST","LAS POSITAS RD",0.00,,Y,A,-,N,,,,,,,,,,N,3,0,1,2,A,-,10,21950,A,N,G,B,B,A,H,-,C,A,0,Y,,,,Y,,A,08,0,1,0,0,1,0,0,0,0,"- ","- ",34.438930511474609,-119.72908020019531,"SANTA BARBARA","SANTA BARBARA",-119.73423767089844,34.440364837646484
9795984,2025,2025-03-26,4203,2025-01-03,1819,27560,25,5,5,5,4203,0,0,0,,0,006,"CLIFF DR","CAMINO CALMA",309.00,E,N,A,-,N,,,,,,,,,,N,3,0,1,1,A,-,03,22350,,N,F,A,A,A,H,-,C,D,0,,,Y,,Y,Y,C,03,0,1,0,0,0,0,0,0,1,"- ","- ",34.400531768798828,-119.72045135498047,"SANTA BARBARA","SANTA BARBARA",-119.7237548828125,34.401912689208984
9799389,2025,2025-07-08,4202,2025-06-05,1312,80738,4202,4,5,4,4202,0,0,0,,0,,"O ST","WALNUT AV",37.00,S,N,A,-,N,,,,,,,,,,N,4,0,1,2,A,-,08,22107,,N,D,C,A,A,H,-,A,D,0,,,,,Y,,A,01,0,0,1,0,0,0,0,0,0,"- ","- ",,,"SANTA BARBARA",LOMPOC,-120.46675872802734,34.640609741210938
9799617,2025,2025-04-03,4202,2025-02-02,1142,81112,LOMPO,7,5,4,4202,0,0,0,,0,,"E OCEAN AV","S E ST",15.00,E,N,A,-,N,,,,,,,,,,N,2,0,1,2,A,-,09,21804,A,N,D,G,A,A,H,-,A,D,0,,Y,,Y,Y,,F,26,1,0,0,0,0,0,1,0,0,"- ","- ",,,"SANTA BARBARA",LOMPOC,-120.45401763916016,34.638950347900391
9801326,2025,2025-04-25,4203,2025-04-12,1909,27209,12,6,5,5,4203,0,0,0,,0,001,"YANONALI ST","GRAY AV",0.00,,Y,A,-,N,,,,,,,,,,Y,3,0,1,2,A,-,01,23152,A,N,D,G,A,A,H,-,A,A,0,,Y,,,Y,Y,D,22,0,1,0,0,0,0,1,0,0,"- ","- ",,,"SANTA BARBARA","SANTA BARBARA",-119.68992614746094,34.415630340576172
9801519,2025,2025-04-29,4203,2025-04-08,1618,24431,38,2,5,5,4203,0,0,0,,0,005,"STATE ST","CALLE LAURELES",0.00,,Y,A,-,N,,,,,,,,,,N,3,0,1,2,A,-,10,21950,A,N,G,B,B,A,H,-,A,A,0,Y,,,,Y,,A,07,0,1,0,0,1,0,0,0,0,"- ","- ",34.438850402832031,-119.72303771972656,"SANTA BARBARA","SANTA BARBARA",-119.7281494140625,34.440372467041016
9803308,2024,2025-04-21,4203,2024-12-12,1304,24582,45,4,5,5,4203,0,0,0,,0,003,"LAGUNA ST","HALEY ST",0.00,,Y,A,-,N,,,,,,,,,,N,4,0,1,2,A,-,10,21950,A,N,G,B,B,A,H,-,A,A,0,Y,,,,Y,,A,08,0,0,1,0,1,0,0,0,0,"- ","- ",34.421051025390625,-119.69100952148438,"SANTA BARBARA","SANTA BARBARA",-119.69100189208984,34.421058654785156
9803638,2025,2025-04-22,4200,2025-03-19,1319,5971,14,3,5,4,4214,0,0,0,,0,050,"CALLE REAL","ENCINA LN",596.00,E,N,A,-,N,,,,,,,,,,Y,4,0,2,2,A,-,09,21804,A,N,D,C,A,A,H,-,A,D,0,,,,,Y,,A,01,0,0,2,0,0,0,0,0,0,"- ","- ",,,"SANTA BARBARA",GOLETA,-119.82575988769531,34.441421508789062
9804470,2025,2025-05-06,4203,2025-02-24,1652,27543,11,1,5,5,4203,0,0,0,,0,001,"S MILPAS ST","CACIQUE ST",18.00,S,N,A,-,N,,,,,,,,,,N,4,0,1,2,A,-,00,21854,A,N,G,B,B,A,H,-,A,A,0,Y,,,,Y,Y,N,60,0,0,1,0,1,0,0,0,0,"- ","- ",34.419670104980469,-119.67648315429688,"SANTA BARBARA","SANTA BARBARA",-119.67630767822266,34.419731140136719
9804995,2024,2025-04-30,4203,2024-11-17,1110,26908,32,7,5,5,4203,0,0,0,,0,004,"DE LA VINA ST","W CARRILLO ST",21.00,N,N,A,-,N,,,,,,,,,,N,3,0,1,2,A,-,08,22107,,N,B,G,A,A,H,-,A,A,0,,Y,,,Y,,M,91,0,1,0,0,0,0,1,0,0,"- ","- ",34.417488098144531,-119.69949340820312,"SANTA BARBARA","SANTA BARBARA",-119.70419311523438,34.419387817382812
9807017,2025,2025-05-28,4203,2025-04-11,1249,24582,"56 ",5,5,5,4203,0,0,0,,0,005,"CALLE REAL","STATE ST",27.00,N,N,A,-,N,,,,,,,,,,N,3,0,1,2,A,-,07,21658,A,N,B,C,A,A,H,-,A,A,0,,,,Y,Y,,G,25,0,1,0,0,0,0,0,0,0,"- ","- ",34.440498352050781,-119.75411224365234,"SANTA BARBARA","SANTA BARBARA",-119.75421905517578,34.440486907958984
9809875,2025,2025-06-12,4200,2025-05-03,1050,5104,10,6,5,3,4205,0,0,0,,0,030,"CARPINTERIA AV","BAILARD AV",0.00,,Y,B,-,N,,,,,,,,,,Y,3,0,2,2,A,-,08,22107,A,N,D,C,A,A,H,-,A,A,0,,,,,Y,,A,01,0,2,0,0,0,0,0,0,0,"- ","- ",,,"SANTA BARBARA",CARPINTERIA,-119.49845123291016,34.387298583984375
9812459,2025,2025-12-18,4201,2025-09-12,2100,9962,SMSC,5,5,2,4201,0,0,0,,0,051,"RT 1","5TH ST",0.00,,Y,A,-,Y,SB,5,1,-,-,49.700,I,5,N,Y,4,0,3,3,A,-,08,22107,,N,C,C,A,A,H,-,C,D,0,,,,Y,Y,,A,01,0,0,3,0,0,0,0,0,0,"- ","- ",,,"SANTA BARBARA",GUADALUPE,-120.57393646240234,34.964801788330078
9816799,2025,2025-06-20,4203,2025-05-16,1518,24582,33,5,5,5,4203,0,0,0,,0,004,"CASTILLO ST","MICHELTORENA ST",150.00,N,N,A,-,N,,,,,,,,,,Y,4,0,1,2,C,-,18,,,N,B,E,A,A,H,-,A,D,0,,,,,Y,,-,"- ",0,0,1,0,0,0,0,0,0,"- ","- ",34.421970367431641,-119.71295166015625,"SANTA BARBARA","SANTA BARBARA",-119.71312713623047,34.422237396240234
9818208,2025,2025-08-25,4203,2025-07-13,1732,25627,32,7,5,5,4203,0,0,0,,0,004,"CARRILLO ST","CASTILLO ST 300",0.00,E,N,A,-,N,,,,,,,,,,N,3,0,1,2,A,-,08,22107,,N,B,G,A,A,H,-,A,A,0,,Y,,,Y,,L,04,0,1,0,0,0,0,1,0,0,"- ","- ",34.416999816894531,-119.70600128173828,"SANTA BARBARA","SANTA BARBARA",-119.70635223388672,34.417259216308594
9819283,2025,2025-07-29,4203,2025-06-20,"755 ",24582,38,5,5,5,4203,0,0,0,,0,005,"LAS POSITAS RD","CALLE REAL",0.00,,Y,A,-,N,,,,,,,,,,Y,4,0,1,2,A,-,12,21453,A,N,D,C,A,A,H,-,A,A,0,,,,,Y,,A,07,0,0,1,0,0,0,0,0,0,"- ","- ",34.427150726318359,-119.72882080078125,"SANTA BARBARA","SANTA BARBARA",-119.73374176025391,34.428592681884766
9820193,2025,2025-10-21,4203,2025-07-01,2207,6970,53,2,5,5,4203,0,0,0,,0,005,"CALLE REAL","NORTHVIEW RD",50.00,W,N,A,-,N,,,,,,,,,,Y,3,0,1,1,A,-,08,22107,,N,F,A,A,A,H,-,D,A,0,,,,,Y,,A,01,0,1,0,0,0,0,0,0,0,"- ","- ",34.430641174316406,-119.74272155761719,"SANTA BARBARA","SANTA BARBARA",-119.74271392822266,34.430580139160156
9821209,2025,2025-08-28,4203,2025-06-20,1946,24431,56,5,5,5,4203,0,0,0,,0,005,"SAN MARCOS PASS RD","CALLE REAL",166.00,N,N,A,-,Y,SB,5,154,-,R,32.210,H,-,W,Y,4,0,2,2,A,-,08,22105,,N,A,C,A,A,H,-,B,D,0,,,,,Y,,A,07,0,0,2,0,0,0,0,0,0,"- ","- ",,,"SANTA BARBARA","SANTA BARBARA",-119.75997161865234,34.44232177734375
9821213,2025,2025-08-28,4203,2025-06-20,1946,27543,56,5,5,5,4203,0,0,0,,0,005,"RT 154","CALLE REAL",140.00,W,N,A,-,Y,SB,5,154,-,R,32.220,H,-,W,N,3,0,2,2,A,-,03,22350,,N,C,C,A,A,H,-,B,D,0,,,,,Y,,A,01,0,1,1,0,0,0,0,0,0,"- ","- ",,,"SANTA BARBARA","SANTA BARBARA",-119.75998687744141,34.442176818847656
9822754,2025,2025-09-16,4203,2025-08-18,1716,6031,60,1,5,5,4203,0,0,0,,0,001,"HALEY ST","QUARANTINA ST",0.00,,Y,A,-,N,,,,,,,,,,Y,4,0,1,2,A,-,08,22100,B,N,D,C,A,A,H,-,A,D,0,,,,,Y,,A,07,0,0,1,0,0,0,0,0,0,"- ","- ",34.424301147460938,-119.68766784667969,"SANTA BARBARA","SANTA BARBARA",-119.6876220703125,34.424224853515625
9824047,2025,2025-09-24,4202,2025-07-17,1956,,4202,4,5,4,4202,0,0,0,,0,,"LAUREL AV","O ST",10.00,W,N,A,-,N,,,,,,,,,,N,4,0,1,2,-,-,"- ",,,N,H,G,A,A,H,-,A,D,0,,Y,,,Y,,-,"- ",0,0,1,0,0,0,1,0,0,"- ","- ",,,"SANTA BARBARA",LOMPOC,-120.46675109863281,34.643901824951172
9828242,2025,2025-07-02,4203,2025-05-05,1712,25527,13,1,5,5,4203,0,0,0,,0,002,"CASTILLO ST","W MASON ST",10.00,S,N,A,-,N,,,,,,,,,,N,4,0,1,2,A,-,09,21802,A,N,D,C,A,A,H,-,A,A,0,,,,,Y,,A,01,0,0,1,0,0,0,0,0,0,"- ","- ",34.406841278076172,-119.69046783447266,"SANTA BARBARA","SANTA BARBARA",-119.69486236572266,34.408802032470703
9828533,2025,2025-07-29,4203,2025-06-16,1945,2713,13,1,5,5,4203,0,0,0,,0,002,"STATE ST","YANONALI ST",54.00,N,N,A,-,N,,,,,,,,,,N,3,0,1,1,A,-,08,22107,,N,H,I,A,A,H,-,B,D,0,,Y,,,Y,,L,04,0,1,0,0,0,0,1,0,0,"- ","- ",34.414188385009766,-119.69181823730469,"SANTA BARBARA","SANTA BARBARA",-119.69178771972656,34.414089202880859
9829232,2025,2025-07-01,4203,2025-05-17,1926,114,,6,5,5,4203,0,0,0,,0,UCSB,"OCEAN RD","LOT 16",100.00,S,N,A,-,N,,,,,,,,,,N,4,0,1,2,A,-,03,22350,,N,C,C,A,A,H,-,A,A,0,,,,,Y,,A,01,0,0,1,0,0,0,0,0,0,"- ","- ",34.417678833007812,-119.84815216064453,"SANTA BARBARA","SANTA BARBARA",,
9832937,2025,2025-07-24,4203,2025-07-07,1931,24076,35,1,5,5,4203,0,0,0,,0,004,"MISSION ST","DE LA VINA ST",0.00,,Y,A,-,N,,,,,,,,,,Y,3,0,2,2,A,-,01,23152,A,N,D,C,A,A,H,-,A,A,0,,,,,Y,Y,A,01,0,2,0,0,0,0,0,0,0,"- ","- ",34.428798675537109,-119.71692657470703,"SANTA BARBARA","SANTA BARBARA",-119.71695709228516,34.428726196289062
9833613,2025,2025-07-24,4200,2025-06-29,2020,5700,14,7,5,4,4214,0,0,0,,0,060,"ORANGE AV","HOLLISTER AV",186.00,N,N,A,-,N,,,,,,,,,,N,3,0,1,2,A,-,21,22106,,N,C,J,A,A,H,-,B,D,0,,,Y,,Y,,A,01,0,1,0,0,0,0,0,0,1,"- ","- ",,,"SANTA BARBARA",GOLETA,-119.82902526855469,34.436508178710938
9866924,2025,2025-10-03,4203,2025-05-18,2137,24582,48,7,5,5,4203,0,0,0,,0,003,"STATE ST","MISSION ST",134.00,S,N,A,-,N,,,,,,,,,,Y,1,1,0,2,A,-,01,23152,A,N,H,G,A,A,H,-,C,D,0,,Y,,,Y,Y,D,22,0,0,0,0,0,1,0,0,0,"- ","- ",34.430789947509766,-119.71478271484375,"SANTA BARBARA","SANTA BARBARA",-119.71437072753906,34.430595397949219
9869650,2025,2025-08-27,4203,2025-08-14,2325,7568,40,4,5,5,4203,0,0,0,,0,004,"W HALEY ST","BRINKERHOFF AV",127.00,E,N,A,-,N,,,,,,,,,,Y,3,0,1,2,A,-,01,23152,A,N,B,E,A,A,H,-,C,D,0,,,,,Y,Y,A,01,0,1,0,0,0,0,0,0,0,"- ","- ",34.415390014648438,-119.69709014892578,"SANTA BARBARA","SANTA BARBARA",-119.69705963134766,34.415367126464844
9870607,2025,2025-09-12,4200,2025-08-28,2343,5746,SANTA,4,5,2,4212,0,0,0,,0,014,"SYCAMORE DR","DAIRY WY",0.00,,N,F,-,N,,,,,,,,,,Y,3,0,2,2,A,-,01,23152,A,N,B,E,A,A,H,-,C,D,0,,,,,Y,Y,A,01,0,1,1,0,0,0,0,0,0,"- ","- ",,,"SANTA BARBARA",BUELLTON,-120.20652008056641,34.616977691650391
9875341,2025,2025-10-27,4202,2025-08-29,1553,81041,4202,5,5,4,4202,0,0,0,,0,,"A ST","WALNUT AV",22.00,E,N,A,-,N,,,,,,,,,,Y,4,0,1,2,A,-,04,21703,,F,C,C,A,A,H,-,A,D,0,,,,,Y,,A,07,0,0,1,0,0,0,0,0,0,"- ","- ",,,"SANTA BARBARA",LOMPOC,-120.44898986816406,34.640560150146484
9876360,2025,2025-09-19,4200,2025-08-24,1115,3083,14,7,5,4,4214,0,0,0,,0,050,"CATHEDRAL OAKS RD","ARUNDEL RD",147.00,E,N,A,-,N,,,,,,,,,,Y,3,0,1,2,A,-,08,22107,,N,D,C,A,A,H,-,A,A,0,,,,,Y,,A,01,0,1,0,0,0,0,0,0,0,"- ","- ",,,"SANTA BARBARA",GOLETA,-119.82416534423828,34.451126098632812
9877336,2025,2025-11-21,4203,2025-08-30,1639,27210,30,6,5,5,4203,0,0,0,,0,004,"COTA ST","DE LA VINA ST",30.00,E,N,A,-,N,,,,,,,,,,Y,4,0,1,2,A,-,17,22517,,N,B,E,A,A,H,-,A,D,0,,,,,Y,,A,07,0,0,1,0,0,0,0,0,0,"- ","- ",34.415580749511719,-119.69905853271484,"SANTA BARBARA","SANTA BARBARA",-119.69900512695312,34.415679931640625
9894045,2025,2026-01-22,4200,2025-12-16,1827,5906,7,2,5,2,4206,0,0,0,,0,040,"MISSION DR","1ST PL",0.00,,Y,A,-,Y,SB,5,246,-,-,29.620,I,6,E,Y,3,0,3,2,A,-,01,23152,A,N,C,C,A,A,H,-,C,A,0,,,,,Y,Y,A,01,0,3,0,0,0,0,0,0,0,"- ","- ",,,"SANTA BARBARA",SOLVANG,-120.13860321044922,34.595966339111328
9894289,2025,2025-12-16,4200,2025-11-14,"731 ",5829,14,5,5,3,4205,0,0,0,,0,040,"7TH ST","REYNOLDS AV",80.00,E,N,B,-,N,,,,,,,,,,N,4,0,1,2,A,-,03,22350,,N,C,C,A,A,H,-,A,D,0,,,,,Y,,A,01,0,0,1,0,0,0,0,0,0,"- ","- ",,,"SANTA BARBARA",CARPINTERIA,-119.52521514892578,34.400745391845703
9899048,2025,2026-01-20,4202,2025-12-19,1515,80738,4202,5,5,4,4202,0,0,0,,0,,"K ST","CHESTNUT AV",0.00,,Y,A,-,N,,,,,,,,,,Y,3,0,1,2,A,-,09,21802,A,N,A,C,A,A,H,-,A,A,0,,,,,Y,Y,A,01,0,1,0,0,0,0,0,0,0,"- ","- ",,,"SANTA BARBARA",LOMPOC,-120.46167755126953,34.642261505126953
9900610,2025,2025-12-24,4202,2025-11-26,2111,80850,4202,3,5,4,4202,0,0,0,,0,,"CHESTNUT AV","N G ST",11.00,W,N,A,-,N,,,,,,,,,,N,2,0,1,2,A,-,03,22350,,F,A,B,D,A,H,-,C,D,0,Y,,,,Y,,A,01,1,0,0,0,1,0,0,0,0,"- ","- ",,,"SANTA BARBARA",LOMPOC,-120.45656585693359,34.642181396484375
9902903,2025,2026-01-30,4202,2025-12-19,1331,80730,4202,5,5,4,4202,0,0,0,,0,,"HANCOCK DR","RT 1",0.00,,Y,A,-,Y,SB,5,1,-,R,23.512,I,5,S,Y,3,0,2,2,A,-,12,21453,A,N,D,C,A,A,H,-,A,A,0,,,,,Y,,A,01,0,1,1,0,0,0,0,0,0,"- ","- ",,,"SANTA BARBARA",LOMPOC,-120.45812225341797,34.681034088134766
9909507,2025,2026-02-25,4202,2025-11-06,1741,80738,4202,4,5,4,4202,0,0,0,,0,,"H ST","BRISA DEL MAR",327.00,S,N,A,-,Y,,,,,,,,,,Y,4,0,2,3,A,-,03,22350,,N,C,C,A,A,H,-,A,D,0,,,,,Y,,A,07,0,0,2,0,0,0,0,0,0,"- ","- ",,,"SANTA BARBARA",LOMPOC,-120.45687866210938,34.674907684326172
6290488,2014,2014-05-14,9755,2014-01-30,0658,16999,,4,1,9,4200,0,1,3,,1,051,"RT 1","JALAMA RD",4435.00,N,N,C,-,Y,SB,5,1,-,-,1.570,H,-,N,Y,1,2,1,2,A,-,05,21460,A,N,A,C,A,B,H,-,B,D,0,,,,,Y,,A,01,1,0,0,0,0,0,0,0,0,"- ","- ",34.598869999999998,-120.41767,"SANTA BARBARA",UNINCORPORATED,-120.23008036,34.510655829999997
6290492,2014,2014-05-23,9760,2014-02-17,0107,19277,,1,3,3,4205,0,1,2,,2,010,"RT 101","SANTA MONICA RD",2640.00,N,N,A,-,Y,SB,5,101,-,-,4.390,H,-,S,Y,1,1,6,3,A,-,01,23152,F,N,B,C,A,A,H,-,D,D,1,,,,,Y,Y,A,01,2,2,2,0,0,0,0,0,0,"- ","- ",34.406080000000003,-119.53959,"SANTA BARBARA",CARPINTERIA,-119.53902223999999,34.405574010000002
6291445,2014,2014-10-22,9750,2014-08-09,1930,17379,,6,2,9,4200,0,3,5,,2,030,"FOXEN CANYON RD","DOMINION RD",5808.00,E,N,A,-,N,,,,,,,,,,N,1,1,0,2,A,-,06,21750,,N,H,G,A,A,H,-,B,D,0,,Y,,,Y,,E,22,0,0,0,0,0,1,0,0,0,"- ","- ",34.907980000000002,-120.32738000000001,"SANTA BARBARA",UNINCORPORATED,-120.32830509,34.908210650000001
6292243,2015,2015-06-05,9750,2015-04-16,1805,16714,,4,2,9,4200,0,3,5,,2,020,"RICE RANCH RD","ORCUTT RD",469.00,E,N,A,-,N,,,,,,,,,,Y,1,1,0,2,A,-,01,23152,E,N,E,I,A,A,H,-,A,D,0,,,,,Y,,A,01,0,0,0,0,0,0,0,0,0,"- ","- ",34.857950000000002,-120.43501999999999,"SANTA BARBARA",UNINCORPORATED,-120.43637,34.858600000000003
6292463,2015,2017-04-06,9750,2015-07-08,1930,16714,,3,2,9,4200,0,3,5,,2,030,"RT 101","FRONTAGE RD",106.00,N,N,A,-,Y,SB,5,101,-,-,70.730,R,4,N,Y,1,1,1,3,A,-,08,22107,,N,G,B,E,A,H,-,A,D,1,Y,,,,Y,Y,A,07,0,0,1,0,1,0,0,0,0,TO,"- ",34.741990000000001,-120.26908,"SANTA BARBARA",UNINCORPORATED,-120.26806609,34.740741399999997
6327839,2014,2016-03-05,9760,2014-01-06,0535,16739,,1,3,9,4200,0,1,3,,1,022,"RT 154","SAN MARCOS RD",4224.00,E,N,A,-,Y,SB,5,154,-,-,27.410,H,-,E,Y,3,0,1,1,A,-,03,22350,,N,E,I,A,A,H,-,D,D,0,,,,,Y,,D,22,0,1,0,0,0,0,0,0,0,"- ","- ",34.488610000000001,-119.78471999999999,"SANTA BARBARA",UNINCORPORATED,-119.78619833,34.488400040000002
6337243,2014,2016-03-05,9760,2014-01-02,1038,018490,,4,1,9,4200,0,1,3,,1,014,"RT 192","HODGES LN",528.00,E,N,A,-,Y,SB,5,192,-,-,9.030,H,-,W,N,4,0,1,3,A,-,03,22350,,N,C,C,A,A,H,-,A,D,0,,,,,Y,,A,07,0,0,1,0,0,0,0,0,0,"- ","- ",34.43638,-119.62887000000001,"SANTA BARBARA",UNINCORPORATED,-119.62864184999999,34.436503270000003
6341029,2014,2014-06-02,9750,2014-01-02,1340,015916,,4,1,9,4200,0,2,4,,1,024,"BRADLEY RD","AMETHYST DR",0.00,,Y,A,-,N,,,,,,,,,,N,4,0,1,2,A,-,03,22350,,N,C,C,A,A,H,-,A,D,0,,,,,Y,,D,22,0,0,1,0,0,0,0,0,0,"- ","- ",34.871789999999997,-120.41878,"SANTA BARBARA",UNINCORPORATED,-120.41878987,34.871900099999998
6342645,2014,2014-06-09,4203,2014-01-20,1348,6700,36,1,5,5,4203,0,0,0,,0,005,"DE LA VINA ST","CONSTANCE AV",131.00,N,N,A,-,N,,,,,,,,,,N,3,0,1,2,A,-,08,22107,,N,B,G,A,A,H,-,A,D,0,,Y,,,Y,,D,23,0,1,0,0,0,0,1,0,0,"- ","- ",34.265619999999998,-119.43284,"SANTA BARBARA","SANTA BARBARA",-119.72451742,34.434912009999998
6344241,2014,2014-06-19,4201,2014-03-30,1450,1419,,7,5,2,4201,0,0,0,,0,,"OLIVERA ST","9TH ST",31.00,S,N,A,-,N,,,,,,,,,,N,3,0,1,2,A,-,03,22350,,N,D,G,A,A,H,-,A,A,0,,Y,,,Y,,A,01,0,1,0,0,0,0,1,0,0,"- ","- ",,,"SANTA BARBARA",GUADALUPE,-120.57201426,34.969903029999998