CASE_ID,ACCIDENT_YEAR,PROC_DATE,JURIS,COLLISION_DATE,COLLISION_TIME,OFFICER_ID,REPORTING_DISTRICT,DAY_OF_WEEK,CHP_SHIFT,POPULATION,CNTY_CITY_LOC,SPECIAL_COND,BEAT_TYPE,CHP_BEAT_TYPE,CITY_DIVISION_LAPD,CHP_BEAT_CLASS,BEAT_NUMBER,PRIMARY_RD,SECONDARY_RD,DISTANCE,DIRECTION,INTERSECTION,WEATHER_1,WEATHER_2,STATE_HWY_IND,CALTRANS_COUNTY,CALTRANS_DISTRICT,STATE_ROUTE,ROUTE_SUFFIX,POSTMILE_PREFIX,POSTMILE,LOCATION_TYPE,RAMP_INTERSECTION,SIDE_OF_HWY,TOW_AWAY,COLLISION_SEVERITY,NUMBER_KILLED,NUMBER_INJURED,PARTY_COUNT,PRIMARY_COLL_FACTOR,PCF_CODE_OF_VIOL,PCF_VIOL_CATEGORY,PCF_VIOLATION,PCF_VIOL_SUBSECTION,HIT_AND_RUN,TYPE_OF_COLLISION,MVIW,PED_ACTION,ROAD_SURFACE,ROAD_COND_1,ROAD_COND_2,LIGHTING,CONTROL_DEVICE,CHP_ROAD_TYPE,PEDESTRIAN_ACCIDENT,BICYCLE_ACCIDENT,MOTORCYCLE_ACCIDENT,TRUCK_ACCIDENT,NOT_PRIVATE_PROPERTY,ALCOHOL_INVOLVED,STWD_VEHTYPE_AT_FAULT,CHP_VEHTYPE_AT_FAULT,COUNT_SEVERE_INJ,COUNT_VISIBLE_INJ,COUNT_COMPLAINT_PAIN,COUNT_PED_KILLED,COUNT_PED_INJURED,COUNT_BICYCLIST_KILLED,COUNT_BICYCLIST_INJURED,COUNT_MC_KILLED,COUNT_MC_INJURED,PRIMARY_RAMP,SECONDARY_RAMP,LATITUDE,LONGITUDE,COUNTY,CITY,POINT_X,POINT_Y
6629210,2014,2016-05-03,4204,2014-09-08,1105,22104,35,1,5,5,4204,0,0,0,,0,002,MILLER,MAIN,0.00,,Y,A,-,Y,SB,5,166,-,-,8.200,I,6,E,N,4,0,1,2,A,-,07,21658,A,N,B,C,A,A,H,-,A,A,0,,,,,Y,,A,01,0,0,1,0,0,0,0,0,0,"- ","- ",,,"SANTA BARBARA","SANTA MARIA",-120.43013307,34.953109570000002
6629325,2014,2016-05-09,9760,2014-09-04,0700,014690,,4,1,5,4203,0,1,2,,2,011,"RT 101","MILPAS ST",1182.00,S,N,B,-,Y,SB,5,101,-,-,12.510,H,-,N,Y,4,0,1,1,A,-,08,22107,,N,E,I,A,A,H,-,A,D,1,,,,,Y,,A,01,0,0,1,0,0,0,0,0,0,"- ","- ",34.420259999999999,-119.6755,"SANTA BARBARA","SANTA BARBARA",-119.67308543,34.419932299999999
6629326,2014,2016-05-03,9760,2014-09-03,1345,017662,,3,1,9,4200,0,1,3,,1,014,"RT 192","PICACHO LN",215.00,W,N,A,-,Y,SB,5,192,-,-,8.510,H,-,W,Y,3,0,2,3,A,-,03,22350,,N,C,C,A,A,H,-,A,D,0,,,,,Y,,A,01,0,1,1,0,0,0,0,0,0,"- ","- ",34.436529999999998,-119.6375,"SANTA BARBARA",UNINCORPORATED,-119.63756413,34.43652213
6629327,2014,2016-05-09,9760,2014-09-03,1645,015658,,3,2,9,4200,0,1,2,,1,040,"RT 101","TAJIGUAS RANCH RD",1320.00,S,N,A,-,Y,SB,5,101,-,-,38.530,H,-,S,Y,3,0,1,1,A,-,08,22107,,N,F,A,A,A,H,-,A,D,5,,,Y,,Y,,C,02,0,1,0,0,0,0,0,0,1,"- ","- ",34.463500000000003,-120.09896000000001,"SANTA BARBARA",UNINCORPORATED,-120.09934928,34.463746290000003
6629330,2014,2016-05-02,9760,2014-09-08,1055,015658,,1,1,9,4200,0,1,2,,1,040,"RT 101","TAJIGUAS RANCH RD",1320.00,S,N,A,-,Y,SB,5,101,-,-,38.530,H,-,S,Y,3,0,1,1,A,-,08,22107,,N,E,I,A,A,H,-,A,D,5,,,,,Y,,A,01,0,1,0,0,0,0,0,0,0,"- ","- ",34.464100000000002,-120.09975,"SANTA BARBARA",UNINCORPORATED,-120.09934928,34.463746290000003
6630737,2014,2014-11-04,4202,2014-09-03,0833,292,,3,5,4,4202,0,0,0,,0,,"PINE AV","2ND ST",0.00,,Y,B,-,N,,,,,,,,,,Y,3,0,3,2,A,-,09,21802,A,N,D,C,A,B,-,-,A,A,0,,,,,Y,,A,01,0,1,2,0,0,0,0,0,0,"- ","- ",,,"SANTA BARBARA",LOMPOC,-120.4463599,34.650100070000001
6630751,2014,2016-05-09,9750,2014-09-16,1042,014449,,2,1,9,4200,0,1,2,,2,003,"RT 101","ALISOS CANYON RD",8448.00,N,N,A,-,Y,SB,5,101,-,-,70.300,H,-,N,Y,3,0,1,1,A,-,08,22107,,N,F,A,A,A,H,-,A,A,1,,,,,Y,,D,22,0,1,0,0,0,0,0,0,0,"- ","- ",34.738100000000003,-120.2638,"SANTA BARBARA",UNINCORPORATED,-120.26155661999999,34.737626769999999
6632167,2014,2016-05-09,9760,2014-09-01,1732,017307,,1,2,4,4214,0,1,2,,2,020,"RT 101","FAIRVIEW AV",150.00,S,N,A,-,Y,SB,5,101,-,-,22.290,R,1,N,N,4,0,1,2,A,-,03,22350,,N,C,C,A,A,H,-,A,D,1,,,,,Y,,A,01,0,0,1,0,0,0,0,0,0,TO,"- ",34.440370000000001,-119.82974,"SANTA BARBARA",GOLETA,-119.82819972999999,34.439959289999997
6632422,2014,2014-10-20,4203,2014-09-01,1859,6978,10,1,5,5,4203,0,0,0,,0,002,"COAST VILLAGE RD","MIDDLE RD",93.00,W,N,-,-,N,,,,,,,,,,N,3,0,1,1,A,-,08,22107,,N,E,-,A,A,H,-,B,D,0,,Y,,,Y,,L,04,0,1,0,0,0,0,1,0,0,"- ","- ",,,"SANTA BARBARA","SANTA BARBARA",-119.64497685000001,34.42114316
6632430,2014,2014-10-17,4203,2014-09-05,1046,6048,,5,5,5,4203,0,0,0,,0,004,"DE LA VINA ST","FIGUEROA ST",0.00,,Y,A,-,N,,,,,,,,,,N,3,0,2,2,A,-,08,22100,B,N,D,C,A,A,H,-,A,-,0,,,,,Y,,-,,0,1,1,0,0,0,0,0,0,"- ","- ",34.251309999999997,-119.42195,"SANTA BARBARA","SANTA BARBARA",-119.70544991,34.420300089999998
6633065,2014,2014-09-29,4204,2014-09-17,1150,21846,4204,3,5,5,4204,0,0,0,,0,002,LEMON,SMITH,0.00,,Y,A,-,N,,,,,,,,,,Y,2,0,1,2,A,-,09,21800,A,N,D,C,A,A,H,-,A,A,0,,,,,Y,,-,,1,0,0,0,0,0,0,0,0,"- ","- ",,,"SANTA BARBARA","SANTA MARIA",-120.44260998999999,34.94779011
6634047,2014,2016-01-15,4200,2014-09-19,1521,3077,14,5,5,4,4214,0,0,0,,0,080,"STORKE RD","RT 101",600.00,S,N,A,-,N,,,,,,,,,,N,4,0,1,2,A,-,03,22350,,N,C,C,A,-,H,-,A,D,0,,,,,Y,,A,01,0,0,1,0,0,0,0,0,0,"- ",SO,,,"SANTA BARBARA",GOLETA,,
6637428,2014,2016-05-09,9760,2014-08-10,1323,017603,,7,1,5,4203,0,1,2,,2,011,"RT 101","GARDEN ST",528.00,S,N,A,-,Y,SB,5,101,-,-,13.390,H,-,S,Y,4,0,4,2,A,-,03,22350,,N,C,C,A,A,H,-,A,D,1,,,,,Y,,A,01,0,0,4,0,0,0,0,0,0,"- ","- ",34.419969999999999,-119.67668999999999,"SANTA BARBARA","SANTA BARBARA",-119.68802554,34.419106390000003
6638250,2014,2016-05-09,9760,2014-09-08,1555,012263,,1,2,5,4203,0,1,2,,2,020,"RT 101","MILPAS ST",3168.00,S,N,A,-,Y,SB,5,101,-,-,12.130,H,-,S,Y,4,0,1,3,A,-,03,22350,,N,C,C,A,A,H,-,A,D,1,,,,,Y,,A,01,0,0,1,0,0,0,0,0,0,"- ","- ",34.253030000000003,-119.39867,"SANTA BARBARA","SANTA BARBARA",-119.66653743000001,34.421094600000004
6638251,2014,2016-05-09,9760,2014-09-05,0620,017603,,5,1,9,4200,0,1,2,,1,030,"RT 101","GLENN ANNIE RD",2640.00,N,N,A,-,Y,SB,5,101,-,-,25.400,H,-,S,Y,2,0,2,2,A,-,08,22107,,N,D,C,A,A,H,-,B,D,1,,,,,Y,,A,01,1,0,1,0,0,0,0,0,0,"- ","- ",34.434150000000002,-119.87029,"SANTA BARBARA",UNINCORPORATED,-119.881682,34.432429519999999
6638297,2014,2016-05-09,9760,2014-09-07,1625,020211,,7,2,9,4200,0,3,5,,2,002,"TURNPIKE RD","RT 101",0.00,,Y,A,-,Y,SB,5,101,-,-,20.207,R,4,N,Y,4,0,1,2,A,-,12,21453,A,N,D,C,A,A,H,-,A,A,1,,,,,Y,,A,01,0,0,1,0,0,0,0,0,0,"- ",FR,34.443049999999999,-119.78981,"SANTA BARBARA",UNINCORPORATED,-119.79187356,34.442176000000003
6641477,2014,2016-05-09,9760,2014-09-16,1625,12263,,2,2,5,4203,0,1,2,,2,020,"RT 101","HOPE AV",2000.00,S,N,A,-,Y,SB,5,101,-,-,17.110,H,-,S,Y,4,0,1,3,A,-,03,22350,,N,C,C,A,A,H,-,A,D,1,,,,,Y,,A,01,0,0,1,0,0,0,0,0,0,"- ","- ",34.431289999999997,-119.74484,"SANTA BARBARA","SANTA BARBARA",-119.74274148000001,34.43012272
6645997,2014,2016-05-09,9760,2014-09-24,1645,014690,,3,2,5,4203,0,1,2,,2,011,"RT 101","JUNIPERO ST PED",150.00,N,N,A,-,Y,SB,5,101,-,-,16.260,H,-,S,Y,4,0,1,4,A,-,03,22350,,N,C,C,A,A,H,-,A,D,1,,,,,Y,,A,01,0,0,1,0,0,0,0,0,0,"- ","- ",34.426940000000002,-119.72878,"SANTA BARBARA","SANTA BARBARA",-119.72867757,34.427006849999998
6646726,2014,2016-05-03,4203,2014-09-24,1826,6110,,3,5,5,4203,0,0,0,,0,006,"RT 225","MODOC RD",100.00,W,N,A,-,Y,SB,5,225,-,-,0.150,H,-,W,N,3,0,1,2,A,-,03,22350,,N,C,C,A,A,H,-,A,D,0,,,,,Y,,-,,0,1,0,0,0,0,0,0,0,"- ","- ",34.420000000000002,-119.73999999999999,"SANTA BARBARA","SANTA BARBARA",-119.7345612,34.426139190000001
6646798,2014,2014-12-10,4203,2014-09-16,1903,4732,,2,5,5,4203,0,0,0,,0,006,"CLIFF DR","ALAN RD",1056.00,W,N,A,-,N,,,,,,,,,,Y,3,0,1,2,A,-,05,21460,A,N,A,C,A,A,H,-,B,D,0,,,,,Y,Y,-,,0,1,0,0,0,0,0,0,0,"- ","- ",34.241459999999996,-119.44387,"SANTA BARBARA","SANTA BARBARA",-119.74380675,34.403959999999998
6648020,2014,2014-10-22,4200,2014-09-09,1409,3683,14,2,5,4,4214,0,0,0,,0,060,"HOLLISTER AV","STORKE RD",9.00,E,N,A,-,N,,,,,,,,,,N,4,0,1,2,A,-,21,22106,,N,C,C,A,A,H,-,A,D,0,,,,,Y,,A,07,0,0,1,0,0,0,0,0,0,"- ","- ",,,"SANTA BARBARA",GOLETA,-119.86972016999999,34.430100000000003
6648244,2014,2014-10-16,4200,2014-09-23,1925,3083,14,2,5,4,4214,0,0,0,,0,050,"CALLE REAL","ENCINA LN",848.00,E,N,A,-,N,,,,,,,,,,N,4,0,1,2,A,-,09,21804,A,N,D,C,A,A,H,-,B,D,0,,,,,Y,,A,01,0,0,1,0,0,0,0,0,0,"- ","- ",,,"SANTA BARBARA",GOLETA,-119.82492818,34.441296790000003
6650315,2014,2014-10-27,4204,2014-09-02,2103,90272,060,2,5,5,4204,0,0,0,,0,003,"W STOWELL RD",WESTERN,0.00,,Y,A,-,N,,,,,,,,,,Y,2,0,2,4,A,-,01,23153,B,F,B,E,A,A,H,-,A,D,0,,,,,Y,Y,A,01,1,1,0,0,0,0,0,0,0,"- ","- ",,,"SANTA BARBARA","SANTA MARIA",-120.4495799,34.938720109999998
6650923,2014,2016-05-09,9760,2014-09-18,0820,018490,,4,1,9,4200,0,1,2,,2,011,"RT 101","LOS POSITAS RD",2060.00,S,N,A,-,Y,SB,5,101,-,-,16.160,H,-,N,Y,4,0,1,3,A,-,03,22350,,N,C,C,A,A,H,-,A,D,1,,,,,Y,,A,07,0,0,1,0,0,0,0,0,0,"- ","- ",34.42689,-119.72692000000001,"SANTA BARBARA",UNINCORPORATED,-119.72691904,34.426884690000001
6650927,2014,2016-05-09,9760,2014-09-21,1436,018490,,7,2,9,4200,0,1,2,,2,010,"RT 101","SAN YSIDRO RD",694.00,S,N,A,-,Y,SB,5,101,-,-,9.890,H,-,S,Y,4,0,1,3,A,-,03,22350,,N,C,C,A,A,H,-,A,D,1,,,,,Y,,A,01,0,0,1,0,0,0,0,0,0,"- ","- ",34.421689999999998,-119.62929,"SANTA BARBARA",UNINCORPORATED,-119.62934365,34.421658800000003
6651093,2014,2015-03-03,4202,2014-09-10,1844,239,LOMPO,3,5,4,4202,0,0,0,,0,001,"CENTRAL AV","O ST",0.00,,Y,A,-,N,,,,,,,,,,Y,3,0,3,2,A,-,09,21453,C,N,A,C,A,A,H,-,A,A,0,,,,,Y,,A,01,0,2,1,0,0,0,0,0,0,"- ","- ",,,"SANTA BARBARA",LOMPOC,-120.46640987000001,34.660900089999998
6651113,2014,2016-05-09,4202,2014-09-10,1233,32104,LOMPO,3,5,4,4202,0,0,0,,0,004,"RT 1","NORTH AV",78.00,N,N,A,-,Y,SB,5,1,-,-,21.570,H,-,S,N,4,0,1,3,A,-,03,22350,,N,C,C,A,A,H,-,A,A,0,,,,,Y,,A,01,0,0,1,0,0,0,0,0,0,"- ","- ",,,"SANTA BARBARA",LOMPOC,-120.45779401,34.653570889999997
6652316,2014,2014-11-14,4202,2014-09-30,1152,22,,2,5,4,4202,0,0,0,,0,,"N V ST","W PINE AV",0.00,,Y,A,-,N,,,,,,,,,,Y,4,0,1,2,A,-,09,21801,,N,D,C,A,A,H,-,A,D,0,,,,,Y,,A,07,0,0,1,0,0,0,0,0,0,"- ","- ",,,"SANTA BARBARA",LOMPOC,-120.47536995999999,34.65036001
6656745,2014,2014-12-04,4202,2014-11-09,1518,292,,7,5,4,4202,0,0,0,,0,,"K ST","OCEAN AV",257.00,N,N,A,-,N,,,,,,,,,,N,4,0,1,2,A,-,"- ",,,N,A,G,A,A,H,-,A,D,0,,Y,,,Y,,L,04,0,0,1,0,0,0,1,0,0,"- ","- ",,,"SANTA BARBARA",LOMPOC,-120.46170850999999,34.639715940000002
6657225,2014,2016-05-04,9755,2014-09-18,2005,012436,,4,2,9,4200,0,1,3,,1,051,"RT 1","SAN JULIAN RD",35376.00,N,N,A,-,Y,SB,5,1,-,R,7.350,H,-,S,Y,4,0,2,1,C,-,18,,,N,H,H,A,A,H,-,D,D,0,,,,,Y,,-,"- ",0,0,2,0,0,0,0,0,0,"- ","- ",34.528840000000002,-120.3437,"SANTA BARBARA",UNINCORPORATED,-120.3428404,34.527571309999999
6657229,2014,2016-05-04,9755,2014-09-20,2500,016999,,6,4,9,4200,0,1,3,,1,051,"RT 1","RT 101",35429.00,N,N,A,-,Y,SB,5,1,-,-,6.710,H,-,N,Y,2,0,1,1,A,-,08,22107,,N,E,I,A,A,H,-,D,D,0,,,,,Y,,A,01,1,0,0,0,0,0,0,0,0,"- ","- ",34.523699999999998,-120.30177,"SANTA BARBARA",UNINCORPORATED,-120.31336244000001,34.519102269999998
6657269,2014,2014-10-15,9755,2014-09-15,0100,018514,,1,3,9,4200,0,3,5,,2,040,"BALLARD CANYON RD","RT 246",5808.00,N,N,A,-,N,,,,,,,,,,Y,4,0,1,1,A,-,08,22107,,N,F,A,A,A,H,-,D,D,0,,,,,Y,,A,07,0,0,1,0,0,0,0,0,0,"- ","- ",34.61674,-120.16919,"SANTA BARBARA",UNINCORPORATED,-120.16578016,34.615464750000001
6659422,2014,2014-12-30,4203,2014-10-04,0547,7189,,6,5,5,4203,0,0,0,,0,003,"STATE ST","DE LA GUERRA ST",130.00,N,N,A,-,N,,,,,,,,,,Y,4,0,2,2,A,-,08,22107,,N,C,E,A,A,H,-,B,D,0,,,,Y,Y,,A,01,0,0,2,0,0,0,0,0,0,"- ","- ",34.251989999999999,-119.41969,"SANTA BARBARA","SANTA BARBARA",-119.69985072,34.41997825
6664558,2014,2016-05-09,9750,2014-09-27,1210,016170,,6,1,5,4204,0,1,2,,2,001,"RT 101","STOWELL RD",1056.00,S,N,A,-,Y,SB,5,101,-,-,87.400,H,-,S,Y,3,0,2,3,A,-,03,22350,,N,C,C,A,A,C,-,A,D,0,,,,,Y,,A,07,0,2,0,0,0,0,0,0,0,"- ","- ",34.934249999999999,-120.41788,"SANTA BARBARA","SANTA MARIA",-120.41794336,34.935386719999997
6664582,2014,2014-12-15,4203,2014-10-02,2315,6969,,4,5,5,4203,0,0,0,,0,003,"GUTIERREZ ST","SANTA BARBARA ST",171.00,E,N,A,-,N,,,,,,,,,,N,2,0,1,1,A,-,03,22350,,N,F,A,A,A,H,-,E,D,0,,Y,,,Y,Y,L,04,1,0,0,0,0,0,1,0,0,"- ","- ",,,"SANTA BARBARA","SANTA BARBARA",-119.69156919,34.418334819999998
6664619,2014,2014-12-10,4203,2014-10-01,1643,5751,,3,5,5,4203,0,0,0,,0,003,"E HALEY ST","ROSE AV",0.00,,Y,A,-,N,,,,,,,,,,Y,4,0,1,4,A,-,03,22350,,N,C,C,A,A,H,-,A,A,0,,,,,Y,,-,,0,0,1,0,0,0,0,0,0,"- ","- ",34.420000000000002,-119.691,"SANTA BARBARA","SANTA BARBARA",-119.69151998,34.420560020000003
6664631,2014,2015-01-28,4203,2014-10-01,1015,6700,16,3,5,5,4203,0,0,0,,0,006,"RT 225","BARRANCA AV",125.00,E,N,A,-,Y,,,,,,,,,,Y,3,0,1,2,A,-,09,21801,A,N,D,C,A,A,H,-,A,D,0,,,Y,,Y,,A,01,0,1,0,0,0,0,0,0,1,"- ","- ",34.241430000000001,-119.4222,"SANTA BARBARA","SANTA BARBARA",,
6664639,2014,2014-12-10,4203,2014-10-03,1936,6969,,5,5,5,4203,0,0,0,,0,001,"CARPINTERIA ST","ALISOS ST",0.00,,Y,A,-,N,,,,,,,,,,N,4,0,1,2,A,-,15,21201,A,F,D,G,A,A,H,-,D,D,0,,Y,,,Y,,L,04,0,0,1,0,0,0,1,0,0,"- ","- ",34.251800000000003,-119.40349999999999,"SANTA BARBARA","SANTA BARBARA",-119.67647998,34.421720030000003
6664895,2014,2014-11-13,4203,2014-09-25,0813,3769,,4,5,5,4203,0,0,0,,0,001,"CARPINTERIA ST","VOLUNTARIO ST",10.00,E,N,A,-,N,,,,,,,,,,N,2,0,1,2,D,-,00,,,N,G,B,B,A,H,-,A,A,0,Y,,,,Y,,-,"- ",1,0,0,0,1,0,0,0,0,"- ","- ",34.422829999999998,-119.67531,"SANTA BARBARA","SANTA BARBARA",-119.67534841,34.42280083
6665524,2014,2014-12-18,4203,2014-10-12,1542,6978,,7,5,5,4203,0,0,0,,0,002,"OLIVE MILL RD","COAST VILLAGE RD",400.00,S,N,A,-,N,,,,,,,,,,Y,4,0,1,2,A,-,05,21650,,N,B,C,A,A,H,-,A,D,0,,,,,Y,,D,22,0,0,1,0,0,0,0,0,0,"- ","- ",,,"SANTA BARBARA","SANTA BARBARA",-119.63997999999999,34.420920000000002
6666027,2014,2014-12-18,4203,2014-10-14,1304,2520,,2,5,5,4203,0,0,0,,0,001,"COTA ST","ALISOS ST",0.00,,Y,B,-,N,,,,,,,,,,N,3,0,1,2,A,-,09,21802,A,N,D,C,A,A,H,-,A,D,0,,,,,Y,,-,,0,1,0,0,0,0,0,0,0,"- ","- ",34.253799999999998,-119.41800000000001,"SANTA BARBARA","SANTA BARBARA",-119.68547992000001,34.428340009999999
6666035,2014,2014-12-18,4203,2014-10-13,0813,6700,71,1,5,5,4203,0,0,0,,0,001,"OLIVE ST","MICHELTORENA ST",152.00,S,N,B,-,N,,,,,,,,,,Y,3,0,1,2,A,-,08,22107,,N,C,E,A,A,H,-,A,D,0,,,,,Y,,A,01,0,1,0,0,0,0,0,0,0,"- ","- ",34.255220000000001,-119.42797,"SANTA BARBARA","SANTA BARBARA",-119.70224306,34.43123319
6666805,2014,2014-11-14,4204,2014-10-05,1018,90323,41,7,5,5,4204,0,0,0,,0,002,DEPOT,COOK,98.00,N,N,A,-,N,,,,,,,,,,N,4,0,1,2,A,-,11,21950,B,F,G,B,D,A,H,-,A,D,0,Y,,,,Y,Y,N,60,0,0,1,0,1,0,0,0,0,"- ","- ",,,"SANTA BARBARA","SANTA MARIA",-120.44369748,34.950179169999998
6666813,2014,2014-11-14,4204,2014-10-08,0740,90272,25,3,5,5,4204,0,0,0,,0,001,RAILROAD,FESLER,0.00,,Y,A,-,N,,,,,,,,,,N,4,0,1,2,A,-,03,22350,,F,G,B,D,A,H,-,A,D,0,Y,,,,Y,,-,99,0,0,1,0,1,0,0,0,0,"- ","- ",,,"SANTA BARBARA","SANTA MARIA",-120.444408,34.956952999999999
6666912,2014,2014-10-22,4204,2014-09-26,0654,90081,01,5,5,5,4204,0,0,0,,0,001,"CANAL ST","PULLMAN AV",53.00,W,N,A,-,N,,,,,,,,,,N,4,0,2,2,A,-,05,21650,,N,B,C,A,A,H,-,A,D,0,,,,,Y,,A,01,0,0,2,0,0,0,0,0,0,"- ","- ",,,"SANTA BARBARA","SANTA MARIA",-120.44800662999999,34.982487599999999
6666916,2014,2014-10-22,4204,2014-09-24,1806,90273,19,3,5,5,4204,0,0,0,,0,001,DONOVAN,CARLOTTI,480.00,E,N,A,-,N,,,,,,,,,,Y,4,0,1,3,A,-,03,22350,,N,C,C,A,A,H,-,A,A,0,,,,,Y,,A,01,0,0,1,0,0,0,0,0,0,"- ","- ",,,"SANTA BARBARA","SANTA MARIA",-120.41909858,34.96763
6667068,2014,2014-11-04,4203,2014-09-16,1710,2661,,2,5,5,4203,0,0,0,,0,005,"STATE ST","ONTARE RD",50.00,W,N,A,-,N,,,,,,,,,,N,4,0,1,3,A,-,03,22350,,N,C,C,A,A,H,-,A,A,0,,,,,Y,,-,,0,0,1,0,0,0,0,0,0,"- ","- ",34.2624,-119.4425,"SANTA BARBARA","SANTA BARBARA",-119.74025571,34.440420000000003
6668691,2014,2014-12-12,9760,2014-10-01,1640,16739,,3,2,9,4200,0,3,5,,2,002,"OLD SAN MARCOS RD","RT 154",5808.00,S,N,A,-,N,,,,,,,,,,N,3,0,1,3,A,-,11,21956,A,N,G,B,E,A,H,-,A,D,0,Y,,,,Y,,N,60,0,1,0,0,1,0,0,0,0,"- ","- ",34.478670000000001,-119.79581,"SANTA BARBARA",UNINCORPORATED,,
6668724,2014,2014-10-23,9760,2014-09-20,1005,018490,,6,1,9,4200,0,3,5,,2,001,"GREENWELL AV","ORTEGA RIDGE RD",1056.00,S,N,A,-,N,,,,,,,,,,N,4,0,1,1,A,-,08,22107,,N,F,A,A,A,H,-,A,D,0,,Y,,,Y,,L,04,0,0,1,0,0,0,1,0,0,"- ","- ",34.42765,-119.59715,"SANTA BARBARA",UNINCORPORATED,-119.59807149,34.427761269999998
6668807,2014,2014-12-15,9760,2014-10-01,1215,12518,,3,1,9,4200,0,3,5,,2,002,"OLD SAN MARCOS RD","TWIN RIDGE RD",6864.00,N,N,A,-,N,,,,,,,,,,Y,2,0,2,2,A,-,17,21662,A,N,H,G,A,A,H,-,A,D,0,,Y,Y,,Y,,L,04,1,1,0,0,0,0,1,0,1,"- ","- ",34.284500000000001,-119.47499999999999,"SANTA BARBARA",UNINCORPORATED,-119.79703548000001,34.479205489999998
6669071,2014,2016-06-22,9750,2014-10-12,1810,014753,,7,2,5,4204,0,1,2,,2,001,"RT 101",BROADWAY,528.00,N,N,A,-,Y,SB,5,101,-,-,90.850,H,-,N,Y,3,0,1,1,A,-,01,23152,A,N,F,A,A,A,H,-,A,D,0,,,,,Y,Y,A,01,0,1,0,0,0,0,0,0,0,"- ","- ",34.983310000000003,-120.43159,"SANTA BARBARA","SANTA MARIA",-120.43203133999999,34.982658710000003
6669153,2014,2014-12-23,9750,2014-10-04,1550,13267,,6,2,9,4200,0,1,3,,1,021,"RT 135","WINTER RD",30.00,S,N,A,-,Y,,,135,,,,,,,Y,4,0,1,2,A,-,03,22350,,N,C,C,A,A,H,-,A,A,0,,,,,Y,,D,22,0,0,1,0,0,0,0,0,0,"- ","- ",34.899209999999997,-120.43595000000001,"SANTA BARBARA",UNINCORPORATED,-120.43602432,34.899222229999999
6669966,2014,2014-12-19,4203,2014-10-18,1713,1278,,6,5,5,4203,0,0,0,,0,006,"CARRILLO ST","MIRAMONTE DR",0.00,,Y,A,-,N,,,,,,,,,,N,2,0,1,2,A,-,09,21801,A,N,D,G,A,A,H,-,A,D,0,,Y,,,Y,,-,,1,0,0,0,0,0,1,0,0,"- ","- ",34.243499999999997,-119.43035999999999,"SANTA BARBARA","SANTA BARBARA",-119.71771999000001,34.409730009999997
6670296,2014,2014-12-19,9760,2014-10-08,1220,15658,,3,1,9,4200,0,3,5,,2,002,"WEST CAMINO CIELO","WEST CAMINO CIELO 6440",500.00,E,N,A,-,N,,,,,,,,,,Y,3,0,1,1,A,-,17,21662,,N,E,I,A,A,H,-,A,D,0,,,,,Y,,A,01,0,1,0,0,0,0,0,0,0,"- ","- ",34.500509999999998,-119.84496,"SANTA BARBARA",UNINCORPORATED,,
6671737,2014,2015-06-19,4202,2014-10-09,1750,239,LOMPO,4,5,4,4202,0,0,0,,0,002,"RT 1","BRISA DEL MAR",220.00,N,N,A,-,Y,,,,,,,,,,Y,4,0,1,3,A,-,03,22350,,N,C,C,A,A,H,-,A,A,0,,,,,Y,,A,01,0,0,1,0,0,0,0,0,0,"- ","- ",,,"SANTA BARBARA",LOMPOC,,
6674106,2014,2016-06-22,9760,2014-10-18,2305,017140,,6,3,9,4200,0,1,2,,2,010,"RT 101","PADARO LN",500.00,S,N,A,-,Y,SB,5,101,-,R,5.190,H,-,S,Y,3,0,1,2,A,-,01,23152,A,N,C,C,A,A,H,-,D,D,1,,,,Y,Y,Y,D,22,0,1,0,0,0,0,0,0,0,"- ","- ",34.409730000000003,-119.55157,"SANTA BARBARA",UNINCORPORATED,-119.55165724,34.409721009999998
6674356,2014,2014-12-16,9760,2014-10-06,1715,018431,,1,2,9,4200,0,1,3,,1,014,"RT 192","ROMERO CANYON RD",95.00,E,N,A,-,Y,,,192,,,,,,,N,3,0,1,2,A,-,09,21802,A,N,F,A,A,A,H,-,A,A,0,,,Y,,Y,,A,01,0,1,0,0,0,0,0,0,1,"- ","- ",34.436050000000002,-119.60160999999999,"SANTA BARBARA",UNINCORPORATED,-119.60160971000001,34.436054630000001
6674905,2014,2014-12-19,4200,2014-10-07,1421,3683,14,2,5,4,4214,0,0,0,,0,080,"SANTA FELICIA DR","HOLLISTER AV",0.00,,Y,A,-,N,,,,,,,,,,Y,4,0,1,2,A,-,09,21802,A,N,D,C,A,A,D,-,A,D,0,,,,,Y,,A,01,0,0,1,0,0,0,0,0,0,"- ","- ",,,"SANTA BARBARA",GOLETA,-119.87589991,34.430120019999997
6675614,2014,2014-12-11,4204,2014-10-19,1849,90137,13,7,5,5,4204,0,0,0,,0,001,"HARDING AV",BENWILEY,0.00,,Y,A,-,N,,,,,,,,,,N,3,0,1,2,A,-,08,22107,,N,G,G,A,A,H,-,C,D,0,,Y,,,Y,,L,04,0,1,0,0,0,0,1,0,0,"- ","- ",,,"SANTA BARBARA","SANTA MARIA",-120.44534999,34.966970000000003
6676845,2014,2015-06-17,9755,2014-10-10,2005,012436,,5,2,9,4200,0,1,3,,2,041,"RT 166","BALLARD CANYON RD",2112.00,E,N,A,-,Y,,,,,,,,,,Y,3,0,1,1,A,-,08,22107,,N,E,I,A,A,H,-,D,D,0,,,,,Y,,A,01,0,1,0,0,0,0,0,0,0,"- ","- ",34.605080000000001,-120.17310999999999,"SANTA BARBARA",UNINCORPORATED,,
6677008,2014,2016-05-03,9760,2014-09-12,0723,017603,,5,1,9,4200,0,2,4,,1,021,"STATE ST","RT 154",580.00,W,N,A,-,Y,SB,5,154,-,-,32.170,H,-,E,Y,4,0,2,2,A,-,03,22350,,N,C,C,A,A,H,-,A,D,0,,,,,Y,,A,01,0,0,2,0,0,0,0,0,0,"- ","- ",34.440489999999997,-119.76181,"SANTA BARBARA",UNINCORPORATED,-119.75997126,34.44236403