CASE_ID,ACCIDENT_YEAR,PROC_DATE,JURIS,COLLISION_DATE,COLLISION_TIME,OFFICER_ID,REPORTING_DISTRICT,DAY_OF_WEEK,CHP_SHIFT,POPULATION,CNTY_CITY_LOC,SPECIAL_COND,BEAT_TYPE,CHP_BEAT_TYPE,CITY_DIVISION_LAPD,CHP_BEAT_CLASS,BEAT_NUMBER,PRIMARY_RD,SECONDARY_RD,DISTANCE,DIRECTION,INTERSECTION,WEATHER_1,WEATHER_2,STATE_HWY_IND,CALTRANS_COUNTY,CALTRANS_DISTRICT,STATE_ROUTE,ROUTE_SUFFIX,POSTMILE_PREFIX,POSTMILE,LOCATION_TYPE,RAMP_INTERSECTION,SIDE_OF_HWY,TOW_AWAY,COLLISION_SEVERITY,NUMBER_KILLED,NUMBER_INJURED,PARTY_COUNT,PRIMARY_COLL_FACTOR,PCF_CODE_OF_VIOL,PCF_VIOL_CATEGORY,PCF_VIOLATION,PCF_VIOL_SUBSECTION,HIT_AND_RUN,TYPE_OF_COLLISION,MVIW,PED_ACTION,ROAD_SURFACE,ROAD_COND_1,ROAD_COND_2,LIGHTING,CONTROL_DEVICE,CHP_ROAD_TYPE,PEDESTRIAN_ACCIDENT,BICYCLE_ACCIDENT,MOTORCYCLE_ACCIDENT,TRUCK_ACCIDENT,NOT_PRIVATE_PROPERTY,ALCOHOL_INVOLVED,STWD_VEHTYPE_AT_FAULT,CHP_VEHTYPE_AT_FAULT,COUNT_SEVERE_INJ,COUNT_VISIBLE_INJ,COUNT_COMPLAINT_PAIN,COUNT_PED_KILLED,COUNT_PED_INJURED,COUNT_BICYCLIST_KILLED,COUNT_BICYCLIST_INJURED,COUNT_MC_KILLED,COUNT_MC_INJURED,PRIMARY_RAMP,SECONDARY_RAMP,LATITUDE,LONGITUDE,COUNTY,CITY,POINT_X,POINT_Y
6993028,2015,2017-01-12,9750,2015-07-15,1335,016170,,3,1,9,4200,0,1,2,,2,003,"RT 101","CAT CANYON RD",1584.00,S,N,A,-,Y,SB,5,101,-,L,72.280,H,-,S,Y,4,0,1,2,A,-,03,22350,,N,C,C,A,A,H,-,A,D,1,,,,Y,Y,,A,07,0,0,1,0,0,0,0,0,0,"- ","- ",34.753819999999997,-120.28922,"SANTA BARBARA",UNINCORPORATED,-120.2901373,34.754366519999998
6993257,2015,2017-01-14,9750,2015-07-19,1800,16773,,7,2,9,4200,0,2,4,,1,024,"CLARK AV","RT 101",0.00,,Y,A,-,Y,SB,5,101,-,-,82.350,R,4,N,Y,3,0,2,2,A,-,09,21801,A,N,A,C,A,A,H,-,A,D,0,,,,,Y,,A,01,0,1,1,0,0,0,0,0,0,"- ","- ",34.865409999999997,-120.39581,"SANTA BARBARA",UNINCORPORATED,-120.39773268,34.867370809999997
6994174,2015,2015-08-07,4203,2015-07-11,1605,1584,12,6,5,5,4203,0,0,0,,0,002,"CABRILLO BL","ANACAPA ST",0.00,,Y,A,-,N,,,,,,,,,,N,3,0,1,2,A,-,10,21950,A,N,G,B,E,A,H,-,A,A,0,Y,,,,Y,,-,,0,1,0,0,1,0,0,0,0,"- ","- ",34.244770000000003,-119.41164000000001,"SANTA BARBARA","SANTA BARBARA",-119.68800989,34.413260039999997
6994449,2015,2015-08-05,4204,2015-06-20,1500,90342,67,6,5,5,4204,0,0,0,,0,003,WALLIS,ENOS,0.00,,Y,A,-,N,,,,,,,,,,Y,3,0,1,2,A,-,12,22450,A,N,D,C,A,A,H,-,A,A,0,,,,,Y,,A,01,0,1,0,0,0,0,0,0,0,"- ","- ",,,"SANTA BARBARA","SANTA MARIA",-120.44091997,34.93461009
6994654,2015,2015-08-05,4204,2015-07-22,2124,90122,P010,3,5,5,4204,0,0,0,,0,B01,"DONOVAN RD","LYNNE DR",0.00,,Y,A,-,N,,,,,,,,,,Y,4,0,1,2,A,-,09,21802,A,N,D,C,A,A,H,-,C,A,0,,,,,Y,,A,01,0,0,1,0,0,0,0,0,0,"- ","- ",,,"SANTA BARBARA","SANTA MARIA",-120.42674999,34.967660049999999
6994658,2015,2015-08-05,4204,2015-07-22,1548,90272,82,3,5,5,4204,0,0,0,,0,003,"COLLEGE DR","AUTO PLAZA DR",0.00,,Y,A,-,N,,,,,,,,,,Y,4,0,1,2,A,-,09,21804,A,N,D,C,A,A,H,-,A,D,0,,,,,Y,,A,01,0,0,1,0,0,0,0,0,0,"- ","- ",,,"SANTA BARBARA","SANTA MARIA",-120.42545988000001,34.922170029999997
6994695,2015,2015-08-29,9755,2015-07-22,1520,15973,,3,2,9,4200,0,3,5,,2,050,"JUPITER AV","MERCURY AV",172.00,N,N,A,-,N,,,,,,,,,,Y,3,0,1,2,A,-,03,22350,,N,C,C,A,A,H,-,A,D,0,,,,,Y,,A,01,0,1,0,0,0,0,0,0,0,"- ","- ",34.693339999999999,-120.46702999999999,"SANTA BARBARA",UNINCORPORATED,-120.46785556,34.693894659999998
6994703,2015,2015-08-29,4203,2015-07-13,1429,4937,,1,5,5,4203,0,0,0,,0,005,"CONSTANCE AV","ANACAPA ST",33.00,E,N,A,-,N,,,,,,,,,,Y,3,0,1,2,B,-,22,,,N,B,C,A,A,H,-,A,D,0,,,,,Y,,J,48,0,1,0,0,0,0,0,0,0,"- ","- ",34.437199999999997,-119.721,"SANTA BARBARA","SANTA BARBARA",-119.7210738,34.437564989999998
6995073,2015,2017-01-14,9750,2015-07-22,1438,015514,,3,2,9,4200,0,3,5,,2,010,"BLACK RD","RT 166",15.00,S,N,A,-,Y,SB,5,166,-,-,4.817,I,6,E,Y,3,0,1,2,A,-,03,22350,,N,D,C,A,A,H,-,A,A,0,,,,,Y,,A,01,0,1,0,0,0,0,0,0,0,"- ","- ",34.955150000000003,-120.40949999999999,"SANTA BARBARA",UNINCORPORATED,-120.48962763,34.955356819999999
6995272,2015,2016-06-18,4204,2015-06-19,2148,20894,49,5,5,5,4204,0,0,0,,0,002,MAIN,"CONCORD AV",0.00,,Y,A,-,N,,,,,,,,,,Y,3,0,1,2,A,-,08,22107,,N,A,C,A,A,H,-,D,D,0,,,,,Y,,A,01,0,1,0,0,0,0,0,0,0,"- ","- ",,,"SANTA BARBARA","SANTA MARIA",-120.41389995999999,34.952900110000002
6995709,2015,2015-09-02,4203,2015-06-26,1104,3433,,5,5,5,4203,0,0,0,,0,004,"W CARRILLO ST","DE LA VINA ST",192.00,W,N,A,-,N,,,,,,,,,,N,3,0,1,2,A,-,05,21650,1,N,A,G,A,A,H,-,A,D,0,,Y,,,Y,,L,04,0,1,0,0,0,0,1,0,0,"- ","- ",34.318640000000002,-119.70484,"SANTA BARBARA","SANTA BARBARA",-119.70456167,34.41895538
6996666,2015,2015-08-04,4204,2015-04-19,1202,90241,15,7,5,5,4204,0,0,0,,0,001,"ALVIN AV",BROADWAY,85.00,W,N,A,-,N,,,,,,,,,,N,3,0,1,2,A,-,01,23153,A,F,B,C,A,A,H,-,A,A,0,,,,,Y,Y,A,07,0,1,0,0,0,0,0,0,0,"- ","- ",,,"SANTA BARBARA","SANTA MARIA",-120.436018,34.960438000000003
6997043,2015,2016-10-28,4200,2015-03-05,1826,4783,14,4,5,4,4214,0,0,0,,0,060,"PATTERSON AV","RT 101",0.00,,Y,A,-,Y,SB,5,101,-,-,21.250,R,2,S,Y,4,0,1,2,A,-,03,22350,,N,C,C,A,A,H,-,B,A,0,,,,,Y,,A,01,0,0,1,0,0,0,0,0,0,"- ",NF,,,"SANTA BARBARA",GOLETA,-119.81015767,34.441822109999997
6999607,2015,2015-07-31,4204,2015-05-30,1921,90268,9,6,5,5,4204,0,0,0,,0,001,BROADWAY,"DONOVAN RD",0.00,,Y,A,-,N,,,,,,,,,,N,4,0,1,2,D,-,00,,,N,G,B,D,A,H,-,A,D,0,Y,,,,Y,,-,"- ",0,0,1,0,1,0,0,0,0,"- ","- ",,,"SANTA BARBARA","SANTA MARIA",-120.43566,34.967700000000001
6999633,2015,2017-01-06,4204,2015-06-15,1703,90338,034,1,5,5,4204,0,0,0,,0,002,MAIN,"TOWN CENTER DR",0.00,,Y,A,-,Y,SB,5,166,-,-,8.010,I,5,W,Y,4,0,1,2,A,-,03,22350,,N,C,C,A,A,H,-,A,A,0,,,,,Y,,A,01,0,0,1,0,0,0,0,0,0,"- ","- ",,,"SANTA BARBARA","SANTA MARIA",-120.43344489,34.953207669999998
6999640,2015,2015-07-31,4204,2015-05-30,0625,90273,81,6,5,5,4204,0,0,0,,0,003,"BETTERAVIA RD",THORNBURG,197.00,E,N,A,-,N,,,,,,,,,,Y,4,0,1,2,A,-,05,21650,,N,B,C,A,A,H,-,B,A,0,,,,Y,Y,,A,07,0,0,1,0,0,0,0,0,0,"- ","- ",,,"SANTA BARBARA","SANTA MARIA",-120.43991370000001,34.920505480000003
6999952,2015,2016-10-06,4204,2015-06-27,1443,90341,60,6,5,5,4204,0,0,0,,0,002,STOWELL,BROADWAY,0.00,,Y,A,-,Y,SB,5,135,-,-,14.780,I,6,N,N,4,0,1,2,A,-,01,23152,E,M,C,C,A,A,H,-,A,A,0,,,,,Y,,A,01,0,0,1,0,0,0,0,0,0,"- ","- ",,,"SANTA BARBARA","SANTA MARIA",-120.43594766,34.938498330000002
7000116,2015,2016-10-06,4204,2015-06-25,1733,90251,74,4,5,5,4204,0,0,0,,0,003,BROADWAY,"INGER DR",519.00,N,N,A,-,Y,SB,5,135,-,-,14.050,H,-,S,N,4,0,1,2,A,-,03,22350,,N,C,C,A,A,H,-,A,D,0,,,,,Y,,A,01,0,0,1,0,0,0,0,0,0,"- ","- ",,,"SANTA BARBARA","SANTA MARIA",-120.43612869,34.92819618
7000120,2015,2015-07-24,4204,2015-06-25,1735,90365,27,4,5,5,4204,0,0,0,,0,001,MILLER,TUNNELL,136.00,S,N,A,-,N,,,,,,,,,,Y,4,0,1,2,A,-,05,21650,1,N,D,G,A,A,H,-,A,D,0,,Y,,,Y,,L,04,0,0,1,0,0,0,1,0,0,"- ","- ",,,"SANTA BARBARA","SANTA MARIA",-120.43140725000001,34.9571465
7000271,2015,2015-11-12,9760,2015-06-28,2015,020528,,7,2,9,4200,0,3,5,,2,001,"GIBRALTAR RD","EAST CAMINO CIELO RD",1320.00,S,N,B,-,N,,,,,,,,,,Y,4,0,1,2,A,-,03,22350,,N,A,C,A,A,H,-,B,D,0,,,,,Y,,D,22,0,0,1,0,0,0,0,0,0,"- ","- ",34.489409999999999,-119.68771,"SANTA BARBARA",UNINCORPORATED,-119.69544156000001,34.494860889999998
7000299,2015,2017-01-10,9760,2015-06-23,1905,017314,,2,2,9,4200,0,1,2,,1,030,"RT 101","GLENN ANNIE RD",100.00,S,N,A,-,Y,SB,5,101,-,-,24.390,H,-,S,N,3,0,1,2,A,-,17,23114,A,N,E,J,A,A,H,-,A,D,1,,,,,Y,,D,22,0,1,0,0,0,0,0,0,0,"- ","- ",34.434669999999997,-119.86918,"SANTA BARBARA",UNINCORPORATED,-119.86443301,34.43542497
7000728,2015,2015-07-25,9760,2015-06-23,1420,15658,,2,2,9,4200,0,3,5,,2,005,"SEVILLE RD","EMBARCADERO DEL NORTE",400.00,E,N,A,-,N,,,,,,,,,,N,4,0,1,2,D,-,00,,,N,C,C,A,A,H,-,A,D,0,,,,,Y,,-,"- ",0,0,1,0,0,0,0,0,0,"- ","- ",34.411720000000003,-119.85393000000001,"SANTA BARBARA",UNINCORPORATED,-119.8540647,34.411790000000003
7000732,2015,2015-07-25,9760,2015-06-22,0625,15658,,1,1,9,4200,0,3,5,,2,003,"GLENN ANNIE RD","CATHEDRAL OAKS RD",3960.00,N,N,A,-,N,,,,,,,,,,Y,3,0,2,1,A,-,08,22107,,N,E,I,A,A,H,-,A,D,0,,,,,Y,,A,01,0,1,1,0,0,0,0,0,0,"- ","- ",34.453850000000003,-119.87745,"SANTA BARBARA",UNINCORPORATED,-119.87711277,34.451443779999998
7001172,2015,2015-07-28,4204,2015-07-17,1356,90242,26,5,5,5,4204,0,0,0,,0,001,FESLER,LINCOLN,0.00,,Y,A,-,N,,,,,,,,,,Y,4,0,1,2,A,-,09,21802,A,N,D,C,A,A,H,-,A,D,0,,,,,Y,,A,01,0,0,1,0,0,0,0,0,0,"- ","- ",,,"SANTA BARBARA","SANTA MARIA",-120.43730987000001,34.9564801
7002643,2015,2017-01-12,9750,2015-07-12,2220,016874,,7,3,5,4204,0,1,2,,2,001,"RT 101","JONES ST",100.00,N,N,A,-,Y,SB,5,101,-,-,88.160,H,-,N,N,4,0,2,2,A,-,03,22350,,N,C,C,A,A,D,-,D,D,0,,,,,Y,,D,22,0,0,2,0,0,0,0,0,0,"- ","- ",34.94661,-120.41745,"SANTA BARBARA","SANTA MARIA",-120.41756271,34.946417680000003
7003088,2015,2017-01-05,9750,2015-06-25,1604,016354,,4,2,9,4200,0,1,2,,2,002,"RT 101","CLARK AV",3696.00,S,N,A,-,Y,SB,5,101,-,-,81.040,H,-,N,Y,3,0,1,1,A,-,08,22107,,N,F,A,A,A,H,-,A,D,1,,,,,Y,,A,07,0,1,0,0,0,0,0,0,0,"- ","- ",34.857210000000002,-120.38882,"SANTA BARBARA",UNINCORPORATED,-120.38432057,34.85190678
7003318,2015,2015-07-30,4204,2015-07-05,2110,90365,6,7,5,5,4204,0,0,0,,0,001,CRESTON,"WESTERN AV",218.00,W,N,A,-,N,,,,,,,,,,Y,3,0,2,4,A,-,01,23153,A,M,G,E,A,A,H,-,C,D,0,,,,,Y,Y,A,07,0,1,1,0,0,0,0,0,0,"- ","- ",,,"SANTA BARBARA","SANTA MARIA",-120.44921112999999,34.971756790000001
7004880,2015,2015-07-25,4204,2015-06-16,1619,90268,62,2,5,5,4204,0,0,0,,0,003,"STOWELL RD",BROADWAY,260.00,W,N,A,-,N,,,,,,,,,,Y,4,0,2,2,A,-,09,21804,A,N,D,C,A,A,H,-,A,D,0,,,,,Y,,A,01,0,0,2,0,0,0,0,0,0,"- ","- ",,,"SANTA BARBARA","SANTA MARIA",-120.43690100000001,34.938512000000003
7005178,2015,2017-01-12,9760,2015-07-03,1758,019397,,5,2,9,4200,0,1,2,,2,010,"RT 101","CASITAS PASS RD",1056.00,S,N,A,-,Y,SB,5,101,-,-,2.440,H,-,N,N,4,0,1,3,A,-,01,23152,A,N,C,C,A,A,H,-,A,D,1,,,,,Y,Y,D,22,0,0,1,0,0,0,0,0,0,"- ","- ",34.38062,-119.482,"SANTA BARBARA",UNINCORPORATED,-119.50979028,34.39434146
7005514,2015,2017-01-12,4204,2015-07-04,1722,23028,81,6,5,5,4204,0,0,0,,0,003,BROADWAY,"MCCOY LN",15.00,N,N,A,-,Y,SB,5,135,-,-,13.280,H,-,S,N,4,0,3,2,A,-,03,22350,,N,C,C,A,A,H,-,A,A,0,,,,,Y,,A,01,0,0,3,0,0,0,0,0,0,"- ","- ",,,"SANTA BARBARA","SANTA MARIA",-120.43610313000001,34.916961200000003
7006431,2015,2016-01-26,4203,2015-11-23,1835,4735,,1,5,5,4203,0,0,0,,0,003,"ANACAPA ST","SOLA ST",35.00,S,N,A,-,N,,,,,,,,,,N,1,1,0,2,A,-,11,21954,A,N,G,B,D,A,H,-,C,D,0,Y,,,,Y,,N,60,0,0,0,1,0,0,0,0,0,"- ","- ",34.42624,-119.7058,"SANTA BARBARA","SANTA BARBARA",-119.70573216,34.426247259999997
7007350,2015,2015-08-17,4203,2015-06-30,1627,1436,,2,5,5,4203,0,0,0,,0,003,"CARRILLO ST","SANTA BARBARA ST",42.00,W,N,A,-,N,,,,,,,,,,N,4,0,1,3,A,-,03,22350,,N,C,C,A,A,H,-,A,A,0,,,,,Y,,-,,0,0,1,0,0,0,0,0,0,"- ","- ",34.252459999999999,-119.41589,"SANTA BARBARA","SANTA BARBARA",-119.69973077,34.42355259
7009451,2015,2015-08-25,4203,2015-07-26,1850,6967,,7,5,5,4203,0,0,0,,0,001,"N MILPAS ST","E CANON PERDIDO ST",0.00,,Y,A,-,N,,,,,,,,,,N,4,0,1,2,D,-,00,,,N,G,B,B,A,H,-,A,A,0,Y,,,,Y,,-,"- ",0,0,1,0,1,0,0,0,0,"- ","- ",34.253100000000003,-119.4203,"SANTA BARBARA","SANTA BARBARA",-119.69039992,34.430020089999999
7010728,2015,2015-08-28,9760,2015-07-20,0843,021061,2,1,1,9,4200,0,3,5,,2,001,"MOUNTAIN DR","COYOTE RD",2640.00,E,N,B,-,N,,,,,,,,,,N,3,0,1,2,A,-,05,21460,A,N,B,G,A,A,H,-,A,D,0,,Y,,,Y,,D,22,0,1,0,0,0,0,1,0,0,"- ","- ",34.45532,-119.67489999999999,"SANTA BARBARA",UNINCORPORATED,-119.66358051,34.454766980000002
7011406,2015,2015-09-21,4202,2015-08-28,0717,295,LOMPO,5,5,4,4202,0,0,0,,0,,"CENTRAL AV","WESTERN AV",83.00,W,N,A,-,N,,,,,,,,,,Y,4,0,2,2,A,-,08,22107,,N,C,C,A,-,H,-,A,A,0,,,,,Y,,A,01,0,0,2,0,0,0,0,0,0,"- ","- ",,,"SANTA BARBARA",LOMPOC,,
7011767,2015,2016-07-26,4203,2015-07-17,1732,6110,,5,5,5,4203,0,0,0,,0,006,"RT 225","MODOC RD",0.00,,Y,A,-,N,,,225,,,,,,,Y,4,0,3,3,A,-,03,22350,,N,C,C,A,A,H,-,A,A,0,,,,,Y,,-,,0,0,3,0,0,0,0,0,0,"- ","- ",34.426000000000002,-119.73506,"SANTA BARBARA","SANTA BARBARA",-119.73507217,34.426075130000001
7011933,2015,2015-08-12,4203,2015-07-15,1033,2661,,3,5,5,4203,0,0,0,,0,003,"ANACAPA ST","VICTORIA ST",0.00,,Y,A,-,N,,,,,,,,,,N,4,0,1,2,A,-,10,21950,A,N,G,B,B,A,H,-,A,A,0,Y,,,,Y,,A,01,0,0,1,0,1,0,0,0,0,"- ","- ",34.425400000000003,-119.7045,"SANTA BARBARA","SANTA BARBARA",-119.70453996000001,34.425430089999999
7011937,2015,2015-08-12,4203,2015-07-14,0930,2661,31,2,5,5,4203,0,0,0,,0,004,"CARRILLO ST","SAINT VINCENT AV",0.00,,Y,A,-,N,,,,,,,,,,N,4,0,1,2,A,-,03,22350,,N,C,C,A,A,H,-,A,A,0,,,,,Y,,-,,0,0,1,0,0,0,0,0,0,"- ","- ",34.251199999999997,-119.4218,"SANTA BARBARA","SANTA BARBARA",-119.70464994,34.41887011
7012135,2015,2015-08-07,4203,2015-07-15,1452,2661,40,3,5,5,4203,0,0,0,,0,004,"STATE ST","ORTEGA ST",178.00,S,N,A,-,N,,,,,,,,,,N,4,0,2,2,A,-,03,22350,,N,C,C,A,A,H,-,A,A,0,,,,,Y,,A,01,0,0,2,0,0,0,0,0,0,"- ","- ",34.418100000000003,-119.6968,"SANTA BARBARA","SANTA BARBARA",-119.69762057,34.418334049999999
7014125,2015,2015-09-19,4204,2015-07-22,0925,21513,79,3,5,5,4204,0,0,0,,0,003,"BETTERAVIA RD",A,0.00,,Y,B,-,N,,,,,,,,,,Y,4,0,1,2,A,-,03,22350,,N,C,C,A,A,H,-,A,A,0,,,,,Y,,A,01,0,0,1,0,0,0,0,0,0,"- ","- ",,,"SANTA BARBARA","SANTA MARIA",-120.46400991,34.920770040000001
7014407,2015,2015-08-21,4203,2015-07-30,1117,7568,,4,5,5,4203,0,0,0,,0,006,"CARRILLO ST","SAN ANDRES ST",0.00,,Y,A,-,N,,,,,,,,,,Y,3,0,1,2,A,-,09,21801,A,N,A,C,A,A,H,-,A,A,0,,,,,Y,,-,,0,1,0,0,0,0,0,0,0,"- ","- ",,,"SANTA BARBARA","SANTA BARBARA",-119.71062990999999,34.414710059999997
7018386,2015,2017-01-17,4204,2015-08-01,1610,23351,62,6,5,5,4204,0,0,0,,0,B03,BROADWAY,"STOWELL RD",45.00,N,N,A,-,Y,SB,5,135,-,-,14.790,H,-,S,N,4,0,1,2,A,-,03,22350,,N,C,C,A,A,H,-,A,A,0,,,,,Y,,A,01,0,0,1,0,0,0,0,0,0,"- ","- ",,,"SANTA BARBARA","SANTA MARIA",-120.43609558999999,34.93865546
7018395,2015,2017-02-03,9750,2015-08-12,0600,18209,,3,1,9,4200,0,1,3,,1,011,"RT 166","BONITA SCHOOL RD",775.00,E,N,A,-,Y,SB,5,166,-,-,3.900,H,-,W,Y,3,0,2,2,A,-,03,22350,,N,C,C,A,A,H,-,A,D,0,,,,Y,Y,,F,26,0,1,1,0,0,0,0,0,0,"- ","- ",34.956620000000001,-120.50622,"SANTA BARBARA",UNINCORPORATED,-120.50577739000001,34.95663347
7018634,2015,2015-12-21,4204,2015-07-31,1035,23509,3,5,5,5,4204,0,0,0,,0,082,"BETTERAVIA RD",MILLER,553.00,W,N,A,-,N,,,,,,,,,,N,4,0,1,2,A,-,05,21650,,N,G,B,B,A,H,-,A,A,0,Y,,,,Y,,-,,0,0,1,0,1,0,0,0,0,"- ","- ",,,"SANTA BARBARA","SANTA MARIA",-120.43286804,34.92181454
7021674,2015,2017-01-12,9760,2015-07-23,1950,017662,,4,2,3,4205,0,1,2,,2,010,"RT 101","SANTA YNEZ",1175.00,S,N,A,-,Y,SB,5,101,-,-,3.430,H,-,N,Y,3,0,1,1,A,-,01,23152,A,N,E,I,A,A,H,-,B,D,1,,,,,Y,Y,A,01,0,1,0,0,0,0,0,0,0,"- ","- ",34.402799999999999,-119.52309,"SANTA BARBARA",CARPINTERIA,-119.52276691,34.402660869999998
7023586,2015,2015-09-22,4204,2015-07-30,1844,90242,41,4,5,5,4204,0,0,0,,0,002,COOK,THORNBURG,0.00,,Y,A,-,N,,,,,,,,,,Y,3,0,3,2,A,-,09,21802,A,N,D,C,A,A,H,-,A,D,0,,,,,Y,,A,07,0,1,2,0,0,0,0,0,0,"- ","- ",,,"SANTA BARBARA","SANTA MARIA",-120.44039991,34.949870079999997
7023590,2015,2015-09-03,4204,2015-07-29,1451,22751,82,3,5,5,4204,0,0,0,,0,003,"BETTERAVIA RD",MILLER,15.00,E,N,A,-,N,,,,,,,,,,N,4,0,1,2,A,-,03,22350,,N,C,C,A,A,H,-,A,A,0,,,,,Y,,D,22,0,0,1,0,0,0,0,0,0,"- ","- ",,,"SANTA BARBARA","SANTA MARIA",-120.43124724,34.922621380000002
7025625,2015,2017-01-12,9760,2015-07-18,1745,19831,,6,2,5,4203,0,1,2,,2,011,"RT 101","CABRILLO BL",684.00,S,N,B,-,Y,SB,5,101,-,-,11.300,H,-,S,Y,4,0,2,2,A,-,03,22350,,N,C,C,A,B,H,-,A,D,1,,,,,Y,,A,01,0,0,2,0,0,0,0,0,0,"- ","- ",34.421230000000001,-119.65049999999999,"SANTA BARBARA","SANTA BARBARA",-119.65267824999999,34.421794079999998
7025628,2015,2015-08-20,9760,2015-07-17,1530,20211,,5,2,9,4200,0,3,5,,2,001,"FAIRWAY RD","CHANNEL DR",500.00,E,N,A,-,N,,,,,,,,,,N,4,0,1,1,A,-,03,22350,,N,F,A,A,A,H,-,A,D,0,,,Y,,Y,,C,02,0,0,1,0,0,0,0,0,1,"- ","- ",34.418959999999998,-119.65040999999999,"SANTA BARBARA",UNINCORPORATED,-119.6508547,34.41894061
7026092,2015,2015-09-03,4204,2015-08-03,1201,90377,37,1,5,5,4204,0,0,0,,0,002,MAIN,"NICHOLSON AV",200.00,E,N,A,-,N,,,,,,,,,,N,4,0,1,2,A,-,09,21801,A,N,D,C,A,A,H,-,A,A,0,,,,,Y,,A,01,0,0,1,0,0,0,0,0,0,"- ","- ",,,"SANTA BARBARA","SANTA MARIA",-120.41573434999999,34.95294269
7026107,2015,2015-09-03,4204,2015-08-02,0007,90322,53,7,5,5,4204,0,0,0,,0,002,MILLER,ORANGE,0.00,,Y,A,-,N,,,,,,,,,,Y,3,0,2,1,A,-,01,23153,B,N,A,I,A,A,H,-,C,D,0,,,,,Y,Y,A,01,0,1,1,0,0,0,0,0,0,"- ","- ",,,"SANTA BARBARA","SANTA MARIA",-120.43148986,34.948890030000001
7026377,2015,2015-09-17,9750,2015-08-11,0715,14753,,2,1,9,4200,0,2,4,,1,024,"BRADLEY RD","PARKLAND DR",60.00,S,N,B,F,N,,,,,,,,,,Y,4,0,2,3,A,-,03,22350,,N,C,C,A,B,H,-,A,D,0,,,,,Y,,D,22,0,0,2,0,0,0,0,0,0,"- ","- ",34.88082,-120.41861,"SANTA BARBARA",UNINCORPORATED,-120.41871226000001,34.880795210000002
7030606,2015,2015-09-04,9750,2015-08-01,1920,016714,1,6,2,9,4200,0,1,2,,2,001,"BLOSSER RD","OLD MILL LN",48.00,N,N,A,-,N,,,,,,,,,,Y,4,0,1,1,A,-,08,22107,,N,E,I,A,A,H,-,A,D,0,,,,,Y,,A,01,0,0,1,0,0,0,0,0,0,"- ","- ",34.872680000000003,-120.45399,"SANTA BARBARA",UNINCORPORATED,-120.45403,34.872611839999998
7030614,2015,2016-07-26,9750,2015-08-07,1100,018209,,5,1,9,4200,0,3,5,,2,020,"HARRIS GRADE RD","RT 135",3696.00,S,N,A,-,N,,,,,,,,,,Y,2,0,1,1,A,-,08,22107,,N,F,A,A,A,H,-,A,D,0,,,Y,,Y,,C,02,1,0,0,0,0,0,0,0,1,"- ","- ",34.757289999999998,-120.4268,"SANTA BARBARA",UNINCORPORATED,-120.42746291,34.756883850000001
7030870,2015,2017-01-17,4204,2015-07-30,1839,90376,16,4,5,5,4204,0,0,0,,0,001,BROADWAY,"ALVIN AV",200.00,N,N,A,-,Y,SB,5,135,-,-,16.320,H,-,S,N,4,0,2,2,A,-,03,22350,,N,C,C,A,A,H,-,A,A,0,,,,,Y,,A,01,0,0,2,0,0,0,0,0,0,"- ","- ",,,"SANTA BARBARA","SANTA MARIA",-120.43581387,34.961031900000002
7031815,2015,2016-12-22,9760,2015-08-15,1520,018431,,6,2,4,4214,0,1,2,,2,020,"RT 101","FAIRVIEW AV",175.00,S,N,A,-,Y,SB,5,101,-,-,22.500,H,-,N,Y,3,0,1,1,A,-,08,22107,,N,E,I,A,A,D,-,A,D,1,,,,,Y,,A,01,0,1,0,0,0,0,0,0,0,"- ","- ",34.439680000000003,-119.83211,"SANTA BARBARA",GOLETA,-119.83185535,34.439643750000002
7031819,2015,2017-01-28,9760,2015-08-12,1600,018754,,3,2,9,4200,0,1,3,,1,014,"RT 192","FOOTHILL RD",1056.00,N,N,A,-,Y,SB,5,192,-,-,12.850,H,-,E,Y,3,0,2,1,A,-,08,22107,,N,E,I,A,A,H,-,A,D,0,,,,,Y,,A,07,0,2,0,0,0,0,0,0,0,"- ","- ",34.429830000000003,-119.57319,"SANTA BARBARA",UNINCORPORATED,-119.5728098,34.430072279999997
7034244,2015,2015-09-14,4204,2015-08-04,1910,20894,01,2,5,5,4204,0,0,0,,0,001,"SCHUMAN PL","ATLANTIC PL",200.00,S,N,A,-,N,,,,,,,,,,N,3,0,1,2,A,-,05,21650,,N,D,G,A,A,H,-,A,D,0,,Y,,,Y,,L,04,0,1,0,0,0,0,1,0,0,"- ","- ",,,"SANTA BARBARA","SANTA MARIA",-120.44777547,34.988230809999997
7034245,2015,2017-01-17,4204,2015-08-10,1004,22104,15,1,5,5,4204,0,0,0,,0,001,BROADWAY,"ROSE AV",176.00,N,N,B,-,Y,SB,5,135,-,-,16.380,H,-,S,Y,4,0,3,4,A,-,03,22350,,N,C,C,A,A,D,-,A,A,0,,,,,Y,,A,01,0,0,3,0,0,0,0,0,0,"- ","- ",,,"SANTA BARBARA","SANTA MARIA",-120.43579361,34.961900100000001
7035381,2015,2017-01-12,9760,2015-07-17,1230,18019,,5,1,3,4205,0,1,2,,2,010,"RT 101","SANTA MONICA RD",1716.00,N,N,A,-,Y,SB,5,101,-,-,4.210,H,-,N,Y,4,0,2,3,A,-,03,22350,,N,C,C,A,A,H,-,A,D,1,,,,,Y,,D,22,0,0,2,0,0,0,0,0,0,"- ","- ",,,"SANTA BARBARA",CARPINTERIA,-119.5359697,34.405160289999998
7035425,2015,2017-01-12,9760,2015-07-31,1835,019397,,5,2,9,4200,0,1,2,,1,040,"RT 101","REFUGIO BEACH RD",6336.00,N,N,A,-,Y,SB,5,101,-,-,37.880,H,-,N,Y,3,0,1,1,A,-,08,22107,,N,F,A,A,A,H,-,A,D,5,,,,,Y,,D,22,0,1,0,0,0,0,0,0,0,"- ","- ",34.461660000000002,-120.09081999999999,"SANTA BARBARA",UNINCORPORATED,-120.08873894,34.461677729999998