CASE_ID,ACCIDENT_YEAR,PROC_DATE,JURIS,COLLISION_DATE,COLLISION_TIME,OFFICER_ID,REPORTING_DISTRICT,DAY_OF_WEEK,CHP_SHIFT,POPULATION,CNTY_CITY_LOC,SPECIAL_COND,BEAT_TYPE,CHP_BEAT_TYPE,CITY_DIVISION_LAPD,CHP_BEAT_CLASS,BEAT_NUMBER,PRIMARY_RD,SECONDARY_RD,DISTANCE,DIRECTION,INTERSECTION,WEATHER_1,WEATHER_2,STATE_HWY_IND,CALTRANS_COUNTY,CALTRANS_DISTRICT,STATE_ROUTE,ROUTE_SUFFIX,POSTMILE_PREFIX,POSTMILE,LOCATION_TYPE,RAMP_INTERSECTION,SIDE_OF_HWY,TOW_AWAY,COLLISION_SEVERITY,NUMBER_KILLED,NUMBER_INJURED,PARTY_COUNT,PRIMARY_COLL_FACTOR,PCF_CODE_OF_VIOL,PCF_VIOL_CATEGORY,PCF_VIOLATION,PCF_VIOL_SUBSECTION,HIT_AND_RUN,TYPE_OF_COLLISION,MVIW,PED_ACTION,ROAD_SURFACE,ROAD_COND_1,ROAD_COND_2,LIGHTING,CONTROL_DEVICE,CHP_ROAD_TYPE,PEDESTRIAN_ACCIDENT,BICYCLE_ACCIDENT,MOTORCYCLE_ACCIDENT,TRUCK_ACCIDENT,NOT_PRIVATE_PROPERTY,ALCOHOL_INVOLVED,STWD_VEHTYPE_AT_FAULT,CHP_VEHTYPE_AT_FAULT,COUNT_SEVERE_INJ,COUNT_VISIBLE_INJ,COUNT_COMPLAINT_PAIN,COUNT_PED_KILLED,COUNT_PED_INJURED,COUNT_BICYCLIST_KILLED,COUNT_BICYCLIST_INJURED,COUNT_MC_KILLED,COUNT_MC_INJURED,PRIMARY_RAMP,SECONDARY_RAMP,LATITUDE,LONGITUDE,COUNTY,CITY,POINT_X,POINT_Y
90015016,2015,2015-10-19,9760,2015-08-18,1140,020211,,2,1,9,4200,0,3,5,,2,002,"TURNPIKE ROAD","SAN GORDIANO AVENUE",0.00,,Y,A,-,N,,,,,,,,,,N,4,0,2,2,A,-,12,21453,A,N,D,C,A,A,H,-,A,A,0,,,,,Y,,A,01,0,0,2,0,0,0,0,0,0,"- ","- ",34.439070000000001,-119.78943,"SANTA BARBARA",UNINCORPORATED,-119.78943988,34.439130059999997
90015429,2015,2015-10-19,9750,2015-09-03,0015,019656,,4,3,9,4200,0,1,2,,2,003,"US-101 N/B (EL CAMINO REAL)","ALISOS CANYON ROAD",1584.00,S,N,A,-,Y,,,101,,,,,,N,Y,3,0,1,1,C,-,18,,,N,H,H,A,A,H,-,D,D,0,,,,,Y,,-,"- ",0,1,0,0,0,0,0,0,0,"- ","- ",34.729840000000003,-120.23204,"SANTA BARBARA",UNINCORPORATED,-120.23205846,34.729797060000003
90015811,2015,2015-10-19,9760,2015-08-28,1701,018754,,5,2,9,4200,0,1,2,,2,020,"U.S. 101 S/B","TURNPIKE RD.",528.00,S,N,A,-,Y,,,,,,,,,,Y,3,0,1,2,A,-,03,22350,,N,C,C,A,A,H,-,A,D,0,,,,,Y,,A,01,0,1,0,0,0,0,0,0,0,"- ","- ",34.421599999999998,-119.77878,"SANTA BARBARA",UNINCORPORATED,-119.79115032,34.442081350000002
90015850,2015,2015-10-19,9755,2015-09-08,1620,012436,,2,2,9,4200,0,3,5,,2,040,"BALLARD CANYON RD",SR-246,4752.00,S,N,A,-,Y,,,,,,,,,,Y,4,0,1,2,A,-,05,21650,,N,A,C,A,A,H,-,A,D,0,,,,,Y,,A,01,0,0,1,0,0,0,0,0,0,"- ","- ",34.616439999999997,-120.1691,"SANTA BARBARA",UNINCORPORATED,-120.17934,34.607999999999997
90015904,2015,2015-10-19,9750,2015-08-31,2240,019417,,1,3,9,4200,0,3,5,,2,030,"FOXEN CANYON ROAD","FUGLER ROAD",1056.00,E,N,A,-,N,,,,,,,,,,Y,4,0,1,1,A,-,08,22107,,N,A,I,A,A,H,-,D,D,0,,,,,Y,,A,01,0,0,1,0,0,0,0,0,0,"- ","- ",34.908470000000001,-120.33011999999999,"SANTA BARBARA",UNINCORPORATED,-120.33059955,34.908471210000002
90016046,2015,2015-10-19,9760,2015-08-29,0835,019446,,6,1,9,4200,0,1,2,,1,040,"US-101 N/B","VISTA POINT",6236.00,N,N,A,-,Y,,,101,,,,,,N,Y,3,0,1,1,C,-,18,,,N,E,I,A,A,H,-,A,A,0,,,,,Y,,-,"- ",0,1,0,0,0,0,0,0,0,"- ","- ",34.472099999999998,-120.1658,"SANTA BARBARA",UNINCORPORATED,-120.16580903000001,34.472244449999998
90016100,2015,2015-10-19,9750,2015-09-04,1140,017267,,5,1,9,4200,0,2,4,,1,024,"BRADLEY ROAD","LAKEVIEW ROAD",15.00,S,N,A,-,N,,,,,,,,,,N,4,0,1,2,A,-,21,22106,,N,C,C,A,A,H,-,A,A,0,,,,,Y,,A,07,0,0,1,0,0,0,0,0,0,"- ","- ",34.894460000000002,-120.42303,"SANTA BARBARA",UNINCORPORATED,-120.42312,34.894468799999999
90016531,2015,2015-10-19,9750,2015-09-05,0648,014820,,6,1,9,4200,0,2,4,,1,024,"CLARK AVENUE","LEON STREET",22.00,W,N,A,-,N,,,,,,,,,,Y,4,0,1,3,A,-,08,22107,,N,C,C,A,A,H,-,B,D,0,,,,,Y,,A,07,0,0,1,0,0,0,0,0,0,"- ","- ",34.86504,-120.41293,"SANTA BARBARA",UNINCORPORATED,-120.41278330999999,34.8650491
90016659,2015,2015-10-19,9750,2015-08-22,0410,016773,,6,3,9,4200,0,1,3,,1,023,"SR-135 S/B","HARRIS GRADE ROAD",8448.00,E,N,A,-,Y,,,135,,,,,,S,Y,1,1,0,1,A,-,08,22107,,N,E,I,A,A,H,-,D,D,0,,,,,Y,Y,A,07,0,0,0,0,0,0,0,0,0,"- ","- ",34.758270000000003,-120.39789,"SANTA BARBARA",UNINCORPORATED,-120.39789055999999,34.758260270000001
90016688,2015,2015-10-19,9760,2015-09-03,1740,015658,,4,2,4,4214,0,1,2,,2,020,"US 101 S/B (EL CAMINO REAL)","PATTERSON AVE",900.00,N,N,A,-,Y,,,,,,,,,,Y,4,0,2,2,A,-,03,22350,,N,C,C,A,A,H,-,A,D,0,,,,,Y,,A,01,0,0,2,0,0,0,0,0,0,"- ","- ",34.440910000000002,-119.81739,"SANTA BARBARA",GOLETA,-119.80846,34.441809999999997
90016701,2015,2015-10-19,9760,2015-09-05,1655,020211,,6,2,5,4203,0,1,2,,2,011,"US-101 (NORTHBOUND)","STATE STREET",150.00,S,N,A,-,Y,,,101,,,,,,,Y,3,0,1,2,A,-,07,21658,A,N,B,C,A,A,H,-,A,D,0,,,Y,,Y,,A,01,0,1,0,0,0,0,0,0,1,"- ","- ",34.415500000000002,-119.69282,"SANTA BARBARA","SANTA BARBARA",-119.69284569,34.415526919999998
90017937,2015,2015-10-19,9760,2015-08-15,1700,020511,,6,2,9,4200,0,1,2,,1,030,"US-101 SB (EL CAMINO REAL)","STORKE RD",2000.00,N,N,A,-,Y,,,,,,,,,,Y,4,0,1,1,A,-,08,22107,,N,E,J,A,A,H,-,A,D,0,,,,,Y,,A,01,0,0,1,0,0,0,0,0,0,"- ","- ",34.432369999999999,-119.88231,"SANTA BARBARA",UNINCORPORATED,,
90018320,2015,2015-10-19,9760,2015-09-07,1645,017662,,1,2,9,4200,0,1,2,,2,010,"US-101 S/B","SAN YSIDRO ROAD",300.00,S,N,A,-,Y,,,101,,,,,,S,N,4,0,1,2,A,-,03,22350,,N,C,C,A,A,H,-,A,D,0,,,,,Y,,M,47,0,0,1,0,0,0,0,0,0,"- ","- ",34.422060000000002,-119.63056,"SANTA BARBARA",UNINCORPORATED,-119.63056806,34.422033669999998
90019302,2015,2015-10-19,9750,2015-09-12,0013,019656,,6,3,9,4200,0,1,3,,1,062,SR-166,"TEPUSQUET ROAD",10560.00,E,N,A,-,Y,,,166,,,,,,,N,3,0,2,2,A,-,05,21460,A,N,B,C,A,A,H,-,D,D,0,,,,Y,Y,,-,"- ",0,2,0,0,0,0,0,0,0,"- ","- ",35.028109999999998,-120.20081,"SANTA BARBARA",UNINCORPORATED,-120.20084026000001,35.028177239999998
90019617,2015,2015-10-19,9760,2015-09-05,1620,021061,,6,2,9,4200,0,3,5,,2,002,"WALNUT LN.","HOLLISTER AVE",100.00,S,N,A,-,N,,,,,,,,,,Y,4,0,1,2,A,-,03,22350,,N,C,C,A,A,H,-,A,D,0,,,,,Y,,A,01,0,0,1,0,0,0,0,0,0,"- ","- ",34.433970000000002,-119.80228,"SANTA BARBARA",UNINCORPORATED,-119.80224355999999,34.43467545
90019697,2015,2015-10-19,9760,2015-09-12,1255,021061,,6,1,9,4200,0,3,5,,2,005,"ABREGO RD","CAMINO CORTO",200.00,E,N,A,-,N,,,,,,,,,,Y,2,0,1,2,A,-,08,22107,,N,H,E,A,A,H,-,C,D,0,,Y,,,Y,Y,L,04,1,0,0,0,0,0,1,0,0,"- ","- ",34.414490000000001,-119.86499000000001,"SANTA BARBARA",UNINCORPORATED,-119.86587743,34.414470110000003
90019887,2015,2015-10-19,9760,2015-09-13,1828,019397,,7,2,9,4200,0,1,2,,2,010,"US-101 (N/B)","SHEFFIELD DRIVE",1056.00,N,N,A,-,Y,,,101,,,,,,,Y,4,0,1,3,A,-,03,22350,,N,C,C,A,A,H,-,A,D,0,,,,,Y,,A,01,0,0,1,0,0,0,0,0,0,"- ","- ",34.42136,-119.62112999999999,"SANTA BARBARA",UNINCORPORATED,-119.62110611999999,34.421082429999998
90020679,2015,2015-10-19,9760,2015-09-17,1625,018431,,4,2,9,4200,0,1,2,,2,020,"US-101 S/B","TURNPIKE RD.",2000.00,S,N,A,-,Y,,,101,,,,,,S,Y,4,0,1,4,A,-,03,22350,,N,C,C,A,A,H,-,A,D,0,,,,,Y,,A,01,0,0,1,0,0,0,0,0,0,"- ","- ",34.441940000000002,-119.78201,"SANTA BARBARA",UNINCORPORATED,-119.78201185,34.442013899999999
90020773,2015,2015-10-19,9760,2015-09-16,1622,018754,,3,2,9,4200,0,1,2,,2,010,"US-101 S/B FROM N. PADARO LN.","N. PADARO",91.00,S,N,A,-,Y,,,101,,,,R,,S,Y,3,0,1,1,A,-,01,23152,A,N,E,C,A,A,H,-,A,A,0,,,,,Y,,A,01,0,1,0,0,0,0,0,0,0,"- ","- ",34.416080000000001,-119.5821,"SANTA BARBARA",UNINCORPORATED,-119.5821,34.416080000000001
90020955,2015,2015-10-19,9755,2015-09-22,1745,012436,,2,2,9,4200,0,1,3,,1,042,SR-154,"LAKEVIEW RD",13200.00,E,N,A,-,Y,,,154,,,,,,,Y,3,0,1,2,A,-,04,21703,,N,C,C,A,A,H,-,A,D,0,,,,,Y,,A,01,0,1,0,0,0,0,0,0,0,"- ","- ",34.562350000000002,-119.92906000000001,"SANTA BARBARA",UNINCORPORATED,-119.92906213000001,34.562341740000001
9002190,2019,2020-02-10,4203,2019-12-11,1506,7650,65,3,5,5,4203,0,0,0,,0,001,"GUTIERREZ ST","MELLIFONT AV",25.00,W,N,A,-,N,,,,,,,,,,,4,0,1,2,A,-,09,21804,A,N,D,C,A,A,H,-,A,D,0,,,,,Y,,D,22,0,0,1,0,0,0,0,0,0,"- ","- ",34.429180145263672,-119.67993927001953,"SANTA BARBARA","SANTA BARBARA",-119.68001556396484,34.429157257080078
90022460,2015,2015-10-19,9755,2015-09-24,0520,019464,,4,3,9,4200,0,1,3,,1,053,"SR-246 EASTBOUND","HAPGOOD ROAD",1584.00,W,N,A,-,Y,,,246,,,,,,E,N,4,0,1,2,A,-,06,21751,,N,B,C,A,A,H,-,D,D,0,,,,,Y,,A,01,0,0,1,0,0,0,0,0,0,"- ","- ",34.664560000000002,-120.34945999999999,"SANTA BARBARA",UNINCORPORATED,-120.34946014000001,34.664541030000002
90022741,2015,2015-10-19,9750,2015-09-20,2123,018209,,7,2,9,4200,0,1,2,,2,001,"US - 101 N/B","DONOVAN RD",182.00,S,N,A,-,Y,,,,,,,,,,Y,4,0,1,1,A,-,01,23152,F,N,E,I,A,A,H,-,C,D,0,,,,,Y,Y,D,22,0,0,1,0,0,0,0,0,0,"- ","- ",34.966540000000002,-120.42201,"SANTA BARBARA",UNINCORPORATED,-120.42260992,34.967236540000002
90022840,2015,2015-10-29,9760,2015-09-05,1442,021061,,6,2,9,4200,0,3,5,,2,002,"OLD SAN MARCOS RD",SR-154,2640.00,S,N,A,-,N,,,,,,,,,,Y,3,0,2,2,A,-,05,21650,,N,B,C,A,A,H,-,A,D,0,,,Y,,Y,,C,02,0,1,1,0,0,0,0,0,2,"- ","- ",34.484920000000002,-119.79792,"SANTA BARBARA",UNINCORPORATED,,
90022937,2015,2015-10-19,9755,2015-09-25,1320,012436,,5,1,9,4200,0,1,3,,2,041,SR-246,"MEADOWLARK RD",1056.00,E,N,A,-,Y,,,246,,,,,,,Y,4,0,1,2,A,-,08,22100,,N,D,C,A,A,H,-,A,D,0,,,,,Y,,A,01,0,0,1,0,0,0,0,0,0,"- ","- ",34.610489999999999,-120.05687,"SANTA BARBARA",UNINCORPORATED,-120.05687052,34.610469199999997
90023071,2015,2015-10-19,9750,2015-09-16,0750,014753,,3,1,9,4200,0,2,4,,1,024,"UNION VALLEY PARKWAY","ORCUTT ROAD",0.00,,Y,A,-,N,,,,,,,,,,Y,4,0,1,2,A,-,12,21453,A,N,D,C,A,A,H,-,A,A,0,,,,,Y,,A,08,0,0,1,0,0,0,0,0,0,"- ","- ",34.879249999999999,-120.43494,"SANTA BARBARA",UNINCORPORATED,-120.43504987,34.879519999999999
90023261,2015,2015-10-19,9760,2015-09-19,1344,018754,,6,1,3,4205,0,1,2,,2,010,"U.S. 101 N/B","CASITAS PASS RD.",86.00,S,N,A,-,Y,,,,,,,,,,Y,4,0,1,3,A,-,03,22350,,N,C,C,A,A,H,-,A,D,0,,,,,Y,,A,01,0,0,1,0,0,0,0,0,0,"- ","- ",34.396140000000003,-119.51094000000001,"SANTA BARBARA",CARPINTERIA,-119.51134939000001,34.396644680000001
90024048,2015,2015-10-19,9755,2015-09-21,2215,018264,,1,3,9,4200,0,1,S,,2,901,"SR-246 E/B","RIVERVIEW TERRACE DR",8976.00,W,N,A,-,Y,,,246,,,,,,E,Y,4,0,1,1,C,-,18,,,N,H,H,A,A,H,-,D,D,0,,,,,Y,,-,"- ",0,0,1,0,0,0,0,0,0,"- ","- ",34.622239999999998,-120.23405,"SANTA BARBARA",UNINCORPORATED,-120.23403648999999,34.622081309999999
90025021,2015,2015-10-19,9750,2015-09-25,0845,013766,,5,1,9,4200,0,1,3,,1,023,SR-135,"BATCHELDER ROAD",528.00,S,N,A,-,Y,,,135,,,,,,,Y,4,0,3,2,A,-,09,21804,A,N,D,C,A,A,H,-,A,D,0,,,,,Y,,D,22,0,0,3,0,0,0,0,0,0,"- ","- ",34.755000000000003,-120.36851,"SANTA BARBARA",UNINCORPORATED,-120.36851772999999,34.754942450000001
9002557,2019,2020-02-07,4203,2019-12-15,0249,22515,46,7,5,5,4203,0,0,0,,0,003,"LAGUNA ST","LOMA VISTA AV",111.00,S,N,A,-,N,,,,,,,,,,N,4,0,1,3,A,-,01,23153,A,F,C,E,A,A,H,-,C,D,0,,,,,Y,Y,A,07,0,0,1,0,0,0,0,0,0,"- ","- ",34.419998168945312,-119.70149993896484,"SANTA BARBARA","SANTA BARBARA",-119.70154571533203,34.428817749023438
90025682,2015,2015-10-19,9750,2015-09-30,2020,019417,,3,2,9,4200,0,1,2,,2,001,"US-101 N/B","UNION VALLEY PKY",2006.00,S,N,A,-,Y,,,101,,,,,,N,Y,3,0,1,1,A,-,08,22107,,N,E,I,A,A,H,-,D,D,0,,,,,Y,,A,01,0,1,0,0,0,0,0,0,0,"- ","- ",34.875190000000003,-120.40429,"SANTA BARBARA",UNINCORPORATED,-120.40440535,34.875089940000002
90025762,2015,2015-10-19,9750,2015-10-03,1120,017616,,6,1,9,4200,0,3,5,,2,030,"CAMBRIDGE WAY","TELEPHONE RD",16.00,W,N,A,-,N,,,,,,,,,,N,4,0,1,2,A,-,05,21460,A,N,B,C,A,A,H,-,A,D,0,,,,,Y,,A,01,0,0,1,0,0,0,0,0,0,"- ","- ",34.906230000000001,-120.38334,"SANTA BARBARA",UNINCORPORATED,-120.38316334,34.906210700000003
90025779,2015,2015-10-19,9760,2015-09-19,1730,020511,,6,2,9,4200,0,1,2,,2,010,"US-101 N/B (EL CAMINO REAL)","S. PADARO RD",1000.00,N,N,A,-,Y,,,101,,,,,,N,Y,4,0,1,2,A,-,03,22350,,N,C,C,A,A,H,-,A,D,0,,,,,Y,,A,01,0,0,1,0,0,0,0,0,0,"- ","- ",34.414369999999998,-119.55759,"SANTA BARBARA",UNINCORPORATED,-119.55754188,34.414428340000001
90025971,2015,2015-10-19,9755,2015-09-30,1145,015973,,3,1,9,4200,0,1,3,,1,055,SR-1,"SANTA LUCIA CANYON RD",0.00,,Y,A,-,Y,,,,,,,,,,N,4,0,1,2,A,-,09,21801,A,N,D,C,A,A,H,-,A,D,0,,,,,Y,,A,07,0,0,1,0,0,0,0,0,0,"- ","- ",34.441809999999997,-120.26449,"SANTA BARBARA",UNINCORPORATED,-120.48915992000001,34.713160019999997
90028379,2015,2015-10-19,9750,2015-10-04,0050,016874,,7,3,9,4200,0,3,5,,2,030,"SUEY ROAD","JONES STREET",109.00,S,N,A,-,N,,,,,,,,,,Y,3,0,1,1,A,-,01,23152,A,N,E,I,A,A,H,-,D,A,0,,,,,Y,Y,A,01,0,1,0,0,0,0,0,0,0,"- ","- ",34.945340000000002,-120.40913999999999,"SANTA BARBARA",UNINCORPORATED,-120.40899,34.945529999999998
90028512,2015,2015-10-19,9760,2015-09-26,1300,019446,,6,1,9,4200,0,1,3,,1,014,"SR-192 E/B","SAN YSIDRO ROAD",0.00,,Y,A,-,Y,,,192,,,,,,E,N,3,0,1,2,A,-,11,21461,,N,G,B,D,A,H,-,A,A,0,Y,,,,Y,,N,60,0,1,0,0,1,0,0,0,0,"- ","- ",34.436950000000003,-119.63206,"SANTA BARBARA",UNINCORPORATED,-119.63205326000001,34.436977980000002
90029804,2015,2015-10-19,9760,2015-09-29,1110,015669,,2,1,9,4200,0,3,5,,2,002,"SAN GORDIANO AVENUE","TURNPIKE ROAD",130.00,W,N,A,-,N,,,,,,,,,,N,4,0,1,2,A,-,09,21804,A,N,D,C,A,A,H,-,A,D,0,,,,,Y,,A,01,0,0,1,0,0,0,0,0,0,"- ","- ",34.439070000000001,-119.78994,"SANTA BARBARA",UNINCORPORATED,-119.78987065,34.439140590000001
90029949,2015,2015-10-19,9760,2015-09-21,1015,019446,,1,1,9,4200,0,1,3,,1,016,"SR-150 W/B","RINCON HILL RD",1056.00,E,N,A,-,Y,,,150,,,,,,W,Y,3,0,1,1,A,-,01,23152,A,N,F,A,A,A,H,-,A,A,0,,,,,Y,Y,A,01,0,1,0,0,0,0,0,0,0,"- ","- ",34.385469999999998,-119.47199999999999,"SANTA BARBARA",UNINCORPORATED,-119.47204123,34.385525229999999
90033603,2015,2015-10-19,9755,2015-10-09,0545,020202,,5,3,9,4200,0,1,2,,2,004,"NB US-101","OLD COAST HWY",528.00,N,N,A,-,Y,,,101,,,,,,,Y,4,0,1,2,A,-,03,22350,,N,C,C,A,A,H,-,D,D,0,,,,,Y,,A,01,0,0,1,0,0,0,0,0,0,"- ","- ",34.549669999999999,-120.19166,"SANTA BARBARA",UNINCORPORATED,-120.19168885000001,34.549677690000003
90033832,2015,2015-10-19,9760,2015-10-06,1705,017662,,2,2,9,4200,0,1,2,,2,010,"US-101 S/B","N. PADARO LANE",6864.00,S,N,A,-,Y,,,101,,,,,,S,Y,3,0,1,3,A,-,03,22350,,N,C,C,A,A,H,-,A,D,0,,,,,Y,,A,01,0,1,0,0,0,0,0,0,0,"- ","- ",34.416240000000002,-119.56213,"SANTA BARBARA",UNINCORPORATED,-119.56213089000001,34.416231140000001
90034025,2015,2015-10-19,9750,2015-10-13,1130,015915,,2,1,9,4200,0,1,2,,2,001,"US 101 S/B","DONOVAN ROAD",1478.00,N,N,A,-,Y,,,,,,,,,,Y,3,0,1,2,A,-,07,21658,A,N,B,C,A,A,H,-,A,D,0,,,,Y,Y,,A,01,0,1,0,0,0,0,0,0,0,"- ","- ",34.971319999999999,-120.42538,"SANTA BARBARA",UNINCORPORATED,-120.42535174,34.97129588
90034095,2015,2015-10-19,9760,2015-10-08,0645,16739,,4,1,9,4200,0,3,5,,2,001,"3300 VIA REAL (POLO CLUB)","NIDEVER RD.",700.00,W,N,A,-,N,,,,,,,,,,Y,3,0,1,1,A,-,01,23152,E,N,E,I,A,A,H,-,B,D,0,,,,,Y,,A,01,0,1,0,0,0,0,0,0,0,"- ","- ",34.417029999999997,-119.56348,"SANTA BARBARA",UNINCORPORATED,-119.56287218999999,34.416680290000002
90034953,2015,2015-10-20,9755,2015-10-08,2250,018514,,4,3,9,4200,0,3,5,,2,040,SR-246,"REFUGIO RD",528.00,E,N,A,-,Y,,,246,,,,,,,Y,3,0,1,2,A,-,09,21804,A,N,D,C,A,A,H,-,C,D,0,,,,,Y,,I,20,0,1,0,0,0,0,0,0,0,"- ","- ",34.602449999999997,-120.16652000000001,"SANTA BARBARA",UNINCORPORATED,-120.16662780999999,34.602212399999999
90035203,2015,2015-10-21,9760,2015-10-09,0807,019831,,5,1,5,4203,0,1,2,,2,020,"US-101 SB (EL CAMINO REAL)",SR-154,874.00,N,N,A,-,Y,,,,,,,,,,N,4,0,1,2,A,-,03,22350,,N,C,C,A,A,H,-,A,D,0,,,,,Y,,A,07,0,0,1,0,0,0,0,0,0,"- ","- ",34.44088,-119.76806999999999,"SANTA BARBARA","SANTA BARBARA",-120.15876572000001,34.690136580000001
90035574,2015,2015-10-21,9750,2015-10-17,1630,017267,,6,2,9,4200,0,2,4,,1,024,"UNION VALLEY PARKWAY","BRADLEY ROAD",0.00,,Y,A,-,N,,,,,,,,,,Y,3,0,2,2,A,-,12,21453,A,N,D,C,A,A,H,-,A,A,0,,,,,Y,,A,01,0,1,1,0,0,0,0,0,0,"- ","- ",34.87932,-120.41858999999999,"SANTA BARBARA",UNINCORPORATED,-120.41869994,34.879360030000001
90036319,2015,2015-10-22,9760,2015-10-15,1550,017097,,4,2,5,4203,0,1,2,,2,011,"US-101 S/B","CABRILLO BLVD",2640.00,N,N,B,-,Y,,,101,,,,,,S,N,4,0,1,3,A,-,04,21703,,N,C,C,A,A,H,-,A,D,0,,,,,Y,,A,07,0,0,1,0,0,0,0,0,0,"- ","- ",34.422249999999998,-119.66251,"SANTA BARBARA","SANTA BARBARA",-119.66251047999999,34.422251709999998
90038201,2015,2015-10-26,9755,2015-10-26,0800,015973,,1,1,9,4200,0,1,3,,1,051,"SR-1 N/B","US-101 N/B",51216.00,N,N,A,-,Y,,,1,,,,,,N,Y,4,0,1,1,A,-,08,22107,,N,E,I,A,A,H,-,A,D,0,,,,,Y,,A,01,0,0,1,0,0,0,0,0,0,"- ","- ",34.538849999999996,-120.35293,"SANTA BARBARA",UNINCORPORATED,-120.35299861999999,34.538812909999997
90038258,2015,2015-10-26,9750,2015-10-21,1740,012697,,3,2,9,4200,0,1,3,,1,011,"SR-166 (W. MAIN STREET)","BLACK ROAD",2281.00,W,N,A,-,Y,,,166,,,,,,,Y,4,0,3,2,A,-,09,21804,A,N,B,C,A,A,H,-,A,D,0,,,,,Y,,A,01,0,0,3,0,0,0,0,0,0,"- ","- ",34.955880000000001,-120.49615,"SANTA BARBARA",UNINCORPORATED,-120.49615310999999,34.955833249999998
90038266,2015,2016-01-29,9755,2015-10-18,2145,017967,,7,2,2,4212,0,1,2,,2,004,"US-101 S/B","SANTA ROSA RD",1584.00,N,N,A,-,Y,,,101,,,,,,S,Y,3,0,2,3,A,-,08,22107,,M,C,C,A,A,G,-,C,D,0,,,,Y,Y,,A,01,0,1,1,0,0,0,0,0,0,"- ","- ",34.609499999999997,-120.19065000000001,"SANTA BARBARA",BUELLTON,-120.19079206000001,34.609525580000003
90040718,2015,2015-10-29,9760,2015-10-22,1600,017097,,4,2,5,4203,0,1,2,,2,020,"US-101 N/B","LAS POSITAS RD",1056.00,N,N,A,-,Y,,,101,,,,,,N,N,3,0,1,2,A,-,03,22350,,N,C,C,A,A,H,-,A,D,0,,,,,Y,,A,01,0,1,0,0,0,0,0,0,0,"- ","- ",34.42877,-119.73871,"SANTA BARBARA","SANTA BARBARA",-119.73872086,34.428733360000003
90041225,2015,2015-10-29,9750,2015-10-17,0228,015916,,6,3,5,4204,0,1,2,,2,001,"US-101 S/B TO BROADWAY ST.","BROADWAY STREET",400.00,N,N,A,-,Y,,,101,,,,R,,S,Y,4,0,1,1,A,-,08,22107,,N,E,I,A,A,H,-,D,D,0,,,,,Y,,A,07,0,0,1,0,0,0,0,0,0,"- ","- ",34.981270000000002,-120.4328,"SANTA BARBARA","SANTA MARIA",-120.4328,34.981270000000002
90041306,2015,2015-10-29,9750,2015-10-04,0940,014753,,7,1,9,4200,0,3,5,,2,030,"SANTA MARIA MESA ROAD","TEPUSQUET ROAD",245.00,W,N,C,-,N,,,,,,,,,,Y,1,1,1,2,A,-,03,22350,,N,A,C,A,B,H,-,A,D,0,,,,,Y,,A,01,0,0,1,0,0,0,0,0,0,"- ","- ",34.865839999999999,-120.25230000000001,"SANTA BARBARA",UNINCORPORATED,-120.25183398999999,34.866208100000001
90042672,2015,2015-11-02,9760,2015-10-21,1715,019446,,3,2,9,4200,0,2,4,,1,021,"HOLLISTER AVE","ARBOLEDA RD",0.00,,Y,A,-,N,,,,,,,,,,Y,4,0,1,2,A,-,06,21755,,N,D,C,A,A,H,-,A,A,0,,,,,Y,,A,01,0,0,1,0,0,0,0,0,0,"- ","- ",34.439700000000002,-119.77235,"SANTA BARBARA",UNINCORPORATED,-119.77229991,34.439730079999997
90042853,2015,2015-11-02,9750,2015-10-24,2228,019656,,6,3,9,4200,0,2,4,,1,024,"ORCUTT ROAD","FOSTER ROAD",0.00,,Y,A,-,Y,,,,,,,,,,Y,4,0,1,2,A,-,12,22450,A,M,D,C,A,A,H,-,C,A,0,,,,,Y,,D,22,0,0,1,0,0,0,0,0,0,"- ","- ",34.883040000000001,-120.43608,"SANTA BARBARA",UNINCORPORATED,-120.43615991999999,34.883060049999997
90042930,2015,2015-11-02,9760,2015-10-24,0630,018483,,6,1,9,4200,0,1,2,,1,040,"US-101 S/B","REFUGIO ROAD U/C",5000.00,N,N,A,-,Y,,,101,,,,,,S,Y,3,0,1,1,A,-,08,22107,,N,F,A,A,A,H,-,C,D,0,,,,,Y,,A,01,0,1,0,0,0,0,0,0,0,"- ","- ",34.461460000000002,-120.08275999999999,"SANTA BARBARA",UNINCORPORATED,-120.08275865,34.46149535
90042962,2015,2015-11-02,9750,2015-10-29,0620,013267,,4,1,9,4200,0,1,3,,1,011,"SR-166 (W. MAIN STREET)","BLACK ROAD",0.00,,Y,A,-,Y,,,166,,,,,,,Y,4,0,1,2,A,-,09,21802,A,N,D,C,A,A,H,-,C,A,0,,,,,Y,,A,07,0,0,1,0,0,0,0,0,0,"- ","- ",34.955280000000002,-120.48939,"SANTA BARBARA",UNINCORPORATED,-120.48938569000001,34.955339189999997
9004326,2019,2020-09-14,4204,2019-11-02,1537,90364,034,6,5,5,4204,0,0,0,,0,002,"MAIN ST","RT 101",65.00,E,N,A,-,Y,SB,5,135,-,-,15.740,H,-,N,N,4,0,1,2,A,-,03,22350,,N,C,C,A,A,H,-,A,A,0,,,,,Y,,A,01,0,0,1,0,0,0,0,0,0,"- ","- ",34.953109741210938,-120.41638946533203,"SANTA BARBARA","SANTA MARIA",-120.43580627441406,34.952613830566406