CASE_ID,ACCIDENT_YEAR,PROC_DATE,JURIS,COLLISION_DATE,COLLISION_TIME,OFFICER_ID,REPORTING_DISTRICT,DAY_OF_WEEK,CHP_SHIFT,POPULATION,CNTY_CITY_LOC,SPECIAL_COND,BEAT_TYPE,CHP_BEAT_TYPE,CITY_DIVISION_LAPD,CHP_BEAT_CLASS,BEAT_NUMBER,PRIMARY_RD,SECONDARY_RD,DISTANCE,DIRECTION,INTERSECTION,WEATHER_1,WEATHER_2,STATE_HWY_IND,CALTRANS_COUNTY,CALTRANS_DISTRICT,STATE_ROUTE,ROUTE_SUFFIX,POSTMILE_PREFIX,POSTMILE,LOCATION_TYPE,RAMP_INTERSECTION,SIDE_OF_HWY,TOW_AWAY,COLLISION_SEVERITY,NUMBER_KILLED,NUMBER_INJURED,PARTY_COUNT,PRIMARY_COLL_FACTOR,PCF_CODE_OF_VIOL,PCF_VIOL_CATEGORY,PCF_VIOLATION,PCF_VIOL_SUBSECTION,HIT_AND_RUN,TYPE_OF_COLLISION,MVIW,PED_ACTION,ROAD_SURFACE,ROAD_COND_1,ROAD_COND_2,LIGHTING,CONTROL_DEVICE,CHP_ROAD_TYPE,PEDESTRIAN_ACCIDENT,BICYCLE_ACCIDENT,MOTORCYCLE_ACCIDENT,TRUCK_ACCIDENT,NOT_PRIVATE_PROPERTY,ALCOHOL_INVOLVED,STWD_VEHTYPE_AT_FAULT,CHP_VEHTYPE_AT_FAULT,COUNT_SEVERE_INJ,COUNT_VISIBLE_INJ,COUNT_COMPLAINT_PAIN,COUNT_PED_KILLED,COUNT_PED_INJURED,COUNT_BICYCLIST_KILLED,COUNT_BICYCLIST_INJURED,COUNT_MC_KILLED,COUNT_MC_INJURED,PRIMARY_RAMP,SECONDARY_RAMP,LATITUDE,LONGITUDE,COUNTY,CITY,POINT_X,POINT_Y
90519673,2017,2017-08-09,9760,2017-07-28,1700,021300,,5,2,5,4203,0,1,2,,2,011,"US-101 S/B","ARRELLAGA ST",260.00,S,N,A,-,Y,,,101,,,,,,S,Y,4,0,3,3,A,-,03,22350,,N,C,C,A,A,H,-,A,D,0,,,,,Y,,A,01,0,0,3,0,0,0,0,0,0,"- ","- ",34.421080000000003,-119.71442,"SANTA BARBARA","SANTA BARBARA",-119.71441124,34.421091779999998
90520624,2017,2017-08-10,9750,2017-08-10,0815,016874,,4,1,9,4200,0,3,5,,2,020,"BERRYWOOD DRIVE","STRATFORD STREET",168.00,N,N,B,-,N,,,,,,,,,,Y,4,0,1,2,A,-,08,22107,,N,C,E,A,A,H,-,A,D,0,,,,,Y,,D,22,0,0,1,0,0,0,0,0,0,"- ","- ",34.885829999999999,-120.42353,"SANTA BARBARA",UNINCORPORATED,-120.42354322,34.885891409999999
90521518,2017,2017-08-11,9760,2017-08-10,0820,020495,,4,1,4,4214,0,1,2,,2,020,"US-101 NORTHBOUND (EL CAMINO REAL)","PATTERSON AVENUE",1450.00,S,N,A,-,Y,,,101,,,,,,N,Y,4,0,1,3,A,-,03,22350,,N,C,C,A,A,H,-,A,D,0,,,,,Y,,A,01,0,0,1,0,0,0,0,0,0,"- ","- ",34.441670000000002,-119.80355,"SANTA BARBARA",GOLETA,-119.80355144000001,34.441604069999997
90521541,2017,2017-08-11,9760,2017-08-07,0650,018418,,1,1,3,4205,0,1,2,,2,010,"U.S. 101 N/B",SR-150,1200.00,S,N,A,-,Y,,,,,,,,,,Y,4,0,1,2,A,-,03,22350,,N,C,C,A,A,H,-,A,D,0,,,,,Y,,A,07,0,0,1,0,0,0,0,0,0,"- ","- ",34.380459999999999,-119.48178,"SANTA BARBARA",CARPINTERIA,-119.48220945,34.381183319999998
90523671,2017,2017-08-15,9760,2017-08-06,1400,020964,,7,2,9,4200,0,1,3,,1,022,"STATE ROUTE 154 (SAN MARCOS PASS ROAD)","PAINTED CAVE RD",5280.00,E,N,A,-,Y,,,154,,,,,,,Y,2,0,2,1,A,-,01,23152,A,N,E,I,A,A,H,-,A,D,0,,,,,Y,Y,D,22,2,0,0,0,0,0,0,0,0,"- ","- ",34.489490000000004,-119.78207999999999,"SANTA BARBARA",UNINCORPORATED,-119.78205122,34.489514919999998
90526337,2017,2017-08-18,9760,2017-08-11,1507,020965,,5,2,3,4205,0,1,2,,2,010,"US-101 N/B","SANTA YNEZ AVE",451.00,S,N,A,-,Y,,,101,,,,,,N,N,4,0,2,2,A,-,03,22350,,N,C,C,A,A,H,-,A,D,0,,,,,Y,,D,22,0,0,2,0,0,0,0,0,0,"- ","- ",34.403030000000001,-119.52507,"SANTA BARBARA",CARPINTERIA,-119.52505768,34.403095010000001
90526499,2017,2017-08-18,9760,2017-08-16,0845,020495,,3,1,9,4200,0,3,5,,2,002,"HOLLISTER AVENUE","MAGNA VISTA STREET",0.00,,Y,A,-,N,,,,,,,,,,N,4,0,1,2,A,-,03,22350,,N,C,C,A,A,H,-,A,D,0,,,,,Y,,A,01,0,0,1,0,0,0,0,0,0,"- ","- ",34.437179999999998,-119.7877,"SANTA BARBARA",UNINCORPORATED,-119.78677989000001,34.437140020000001
9052654,2020,2021-03-05,4203,2020-02-01,0338,24079,34,6,5,5,4203,0,0,0,,0,004,"MISSION ST","BATH ST",0.00,,Y,A,-,N,,,,,,,,,,Y,3,0,1,1,A,-,03,22350,,N,H,A,A,A,H,-,D,A,0,,,Y,,Y,,C,02,0,1,0,0,0,0,0,0,1,"- ","- ",,,"SANTA BARBARA","SANTA BARBARA",-119.71795654296875,34.427608489990234
90527365,2017,2017-08-21,9750,2017-07-28,2158,020510,,5,2,9,4200,0,2,4,,1,024,"BRADLEY RD","FOSTER RD",0.00,,Y,A,-,N,,,,,,,,,,Y,3,0,2,2,A,-,12,21453,A,N,D,C,A,A,H,-,C,A,0,,,,,Y,,D,22,0,1,1,0,0,0,0,0,0,"- ","- ",34.88317,-120.41858999999999,"SANTA BARBARA",UNINCORPORATED,-120.41867988,34.883110010000003
90527392,2017,2017-08-21,9760,2017-08-12,1647,021018,,6,2,9,4200,0,3,5,,2,001,"N JAMESON LANE","SHEFFIELD DRIVE",0.00,,Y,A,-,Y,,,,,,,,,,Y,3,0,3,2,A,-,09,21801,A,N,A,C,A,A,H,-,A,D,0,,,,,Y,,A,07,0,1,2,0,0,0,0,0,0,"- ","- ",34.422379999999997,-119.61418999999999,"SANTA BARBARA",UNINCORPORATED,-119.61249995999999,34.422300100000001
90530362,2017,2017-08-24,9760,2017-08-18,0710,019464,,5,1,9,4200,0,1,2,,1,030,"US-101 SOUTHBOUND","DOS PUEBLOS CANYON RD. U/C",990.00,S,N,A,-,Y,,,101,,,,,,S,Y,4,0,1,1,A,-,08,22107,,N,F,A,A,A,H,-,A,D,0,,,,,Y,,A,01,0,0,1,0,0,0,0,0,0,"- ","- ",34.445900000000002,-119.95701,"SANTA BARBARA",UNINCORPORATED,-119.95713919000001,34.445727380000001
90535917,2017,2017-08-29,9760,2017-08-20,1120,020495,,7,1,9,4200,0,1,2,,2,010,"US-101 SOUTHBOUND (EL CAMINO REAL)","S. PADARO LANE",500.00,N,N,A,-,Y,,,101,,,,,,S,N,4,0,5,3,A,-,03,22350,,N,C,C,A,A,H,-,A,D,0,,,,,Y,,D,22,0,0,5,0,0,0,0,0,0,"- ","- ",34.411090000000002,-119.55355,"SANTA BARBARA",UNINCORPORATED,-119.55355177,34.411087539999997
90536042,2017,2017-08-29,9755,2017-08-24,1835,021011,,4,2,9,4200,0,1,3,,1,042,"RT 154","LIVE OAK RD",870.00,W,N,A,-,N,,,154,,,,,,,Y,3,0,1,2,A,-,01,23152,A,N,C,C,A,A,H,-,B,D,0,,,,,Y,Y,A,07,0,1,0,0,0,0,0,0,0,"- ","- ",34.54589,-119.88082,"SANTA BARBARA",UNINCORPORATED,-119.88080936999999,34.545927040000002
90537482,2017,2017-08-30,9755,2017-08-28,0825,013618,,1,1,9,4200,0,1,3,,1,055,"RT 1","CONSTELLATION ROAD",0.00,,N,B,-,Y,,,1,,,,,,,Y,4,0,1,1,A,-,17,21711,,N,F,A,A,A,H,-,A,D,0,,,,,Y,,B,01,0,0,1,0,0,0,0,0,0,"- ","- ",34.695430000000002,-120.46135,"SANTA BARBARA",UNINCORPORATED,-120.46134021,34.695454259999998
9053805,2020,2021-03-05,4203,2020-02-29,0914,24576,32,6,5,5,4203,0,0,0,,0,004,"W CARRILLO ST","CASTILLO ST",21.00,E,N,A,-,N,,,,,,,,,,Y,2,0,1,2,A,-,10,21950,A,F,G,B,B,A,H,-,A,A,0,Y,,,,Y,,D,22,1,0,0,0,1,0,0,0,0,"- ","- ",34.417320251464844,-119.70638275146484,"SANTA BARBARA","SANTA BARBARA",-119.70630645751953,34.417304992675781
90539976,2017,2017-09-05,9760,2017-08-26,1240,16739,,6,1,9,4200,0,1,2,,2,010,"US-101 N/B (EL CAMINO REAL)","SAN YSIDRO RD.",3168.00,S,N,A,-,Y,,,101,,,,,,N,Y,4,0,3,3,A,-,03,22350,,N,C,C,A,A,H,-,A,D,0,,,,,Y,,A,01,0,0,3,0,0,0,0,0,0,"- ","- ",34.420990000000003,-119.62175999999999,"SANTA BARBARA",UNINCORPORATED,-119.62176309,34.421025890000003
90541120,2017,2017-09-05,9760,2017-08-27,2100,020483,,7,2,9,4200,0,3,5,,2,002,"PATTERSON AVE.","CALLE REAL",0.00,,Y,A,-,N,,,,,,,,,,Y,4,0,1,2,A,-,12,21453,A,N,D,C,A,A,H,-,C,A,0,,,,,Y,,D,22,0,0,1,0,0,0,0,0,0,"- ","- ",34.4437,-119.8082,"SANTA BARBARA",UNINCORPORATED,-119.80817,34.443630059999997
90541612,2017,2017-09-06,9760,2017-08-29,0755,020765,,2,1,4,4214,0,1,2,,2,020,"US-101 SOUTHBOUND","STORKE ROAD",2800.00,S,N,A,-,Y,,,101,,,,,,S,N,4,0,1,2,A,-,03,22350,,N,C,C,A,A,H,-,A,D,0,,,,,Y,,D,22,0,0,1,0,0,0,0,0,0,"- ","- ",34.436079999999997,-119.86149,"SANTA BARBARA",GOLETA,-119.86149125999999,34.43608562
90541774,2017,2017-09-06,9760,2017-08-29,0802,020211,,2,1,9,4200,0,3,5,,2,001,"NORTH JAMESON LANE","SANTA ISABEL LN.",180.00,W,N,A,-,N,,,,,,,,,,N,3,0,2,2,A,-,08,22107,,N,B,G,A,A,H,-,A,D,0,,Y,Y,,Y,,L,04,0,2,0,0,0,0,1,0,1,"- ","- ",34.422130000000003,-119.63817,"SANTA BARBARA",UNINCORPORATED,-119.63805984,34.422174230000003
90541856,2017,2017-09-06,9760,2017-08-27,0935,020765,,7,1,9,4200,0,1,2,,2,010,"US-101 SOUTHBOUND","TORO CANYON ROAD",1498.00,S,N,A,-,Y,,,101,,,,,,S,Y,3,0,1,1,A,-,08,22107,,N,E,I,A,A,H,-,A,D,0,,,,Y,Y,,F,26,0,1,0,0,0,0,0,0,0,"- ","- ",34.416110000000003,-119.57011,"SANTA BARBARA",UNINCORPORATED,-119.57012288,34.416198440000002
90542133,2017,2017-09-06,9755,2017-09-01,1530,017374,,5,2,9,4200,0,1,3,,1,055,SR-1,"SANTA LUCIA CANYON RD",20.00,S,N,A,-,Y,,,1,,,,,,,Y,2,0,2,3,A,-,09,21801,A,N,A,C,A,A,H,-,A,A,0,,,,,Y,,A,01,1,1,0,0,0,0,0,0,0,"- ","- ",34.713070000000002,-120.48900999999999,"SANTA BARBARA",UNINCORPORATED,-120.4889939,34.713074679999998
90543095,2017,2017-09-07,9760,2017-08-31,1740,018431,,4,2,9,4200,0,1,2,,2,010,"US-101 S/B","SHEFFIELD DR.",600.00,N,N,A,-,Y,,,101,,,,,,S,N,4,0,2,2,A,-,03,22350,,N,C,C,A,A,H,-,A,D,0,,,,,Y,,A,01,0,0,2,0,0,0,0,0,0,"- ","- ",34.421390000000002,-119.61606,"SANTA BARBARA",UNINCORPORATED,-119.61606159,34.42145068
90544591,2017,2017-09-11,9750,2017-09-03,0630,014753,,7,1,5,4204,0,1,2,,2,001,"US-101 SOUTHBOUND","BETTERAVIA ROAD",2640.00,S,N,B,-,Y,,,101,,,,,,S,Y,3,0,1,2,A,-,08,22107,,N,C,C,A,A,H,-,A,D,0,,,,Y,Y,,A,07,0,1,0,0,0,0,0,0,0,"- ","- ",34.916170000000001,-120.41819,"SANTA BARBARA","SANTA MARIA",-120.41808270999999,34.916168839999997
90545120,2017,2017-09-11,9755,2017-09-09,1848,021125,,6,2,9,4200,0,1,3,,1,051,"SR-1 N/B","ALAMO CREEK ROAD",6864.00,S,N,A,-,Y,,,1,,,,,,N,Y,3,0,1,1,C,-,18,,,N,E,H,A,A,H,-,A,D,0,,,Y,,Y,,-,"- ",0,1,0,0,0,0,0,0,1,"- ","- ",34.538550000000001,-120.35279,"SANTA BARBARA",UNINCORPORATED,-120.35283034,34.538523859999998
90546203,2017,2017-09-12,9760,2017-09-05,1510,019464,,2,2,9,4200,0,1,2,,1,040,"US-101 NORTHBOUND","REFUGIO ROAD U/C",5280.00,N,N,A,-,Y,,,101,,,,,,N,Y,3,0,1,1,A,-,08,22107,,N,E,I,A,A,H,-,A,D,0,,,,,Y,,A,01,0,1,0,0,0,0,0,0,0,"- ","- ",34.461880000000001,-120.0844,"SANTA BARBARA",UNINCORPORATED,-120.08439897,34.461807380000003
90546586,2017,2017-09-13,9755,2017-09-03,0145,018514,,7,3,9,4200,0,1,2,,2,004,"US 101 S/B",SR-154,2640.00,S,N,A,-,Y,,,,,,,,,,Y,2,0,1,1,A,-,08,22107,,N,F,A,A,A,H,-,D,D,0,,,Y,,Y,,C,02,1,0,0,0,0,0,0,0,1,"- ","- ",34.669179999999997,-120.16928,"SANTA BARBARA",UNINCORPORATED,-120.15723145,34.680779350000002
90549671,2017,2017-09-18,9750,2017-09-07,0553,017709,,4,3,9,4200,0,1,3,,1,011,"SR-166 W/B","RAY RD",276.00,E,N,A,-,Y,,,166,,,,,,W,Y,4,0,1,2,A,-,03,22350,,N,C,C,A,A,H,-,D,D,0,,,,,Y,,A,07,0,0,1,0,0,0,0,0,0,"- ","- ",34.956290000000003,-120.50176999999999,"SANTA BARBARA",UNINCORPORATED,-120.50177303,34.95625141
90552689,2017,2017-09-21,9760,2017-09-11,1744,020965,,1,2,9,4200,0,3,5,,2,001,"CHANNEL DR","BUTTERFLY LN",100.00,E,N,A,-,N,,,,,,,,,,N,3,0,1,1,A,-,08,22107,,N,E,I,A,D,H,-,A,D,0,,Y,,,Y,,L,04,0,1,0,0,0,0,1,0,0,"- ","- ",34.417549999999999,-119.64717,"SANTA BARBARA",UNINCORPORATED,-119.64713297999999,34.417660259999998
90554456,2017,2017-09-25,9750,2017-09-16,1730,017910,,6,2,9,4200,0,3,5,,2,030,"FOXEN CANYON RD","TEPUSQUET RD",21648.00,E,N,A,-,N,,,,,,,,,,N,3,0,1,1,A,-,03,22350,,N,F,A,A,A,H,-,A,D,0,,,Y,,Y,,C,02,0,1,0,0,0,0,0,0,1,"- ","- ",34.815489999999997,-120.21862,"SANTA BARBARA",UNINCORPORATED,-120.21769648999999,34.815242650000002
90555045,2017,2017-09-25,9760,2017-09-15,1730,020965,,5,2,9,4200,0,2,4,,1,021,"HOLLISTER AVE","NOGAL DR",39.00,E,N,A,-,N,,,,,,,,,,N,3,0,1,2,A,-,08,22107,,N,H,G,A,A,H,-,A,D,0,,Y,,,Y,,A,01,0,1,0,0,0,0,1,0,0,"- ","- ",34.440109999999997,-119.77074,"SANTA BARBARA",UNINCORPORATED,-119.77085414,34.440034359999999
90555439,2017,2017-09-25,9760,2017-09-14,1510,019464,,4,2,9,4200,0,2,4,,1,021,"HOLLISTER AVENUE WESTBOUND","PUENTE DRIVE",790.00,W,N,A,-,N,,,,,,,,,,N,3,0,1,2,A,-,10,21952,,N,G,B,E,A,H,-,A,A,0,Y,,,,Y,,A,01,0,1,0,0,1,0,0,0,0,"- ","- ",34.437550000000002,-119.78538,"SANTA BARBARA",UNINCORPORATED,-119.78629650000001,34.437224829999998
90556206,2017,2017-09-26,9755,2017-09-21,0750,016058,,4,1,9,4200,0,1,3,,1,051,SR-246,"TULAROSA RD",1750.00,E,N,A,-,Y,,,246,,,,,,,Y,4,0,1,3,A,-,03,22350,,N,C,C,A,A,H,-,A,D,0,,,,,Y,,A,07,0,0,1,0,0,0,0,0,0,"- ","- ",34.664349999999999,-120.364,"SANTA BARBARA",UNINCORPORATED,-120.36399745,34.664600120000003
90556305,2017,2017-09-26,9755,2017-09-22,0810,016058,,5,1,9,4200,0,1,3,,1,053,SR-246,"MAIL ROAD",1584.00,E,N,A,-,Y,,,246,,,,,,,Y,4,0,1,2,A,-,03,22350,,N,C,C,A,A,D,-,A,D,0,,,,,Y,,A,07,0,0,1,0,0,0,0,0,0,"- ","- ",34.629750000000001,-120.28249,"SANTA BARBARA",UNINCORPORATED,-120.28242426,34.629975260000002
90556617,2017,2017-09-27,9760,2017-09-21,0810,019446,,4,1,9,4200,0,1,2,,2,010,"US-101 N/B","EVANS AVE",3696.00,S,N,A,-,Y,,,101,,,,,,N,N,4,0,1,2,A,-,03,22350,,N,C,C,A,A,H,-,A,A,0,,,,,Y,,A,07,0,0,1,0,0,0,0,0,0,"- ","- ",34.417850000000001,-119.58916000000001,"SANTA BARBARA",UNINCORPORATED,-119.58916474999999,34.417834540000001
90556618,2017,2017-09-27,9760,2017-09-17,1335,020964,,7,1,9,4200,0,1,3,,1,022,SR-154,"SAN ANTONIO CREEK ROAD",2112.00,E,N,A,-,Y,,,154,,,,,,,Y,3,0,1,2,A,-,03,22350,,N,C,C,A,A,H,-,A,D,0,,,Y,,Y,,C,02,0,1,0,0,0,0,0,0,1,"- ","- ",34.46546,-119.77157,"SANTA BARBARA",UNINCORPORATED,-119.77153635000001,34.465461640000001
90558091,2017,2017-09-28,9760,2017-09-21,1645,018431,,4,2,5,4203,0,1,2,,2,011,"US-101 S/B","MISSION ST.",2100.00,S,N,A,-,Y,,,101,,,,,,S,N,4,0,2,2,A,-,03,22350,,N,C,C,A,A,H,-,A,D,0,,,,,Y,,A,01,0,0,2,0,0,0,0,0,0,"- ","- ",34.42145,-119.71501000000001,"SANTA BARBARA","SANTA BARBARA",-119.71496815,34.421506229999999
90558382,2017,2017-09-28,9760,2017-09-19,1720,019464,,2,2,4,4214,0,1,2,,1,030,"US-101 SOUTHBOUND","LOS CARNEROS ROAD O/C",2640.00,S,N,A,-,Y,,,101,,,,,,S,Y,4,0,1,2,A,-,03,22350,,N,C,C,A,A,H,-,A,D,0,,,,,Y,,D,22,0,0,1,0,0,0,0,0,0,"- ","- ",34.438450000000003,-119.84350999999999,"SANTA BARBARA",GOLETA,-119.84349953,34.438368349999998
90560870,2017,2017-10-02,9760,2017-09-26,1655,019464,,2,2,5,4203,0,1,2,,2,011,"US-101 SOUTHBOUND TO MILPAS STREET","MILPAS STREET",600.00,N,N,A,-,Y,,,101,,,,R,,S,Y,4,0,1,2,A,-,03,22350,,N,C,C,A,A,H,-,A,A,0,,,,,Y,,A,01,0,0,1,0,0,0,0,0,0,"- ","- ",34.420200000000001,-119.67962,"SANTA BARBARA","SANTA BARBARA",-119.67962,34.420200000000001
90561594,2017,2017-10-03,9760,2017-09-22,1805,020965,,5,2,5,4203,0,1,2,,2,011,"US-101 S/B","CABRILLO BLVD",1300.00,N,N,A,-,Y,,,101,,,,,,S,N,4,0,1,2,A,-,03,22350,,F,C,C,A,A,H,-,A,D,0,,,,,Y,,A,07,0,0,1,0,0,0,0,0,0,"- ","- ",34.423029999999997,-119.65867,"SANTA BARBARA","SANTA BARBARA",-119.65866655000001,34.42298151
90562285,2017,2017-10-03,9750,2017-09-22,2005,016542,,5,2,9,4200,0,1,2,,2,003,"US 101 S/B","PALMER ROAD",891.00,S,N,A,-,Y,,,,,,,,,,Y,3,0,1,1,A,-,01,23152,A,N,F,A,A,A,H,-,D,D,0,,,,,Y,Y,A,01,0,1,0,0,0,0,0,0,0,"- ","- ",34.790480000000002,-120.33053,"SANTA BARBARA",UNINCORPORATED,-120.33055001,34.790272700000003
90562799,2017,2017-10-04,9750,2017-07-17,0625,015915,,1,1,9,4200,0,3,5,,2,010,"BROWN ROAD","BETTERAVIA ROAD",1584.00,W,N,A,-,N,,,,,,,,,,Y,1,1,0,1,A,-,08,22107,,N,F,A,A,A,H,-,A,D,0,,,,,Y,,A,01,0,0,0,0,0,0,0,0,0,"- ","- ",34.934609999999999,-120.55195999999999,"SANTA BARBARA",UNINCORPORATED,-120.55165782,34.93457034
90564000,2017,2017-10-05,9750,2017-09-29,2030,020511,,5,2,9,4200,0,2,4,,1,024,"BRADLEY RD","CLARK AVE",15.00,S,N,A,-,N,,,,,,,,,,N,4,0,1,2,A,-,03,22350,,N,C,C,A,A,H,-,C,A,0,,,,,Y,Y,D,22,0,0,1,0,0,0,0,0,0,"- ","- ",34.86477,-120.41871,"SANTA BARBARA",UNINCORPORATED,-120.41878862999999,34.864978819999997
90564357,2017,2017-10-05,9750,2017-09-30,0815,016542,,6,1,9,4200,0,1,3,,2,061,"SR-166 E/B","ALISO CREEK",21120.00,E,N,A,-,N,,,166,,,,,,E,Y,4,0,1,1,A,-,08,22107,,N,E,I,A,A,H,-,A,D,0,,,,,Y,,A,01,0,0,1,0,0,0,0,0,0,"- ","- ",35.030230000000003,-120.24854999999999,"SANTA BARBARA",UNINCORPORATED,-120.24858571999999,35.030162160000003
90566093,2017,2017-10-09,9760,2017-09-28,1555,021531,,4,2,4,4214,0,1,2,,2,020,"US-101 S/B","PATTRSON AVENUE",900.00,N,N,A,-,Y,,,101,,,,,,S,Y,4,0,1,3,A,-,03,22350,,N,C,C,A,A,H,-,A,D,0,,,,,Y,,A,01,0,0,1,0,0,0,0,0,0,"- ","- ",34.440959999999997,-119.81619000000001,"SANTA BARBARA",GOLETA,-119.81618955,34.44095566
90566301,2017,2017-10-09,9760,2017-09-30,2117,021431,,6,2,5,4203,0,1,2,,2,011,"US-101 NB","MILPAS ST",300.00,S,N,A,-,Y,,,101,,,,,,N,Y,4,0,1,2,A,-,07,21658,A,N,B,C,A,A,H,-,D,D,0,,,,,Y,,D,22,0,0,1,0,0,0,0,0,0,"- ","- ",34.420409999999997,-119.67597000000001,"SANTA BARBARA","SANTA BARBARA",-119.67596988,34.42041176
90566603,2017,2017-10-10,9750,2017-10-05,2052,020510,,4,2,9,4200,0,1,2,,2,001,"US-101 N/B","UNION VALLEY PKY",2957.00,S,N,A,-,Y,,,101,,,,,,N,Y,4,0,1,1,A,-,01,23152,A,N,E,I,A,A,H,-,D,D,0,,,,,Y,Y,A,01,0,0,1,0,0,0,0,0,0,"- ","- ",34.87332,-120.40297,"SANTA BARBARA",UNINCORPORATED,-120.40291114999999,34.873371159999998
90566715,2017,2017-12-26,9750,2017-10-05,0635,017709,,4,1,9,4200,0,3,5,,2,010,"BETTERAVIA RD","BROWN RD",0.00,,Y,A,-,N,,,,,,,,,,Y,2,0,6,2,A,-,09,21802,A,N,D,C,A,A,H,-,B,A,0,,,,,Y,,A,01,1,2,3,0,0,0,0,0,0,"- ","- ",34.935079999999999,-120.54658000000001,"SANTA BARBARA",UNINCORPORATED,-120.54642995,34.935200080000001
90567727,2017,2017-10-11,9760,2017-10-02,1550,020757,,1,2,9,4200,0,1,2,,2,020,"STATE STREET","US-101 TO STATE STREET",0.00,,Y,A,-,Y,,,,,,,,,,Y,4,0,1,2,A,-,12,21453,A,N,D,C,A,A,H,-,A,A,0,,,,,Y,,A,07,0,0,1,0,0,0,0,0,0,"- ","- ",34.440469999999998,-119.96172,"SANTA BARBARA",UNINCORPORATED,,
90568402,2017,2017-10-11,9760,2017-10-04,0805,16739,,3,1,9,4200,0,3,5,,2,001,"ORTEGA HILL RD.","US-101 N/B FROM ORTEGA HILL RD.",0.00,,Y,A,-,Y,,,,,,,,,,Y,4,0,1,2,A,-,09,21801,A,N,D,C,A,A,H,-,A,A,0,,,,,Y,,A,07,0,0,1,0,0,0,0,0,0,"- ","- ",34.421559999999999,-119.60339999999999,"SANTA BARBARA",UNINCORPORATED,,
90568477,2017,2017-10-11,9760,2017-10-04,0620,16739,,3,1,3,4205,0,1,2,,2,010,"US-101 N/B (EL CAMINO REAL)","BAILARD AVE",2112.00,S,N,A,-,Y,,,101,,,,,,N,Y,4,0,2,4,A,-,03,22350,,N,C,C,A,A,H,-,D,D,0,,,,,Y,,D,22,0,0,2,0,0,0,0,0,0,"- ","- ",34.386029999999998,-119.49016,"SANTA BARBARA",CARPINTERIA,-119.49018194999999,34.385960939999997
90571402,2017,2017-10-16,9760,2017-10-06,2024,021300,,5,2,9,4200,0,3,5,,2,005,"CAMINO DEL SUR","TRIGO RD.",0.00,,Y,A,-,N,,,,,,,,,,N,3,0,1,2,D,-,00,,,N,H,G,A,A,H,-,C,A,0,,Y,,,Y,,-,"- ",0,1,0,0,0,0,1,0,0,"- ","- ",34.41113,-119.86262000000001,"SANTA BARBARA",UNINCORPORATED,-119.86258995,34.41115009
90571752,2017,2017-10-18,9755,2017-10-09,0400,020323,,1,3,9,4200,0,1,3,,1,051,SR-1,"JALAMA BEACH RD",1500.00,S,N,A,-,Y,,,1,,,,,,,Y,4,0,1,2,A,-,01,23152,A,N,B,C,A,A,H,-,D,D,0,,,,,Y,Y,A,01,0,0,1,0,0,0,0,0,0,"- ","- ",34.584119999999999,-120.4066,"SANTA BARBARA",UNINCORPORATED,-120.40657295,34.584167149999999
90576097,2017,2017-10-23,9755,2017-10-13,1855,021818,,5,2,9,4200,0,3,5,,2,040,"ALAMO PINTADO RD","BASELINE AVE",1584.00,N,N,A,-,N,,,,,,,,,,N,2,0,1,2,A,-,08,22107,,F,G,B,E,A,H,-,C,D,0,Y,,,,Y,,-,99,1,0,0,0,1,0,0,0,0,"- ","- ",34.639200000000002,-120.1152,"SANTA BARBARA",UNINCORPORATED,-120.11557268,34.640079909999997
90576825,2017,2017-10-24,9760,2017-10-12,1930,021061,,4,2,9,4200,0,1,3,,1,022,"SR-154 E/B","HIDDEN VALLEY RD",231.00,W,N,A,-,Y,,,154,,,,,,E,Y,2,0,1,1,A,-,01,23152,A,N,E,I,A,A,H,-,D,D,0,,,,,Y,Y,A,07,1,0,0,0,0,0,0,0,0,"- ","- ",34.503259999999997,-119.80683000000001,"SANTA BARBARA",UNINCORPORATED,-119.80685124999999,34.503357569999999
90578397,2017,2017-10-25,9750,2017-10-21,0140,018786,,6,3,9,4200,0,1,3,,1,011,"W. MAIN ST.","8TH ST",2112.00,W,N,A,-,N,,,,,,,,,,Y,2,0,1,1,A,-,01,23152,A,N,E,I,A,A,H,-,D,A,0,,,,,Y,Y,A,07,1,0,0,0,0,0,0,0,0,"- ","- ",34.961399999999998,-120.6063,"SANTA BARBARA",UNINCORPORATED,,
90578889,2017,2017-10-26,9760,2017-10-17,0718,014690,,2,1,3,4205,0,1,2,,2,010,"US-101 S/B","CASITAS PASS RD",460.00,N,N,A,-,Y,,,101,,,,,,S,Y,4,0,1,2,D,-,00,,,N,C,C,A,A,D,-,A,D,0,,,,,Y,,-,"- ",0,0,1,0,0,0,0,0,0,"- ","- ",34.397849999999998,-119.51248,"SANTA BARBARA",CARPINTERIA,-119.51246066,34.397863389999998
90581239,2017,2017-10-27,9755,2017-10-26,0730,016058,,4,1,9,4200,0,1,3,,1,053,"SR-246 E/B","SWEENEY RD",528.00,W,N,A,-,Y,,,246,,,,,,E,Y,4,0,2,2,A,-,03,22350,,N,C,C,A,A,H,-,A,D,0,,,,,Y,,A,01,0,0,2,0,0,0,0,0,0,"- ","- ",34.643650000000001,-120.43187,"SANTA BARBARA",UNINCORPORATED,-120.43188072,34.643667559999997
90581588,2017,2017-10-27,9755,2017-10-25,1125,017374,,3,1,9,4200,0,1,3,,1,042,SR-154,"PARADISE RD",1584.00,W,N,A,-,Y,,,154,,,,,,,N,4,0,1,2,A,-,03,22350,,N,C,C,A,A,D,-,A,A,0,,,,,Y,,A,01,0,0,1,0,0,0,0,0,0,"- ","- ",34.535919999999997,-119.86199999999999,"SANTA BARBARA",UNINCORPORATED,-119.86203399999999,34.535890549999998