CASE_ID,ACCIDENT_YEAR,PROC_DATE,JURIS,COLLISION_DATE,COLLISION_TIME,OFFICER_ID,REPORTING_DISTRICT,DAY_OF_WEEK,CHP_SHIFT,POPULATION,CNTY_CITY_LOC,SPECIAL_COND,BEAT_TYPE,CHP_BEAT_TYPE,CITY_DIVISION_LAPD,CHP_BEAT_CLASS,BEAT_NUMBER,PRIMARY_RD,SECONDARY_RD,DISTANCE,DIRECTION,INTERSECTION,WEATHER_1,WEATHER_2,STATE_HWY_IND,CALTRANS_COUNTY,CALTRANS_DISTRICT,STATE_ROUTE,ROUTE_SUFFIX,POSTMILE_PREFIX,POSTMILE,LOCATION_TYPE,RAMP_INTERSECTION,SIDE_OF_HWY,TOW_AWAY,COLLISION_SEVERITY,NUMBER_KILLED,NUMBER_INJURED,PARTY_COUNT,PRIMARY_COLL_FACTOR,PCF_CODE_OF_VIOL,PCF_VIOL_CATEGORY,PCF_VIOLATION,PCF_VIOL_SUBSECTION,HIT_AND_RUN,TYPE_OF_COLLISION,MVIW,PED_ACTION,ROAD_SURFACE,ROAD_COND_1,ROAD_COND_2,LIGHTING,CONTROL_DEVICE,CHP_ROAD_TYPE,PEDESTRIAN_ACCIDENT,BICYCLE_ACCIDENT,MOTORCYCLE_ACCIDENT,TRUCK_ACCIDENT,NOT_PRIVATE_PROPERTY,ALCOHOL_INVOLVED,STWD_VEHTYPE_AT_FAULT,CHP_VEHTYPE_AT_FAULT,COUNT_SEVERE_INJ,COUNT_VISIBLE_INJ,COUNT_COMPLAINT_PAIN,COUNT_PED_KILLED,COUNT_PED_INJURED,COUNT_BICYCLIST_KILLED,COUNT_BICYCLIST_INJURED,COUNT_MC_KILLED,COUNT_MC_INJURED,PRIMARY_RAMP,SECONDARY_RAMP,LATITUDE,LONGITUDE,COUNTY,CITY,POINT_X,POINT_Y
90682610,2018,2018-03-15,9760,2018-03-05,1900,020757,,1,2,5,4203,0,1,2,,2,011,"US-101 NB","CASTILLO ST",170.00,S,N,A,-,Y,,,101,,,,,,N,Y,3,0,1,1,A,-,08,22107,,N,E,I,A,A,H,-,D,D,0,,,,,Y,,A,01,0,1,0,0,0,0,0,0,0,"- ","- ",34.412601470947266,-119.69841766357422,"SANTA BARBARA","SANTA BARBARA",-119.69837188720703,34.412345886230469
90682907,2018,2018-03-15,9750,2018-03-07,1040,016542,,3,1,9,4200,0,1,2,,2,003,"US 101 N/B","TWIN OAKS RD",2112.00,S,N,A,-,Y,,,,,,,,,,Y,4,0,1,1,A,-,08,22107,,N,F,A,A,A,H,-,A,D,0,,,,,Y,,D,22,0,0,1,0,0,0,0,0,0,"- ","- ",34.716648101806641,-120.19419860839844,"SANTA BARBARA",UNINCORPORATED,,
90683117,2018,2018-03-15,9760,2018-03-06,1729,021503,,2,2,5,4203,0,1,2,,2,011,"US-101 N/B","MISSION STREET",528.00,S,N,A,-,Y,,,101,,,,,,N,Y,3,0,2,2,A,-,03,22350,,N,C,C,A,A,H,-,A,D,0,,,,,Y,,A,01,0,2,0,0,0,0,0,0,0,"- ","- ",34.423671722412109,-119.71759033203125,"SANTA BARBARA","SANTA BARBARA",-119.71761322021484,34.423637390136719
90683198,2018,2018-03-15,9750,2018-03-12,0728,017910,,1,1,9,4200,0,1,3,,1,022,"SR-1 S/B","GRACIOSA RD",4224.00,S,N,B,-,Y,,,1,,,,,,S,Y,4,0,1,2,C,-,18,,,N,C,C,A,A,C,-,A,D,0,,,,Y,Y,,-,"- ",0,0,1,0,0,0,0,0,0,"- ","- ",34.800361633300781,-120.44376373291016,"SANTA BARBARA",UNINCORPORATED,-120.44371032714844,34.800338745117188
90684544,2018,2018-03-19,9760,2018-03-07,2020,020765,,3,2,9,4200,0,3,5,,2,002,"CALLE REAL","TURNPIKE ROAD",250.00,W,N,A,-,N,,,,,,,,,,Y,3,0,1,2,A,-,09,21801,A,N,F,A,A,A,H,-,C,D,0,,,Y,,Y,,A,08,0,1,0,0,0,0,0,0,1,"- ","- ",34.443649291992188,-119.79022979736328,"SANTA BARBARA",UNINCORPORATED,-119.79017639160156,34.443740844726562
90684719,2018,2018-03-19,9750,2018-03-14,1437,018009,,3,2,9,4200,0,1,3,,1,011,SR-166,"SIMAS ROAD",4224.00,E,N,B,-,Y,,,166,,,,,,,Y,4,0,1,2,A,-,03,22350,,N,C,C,A,B,H,-,A,D,0,,,,,Y,,A,01,0,0,1,0,0,0,0,0,0,"- ","- ",34.958431243896484,-120.54399108886719,"SANTA BARBARA",UNINCORPORATED,-120.54399108886719,34.958423614501953
90687325,2018,2018-03-22,9760,2018-03-12,1205,019464,,1,1,9,4200,0,3,5,,2,002,"SR-192 (CATHEDRAL OAKS RD) EASTBOUND","PATTERSON AVENUE",150.00,W,N,B,-,Y,,,,,,,,,,N,2,0,1,1,C,-,18,,,N,F,A,A,A,H,-,A,D,0,,Y,,,Y,,-,"- ",1,0,0,0,0,0,1,0,0,"- ","- ",34.452808380126953,-119.80944061279297,"SANTA BARBARA",UNINCORPORATED,,
9068912,2020,2020-10-09,4203,2020-04-16,1759,23768,72,4,5,5,4203,0,0,0,,0,001,"S SALINAS ST","CARPINTERIA ST",146.00,N,N,A,-,N,,,,,,,,,,Y,3,0,1,2,A,-,08,22107,,N,D,E,A,A,H,-,A,D,0,,,,,Y,,A,01,0,1,0,0,0,0,0,0,0,"- ","- ",34.426250457763672,-119.67243957519531,"SANTA BARBARA","SANTA BARBARA",-119.67242431640625,34.426166534423828
90689639,2018,2018-03-26,9760,2018-03-14,1630,020765,,3,2,5,4203,0,1,2,,2,011,"US-101 SOUTHBOUND","CALLE CESAR CHAVEZ",40.00,N,N,A,-,Y,,,101,,,,,,S,Y,3,0,1,2,A,-,08,22107,,N,C,E,A,A,H,-,A,D,0,,,,Y,Y,,F,26,0,1,0,0,0,0,0,0,0,"- ","- ",34.419620513916016,-119.68401336669922,"SANTA BARBARA","SANTA BARBARA",-119.68401336669922,34.419666290283203
90689643,2018,2018-03-26,9750,2018-03-24,1830,020549,,6,2,9,4200,0,3,5,,2,020,"CAT CANYON RD","RT 101",200.00,W,N,A,-,N,,,,,,,,,,N,4,0,1,2,A,-,06,21755,,F,B,C,A,A,H,-,A,B,0,,,,,Y,,D,22,0,0,1,0,0,0,0,0,0,"- ","- ",34.755809783935547,-120.2947998046875,"SANTA BARBARA",UNINCORPORATED,-120.29905700683594,34.760208129882812
90689645,2018,2018-03-26,9755,2018-03-21,1049,016058,,3,1,9,4200,0,1,2,,2,004,"US-101 S/B",SR-1,7920.00,S,N,B,C,Y,,,101,,,,,,S,Y,4,0,1,1,A,-,08,22107,,N,E,I,A,B,H,-,A,D,0,,,,,Y,,A,01,0,0,1,0,0,0,0,0,0,"- ","- ",34.48822021484375,-120.22657012939453,"SANTA BARBARA",UNINCORPORATED,-120.22653198242188,34.488201141357422
90690936,2018,2018-03-27,9760,2018-03-19,1410,020757,,1,2,5,4203,0,1,2,,2,011,"US-101 S/B","CABRILLO BLVD",470.00,N,N,A,-,Y,,,101,,,,,,S,N,4,0,1,1,C,-,18,,,N,E,I,A,A,H,-,A,D,0,,,,,Y,,-,"- ",0,0,1,0,0,0,0,0,0,"- ","- ",34.423000335693359,-119.65734100341797,"SANTA BARBARA","SANTA BARBARA",-119.65734100341797,34.422966003417969
90691836,2018,2018-03-28,9760,2018-03-21,1015,16739,,3,1,9,4200,0,1,2,,1,040,"US-101 S/B (EL CAMINO REAL)","TAJIGUAS LANDFILL",420.00,S,N,B,C,Y,,,101,,,,,,S,Y,4,0,1,1,A,-,08,22107,,N,F,A,A,B,F,-,A,D,0,,,,,Y,,A,01,0,0,1,0,0,0,0,0,0,"- ","- ",34.472751617431641,-120.12763214111328,"SANTA BARBARA",UNINCORPORATED,-120.12763977050781,34.472663879394531
90696441,2018,2018-04-02,9760,2018-03-25,1010,020029,,7,1,9,4200,0,1,2,,1,040,"US-101 N/B","EL CAPITAN STATE BEACH RD",2000.00,N,N,A,-,Y,,,101,,,,,,N,Y,4,0,1,1,A,-,08,22107,,N,E,I,A,A,H,-,A,D,0,,,,,Y,,D,22,0,0,1,0,0,0,0,0,0,"- ","- ",34.463981628417969,-120.03146362304688,"SANTA BARBARA",UNINCORPORATED,-120.03146362304688,34.463970184326172
90696464,2018,2018-04-02,9760,2018-03-27,1615,020908,,2,2,5,4203,0,1,2,,2,011,"US 101 NORTH (EL CAMINO REAL)","MICHELTORENA ST",600.00,S,N,A,-,Y,,,,,,,,,,N,4,0,2,2,A,-,03,22350,,N,C,C,A,A,H,-,A,D,0,,,,,Y,,A,01,0,0,2,0,0,0,0,0,0,"- ","- ",34.419101715087891,-119.71125793457031,"SANTA BARBARA","SANTA BARBARA",-119.71239471435547,34.419845581054688
90696487,2018,2018-04-02,9760,2018-03-27,1630,020908,,2,2,5,4203,0,1,2,,2,011,"US 101 SOUTH (EL CAMINO REAL)","GARDEN ST",500.00,S,N,A,-,Y,,,,,,,,,,Y,4,0,1,2,A,-,03,22350,,N,C,C,A,A,H,-,A,D,0,,,,,Y,,D,22,0,0,1,0,0,0,0,0,0,"- ","- ",34.419551849365234,-119.68486785888672,"SANTA BARBARA","SANTA BARBARA",-119.69073486328125,34.417217254638672
90698245,2018,2018-04-04,9760,2018-03-29,1715,020757,,4,2,5,4203,0,1,2,,2,011,"US-101 S/B","JUNIPERO STREET O/C",300.00,S,N,A,-,Y,,,101,,,,,,S,Y,4,0,1,1,A,-,08,22107,,N,E,I,A,A,H,-,A,D,0,,,,,Y,,A,07,0,0,1,0,0,0,0,0,0,"- ","- ",34.426750183105469,-119.72757720947266,"SANTA BARBARA","SANTA BARBARA",-119.72756958007812,34.426845550537109
90699868,2018,2018-04-05,9750,2018-03-31,1645,020549,,6,2,5,4204,0,1,2,,2,001,"US-101 N/B","MAIN STREET",1500.00,N,N,B,-,Y,,,101,,,,,,N,Y,2,0,1,1,A,-,08,22107,,N,E,I,A,A,H,-,A,D,0,,,,,Y,,D,22,1,0,0,0,0,0,0,0,0,"- ","- ",34.957080841064453,-120.41732025146484,"SANTA BARBARA","SANTA MARIA",-120.41736602783203,34.957069396972656
90700339,2018,2018-04-06,9750,2018-04-04,2019,017884,,3,2,9,4200,0,1,3,,1,011,"SR-166 W/B","BLACK ROAD",528.00,W,N,A,-,Y,,,166,,,,,,W,Y,4,0,1,1,A,-,01,23152,A,N,F,A,A,A,H,-,D,D,0,,,,,Y,Y,A,07,0,0,1,0,0,0,0,0,0,"- ","- ",34.955570220947266,-120.4915771484375,"SANTA BARBARA",UNINCORPORATED,-120.49158477783203,34.955474853515625
9070058,2020,2020-08-31,4203,2020-04-13,1702,2520,,1,5,5,4203,0,0,0,,0,002,"MILPAS ST","CACIQUE ST",0.00,,Y,B,-,Y,SB,5,101,-,-,12.859,R,4,S,N,3,0,1,2,A,-,09,21801,A,N,D,G,A,A,H,-,A,A,0,,Y,,,Y,,A,01,0,1,0,0,0,0,1,0,0,"- ","- ",34.419670104980469,-119.67648315429688,"SANTA BARBARA","SANTA BARBARA",-119.67900848388672,34.420158386230469
9070059,2020,2020-08-27,4203,2020-04-12,1448,5206,,7,5,5,4203,0,0,0,,0,001,"INDIO MUERTO ST","SALINAS ST",271.00,W,N,A,-,N,,,,,,,,,,Y,4,0,1,2,A,-,09,21804,A,N,D,C,A,A,H,-,A,D,0,,,,,Y,,A,01,0,0,1,0,0,0,0,0,0,"- ","- ",34.42388916015625,-119.66954040527344,"SANTA BARBARA","SANTA BARBARA",-119.67005920410156,34.423496246337891
9070063,2020,2020-07-23,4200,2020-04-28,1236,4608,14,2,5,4,4214,0,0,0,,0,080,"CATHEDRAL OAKS RD","GLEN ANNIE RD",11.00,W,N,A,-,N,,,,,,,,,,N,3,0,1,1,A,-,03,22350,,N,H,A,A,A,H,-,A,A,0,,Y,,,Y,,L,04,0,1,0,0,0,0,1,0,0,"- ","- ",,,"SANTA BARBARA",GOLETA,-119.87456512451172,34.440834045410156
9070272,2020,2020-05-19,4203,2020-03-04,1851,23515,2,3,5,5,4203,0,0,0,,0,006,"W MISSION ST","SAN ANDRES ST",114.00,W,N,A,-,N,,,,,,,,,,Y,3,0,1,3,A,-,08,22107,,N,B,E,A,A,H,-,C,D,0,,,,,Y,,A,07,0,1,0,0,0,0,0,0,0,"- ","- ",34.423198699951172,-119.72380065917969,"SANTA BARBARA","SANTA BARBARA",-119.72273254394531,34.423126220703125
9070276,2020,2020-05-19,4203,2020-03-03,1416,2520,,2,5,5,4203,0,0,0,,0,002,"CLIFF DR","LOMA ALTA DR",0.00,,Y,A,-,N,,,,,,,,,,N,4,0,1,2,A,-,03,22350,,N,C,C,A,A,H,-,A,D,0,,,,,Y,,A,07,0,0,1,0,0,0,0,0,0,"- ","- ",34.404689788818359,-119.69692230224609,"SANTA BARBARA","SANTA BARBARA",-119.70153045654297,34.406520843505859
90703903,2018,2018-04-12,9760,2018-04-08,1255,019446,,7,1,9,4200,0,3,5,,2,001,"ORTEGA HILL RD","SHEFFIELD DR",365.00,E,N,A,-,N,,,,,,,,,,N,3,0,1,1,A,-,03,22350,,N,F,J,A,A,H,-,A,A,0,,Y,,,Y,,L,04,0,1,0,0,0,0,1,0,0,"- ","- ",34.422969818115234,-119.61121368408203,"SANTA BARBARA",UNINCORPORATED,-119.61170196533203,34.422660827636719
90704729,2018,2018-04-12,9760,2018-04-07,2500,020908,,6,4,9,4200,0,1,2,,1,030,"US 101 NORTH (EL CAMINO REAL)","LAS VARAS CYN RD",100.00,S,N,E,-,Y,,,,,,,,,,Y,3,0,1,2,A,-,03,22350,,F,C,C,A,B,H,-,D,D,0,,,Y,,Y,,C,02,0,1,0,0,0,0,0,0,1,"- ","- ",34.456691741943359,-119.97306060791016,"SANTA BARBARA",UNINCORPORATED,,
90706890,2018,2018-04-17,9755,2018-04-14,0355,021011,,6,3,9,4200,0,1,3,,1,055,"STATE ROUTE-1 SOUTHBOUND","FIREFIGHTER RD.",2112.00,N,N,A,-,Y,,,1,,,,,,S,Y,4,0,1,1,A,-,08,22107,,N,E,I,A,A,H,-,D,D,0,,,,,Y,,A,01,0,0,1,0,0,0,0,0,0,"- ","- ",34.773410797119141,-120.51035308837891,"SANTA BARBARA",UNINCORPORATED,-120.51030731201172,34.773372650146484
90709403,2018,2018-04-19,9755,2018-04-18,0825,017374,,3,1,9,4200,0,1,3,,1,042,"SR-154 W/B","LAKEVIEW DR.",1056.00,E,N,A,-,Y,,,154,,,,,,W,Y,4,0,1,1,A,-,08,22107,,N,E,I,A,A,H,-,A,A,0,,,,,Y,,D,23,0,0,1,0,0,0,0,0,0,"- ","- ",34.573249816894531,-119.95700073242188,"SANTA BARBARA",UNINCORPORATED,-119.95700073242188,34.573246002197266
90709429,2018,2018-04-19,9755,2018-04-19,0630,017374,,4,1,9,4200,0,1,2,,2,004,"US-101 S/B","GAVIOTA STATE BEACH RD",4224.00,N,N,B,-,Y,,,101,,,,,,S,Y,3,0,1,1,A,-,03,22350,,N,E,I,A,B,H,-,A,A,0,,,,,Y,,A,01,0,1,0,0,0,0,0,0,0,"- ","- ",34.488491058349609,-120.22643280029297,"SANTA BARBARA",UNINCORPORATED,-120.22640228271484,34.488479614257812
90710041,2018,2018-04-20,9760,2018-04-10,2235,021431,,2,3,5,4203,0,1,2,,2,020,"US-101 N/B (EL CAMINO REAL)","LAS POSITAS RD",500.00,N,N,A,-,Y,,,101,,,,,,N,N,3,0,2,2,A,-,03,22350,,F,C,C,A,A,D,-,C,D,0,,,,,Y,,A,01,0,1,1,0,0,0,0,0,0,"- ","- ",34.428241729736328,-119.73542785644531,"SANTA BARBARA","SANTA BARBARA",-119.73542785644531,34.428234100341797
9071131,2020,2020-11-12,4204,2020-06-07,1159,90387,020,7,5,5,4204,0,0,0,,0,003,"BETTERAVIA RD","RT 101",0.00,,Y,A,G,Y,SB,5,101,-,-,86.700,R,4,S,Y,4,0,1,2,A,-,12,21453,A,F,D,C,A,A,H,-,A,A,0,,,,,Y,,A,07,0,0,1,0,0,0,0,0,0,"- ","- ",34.923500061035156,-120.41779327392578,"SANTA BARBARA","SANTA MARIA",-120.41802215576172,34.925216674804688
90711424,2018,2018-04-24,9760,2018-04-12,0650,020029,,4,1,3,4205,0,1,2,,2,010,"US-101 N/B","SANTA MONICA RD",500.00,N,N,A,-,Y,,,101,,,,,,N,Y,3,0,1,3,A,-,03,22350,,N,B,C,A,A,H,-,A,D,0,,,Y,,Y,,C,02,0,1,0,0,0,0,0,0,1,"- ","- ",34.404750823974609,-119.53408813476562,"SANTA BARBARA",CARPINTERIA,-119.53408050537109,34.404804229736328
90711953,2018,2018-04-24,9755,2018-04-23,0009,021125,,1,3,9,4200,0,1,3,,1,051,SR-1,"ALAMO CREEK ROAD",12672.00,N,N,A,-,Y,,,1,,,,,,,Y,4,0,1,1,A,-,08,22107,,N,F,I,A,A,H,-,D,D,0,,,,,Y,,A,07,0,0,1,0,0,0,0,0,0,"- ","- ",34.5537109375,-120.36061859130859,"SANTA BARBARA",UNINCORPORATED,-120.36062622070312,34.553707122802734
90712847,2018,2018-04-25,9760,2018-04-13,1251,018786,,5,1,9,4200,0,1,2,,1,040,"US-101 NORTHBOUND","MARIPOSA REINA",15840.00,S,N,A,-,Y,,,101,,,,,,N,Y,2,0,3,1,A,-,08,22107,,N,E,I,A,A,H,-,E,D,0,,,,,Y,,A,01,3,0,0,0,0,0,0,0,0,"- ","- ",34.472278594970703,-120.16584777832031,"SANTA BARBARA",UNINCORPORATED,-120.16584777832031,34.472240447998047
9071356,2020,2020-12-21,4204,2020-06-17,2131,90456,10,3,5,5,4204,0,0,0,,0,002,"MAIN ST","OAKLEY AV",75.00,W,N,A,-,Y,SB,5,166,-,-,7.230,H,-,W,N,2,0,1,2,A,-,11,21954,A,F,G,B,D,A,H,-,C,A,0,Y,,,,Y,Y,N,60,1,0,0,0,1,0,0,0,0,"- ","- ",34.953399658203125,-120.44716644287109,"SANTA BARBARA","SANTA MARIA",-120.44740295410156,34.953304290771484
90714066,2018,2018-05-03,9760,2018-04-17,0845,019446,,2,1,9,4200,0,3,5,,2,001,"N. JAMESON LANE","MIRAMAR AVE",0.00,,Y,A,-,N,,,,,,,,,,N,3,0,1,2,A,-,09,21801,A,N,H,G,A,A,H,-,A,A,0,,Y,,,Y,,A,08,0,1,0,0,0,0,1,0,0,"- ","- ",34.422340393066406,-119.62992858886719,"SANTA BARBARA",UNINCORPORATED,-119.62982940673828,34.422279357910156
90717109,2018,2018-05-01,9750,2018-04-27,1520,016542,,5,2,9,4200,0,1,2,,2,001,"US-101 S/B (BROADWAY ON-RAMP)","NORTH BROADWAY O/C",310.00,S,N,A,-,Y,,,,,,,,,,Y,4,0,1,1,A,-,08,22107,,N,F,A,A,A,H,-,A,D,0,,,Y,,Y,,C,02,0,0,1,0,0,0,0,0,1,"- ","- ",34.980239868164062,-120.43118286132812,"SANTA BARBARA",UNINCORPORATED,,
90717128,2018,2018-05-01,9760,2018-04-20,1640,020473,,5,2,5,4203,0,1,2,,2,011,"US-101 S/B","GARDEN ST",250.00,S,N,A,-,Y,,,101,,,,,,S,Y,4,0,2,2,A,-,03,22350,,N,C,C,A,A,H,-,A,D,0,,,,,Y,,A,01,0,0,2,0,0,0,0,0,0,"- ","- ",34.418521881103516,-119.68917083740234,"SANTA BARBARA","SANTA BARBARA",-119.68919372558594,34.418560028076172
90717357,2018,2018-05-01,9755,2018-04-24,0530,021818,,2,3,9,4200,0,1,2,,2,004,"US-101 S/B","GAVIOTA STATE BEACH RD",940.00,N,N,A,-,Y,,,101,,,,,,S,Y,3,0,1,1,A,-,08,22107,,N,E,I,A,A,H,-,B,A,0,,,,,Y,,A,01,0,1,0,0,0,0,0,0,0,"- ","- ",34.480300903320312,-120.22975921630859,"SANTA BARBARA",UNINCORPORATED,-120.22969818115234,34.480331420898438
90717572,2018,2018-05-01,9755,2018-04-29,0010,021011,,7,3,9,4200,0,1,2,,2,004,"US-101 N/B","BLUE BERRY FARM",2112.00,N,N,A,-,Y,,,101,,,,,,N,Y,4,0,1,1,C,-,18,,,N,E,I,A,A,H,-,D,D,0,,,,,Y,,-,"- ",0,0,1,0,0,0,0,0,0,"- ","- ",34.556900024414062,-120.19220733642578,"SANTA BARBARA",UNINCORPORATED,-120.19215393066406,34.556903839111328
90717757,2018,2018-05-01,9760,2018-04-22,2015,020423,,7,2,5,4203,0,1,2,,2,011,"US-101 N/B","LAS POSITAS RD",528.00,S,N,A,-,Y,,,101,,,,,,N,Y,4,0,1,3,A,-,03,22350,,N,C,C,A,A,H,-,D,D,0,,,,,Y,,A,07,0,0,1,0,0,0,0,0,0,"- ","- ",34.427650451660156,-119.73198699951172,"SANTA BARBARA","SANTA BARBARA",-119.73196411132812,34.427761077880859
9071861,2020,2020-05-21,4204,2020-02-27,0725,90415,,4,5,5,4204,0,0,0,,0,,"ALVIN AV","MORRO DR",0.00,,Y,A,-,N,,,,,,,,,,N,4,0,2,3,A,-,03,22350,,N,A,C,A,A,H,-,A,D,0,,,,,Y,,A,01,0,0,2,0,0,0,0,0,0,"- ","- ",34.960281372070312,-120.41272735595703,"SANTA BARBARA","SANTA MARIA",-120.41293334960938,34.960208892822266
90720845,2018,2018-05-07,9750,2018-04-29,1300,017910,,7,1,9,4200,0,3,5,,2,030,"TEPUSQUET RD",SR-166,12144.00,S,N,A,-,N,,,,,,,,,,Y,2,0,1,1,A,-,03,22350,,N,F,A,A,A,H,-,A,D,0,,,Y,,Y,,C,02,1,0,0,0,0,0,0,0,1,"- ","- ",34.992469787597656,-120.19667816162109,"SANTA BARBARA",UNINCORPORATED,,
90721361,2018,2018-05-07,9750,2018-05-02,1425,017496,,3,2,9,4200,0,3,5,,2,020,"HARRIS GRADE ROAD",SR-135,13200.00,S,N,A,-,N,,,,,,,,,,Y,2,0,1,1,A,-,08,22107,,N,F,A,A,A,H,-,A,D,0,,,Y,,Y,,C,02,1,0,0,0,0,0,0,0,1,"- ","- ",34.739650726318359,-120.43701171875,"SANTA BARBARA",UNINCORPORATED,-120.43712615966797,34.739776611328125
90721542,2018,2018-05-07,9760,2018-04-25,1352,020226,,3,1,5,4203,0,1,2,,2,011,"US-101 SOUTHBOUND","LAS POSITAS ROAD",1575.00,S,N,A,-,Y,,,101,,,,,,S,Y,4,0,1,2,A,-,03,22350,,N,C,C,A,A,H,-,A,D,0,,,,,Y,,D,22,0,0,1,0,0,0,0,0,0,"- ","- ",34.426979064941406,-119.72850799560547,"SANTA BARBARA","SANTA BARBARA",-119.72850799560547,34.426982879638672
90721819,2018,2018-05-08,9750,2018-05-06,1445,015916,,7,2,9,4200,0,1,3,,1,064,"SR-166 E/B","COTTONWOOD CANYON ROAD",3168.00,E,N,B,-,Y,,,166,,,,,,E,Y,3,0,1,1,A,-,08,22107,,N,E,I,A,A,H,-,A,D,0,,,,,Y,,A,01,0,1,0,0,0,0,0,0,0,"- ","- ",35.030498504638672,-119.86842346191406,"SANTA BARBARA",UNINCORPORATED,-119.86850738525391,35.030387878417969
90721905,2018,2018-05-08,9760,2018-04-21,1208,020029,,6,1,9,4200,0,1,3,,1,022,"SR-154 W/B","PAINTED CAVE RD",2000.00,E,N,A,-,Y,,,154,,,,,,W,Y,4,0,1,1,A,-,03,22350,,N,H,A,A,A,H,-,A,D,0,,,Y,,Y,,C,02,0,0,1,0,0,0,0,0,1,"- ","- ",34.487968444824219,-119.78096008300781,"SANTA BARBARA",UNINCORPORATED,-119.78098297119141,34.487968444824219
90722082,2018,2018-12-24,9760,2018-04-29,1555,018418,,7,2,9,4200,0,1,2,,2,010,"U.S. 101 S/B","SANTA CLAUS LN",2500.00,S,N,A,-,Y,,,,,,,,,,Y,4,0,1,2,A,-,03,22350,,N,C,C,A,A,H,-,A,D,0,,,,,Y,,A,01,0,0,1,0,0,0,0,0,0,"- ","- ",34.407661437988281,-119.54875946044922,"SANTA BARBARA",UNINCORPORATED,,
90722484,2018,2018-05-09,9760,2018-05-01,1645,020226,,2,2,5,4203,0,1,3,,1,022,"SR-154 WESTBOUND","PAINTED CAVE ROAD",6336.00,E,N,C,-,Y,,,,,,,,,,Y,4,0,1,1,A,-,08,22107,,N,E,I,A,B,H,-,A,D,0,,,,,Y,,A,07,0,0,1,0,0,0,0,0,0,"- ","- ",34.490001678466797,-119.78321075439453,"SANTA BARBARA","SANTA BARBARA",,
9072281,2020,2020-09-16,4204,2020-02-07,1728,90971,4204,5,5,5,4204,0,0,0,,0,001,BROADWAY,"MAIN ST",20.00,N,N,A,-,Y,SB,5,135,-,-,15.780,H,-,S,N,4,0,1,2,A,-,03,22350,,F,C,C,A,A,H,-,A,A,0,,,,,Y,,A,07,0,0,1,0,0,0,0,0,0,"- ","- ",34.953151702880859,-120.43586730957031,"SANTA BARBARA","SANTA MARIA",-120.43595886230469,34.953193664550781
90722823,2018,2018-05-09,9755,2018-05-07,1448,017374,,1,2,9,4200,0,3,5,,2,040,"ARMOUR RANCH RD",SR-154,3696.00,N,N,A,-,N,,,,,,,,,,Y,4,0,2,1,A,-,03,22350,,N,E,I,A,A,H,-,A,A,0,,,,,Y,,A,01,0,0,2,0,0,0,0,0,0,"- ","- ",34.599758148193359,-120.02951049804688,"SANTA BARBARA",UNINCORPORATED,-120.02872467041016,34.599143981933594
9072294,2020,2020-09-16,4204,2020-02-18,1243,91005,11,2,5,5,4204,0,0,0,,0,002,BROADWAY,"COOK ST",0.00,,Y,A,-,Y,SB,5,135,-,-,15.550,I,5,N,N,4,0,1,2,A,-,09,21804,A,N,H,G,A,A,H,-,A,A,0,,Y,,,Y,,L,04,0,0,1,0,0,0,1,0,0,"- ","- ",34.94873046875,-120.43557739257812,"SANTA BARBARA","SANTA MARIA",-120.43584442138672,34.949844360351562
90726057,2018,2018-05-14,9760,2018-05-03,0655,019446,,4,1,9,4200,0,3,5,,2,002,"S. PATTERSON AVE","MORE RANCH RD",130.00,N,N,A,-,N,,,,,,,,,,N,4,0,1,2,D,-,00,,,N,F,A,A,A,H,-,A,A,0,,Y,,,Y,,-,"- ",0,0,1,0,0,0,1,0,0,"- ","- ",34.424331665039062,-119.81050872802734,"SANTA BARBARA",UNINCORPORATED,-119.81037902832031,34.424243927001953
90727092,2018,2018-05-15,9760,2018-05-04,0325,021300,,5,3,9,4200,0,3,5,,2,005,"PASADO RD","CAMINO DEL SUR",350.00,E,N,A,-,N,,,,,,,,,,Y,3,0,1,3,A,-,08,22107,,N,C,E,A,A,H,-,C,D,0,,,,,Y,Y,A,01,0,1,0,0,0,0,0,0,0,"- ","- ",34.411670684814453,-119.86110687255859,"SANTA BARBARA",UNINCORPORATED,-119.86141967773438,34.411689758300781
90727389,2018,2018-05-16,9760,2018-05-06,1525,020765,,7,2,5,4203,0,1,2,,2,011,"US-101 SOUTHBOUND","OLIVE MILL RD",1.00,N,N,A,-,Y,,,101,,,,,,S,Y,4,0,1,3,A,-,03,22350,,N,C,C,A,A,H,-,A,D,0,,,,,Y,,A,08,0,0,1,0,0,0,0,0,0,"- ","- ",34.420688629150391,-119.64005279541016,"SANTA BARBARA","SANTA BARBARA",-119.64004516601562,34.420673370361328