CASE_ID,ACCIDENT_YEAR,PROC_DATE,JURIS,COLLISION_DATE,COLLISION_TIME,OFFICER_ID,REPORTING_DISTRICT,DAY_OF_WEEK,CHP_SHIFT,POPULATION,CNTY_CITY_LOC,SPECIAL_COND,BEAT_TYPE,CHP_BEAT_TYPE,CITY_DIVISION_LAPD,CHP_BEAT_CLASS,BEAT_NUMBER,PRIMARY_RD,SECONDARY_RD,DISTANCE,DIRECTION,INTERSECTION,WEATHER_1,WEATHER_2,STATE_HWY_IND,CALTRANS_COUNTY,CALTRANS_DISTRICT,STATE_ROUTE,ROUTE_SUFFIX,POSTMILE_PREFIX,POSTMILE,LOCATION_TYPE,RAMP_INTERSECTION,SIDE_OF_HWY,TOW_AWAY,COLLISION_SEVERITY,NUMBER_KILLED,NUMBER_INJURED,PARTY_COUNT,PRIMARY_COLL_FACTOR,PCF_CODE_OF_VIOL,PCF_VIOL_CATEGORY,PCF_VIOLATION,PCF_VIOL_SUBSECTION,HIT_AND_RUN,TYPE_OF_COLLISION,MVIW,PED_ACTION,ROAD_SURFACE,ROAD_COND_1,ROAD_COND_2,LIGHTING,CONTROL_DEVICE,CHP_ROAD_TYPE,PEDESTRIAN_ACCIDENT,BICYCLE_ACCIDENT,MOTORCYCLE_ACCIDENT,TRUCK_ACCIDENT,NOT_PRIVATE_PROPERTY,ALCOHOL_INVOLVED,STWD_VEHTYPE_AT_FAULT,CHP_VEHTYPE_AT_FAULT,COUNT_SEVERE_INJ,COUNT_VISIBLE_INJ,COUNT_COMPLAINT_PAIN,COUNT_PED_KILLED,COUNT_PED_INJURED,COUNT_BICYCLIST_KILLED,COUNT_BICYCLIST_INJURED,COUNT_MC_KILLED,COUNT_MC_INJURED,PRIMARY_RAMP,SECONDARY_RAMP,LATITUDE,LONGITUDE,COUNTY,CITY,POINT_X,POINT_Y
91604220,2021,2021-10-22,9755,2021-10-19,1011,019292,,2,1,9,4200,0,1,3,,1,042,SR-154,"EDISON ST.",0.00,,Y,A,-,Y,,,,,,,,,,Y,4,0,1,2,A,-,12,22450,A,N,D,C,A,A,H,-,A,A,0,,,,Y,Y,,G,25,0,0,1,0,0,0,0,0,0,"- ","- ",36.633758544921875,-120.08110809326172,"SANTA BARBARA",UNINCORPORATED,-120.08101654052734,34.633708953857422
91604863,2021,2021-10-25,9760,2021-10-11,1750,020752,,1,2,9,4200,0,1,2,,1,040,"US-101 SOUTHBOUND","ARROYO QUEMADA LN.",4750.00,S,N,F,-,Y,,,101,,,,,,S,Y,2,0,1,1,A,-,08,22107,,N,F,A,A,A,H,-,B,D,0,,,,Y,Y,,G,25,1,0,0,0,0,0,0,0,0,"- ","- ",34.461128234863281,-120.08885955810547,"SANTA BARBARA",UNINCORPORATED,-120.08885955810547,34.461082458496094
9160490,2020,2021-01-13,4204,2020-10-03,2230,90760,,6,5,5,4204,0,0,0,,0,003,"PLAYA BLANCA ST","SANTA ROSA ST N",100.00,S,N,A,-,N,,,,,,,,,,N,3,0,1,4,A,-,01,23152,A,N,C,E,A,A,H,-,C,D,0,,,,,Y,Y,A,01,0,1,0,0,0,0,0,0,0,"- ","- ",34.191341400146484,-120.43081665039062,"SANTA BARBARA","SANTA MARIA",-120.43019104003906,34.912925720214844
91605012,2021,2021-10-25,9760,2021-10-17,0148,022547,,7,3,5,4203,0,1,2,,2,011,"US-101 NB","CARILLO ST",30.00,N,N,A,-,Y,,,101,,,,,,N,Y,3,0,1,2,C,-,18,,,N,D,C,A,A,H,-,D,D,0,,,,,Y,,-,"- ",0,1,0,0,0,0,0,0,0,"- ","- ",34.416431427001953,-119.70726776123047,"SANTA BARBARA","SANTA BARBARA",-119.707275390625,34.416423797607422
91605611,2021,2021-10-25,9760,2021-10-12,1605,020423,,2,2,9,4200,0,3,5,,2,001,"SAN YSIDRO ROAD","SANTA ROSA LANE",0.00,,Y,A,-,N,,,,,,,,,,Y,4,0,1,2,A,-,09,21801,A,N,A,C,A,A,H,-,A,A,0,,,,,Y,,A,07,0,0,1,0,0,0,0,0,0,"- ","- ",34.432769775390625,-119.63191986083984,"SANTA BARBARA",UNINCORPORATED,-119.63194274902344,34.432819366455078
91606553,2021,2021-10-26,9760,2021-10-20,0805,015669,,3,1,5,4203,0,1,2,,2,011,"US-101 S/B","MISSION STREET",2000.00,N,N,A,-,Y,,,101,,,,,,S,Y,3,0,2,4,A,-,03,22350,,N,C,C,A,A,H,-,A,D,0,,,,,Y,,A,01,0,1,1,0,0,0,0,0,0,"- ","- ",34.426841735839844,-119.72772216796875,"SANTA BARBARA","SANTA BARBARA",-119.72771453857422,34.426868438720703
91606681,2021,2021-10-26,9760,2021-10-18,0805,018418,,1,1,9,4200,0,1,2,,2,011,"U.S. 101 S/B","MISSION ST",1500.00,S,N,A,-,Y,,,,,,,,,,Y,4,0,1,1,A,-,08,22107,,N,E,I,A,A,H,-,A,D,0,,,,,Y,,A,07,0,0,1,0,0,0,0,0,0,"- ","- ",34.420928955078125,-119.71450805664062,"SANTA BARBARA",UNINCORPORATED,-119.71913146972656,34.424560546875
91608778,2021,2021-10-28,9760,2021-10-26,0800,015669,,2,1,9,4200,0,3,5,,2,002,"N. KELLOGG AVENUE","QUEEN ANN LANE",0.00,,Y,A,-,N,,,,,,,,,,N,3,0,1,2,A,-,10,21950,A,N,G,B,B,A,H,-,A,A,0,Y,,,,Y,,A,01,0,1,0,0,1,0,0,0,0,"- ","- ",34.455841064453125,-119.81375122070312,"SANTA BARBARA",UNINCORPORATED,-119.81371307373047,34.455905914306641
91609018,2021,2021-10-28,9760,2021-10-17,1715,022291,,7,2,9,4200,0,1,3,,1,022,"PAINTED CAVE RD.","2679 PAINTED CAVE ROAD (DRIVEWAY)",370.00,N,N,A,-,N,,,,,,,,,,N,3,0,1,1,A,-,01,23152,A,N,E,I,A,A,H,-,A,D,0,,,,,Y,Y,A,01,0,1,0,0,0,0,0,0,0,"- ","- ",34.502269744873047,-119.78855895996094,"SANTA BARBARA",UNINCORPORATED,,
91613534,2021,2021-11-02,9760,2021-10-24,1204,018431,,7,1,5,4203,0,1,2,,2,011,"US-101 S/B","MILPAS ST.",2200.00,S,N,A,-,Y,,,101,,,,,,S,Y,4,0,2,3,A,-,04,21703,,N,C,C,A,A,H,-,A,D,0,,,,,Y,,A,01,0,0,2,0,0,0,0,0,0,"- ","- ",34.420330047607422,-119.66950225830078,"SANTA BARBARA","SANTA BARBARA",-119.66947174072266,34.42022705078125
9161458,2020,2021-02-02,4204,2020-09-17,2340,90880,10,4,5,5,4204,0,0,0,,0,002,"HANSON WY","WHITE CT",200.00,S,N,A,-,N,,,,,,,,,,Y,3,0,1,3,A,-,06,21750,A,N,B,C,A,A,H,-,C,D,0,,,,,Y,,A,01,0,1,0,0,0,0,0,0,0,"- ","- ",34.948860168457031,-120.46018981933594,"SANTA BARBARA","SANTA MARIA",-120.46000671386719,34.948291778564453
9161459,2020,2021-02-02,4204,2020-09-17,1437,90082,13,4,5,5,4204,0,0,0,,0,002,"NICHOLSON AV","MAIN ST",300.00,S,N,A,-,N,,,,,,,,,,N,4,0,1,2,A,-,03,22350,,N,C,C,A,A,H,-,A,A,0,,,,,Y,,A,01,0,0,1,0,0,0,0,0,0,"- ","- ",34.963111877441406,-120.41638946533203,"SANTA BARBARA","SANTA MARIA",-120.41648101806641,34.952159881591797
91614620,2021,2021-11-03,9760,2021-10-24,1115,019446,,7,1,3,4205,0,1,2,,2,010,"US-101 N/B","LINDEN AVENUE",1267.00,N,N,A,-,Y,,,101,,,,,,N,Y,4,0,2,3,A,-,06,21755,A,N,B,C,A,A,D,-,A,A,0,,,,,Y,,A,07,0,0,2,0,0,0,0,0,0,"- ","- ",34.402240753173828,-119.52059173583984,"SANTA BARBARA",CARPINTERIA,-119.52059173583984,34.402248382568359
9161486,2020,2020-11-24,4204,2020-09-19,1838,90343,,6,5,5,4204,0,0,0,,0,,"MILLER ST","HERMOSA ST",100.00,N,N,B,-,N,,,,,,,,,,Y,3,0,2,3,A,-,01,23152,A,N,D,E,D,A,H,-,B,D,0,Y,,,,Y,Y,A,01,0,2,0,0,1,0,0,0,0,"- ","- ",34.959491729736328,-120.43141937255859,"SANTA BARBARA","SANTA MARIA",-120.43136596679688,34.959823608398438
91614912,2021,2021-11-03,9760,2021-10-30,1425,020423,,6,2,5,4203,0,1,2,,2,011,"US-101 N/B","MISSION STREET",880.00,S,N,A,-,Y,,,101,,,,,,N,Y,4,0,2,2,A,-,03,22350,,N,C,C,A,A,H,-,A,D,0,,,,,Y,,A,07,0,0,2,0,0,0,0,0,0,"- ","- ",34.423919677734375,-119.71788024902344,"SANTA BARBARA","SANTA BARBARA",-119.71792602539062,34.423858642578125
91615297,2021,2021-11-03,9755,2021-10-27,1305,017307,,3,1,9,4200,0,1,S,,2,904,SR-246,SR-154,686.00,W,N,A,-,Y,,,246,,,,,,,Y,4,0,2,2,A,-,08,22107,,N,D,C,A,A,H,-,A,D,0,,,,,Y,,A,01,0,0,2,0,0,0,0,0,0,"- ","- ",34.610271453857422,-120.05709075927734,"SANTA BARBARA",UNINCORPORATED,-120.05708312988281,34.6104736328125
91616363,2021,2021-11-04,9750,2021-10-25,1153,016170,,1,1,5,4204,1,4,S,,2,901,"SR-135 (BROADWAY)","MORRISON AVE",0.00,,Y,A,-,Y,,,135,,,,,,,Y,4,0,1,4,A,-,12,21453,A,N,D,C,A,A,H,-,A,A,0,,,,,Y,,A,01,0,0,1,0,0,0,0,0,0,"- ","- ",34.943119049072266,-120.43544769287109,"SANTA BARBARA","SANTA MARIA",-120.43595886230469,34.943130493164062
91618133,2021,2021-11-08,9755,2021-10-29,0739,016988,,5,1,9,4200,0,3,5,,2,050,"PURISIMA RD","RUCKER RD",528.00,W,N,A,-,N,,,,,,,,,,Y,4,0,1,2,A,-,03,22350,,N,C,C,A,A,H,-,A,D,0,,,,,Y,,A,01,0,0,1,0,0,0,0,0,0,"- ","- ",34.692459106445312,-120.43686676025391,"SANTA BARBARA",UNINCORPORATED,-120.44151306152344,34.675483703613281
91618245,2021,2021-11-08,9750,2021-10-28,0640,013267,,4,1,9,4200,0,1,3,,1,021,"SR-135 (ORCUTT EXPRESSWAY)","FOSTER ROAD",0.00,,Y,A,-,Y,,,135,,,,,,,Y,4,0,1,2,A,-,03,22350,,N,D,C,A,A,H,-,A,A,0,,,,,Y,,A,01,0,0,1,0,0,0,0,0,0,"- ","- ",34.882930755615234,-120.43650054931641,"SANTA BARBARA",UNINCORPORATED,-120.43651580810547,34.882930755615234
91622639,2021,2021-11-11,9750,2021-11-02,1510,019831,,2,2,9,4200,0,3,5,,2,020,"TWITCHELL STREET","UNION AVENUE",0.00,,Y,A,-,N,,,,,,,,,,N,4,0,1,2,A,-,11,21954,A,N,G,B,E,A,H,-,A,A,0,Y,,,,Y,,N,60,0,0,1,0,1,0,0,0,0,"- ","- ",34.864109039306641,-120.44098663330078,"SANTA BARBARA",UNINCORPORATED,-120.44100189208984,34.864101409912109
91624874,2021,2021-11-15,9755,2021-11-02,0655,016170,,2,1,9,4200,0,3,5,,2,050,"CENTRAL AVE.","DOUGLASS AVE.",200.00,W,N,E,-,N,,,,,,,,,,Y,3,0,1,2,A,-,06,21750,A,N,D,C,A,A,G,-,D,D,0,,,Y,,Y,,C,02,0,1,0,0,0,0,0,0,1,"- ","- ",34.661361694335938,-120.51161956787109,"SANTA BARBARA",UNINCORPORATED,-120.51115417480469,34.661388397216797
91624979,2021,2021-11-15,9760,2021-11-10,1515,020423,,3,2,5,4203,0,1,2,,2,011,"US-101 N/B","CARRILLO ST",1373.00,N,N,A,-,Y,,,101,,,,,,N,Y,4,0,1,2,A,-,03,22350,,N,C,C,A,A,H,-,A,D,0,,,,,Y,,A,01,0,0,1,0,0,0,0,0,0,"- ","- ",34.418861389160156,-119.71099853515625,"SANTA BARBARA","SANTA BARBARA",-119.71102905273438,34.4188232421875
91626516,2021,2021-11-17,9750,2021-11-05,0651,017910,,5,1,9,4200,0,3,5,,2,010,"BLACK ROAD","BETTERAVIA ROAD",1320.00,S,N,A,-,N,,,,,,,,,,Y,4,0,3,2,A,-,09,21801,A,N,D,C,A,A,H,-,D,D,0,,,,,Y,,D,22,0,0,3,0,0,0,0,0,0,"- ","- ",34.917320251464844,-120.49015808105469,"SANTA BARBARA",UNINCORPORATED,-120.49021911621094,34.917205810546875
91626820,2021,2021-11-17,9760,2021-11-05,0447,021621,,5,3,4,4214,0,1,2,,1,030,"US 101 S/B FROM LOS CARNEROS RD","LOS CARNEROS RD",10.00,S,N,B,-,Y,,,,,,,,,,Y,4,0,1,1,A,-,01,23152,A,N,E,I,A,B,H,-,C,A,0,,,,,Y,Y,A,07,0,0,1,0,0,0,0,0,0,"- ","- ",34.437110900878906,-119.85275268554688,"SANTA BARBARA",GOLETA,-119.85003662109375,34.437728881835938
91627557,2021,2021-11-17,9750,2021-11-07,1450,017616,,7,2,9,4200,0,1,2,,2,002,"US-101 N/B (EL CAMINO REAL)","SOLOMON ROAD",2112.00,S,N,A,-,Y,,,101,,,,,,N,Y,2,0,2,1,A,-,16,24002,A,N,F,A,A,A,H,-,A,D,0,,,Y,,Y,,C,02,2,0,0,0,0,0,0,0,2,"- ","- ",34.820331573486328,-120.35289764404297,"SANTA BARBARA",UNINCORPORATED,-120.35292816162109,34.820297241210938
91628123,2021,2021-11-18,9760,2021-11-15,1350,015669,,1,1,9,4200,0,2,S,,2,730,"EARL WARREN SHOWGROUNDS (3400 CALLE REAL)","CALLE REAL",110.00,N,N,A,-,N,,,,,,,,,,N,3,0,1,1,A,-,08,22107,,N,F,A,A,A,H,-,A,D,0,,,Y,,Y,,C,02,0,1,0,0,0,0,0,0,1,"- ","- ",34.428901672363281,-119.73538208007812,"SANTA BARBARA",UNINCORPORATED,,
91631627,2021,2021-11-22,9760,2021-11-12,1540,022443,,5,2,9,4200,0,3,5,,2,002,"PATTERSON AVE.","UNIVERSITY DR.",0.00,,Y,A,-,N,,,,,,,,,,Y,3,0,1,2,A,-,09,21801,A,N,D,C,A,A,H,-,A,A,0,,,,,Y,,A,01,0,1,0,0,0,0,0,0,0,"- ","- ",34.445339202880859,-119.80774688720703,"SANTA BARBARA",UNINCORPORATED,-119.80783843994141,34.445350646972656
91632976,2021,2021-11-23,9760,2021-11-21,1510,020752,,7,2,9,4200,0,3,5,,2,005,"EMBARCADERO DEL NORTE","SEGOVIA ROAD",0.00,,Y,A,-,N,,,,,,,,,,N,3,0,1,2,A,-,08,22107,,N,B,G,A,A,H,-,A,A,0,,Y,,,Y,,L,04,0,1,0,0,0,0,1,0,0,"- ","- ",34.414398193359375,-119.85536956787109,"SANTA BARBARA",UNINCORPORATED,-119.85540008544922,34.414443969726562
91633669,2021,2021-11-23,9750,2021-11-16,1550,019831,,2,2,9,4200,0,3,5,,2,020,"BRADLEY ROAD","CLARK AVE",477.00,N,N,B,-,N,,,,,,,,,,N,4,0,3,2,A,-,07,21658,A,N,B,C,A,A,H,-,A,D,0,,,,,Y,,A,01,0,0,3,0,0,0,0,0,0,"- ","- ",34.866401672363281,-120.41886901855469,"SANTA BARBARA",UNINCORPORATED,-120.41872406005859,34.866317749023438
91634475,2021,2021-11-24,9760,2021-11-22,1200,018418,,1,1,9,4200,0,3,5,,2,005,"SABADO TARDE ROAD","CAMINO PESCADERO ROAD",300.00,W,N,A,-,N,,,,,,,,,,N,4,0,1,2,A,-,09,21804,A,N,H,C,A,A,H,-,A,D,0,,,,,Y,,A,07,0,0,1,0,0,0,0,0,0,"- ","- ",34.410438537597656,-119.85965728759766,"SANTA BARBARA",UNINCORPORATED,-119.85969543457031,34.410453796386719
91637881,2021,2021-11-30,9760,2021-11-18,2353,020528,,4,3,5,4203,0,1,2,,2,020,"US-101 NB","STATE STREET",450.00,N,N,A,-,Y,,,101,,,,,,N,Y,3,0,1,2,A,-,01,23152,A,N,C,C,A,A,H,-,D,D,0,,,,,Y,Y,A,01,0,1,0,0,0,0,0,0,0,"- ","- ",34.440921783447266,-119.75698852539062,"SANTA BARBARA","SANTA BARBARA",-119.75699615478516,34.440910339355469
91637964,2021,2021-11-30,9760,2021-11-21,1455,020964,,7,2,9,4200,0,3,5,,2,002,"MARINA DR","CLIFF DR",200.00,W,N,A,-,N,,,,,,,,,,Y,3,0,1,1,A,-,01,23152,A,N,E,I,A,A,H,-,A,D,0,,,,,Y,Y,A,07,0,1,0,0,0,0,0,0,0,"- ","- ",34.409111022949219,-119.75669860839844,"SANTA BARBARA",UNINCORPORATED,-119.75688934326172,34.409122467041016
91638182,2021,2021-11-30,9760,2021-11-26,1505,020964,,5,2,9,4200,0,3,5,,2,002,"PARADISE RD","EL GAUCHO LN",1056.00,S,N,A,-,N,,,,,,,,,,N,4,0,1,1,A,-,08,22107,,N,E,I,A,A,H,-,A,A,0,,,,,Y,,D,22,0,0,1,0,0,0,0,0,0,"- ","- ",34.54315185546875,-119.7889404296875,"SANTA BARBARA",UNINCORPORATED,-119.78171539306641,34.541172027587891
91638340,2021,2021-11-30,9760,2021-11-28,2000,020752,,7,2,9,4200,0,1,3,,1,022,SR-154,"SAN MARCOS ROAD",2112.00,E,N,A,-,Y,,,154,,,,,,,Y,4,0,1,1,A,-,08,22107,,N,F,A,A,A,H,-,D,D,0,,,,,Y,,D,22,0,0,1,0,0,0,0,0,0,"- ","- ",34.486949920654297,-119.79116058349609,"SANTA BARBARA",UNINCORPORATED,-119.79116821289062,34.486930847167969
9163929,2020,2020-11-25,4204,2020-09-12,2058,90880,10,6,5,5,4204,0,0,0,,0,002,"MAIN ST","BLOSSER RD",30.00,E,N,A,-,Y,SB,5,166,-,-,6.880,H,-,W,,4,0,2,2,A,-,21,22106,,N,C,C,A,A,H,-,C,A,0,,,,,Y,,A,01,0,0,2,0,0,0,0,0,0,"- ","- ",34.963161468505859,-120.45364379882812,"SANTA BARBARA","SANTA MARIA",-120.45369720458984,34.953365325927734
91640141,2021,2021-12-01,9750,2021-11-21,0125,020765,,7,3,5,4204,0,1,2,,2,001,"US-101 S/B","MAIN ST U/C",450.00,N,N,A,-,Y,,,101,,,,,,S,Y,4,0,1,2,A,-,07,21658,A,N,B,2,A,A,H,-,D,D,0,,,,,Y,,A,07,0,0,1,0,0,0,0,0,0,"- ","- ",34.954319000244141,-120.41732788085938,"SANTA BARBARA","SANTA MARIA",-120.41732025146484,34.954319000244141
91640827,2021,2021-12-02,9760,2021-12-01,1515,020752,,3,2,9,4200,0,1,2,,1,030,"US-101 NB","GLEN ANNIE RD",2640.00,S,N,A,-,Y,,,,,,,,,,Y,4,0,1,3,A,-,03,22350,,N,C,C,A,A,H,-,A,D,0,,,,,Y,,A,07,0,0,1,0,0,0,0,0,0,"- ","- ",34.436248779296875,-119.86148834228516,"SANTA BARBARA",UNINCORPORATED,-119.87126159667969,34.4344482421875
91642681,2021,2021-12-03,9750,2021-11-26,0215,020765,,5,3,9,4200,0,1,2,,2,002,"US-101 N/B","SOLOMON RD U/C",7128.00,N,N,A,-,Y,,,101,,,,,,N,Y,4,0,2,2,A,-,03,22350,,N,C,C,A,A,H,-,D,D,0,,,,,Y,,A,01,0,0,2,0,0,0,0,0,0,"- ","- ",34.840370178222656,-120.37397003173828,"SANTA BARBARA",UNINCORPORATED,-120.37401580810547,34.84033203125
91643415,2021,2021-12-06,9760,2021-12-04,1930,022291,,6,2,9,4200,0,1,2,,2,010,US-101,"SHEFFIELD OFFRAMP UNDERCROSSING",1500.00,N,N,A,-,Y,,,101,,,,,,,Y,2,0,1,1,A,-,01,23152,A,N,E,I,A,A,D,-,D,D,0,,,,,Y,Y,A,01,1,0,0,0,0,0,0,0,0,"- ","- ",34.421100616455078,-119.61923980712891,"SANTA BARBARA",UNINCORPORATED,-119.61923980712891,34.421119689941406
91645555,2021,2021-12-07,9760,2021-11-18,1700,015830,,4,2,5,4203,0,1,2,,2,011,"US-101 S/B","MILPAS ST",860.00,N,N,A,-,Y,,,101,,,,,,S,Y,3,0,1,5,A,-,03,22350,,N,C,C,A,A,H,-,D,D,0,,,,,Y,,A,01,0,1,0,0,0,0,0,0,0,"- ","- ",34.419849395751953,-119.68148803710938,"SANTA BARBARA","SANTA BARBARA",-119.68150329589844,34.419929504394531
91646405,2021,2021-12-08,9750,2021-07-16,0055,017307,,5,3,9,4200,0,1,2,,2,002,"US-101 NORTHBOUND","CLARK AVE",2640.00,S,N,B,-,Y,,,101,,,,,,N,N,1,1,0,2,A,-,11,21956,A,N,G,B,E,A,H,-,D,D,0,Y,,,,Y,,N,60,0,0,0,1,0,0,0,0,0,"- ","- ",34.859470367431641,-120.3909912109375,"SANTA BARBARA",UNINCORPORATED,-120.39089965820312,34.859554290771484
91646949,2021,2021-12-31,9750,2021-11-26,1200,017705,,5,1,9,4200,0,3,5,,2,030,"STOWELL RD","PHILBRIC RD",52.00,W,N,A,-,N,,,,,,,,,,Y,4,0,1,2,A,-,05,21460,A,N,B,C,A,D,H,-,A,D,0,,,Y,,Y,,C,02,0,0,1,0,0,0,0,0,1,"- ","- ",34.937820434570312,-120.37406921386719,"SANTA BARBARA",UNINCORPORATED,-120.37392425537109,34.937614440917969
91648328,2021,2021-12-10,9755,2021-12-09,0930,017378,,4,1,9,4200,0,1,2,,2,004,"US 101 NB","RT 1",3696.00,S,N,B,C,Y,,,,,,,,,,Y,3,0,2,1,A,-,03,22350,,N,F,A,A,B,H,-,A,D,0,,,,,Y,,A,01,0,2,0,0,0,0,0,0,0,"- ","- ",34.5087890625,-120.22499084472656,"SANTA BARBARA",UNINCORPORATED,-120.23027801513672,34.495334625244141
91648839,2021,2021-12-10,9760,2021-12-02,1725,022443,,4,2,9,4200,0,2,4,,1,021,"TURNPIKE RD.","SAN SIMEON ST.",0.00,,Y,A,-,N,,,,,,,,,,Y,4,0,1,2,A,-,09,21802,A,N,D,C,A,A,H,-,C,A,0,,,,,Y,,A,01,0,0,1,0,0,0,0,0,0,"- ","- ",34.438148498535156,-119.78948211669922,"SANTA BARBARA",UNINCORPORATED,-119.78945922851562,34.438156127929688
91650724,2021,2021-12-13,9750,2021-12-01,1735,020549,,3,2,9,4200,0,1,3,,1,011,SR-166,"BONITA SCHOOL RD",5280.00,W,N,E,-,Y,,,166,,,,,,,Y,3,0,1,2,A,-,09,21804,A,N,D,C,A,A,H,-,D,D,0,,,,,Y,,D,22,0,1,0,0,0,0,0,0,0,"- ","- ",34.959339141845703,-120.52674102783203,"SANTA BARBARA",UNINCORPORATED,-120.52677917480469,34.958972930908203
91653224,2021,2021-12-15,9755,2021-12-08,0755,016058,,3,1,9,4200,0,1,3,,2,041,SR-246,"ENTRANCE ROAD",93.00,W,N,B,-,Y,,,246,,,,,,,Y,4,0,1,3,A,-,03,22350,,N,C,C,A,A,H,-,E,D,0,,,,,Y,,A,07,0,0,1,0,0,0,0,0,0,"- ","- ",34.605770111083984,-120.11296081542969,"SANTA BARBARA",UNINCORPORATED,-120.11296081542969,34.605781555175781
9165445,2020,2020-11-25,4203,2020-09-29,2009,6693,21,2,5,5,4203,0,0,0,,0,006,"W CARRILLO ST","RT 101",0.00,,Y,A,-,Y,SB,5,101,-,R,14.920,R,4,S,Y,4,0,2,2,A,-,12,21453,A,N,D,C,A,A,H,-,C,A,0,,,,,Y,,A,01,0,0,2,0,0,0,0,0,0,"- ",SF,34.415599822998047,-119.70829772949219,"SANTA BARBARA","SANTA BARBARA",-119.70951080322266,34.417591094970703
9165517,2020,2020-12-02,4204,2020-09-22,0025,90718,02,2,5,5,4204,0,0,0,,0,001,BROADWAY,"DONOVAN RD",8.00,W,N,A,-,Y,SB,5,135,-,-,16.770,I,5,N,Y,4,0,1,2,A,-,12,21453,A,N,D,C,A,A,H,-,C,A,0,,,,,Y,,A,01,0,0,1,0,0,0,0,0,0,"- ","- ",34.966629028320312,-120.43482208251953,"SANTA BARBARA","SANTA MARIA",-120.43560791015625,34.967601776123047
91655912,2021,2021-12-20,9760,2021-12-08,1450,022485,,3,2,5,4203,0,1,2,,2,020,"US-101 NB","LOS POSITAS ROAD",1584.00,N,N,A,-,Y,,,101,,,,,,N,Y,3,0,2,3,A,-,03,22350,,N,C,C,A,A,H,-,A,D,0,,,,,Y,,A,01,0,2,0,0,0,0,0,0,0,"- ","- ",34.429069519042969,-119.73967742919922,"SANTA BARBARA","SANTA BARBARA",-119.73968505859375,34.429050445556641
91656716,2021,2021-12-20,9755,2021-12-14,1607,020226,,2,2,9,4200,0,1,2,,2,004,"US-101 SOUTHBOUND","GAVIOTA STATE BEACH ROAD",4250.00,N,N,B,-,Y,,,101,,,,,,S,Y,4,0,1,1,A,-,08,22107,,N,E,I,A,B,H,-,A,D,0,,,,,Y,,A,01,0,0,1,0,0,0,0,0,0,"- ","- ",34.488319396972656,-120.22641754150391,"SANTA BARBARA",UNINCORPORATED,-120.22646331787109,34.48834228515625
91657719,2021,2021-12-21,9750,2021-12-14,0445,016542,,2,3,9,4200,0,1,2,,2,001,"US-101 S/B","EAST MAIN STREET",15.00,N,N,C,-,Y,,,,,,,,,,Y,4,0,1,1,A,-,08,22107,,N,E,I,A,B,H,-,D,D,0,,,,,Y,,A,01,0,0,1,0,0,0,0,0,0,"- ","- ",34.953231811523438,-120.41728210449219,"SANTA BARBARA",UNINCORPORATED,-120.41738891601562,34.953029632568359
91660665,2021,2021-12-23,9755,2021-12-13,1844,018483,,1,2,9,4200,0,1,3,,2,041,SR-246,"MEADOWVALE ROAD",100.00,W,N,B,C,Y,,,246,,,,,,,Y,3,0,2,2,A,-,03,22350,,N,C,C,A,B,H,-,D,D,0,,,,,Y,,A,01,0,1,1,0,0,0,0,0,0,"- ","- ",34.610561370849609,-120.07688140869141,"SANTA BARBARA",UNINCORPORATED,-120.07688140869141,34.610553741455078
91660720,2021,2021-12-23,9750,2021-12-15,1508,019831,,3,2,9,4200,0,1,2,,2,002,"US-101 SOUTHBOUND (EL CAMIN0 REAL)","PALMER ROAD",6864.00,N,N,B,-,Y,,,101,,,,,,S,Y,4,0,1,2,A,-,07,21658,A,N,B,C,A,A,H,-,A,D,0,,,,,Y,,D,22,0,0,1,0,0,0,0,0,0,"- ","- ",34.803810119628906,-120.34317779541016,"SANTA BARBARA",UNINCORPORATED,-120.34452819824219,34.807319641113281
91662060,2021,2021-12-27,9760,2021-12-16,1540,022443,,4,2,9,4200,0,1,3,,1,022,"SR-154 W/B","PAINTED CAVE RD.",2060.00,E,N,B,-,Y,,,154,,,,,,W,Y,4,0,2,2,A,-,03,22350,,N,A,2,A,B,H,-,D,D,0,,,,,Y,,A,07,0,0,2,0,0,0,0,0,0,"- ","- ",34.486850738525391,-119.79109954833984,"SANTA BARBARA",UNINCORPORATED,-119.79108428955078,34.486904144287109
91662339,2021,2021-12-27,9760,2021-12-19,1150,019446,,7,1,9,4200,0,1,2,,2,011,"US 101 N/B FROM SALINAS STREET","SALINAS STREET",55.00,N,N,A,-,Y,,,,,,,,,,N,3,0,1,1,A,-,03,22350,,N,F,A,A,A,H,-,A,A,0,,,Y,,Y,,C,02,0,1,0,0,0,0,0,0,1,"- ","- ",34.42156982421875,-119.66622161865234,"SANTA BARBARA",UNINCORPORATED,-119.66622924804688,34.421623229980469