CASE_ID,ACCIDENT_YEAR,PROC_DATE,JURIS,COLLISION_DATE,COLLISION_TIME,OFFICER_ID,REPORTING_DISTRICT,DAY_OF_WEEK,CHP_SHIFT,POPULATION,CNTY_CITY_LOC,SPECIAL_COND,BEAT_TYPE,CHP_BEAT_TYPE,CITY_DIVISION_LAPD,CHP_BEAT_CLASS,BEAT_NUMBER,PRIMARY_RD,SECONDARY_RD,DISTANCE,DIRECTION,INTERSECTION,WEATHER_1,WEATHER_2,STATE_HWY_IND,CALTRANS_COUNTY,CALTRANS_DISTRICT,STATE_ROUTE,ROUTE_SUFFIX,POSTMILE_PREFIX,POSTMILE,LOCATION_TYPE,RAMP_INTERSECTION,SIDE_OF_HWY,TOW_AWAY,COLLISION_SEVERITY,NUMBER_KILLED,NUMBER_INJURED,PARTY_COUNT,PRIMARY_COLL_FACTOR,PCF_CODE_OF_VIOL,PCF_VIOL_CATEGORY,PCF_VIOLATION,PCF_VIOL_SUBSECTION,HIT_AND_RUN,TYPE_OF_COLLISION,MVIW,PED_ACTION,ROAD_SURFACE,ROAD_COND_1,ROAD_COND_2,LIGHTING,CONTROL_DEVICE,CHP_ROAD_TYPE,PEDESTRIAN_ACCIDENT,BICYCLE_ACCIDENT,MOTORCYCLE_ACCIDENT,TRUCK_ACCIDENT,NOT_PRIVATE_PROPERTY,ALCOHOL_INVOLVED,STWD_VEHTYPE_AT_FAULT,CHP_VEHTYPE_AT_FAULT,COUNT_SEVERE_INJ,COUNT_VISIBLE_INJ,COUNT_COMPLAINT_PAIN,COUNT_PED_KILLED,COUNT_PED_INJURED,COUNT_BICYCLIST_KILLED,COUNT_BICYCLIST_INJURED,COUNT_MC_KILLED,COUNT_MC_INJURED,PRIMARY_RAMP,SECONDARY_RAMP,LATITUDE,LONGITUDE,COUNTY,CITY,POINT_X,POINT_Y
91736063,2022,2022-03-29,9760,2022-03-28,1425,018418,,1,2,9,4200,0,1,2,,1,040,"U.S. 101 S/B","REFUGIO RD",100.00,S,N,C,-,Y,SB,,101,,R,36.644,H,,L,N,4,0,1,1,A,-,03,22350,,N,E,I,A,B,H,-,A,D,0,,,,,Y,,A,01,0,0,1,0,0,0,0,0,0,"- ","- ",34.465461730957031,-120.06902313232422,"SANTA BARBARA",UNINCORPORATED,-120.06901550292969,34.465484619140625
91736144,2022,2022-03-29,9760,2022-02-10,1052,017140,,4,1,3,4205,0,1,2,,2,010,"US-101 SOUTHBOUND","LINDEN AVENUE",50.00,N,N,A,-,Y,SB,,101,,,3.065,H,,L,Y,4,0,3,6,C,-,18,,,N,C,C,A,D,C,D,A,D,0,,,,,Y,,-,"- ",0,0,3,0,0,0,0,0,0,"- ","- ",34.401180267333984,-119.51664733886719,"SANTA BARBARA",CARPINTERIA,-119.51667785644531,34.401123046875
91737515,2022,2022-03-30,9755,2022-03-28,0850,021011,,1,1,9,4200,0,1,3,,1,051,"STATE ROUTE -1 NORTHBOUND","JALALMA ROAD.",2075.00,S,N,B,-,Y,SB,,1,,,14.519,H,,R,Y,3,0,1,1,A,-,08,22107,,N,E,I,A,B,H,-,A,D,0,,,,,Y,,A,01,0,1,0,0,0,0,0,0,0,"- ","- ",34.583721160888672,-120.40493011474609,"SANTA BARBARA",UNINCORPORATED,-120.40493774414062,34.583686828613281
91738121,2022,2022-03-31,9760,2022-03-25,0807,021531,,5,1,4,4214,0,1,2,,1,030,"US-101 N/B TO GLEN ANNIE RD","GLEN ANNIE RD",1400.00,S,N,A,-,Y,,,,,,,,,,Y,3,0,1,1,A,-,08,22107,,N,F,A,A,A,H,-,A,D,0,,,,,Y,,D,22,0,1,0,0,0,0,0,0,0,"- ","- ",34.4356689453125,-119.86666107177734,"SANTA BARBARA",GOLETA,-119.86666107177734,34.4356689453125
91738152,2022,2022-03-31,9760,2022-03-30,1623,021283,,3,2,5,4203,0,1,2,,2,020,US-101,"STATE ST.",475.00,N,N,A,-,Y,SB,,101,,,18.220,H,,R,N,4,0,1,2,A,-,03,22350,,N,C,C,A,A,H,-,A,D,0,,,,,Y,,A,01,0,0,1,0,0,0,0,0,0,"- ","- ",34.440898895263672,-119.75736999511719,"SANTA BARBARA","SANTA BARBARA",-119.75732421875,34.441009521484375
91738915,2022,2022-04-01,9750,2022-03-26,2215,020549,,6,3,9,4200,0,1,2,,2,001,"US-101 S/B",BROADWAY,225.00,N,N,B,-,Y,SB,,101,,,90.785,H,,L,Y,2,0,1,1,A,-,01,23152,A,M,E,I,A,A,H,-,D,D,0,,,,,Y,Y,-,"- ",1,0,0,0,0,0,0,0,0,"- ","- ",34.981708526611328,-120.43183135986328,"SANTA BARBARA",UNINCORPORATED,-120.43177032470703,34.981727600097656
9173966,2020,2020-12-14,4204,2020-10-28,0656,23000,020,3,5,5,4204,0,0,0,,0,003,"BETTERAVIA RD","BRADLEY RD",0.00,,Y,A,-,N,,,,,,,,,,N,4,0,1,2,A,-,03,22350,,N,C,C,A,A,H,-,B,A,0,,,,,Y,,D,22,0,0,1,0,0,0,0,0,0,"- ","- ",34.922199249267578,-120.42030334472656,"SANTA BARBARA","SANTA MARIA",-120.42207336425781,34.923740386962891
91741475,2022,2022-04-05,9755,2022-03-30,1921,020473,,3,2,9,4200,0,3,5,,2,040,"ALAMO PINTADO RD.","SANTA BARBARA AVE.",19.00,E,N,A,-,N,,,,,,,,,,Y,3,0,1,1,A,-,03,22350,,N,E,I,A,A,H,-,D,A,0,,,,,Y,,A,01,0,1,0,0,0,0,0,0,0,"- ","- ",34.653240203857422,-120.11598968505859,"SANTA BARBARA",UNINCORPORATED,-120.11599731445312,34.653186798095703
91742480,2022,2022-04-06,9750,2022-03-29,0729,016469,,2,1,9,4200,0,2,4,,1,024,"CLARK AVE","STILLWELL RD",38.00,E,N,A,-,N,,,,,,,,,,Y,3,0,1,2,A,-,09,21453,B,N,D,C,A,A,H,-,A,A,0,,,,,Y,,A,01,0,1,0,0,0,0,0,0,0,"- ","- ",34.865219116210938,-120.40180969238281,"SANTA BARBARA",UNINCORPORATED,-120.40193939208984,34.865264892578125
91743459,2022,2022-04-07,9760,2022-03-23,1645,015830,,3,2,5,4203,0,1,2,,2,011,"US-101 S/B","MILPAS ST",910.00,N,N,A,-,Y,SB,,101,,,13.039,H,,L,Y,4,0,1,5,A,-,03,22350,,N,C,C,A,A,H,-,A,D,0,,,,,Y,,E,22,0,0,1,0,0,0,0,0,0,"- ","- ",34.419811248779297,-119.68212127685547,"SANTA BARBARA","SANTA BARBARA",-119.68212890625,34.419864654541016
91745307,2022,2022-04-11,9760,2022-04-02,1430,022853,,6,2,9,4200,0,3,5,,2,005,"EMBARCADERO DEL MAR","EL EMBARCADERO RD",0.00,,Y,A,-,N,,,,,,,,,,N,2,0,2,1,A,-,03,22350,,N,F,A,A,A,H,-,A,D,0,,,,,Y,Y,M,94,1,1,0,0,0,0,0,0,0,"- ","- ",34.410900115966797,-119.85611724853516,"SANTA BARBARA",UNINCORPORATED,-119.85623168945312,34.410877227783203
91745400,2022,2022-04-11,9750,2022-04-04,1350,019831,,1,1,9,4200,0,1,3,,1,021,"SR-135 N/B","UNION VALLEY PARKWAY",38.00,S,N,A,-,Y,SB,,135,,,10.638,H,,R,N,4,0,1,2,A,-,03,22350,,N,C,C,A,A,H,-,A,D,0,,,,,Y,,D,22,0,0,1,0,0,0,0,0,0,"- ","- ",34.879131317138672,-120.43653869628906,"SANTA BARBARA",UNINCORPORATED,-120.43653106689453,34.879131317138672
91745475,2022,2022-04-11,9760,2022-04-07,1740,015830,,4,2,9,4200,0,1,2,,2,011,"US-101 S/B","MISSION ST",792.00,S,N,A,-,Y,SB,,101,,R,15.168,H,,L,Y,4,0,1,3,A,-,03,22350,,N,C,C,A,A,H,-,A,D,0,,,,,Y,,A,07,0,0,1,0,0,0,0,0,0,"- ","- ",34.41986083984375,-119.71282196044922,"SANTA BARBARA",UNINCORPORATED,-119.7127685546875,34.419906616210938
91746113,2022,2022-04-12,9760,2022-04-06,1140,017140,,3,1,9,4200,0,1,2,,2,010,"US-101 NORTHBOUND","SOUTH PADARO LANE",3960.00,N,N,A,-,Y,SB,,101,,R,6.077,H,,R,Y,4,0,1,2,A,-,03,22350,,N,C,C,A,A,D,-,A,D,0,,,,,Y,,A,01,0,0,1,0,0,0,0,0,0,"- ","- ",34.416610717773438,-119.56404113769531,"SANTA BARBARA",UNINCORPORATED,-119.56404113769531,34.416599273681641
91751439,2022,2022-04-19,9760,2022-04-18,1045,021061,,1,1,9,4200,0,3,5,,2,005,"PASADO RD.","CAMINO DEL SUR",50.00,E,N,A,-,N,,,,,,,,,,N,3,0,1,1,A,-,03,22350,,N,F,A,A,A,H,-,A,D,0,,,,,Y,,M,94,0,1,0,0,0,0,0,0,0,"- ","- ",34.411708831787109,-119.86235809326172,"SANTA BARBARA",UNINCORPORATED,-119.86241149902344,34.411697387695312
91753292,2022,2022-04-21,9760,2022-04-13,2210,022181,,3,3,9,4200,0,1,3,,1,014,"SR-192 (TORO CANYON ROAD)","TORITO ROAD",140.00,E,N,A,-,N,,,,,,,,,,Y,3,0,2,1,A,-,08,22107,,N,E,I,A,A,H,-,D,D,0,,,,,Y,,A,01,0,1,1,0,0,0,0,0,0,"- ","- ",34.429649353027344,-119.57328033447266,"SANTA BARBARA",UNINCORPORATED,-119.57326507568359,34.429637908935547
91753455,2022,2022-04-21,9750,2022-04-15,1325,020511,,5,1,9,4200,0,1,3,,1,011,SR-166,"BLACK RD.",500.00,E,N,A,-,Y,SB,,166,,,5.061,H,,R,Y,3,0,1,3,A,-,03,22350,,N,C,C,A,A,H,-,A,D,0,,,,,Y,,D,22,0,1,0,0,0,0,0,0,0,"- ","- ",34.955131530761719,-120.48541259765625,"SANTA BARBARA",UNINCORPORATED,-120.48542022705078,34.955039978027344
91755504,2022,2022-04-25,9750,2022-04-16,0958,017910,,6,1,9,4200,0,3,5,,2,020,"GRACIOSA ROAD","OAKHILL DR",105.00,S,N,B,-,N,,,,,,,,,,Y,3,0,2,1,A,-,01,23152,A,N,E,I,A,A,H,-,A,D,0,,,,,Y,Y,A,01,0,2,0,0,0,0,0,0,0,"- ","- ",34.857700347900391,-120.43692779541016,"SANTA BARBARA",UNINCORPORATED,-120.43984985351562,34.857639312744141
91757559,2022,2022-04-27,9755,2022-04-16,1930,018483,,6,2,9,4200,0,1,3,,1,042,SR-154,"LAKEVIEW DRIVE",10771.00,E,N,A,-,Y,SB,,154,,,16.753,H,,R,N,2,0,1,2,A,-,08,22107,,F,H,G,A,A,H,-,B,D,0,,Y,,,Y,,A,01,1,0,0,0,0,0,1,0,0,"- ","- ",34.562068939208984,-119.92800140380859,"SANTA BARBARA",UNINCORPORATED,-119.92800903320312,34.562049865722656
91757606,2022,2022-04-27,9755,2022-04-13,1844,017378,,3,2,9,4200,0,3,5,,2,050,"APOLLO WAY","CONSTELLATION RD.",9.00,E,N,A,-,N,,,,,,,,,,N,3,0,1,2,A,-,12,21453,A,M,D,G,A,A,H,-,A,A,0,,Y,,,Y,,-,99,0,1,0,0,0,0,1,0,0,"- ","- ",34.699428558349609,-120.46813201904297,"SANTA BARBARA",UNINCORPORATED,-120.46815490722656,34.699443817138672
9175992,2020,2021-02-02,4203,2020-11-04,0848,24576,13,3,5,5,4203,0,0,0,,0,002,"CABRILLO BL","CASTILLO ST",0.00,,Y,A,-,N,,,,,,,,,,N,3,0,1,2,A,-,10,21950,A,N,G,B,B,A,H,-,A,A,0,Y,,,,Y,,D,22,0,1,0,0,1,0,0,0,0,"- ","- ",34.407981872558594,-119.69396209716797,"SANTA BARBARA","SANTA BARBARA",-119.69389343261719,34.408058166503906
91763499,2022,2022-05-03,9750,2022-04-21,1425,013267,,4,2,9,4200,0,1,3,,1,021,"SR 135 NORTHBOUND","LAKEVIEW ROAD",637.00,S,N,A,-,Y,SB,,135,,,11.596,H,,R,N,4,0,2,3,A,-,03,22350,,N,C,C,A,A,C,-,A,A,0,,,,Y,Y,,G,26,0,0,2,0,0,0,0,0,0,"- ","- ",34.892589569091797,-120.43647766113281,"SANTA BARBARA",UNINCORPORATED,-120.43646240234375,34.892589569091797
9176477,2020,2020-11-23,4200,2020-08-26,2048,4417,14,3,5,4,4214,0,0,0,,0,060,"S KELLOGG AV","HOLLISTER AV",490.00,S,N,A,-,N,,,,,,,,,,Y,2,0,2,4,A,-,01,23152,A,N,E,I,A,A,H,-,C,D,0,,,,,Y,Y,A,01,1,1,0,0,0,0,0,0,0,"- ","- ",,,"SANTA BARBARA",GOLETA,-119.82053375244141,34.434345245361328
91765361,2022,2022-05-05,9760,2022-05-01,2100,020965,,7,2,9,4200,0,1,2,,2,020,"TURNPIKE ROAD","US-101 N/B TO TURNPIKE ROAD",0.00,,Y,A,-,Y,,,,,,,,,,N,4,0,2,2,A,-,12,21453,A,N,D,C,A,A,H,-,C,A,0,,,,,Y,,D,22,0,0,2,0,0,0,0,0,0,"- ","- ",34.442890167236328,-119.78938293457031,"SANTA BARBARA",UNINCORPORATED,-119.78942108154297,34.441551208496094
91767657,2022,2022-05-09,9760,2022-05-06,0319,020964,,5,3,9,4200,0,1,3,,1,022,SR-154,"154 SB 28.41",350.00,W,N,A,-,Y,SB,,154,,,28.339,H,,R,Y,4,0,1,1,A,-,08,22107,,N,E,I,A,A,H,-,D,D,0,,,,,Y,,A,01,0,0,1,0,0,0,0,0,0,"- ","- ",34.483871459960938,-119.77683258056641,"SANTA BARBARA",UNINCORPORATED,-119.77683258056641,34.483848571777344
91768876,2022,2022-05-10,9760,2022-05-05,1230,015669,,4,1,9,4200,0,3,5,,2,005,"CAMINO DEL SUR","EL COLEGIO ROAD",0.00,,Y,A,-,N,,,,,,,,,,N,2,0,1,2,A,-,10,21950,A,N,G,B,B,A,H,-,A,A,0,Y,,,,Y,,A,01,1,0,0,0,1,0,0,0,0,"- ","- ",34.417469024658203,-119.86266326904297,"SANTA BARBARA",UNINCORPORATED,-119.86254119873047,34.417312622070312
91769902,2022,2022-05-11,9755,2022-05-04,1941,017378,,3,2,9,4200,0,1,3,,1,053,"SR 246 E/B","CAMPBELL RD. EAST",3168.00,W,N,A,-,Y,SB,,246,,R,17.584,H,,R,Y,2,0,3,3,A,-,04,21703,,N,C,C,A,A,H,-,B,D,0,,,,,Y,,-,"- ",1,2,0,0,0,0,0,0,0,"- ","- ",34.658218383789062,-120.32243347167969,"SANTA BARBARA",UNINCORPORATED,-120.32244873046875,34.658203125
9177105,2020,2020-11-16,4200,2020-09-03,2155,4974,14,4,5,4,4214,0,0,0,,0,080,"HOLLISTER AV","CANNON GREEN DR",38.00,E,N,A,-,N,,,,,,,,,,N,2,0,1,2,A,-,07,21658,A,N,H,G,A,A,H,-,C,D,0,,Y,,,Y,Y,L,04,1,0,0,0,0,0,1,0,0,"- ","- ",,,"SANTA BARBARA",GOLETA,-119.88340759277344,34.42999267578125
9177110,2020,2020-11-16,4202,2020-09-03,2037,292,,4,5,4,4202,0,0,0,,0,,"NECTARINE AV","R ST",0.00,,Y,A,-,N,,,,,,,,,,N,4,0,1,2,A,-,09,21806,A,N,D,C,A,A,H,-,C,A,0,,Y,,,Y,,L,04,0,0,1,0,0,0,1,0,0,"- ","- ",,,"SANTA BARBARA",LOMPOC,-120.47045135498047,34.649528503417969
9177111,2020,2020-11-16,4202,2020-09-04,2025,289,,5,5,4,4202,0,0,0,,0,,"WILLOW AV","K ST",14.00,E,N,A,-,N,,,,,,,,,,Y,4,0,1,2,A,-,00,2800,2,F,A,C,A,A,H,-,C,D,0,,,,,Y,,A,01,0,0,1,0,0,0,0,0,0,"- ","- ",,,"SANTA BARBARA",LOMPOC,-120.46176147460938,34.631019592285156
91771871,2022,2022-05-13,9750,2022-05-06,2340,016874,,5,3,5,4203,0,1,2,,2,003,"US-101 N/B TO STOWELL ROAD","STOWELL ROAD OVER-CROSSING",780.00,N,N,A,-,Y,SB,,101,,,87.754,H,,R,N,3,0,1,1,A,-,01,23152,A,N,F,A,A,A,H,-,C,D,0,,,,,Y,Y,D,22,0,1,0,0,0,0,0,0,0,"- ","- ",34.940509796142578,-120.41744232177734,"SANTA BARBARA","SANTA BARBARA",-120.41770935058594,34.940513610839844
91773292,2022,2022-05-16,9760,2022-05-13,2050,018418,,5,2,5,4203,0,1,2,,2,011,"U.S. 101 S/B TO CARRILLO ST","CARRILLO ST",25.00,N,N,A,-,Y,,,,,,,,,,N,4,0,2,2,A,-,03,22350,,N,C,C,A,A,H,-,C,A,0,,,,,Y,,A,01,0,0,2,0,0,0,0,0,0,"- ","- ",34.416160583496094,-119.70767974853516,"SANTA BARBARA","SANTA BARBARA",-119.70744323730469,34.416362762451172
91774195,2022,2022-05-17,9750,2022-05-09,0645,016170,,1,1,9,4200,0,1,3,,1,021,"SR-135 N/B (ORCUTT EXPRESSWAY)","CLARK AVE",3696.00,S,N,A,-,Y,SB,,135,,R,9.681,H,,R,Y,4,0,1,1,A,-,08,22107,,N,E,I,A,A,H,-,A,D,0,,,,,Y,,A,01,0,0,1,0,0,0,0,0,0,"- ","- ",34.85784912109375,-120.44435119628906,"SANTA BARBARA",UNINCORPORATED,-120.44435119628906,34.857978820800781
91775080,2022,2022-05-18,9750,2022-05-10,1725,019831,,2,2,9,4200,0,2,4,,1,024,"ORCUTT RD","LAKEVIEW ROAD",0.00,,Y,A,-,Y,,,,,,,,,,N,4,0,1,2,A,-,09,21802,A,N,D,C,A,A,H,-,A,A,0,,,,,Y,,D,22,0,0,1,0,0,0,0,0,0,"- ","- ",34.89447021484375,-120.43609619140625,"SANTA BARBARA",UNINCORPORATED,-120.43612670898438,34.894447326660156
9177577,2020,2021-01-13,4204,2020-10-13,1422,23000,006,2,5,5,4204,0,0,0,,0,001,"DONOVAN RD","CARLOTTI DR",0.00,,Y,A,-,N,,,,,,,,,,N,4,0,1,2,A,-,21,22106,,N,C,C,A,A,H,-,A,A,0,,,,Y,Y,,F,27,0,0,1,0,0,0,0,0,0,"- ","- ",34.967990875244141,-120.42072296142578,"SANTA BARBARA","SANTA MARIA",-120.42070007324219,34.967639923095703
91775965,2022,2022-05-19,9755,2022-05-14,1208,017378,,6,1,9,4200,0,1,3,,1,042,"RT 154","ARMOUR RANCH RD.",2112.00,E,N,A,-,N,,,,,,,,,,Y,3,0,2,2,A,-,09,21801,A,N,D,C,A,A,H,-,A,D,0,,,,,Y,,A,01,0,2,0,0,0,0,0,0,0,"- ","- ",34.587791442871094,-120.02532958984375,"SANTA BARBARA",UNINCORPORATED,-120.02532958984375,34.587802886962891
91777077,2022,2022-05-20,9750,2022-05-12,2020,020907,,4,2,9,4200,0,1,2,,2,001,"US-101 S/B","CLARK AVE.",1800.00,N,N,A,-,Y,,,,,,,,,,N,4,0,1,1,C,-,18,,,N,H,H,A,A,H,-,C,D,0,,,,,Y,,-,"- ",0,0,1,0,0,0,0,0,0,"- ","- ",34.868831634521484,-117.39939880371094,"SANTA BARBARA",UNINCORPORATED,-120.39986419677734,34.869415283203125
91777735,2022,2022-05-23,9760,2022-05-15,1300,019464,,7,1,9,4200,0,1,2,,2,010,"US-101 S/B","N. PADARO LANE O/C",150.00,S,N,A,-,Y,SB,,101,,R,7.105,H,,L,Y,3,0,1,1,A,-,08,22107,,N,F,A,A,A,D,-,A,D,0,,,Y,,Y,,C,02,0,1,0,0,0,0,0,0,1,"- ","- ",34.416439056396484,-119.58207702636719,"SANTA BARBARA",UNINCORPORATED,-119.58209228515625,34.416404724121094
91777856,2022,2022-05-23,9760,2022-05-14,1325,019446,,6,1,9,4200,0,1,2,,2,010,"US-101 N/B","SHEFFIELD DRIVE",40.00,N,N,A,-,Y,SB,,101,,,9.024,H,,R,N,3,0,1,4,A,-,03,22350,,N,B,C,A,A,D,-,A,D,0,,,,,Y,,A,07,0,1,0,0,0,0,0,0,0,"- ","- ",34.421871185302734,-119.61441040039062,"SANTA BARBARA",UNINCORPORATED,-119.61441040039062,34.421863555908203
91778846,2022,2022-05-24,9760,2022-05-14,1755,022726,,6,2,9,4200,0,3,5,,2,002,"NORTH PATTERSON AVENUE","OAKSIDE WAY",207.00,S,N,A,-,N,,,,,,,,,,Y,4,0,1,2,A,-,08,22107,,N,A,E,A,A,H,-,B,D,0,,,,,Y,,A,07,0,0,1,0,0,0,0,0,0,"- ","- ",34.458038330078125,-119.81295013427734,"SANTA BARBARA",UNINCORPORATED,-119.81290435791016,34.458084106445312
91778959,2022,2022-05-24,9760,2022-05-18,2112,020965,,3,2,9,4200,0,3,5,,2,002,"STATE STREET",SR-154,545.00,W,N,A,-,N,,,,,,,,,,Y,4,0,3,3,A,-,03,22350,,N,C,C,A,A,H,-,C,D,0,,,,,Y,,A,07,0,0,3,0,0,0,0,0,0,"- ","- ",34.440578460693359,-119.76194000244141,"SANTA BARBARA",UNINCORPORATED,-119.76181793212891,34.440498352050781
9178339,2020,2021-01-26,4204,2020-10-09,1315,90139,,5,5,5,4204,0,0,0,,0,,"SKYWAY DR","MCCOY LN",0.00,,Y,A,-,N,,,,,,,,,,Y,3,0,3,2,A,-,12,21453,A,N,D,C,A,A,H,-,A,A,0,,,,,Y,,A,07,0,1,2,0,0,0,0,0,0,"- ","- ",34.916919708251953,-120.4541015625,"SANTA BARBARA","SANTA MARIA",-120.45413208007812,34.916820526123047
91783954,2022,2022-05-30,9750,2022-05-17,1847,020511,,2,2,9,4200,0,1,3,,1,021,"SR-135 N/B (ORCUTT EXPRESSWAY)","RICE RANCH ROAD U/C",5016.00,S,N,A,-,Y,SB,,135,,R,9.101,H,,R,Y,3,0,1,1,A,-,08,22107,,N,E,I,A,A,H,-,A,D,0,,,,,Y,,A,01,0,1,0,0,0,0,0,0,0,"- ","- ",34.852451324462891,-120.45192718505859,"SANTA BARBARA",UNINCORPORATED,-120.45198059082031,34.852455139160156
91783971,2022,2022-07-19,9750,2022-05-25,1720,016874,,3,2,9,4200,0,1,3,,1,011,"SR-166 (W. MAIN STREET)","SIMAS STREET",0.00,,Y,A,-,Y,SB,,166,,,0.909,H,,R,Y,4,0,2,3,A,-,09,21802,A,M,D,C,A,A,H,-,A,A,0,,,,Y,Y,,A,07,0,0,2,0,0,0,0,0,0,"- ","- ",34.957469940185547,-120.55795288085938,"SANTA BARBARA",UNINCORPORATED,-120.55795288085938,34.957412719726562
91784225,2022,2022-05-30,9755,2022-05-24,0140,020619,,2,3,9,4200,0,3,5,,2,050,"VANGUARD DR (4200 BLOCK)","FALCON DR",1320.00,E,N,A,-,N,,,,,,,,,,Y,4,0,1,2,A,-,08,22107,,N,E,E,A,A,H,-,C,D,0,,,,,Y,,A,01,0,0,1,0,0,0,0,0,0,"- ","- ",34.713291168212891,-120.46688079833984,"SANTA BARBARA",UNINCORPORATED,-120.46554565429688,34.711826324462891
91784368,2022,2022-05-31,9750,2022-05-26,1400,017705,,4,2,5,4204,0,1,2,,2,001,"US-101 S/B TO E. MAIN STREET","E. MAIN STREET",800.00,N,N,B,-,Y,SB,,101,,,88.816,H,,L,N,3,0,1,2,A,-,05,21651,A,N,B,C,A,A,H,-,A,D,0,,,Y,,Y,,A,08,0,1,0,0,0,0,0,0,1,"- ","- ",34.955921173095703,-120.41751098632812,"SANTA BARBARA","SANTA MARIA",-120.41739654541016,34.955928802490234
91788490,2022,2022-06-06,9750,2022-05-27,1625,020511,,5,2,9,4200,0,1,2,,2,001,"US-101 S/B (EL CAMINO REAL)","SANTA MARIA WAY",5491.00,N,N,A,-,Y,SB,,101,,,85.414,H,,L,Y,2,0,2,2,A,-,03,22350,,N,C,C,A,A,G,-,A,D,0,,,,,Y,,A,01,2,0,0,0,0,0,0,0,0,"- ","- ",34.906600952148438,-120.41824340820312,"SANTA BARBARA",UNINCORPORATED,-120.41818237304688,34.906600952148438
91790177,2022,2022-06-07,9750,2022-05-28,1330,020511,,6,1,9,4200,0,1,3,,1,011,"SR-166 (W. MAIN STREET)","HANSON WAY",950.00,W,N,A,-,Y,SB,,166,,,6.333,H,,R,Y,4,0,1,2,A,-,08,22107,,N,E,I,A,A,H,-,A,D,0,,,,,Y,,A,07,0,0,1,0,0,0,0,0,0,"- ","- ",34.95330810546875,-120.46343994140625,"SANTA BARBARA",UNINCORPORATED,-120.46343231201172,34.953350067138672
91790248,2022,2022-06-07,9760,2022-05-29,1644,021283,,7,2,9,4200,0,1,2,,2,010,US-101,"NORTH PADARO LANE",1832.00,S,N,A,-,Y,,,,,,,,,,N,4,0,3,2,A,-,03,22350,,N,C,C,A,A,H,-,A,D,0,,,,,Y,,D,22,0,0,3,0,0,0,0,0,0,"- ","- ",34.416019439697266,-119.57649230957031,"SANTA BARBARA",UNINCORPORATED,-119.57649230957031,34.415637969970703
91791319,2022,2022-06-08,9760,2022-06-01,1540,015830,,3,2,5,4203,0,1,2,,2,011,"US-101 S/B","CABRILLO BLVD",1056.00,S,N,A,-,Y,SB,,101,,,11.027,H,,L,Y,4,0,1,2,A,-,03,22350,,N,B,C,A,A,H,-,A,D,0,,,Y,,Y,,-,"- ",0,0,1,0,0,0,0,0,1,"- ","- ",34.420589447021484,-119.64820861816406,"SANTA BARBARA","SANTA BARBARA",-119.648193359375,34.420627593994141
91793076,2022,2022-06-10,9760,2022-06-06,1213,022726,,1,1,5,4203,0,1,2,,2,020,"US-101 NORTHBOUND","LAS POSITAS AVENUE OVERCROSSING",1056.00,N,N,A,-,Y,SB,,101,,,16.841,H,,R,Y,3,0,1,1,A,-,01,23152,F,N,F,0,A,A,H,-,A,D,0,,,,,Y,,A,01,0,1,0,0,0,0,0,0,0,"- ","- ",34.428768157958984,-119.73866271972656,"SANTA BARBARA","SANTA BARBARA",-119.73867797851562,34.428718566894531
9179400,2020,2020-12-04,4203,2020-10-24,1619,24580,,6,5,5,4203,0,0,0,,0,005,"LAS POSITAS RD","TALLANT RD",30.00,W,N,B,-,N,,,,,,,,,,Y,4,0,3,2,A,-,03,22350,,N,C,C,A,A,H,-,A,D,0,,,,,Y,,A,01,0,0,3,0,0,0,0,0,0,"- ","- ",34.431148529052734,-119.73365783691406,"SANTA BARBARA","SANTA BARBARA",-119.73361968994141,34.431198120117188
9179418,2020,2020-11-12,4200,2020-09-12,1120,5129,14,6,5,4,4214,0,0,0,,0,060,"LOS CARNEROS RD","KARL STORZ DR",0.00,,Y,A,-,N,,,,,,,,,,Y,3,0,1,2,A,-,12,21453,A,N,D,C,A,A,H,-,A,A,0,,,,,Y,,A,01,0,1,0,0,0,0,0,0,0,"- ","- ",,,"SANTA BARBARA",GOLETA,-119.85487999999999,34.433343999999998
9179419,2020,2020-11-12,4200,2020-09-26,1315,3875,14,6,5,4,4214,0,0,0,,0,080,"STORKE RD","HOLLISTER AV",16.00,S,N,A,-,N,,,,,,,,,,N,3,0,1,2,A,-,12,21453,A,N,H,G,A,A,H,-,A,A,0,,Y,,,Y,,L,04,0,1,0,0,0,0,1,0,0,"- ","- ",,,"SANTA BARBARA",GOLETA,-119.8697509765625,34.430057525634766
9179622,2020,2020-12-29,4200,2020-10-05,1536,5257,14,1,5,4,4214,0,0,0,,0,050,"S PATTERSON AV","RT 101",0.00,,Y,A,-,N,,,,,,,,,,Y,4,0,1,2,A,-,12,21453,A,N,D,C,A,A,H,-,A,A,0,,,,,Y,,A,01,0,0,1,0,0,0,0,0,0,"- ",NF,,,"SANTA BARBARA",GOLETA,-119.80845642089844,34.441810607910156