CASE_ID,ACCIDENT_YEAR,PROC_DATE,JURIS,COLLISION_DATE,COLLISION_TIME,OFFICER_ID,REPORTING_DISTRICT,DAY_OF_WEEK,CHP_SHIFT,POPULATION,CNTY_CITY_LOC,SPECIAL_COND,BEAT_TYPE,CHP_BEAT_TYPE,CITY_DIVISION_LAPD,CHP_BEAT_CLASS,BEAT_NUMBER,PRIMARY_RD,SECONDARY_RD,DISTANCE,DIRECTION,INTERSECTION,WEATHER_1,WEATHER_2,STATE_HWY_IND,CALTRANS_COUNTY,CALTRANS_DISTRICT,STATE_ROUTE,ROUTE_SUFFIX,POSTMILE_PREFIX,POSTMILE,LOCATION_TYPE,RAMP_INTERSECTION,SIDE_OF_HWY,TOW_AWAY,COLLISION_SEVERITY,NUMBER_KILLED,NUMBER_INJURED,PARTY_COUNT,PRIMARY_COLL_FACTOR,PCF_CODE_OF_VIOL,PCF_VIOL_CATEGORY,PCF_VIOLATION,PCF_VIOL_SUBSECTION,HIT_AND_RUN,TYPE_OF_COLLISION,MVIW,PED_ACTION,ROAD_SURFACE,ROAD_COND_1,ROAD_COND_2,LIGHTING,CONTROL_DEVICE,CHP_ROAD_TYPE,PEDESTRIAN_ACCIDENT,BICYCLE_ACCIDENT,MOTORCYCLE_ACCIDENT,TRUCK_ACCIDENT,NOT_PRIVATE_PROPERTY,ALCOHOL_INVOLVED,STWD_VEHTYPE_AT_FAULT,CHP_VEHTYPE_AT_FAULT,COUNT_SEVERE_INJ,COUNT_VISIBLE_INJ,COUNT_COMPLAINT_PAIN,COUNT_PED_KILLED,COUNT_PED_INJURED,COUNT_BICYCLIST_KILLED,COUNT_BICYCLIST_INJURED,COUNT_MC_KILLED,COUNT_MC_INJURED,PRIMARY_RAMP,SECONDARY_RAMP,LATITUDE,LONGITUDE,COUNTY,CITY,POINT_X,POINT_Y
91798676,2022,2022-06-20,9760,2022-06-17,1600,018418,,5,2,9,4200,0,1,2,,2,010,US-101,"N PADARO LANE",1000.00,S,N,A,-,Y,SB,,101,,R,6.714,H,,R,Y,4,0,2,3,A,-,03,22350,,N,C,C,A,A,D,-,A,D,0,,,,,Y,,A,01,0,0,2,0,0,0,0,0,0,"- ","- ",34.4156494140625,-119.57527160644531,"SANTA BARBARA",UNINCORPORATED,-119.57527160644531,34.415668487548828
91799832,2022,2022-06-21,9760,2022-06-17,0750,015669,,5,1,3,4205,0,1,2,,2,010,"US-101 N/B","CASITAS PASS ROAD",100.00,N,N,A,-,Y,SB,,101,,,2.668,H,,R,Y,4,0,1,3,A,-,03,22350,,M,C,C,A,A,H,-,A,D,0,,,,,Y,,D,23,0,0,1,0,0,0,0,0,0,"- ","- ",34.397190093994141,-119.51177215576172,"SANTA BARBARA",CARPINTERIA,-119.51174926757812,34.397201538085938
9180009,2020,2020-11-30,4204,2020-10-20,0611,22076,019,2,5,5,4204,0,0,0,,0,003,BROADWAY,"NEWLOVE DR",100.00,S,N,E,-,Y,SB,5,135,-,-,14.150,H,-,S,Y,4,0,1,2,A,-,03,22350,,N,D,C,A,B,H,-,C,A,0,,,,,Y,,D,22,0,0,1,0,0,0,0,0,0,"- ","- ",34.928791046142578,-120.43634796142578,"SANTA BARBARA","SANTA MARIA",-120.43612670898438,34.929603576660156
91800485,2022,2022-06-22,9755,2022-06-18,1645,020483,,6,2,9,4200,0,1,2,,2,004,US-101,SR-154,1584.00,N,N,A,-,Y,SB,,101,,,63.121,H,,R,N,4,0,1,2,A,-,07,21658,A,N,B,C,A,A,H,-,A,D,0,,,,,Y,,D,22,0,0,1,0,0,0,0,0,0,"- ","- ",34.693180084228516,-120.16033172607422,"SANTA BARBARA",UNINCORPORATED,-120.16005706787109,34.693305969238281
91800502,2022,2022-06-22,9755,2022-06-20,1025,016058,,1,1,9,4200,0,1,3,,1,055,"SR-1 S/B (CABRILLO HWY)","AZALIA LANE",5280.00,S,N,A,-,Y,SB,,1,,R,27.376,H,,L,Y,4,0,1,1,A,-,08,22107,,N,E,I,A,A,H,-,A,D,0,,,,,Y,,A,01,0,0,1,0,0,0,0,0,0,"- ","- ",34.722160339355469,-120.493408203125,"SANTA BARBARA",UNINCORPORATED,-120.49336242675781,34.722179412841797
91801230,2022,2022-06-22,9755,2022-06-10,2220,020757,,5,3,9,4200,0,3,5,,2,050,"CENTRAL AVENUE","LEEGE AVENUE",1510.00,E,N,A,-,N,,,,,,,,,,Y,2,0,2,1,A,-,01,23152,A,N,F,A,A,A,H,-,D,D,0,,,,,Y,Y,A,07,1,1,0,0,0,0,0,0,0,"- ","- ",34.661239624023438,-120.49639129638672,"SANTA BARBARA",UNINCORPORATED,-120.49664306640625,34.661243438720703
91803039,2022,2022-06-24,9750,2022-02-15,1800,013267,,2,2,9,4200,0,1,2,,2,001,"US 101 SOUTHBOUND","CLARK AVENUE",2904.00,S,N,A,-,Y,SB,,101,,,81.601,H,,L,Y,1,1,0,1,A,-,01,23152,A,N,E,8,A,A,H,-,A,D,0,,,,,Y,,D,22,0,0,0,0,0,0,0,0,0,"- ","- ",34.85845947265625,-120.39044189453125,"SANTA BARBARA",UNINCORPORATED,-120.39039611816406,34.858486175537109
91803603,2022,2022-06-27,9760,2022-06-24,1305,020964,,5,1,9,4200,0,1,3,,1,022,SR-154,SR-192,0.00,,Y,A,-,N,,,,,,,,,,N,3,0,1,2,A,-,05,21650,,N,D,G,A,A,H,-,A,D,0,,Y,,,Y,,L,04,0,1,0,0,0,0,1,0,0,"- ","- ",34.451328277587891,-119.76149749755859,"SANTA BARBARA",UNINCORPORATED,-119.76233673095703,34.451335906982422
91810151,2022,2022-07-05,9760,2022-06-24,1130,017140,,5,1,9,4200,0,1,2,,2,010,"US-101 NORTHBOUND","SAN YSIDRO ROAD",400.00,S,N,B,-,Y,SB,,101,,,9.946,H,,R,Y,4,0,2,4,A,-,03,22350,,N,C,C,A,A,H,-,A,D,0,,,,,Y,,D,22,0,0,2,0,0,0,0,0,0,"- ","- ",34.422149658203125,-119.6302490234375,"SANTA BARBARA",UNINCORPORATED,-119.63027191162109,34.422103881835938
91812759,2022,2022-07-08,9760,2022-07-06,0545,017140,,3,3,9,4200,0,1,2,,2,020,"US-101 SOUTHBOUND TO TURNPIKE ROAD","TURNPIKE ROAD",0.00,,Y,B,-,Y,,,,,,,,,,Y,3,0,2,2,A,-,01,23152,A,F,D,C,A,A,H,-,A,A,0,,,,,Y,Y,A,01,0,1,1,0,0,0,0,0,0,"- ","- ",34.441928863525391,-119.78941345214844,"SANTA BARBARA",UNINCORPORATED,-119.78941345214844,34.442226409912109
91812890,2022,2022-07-08,9750,2022-06-29,2100,020765,,3,2,5,4204,0,1,2,,2,001,"US-101 N/B","BETTERAVIA RD",1500.00,N,N,A,-,Y,SB,,101,,,86.936,H,,R,Y,4,0,1,2,A,-,07,21658,A,N,B,2,A,A,H,-,A,D,0,,,,,Y,,A,01,0,0,1,0,0,0,0,0,0,"- ","- ",34.92864990234375,-120.41767120361328,"SANTA BARBARA","SANTA MARIA",-120.41778564453125,34.92864990234375
9181310,2020,2020-12-04,4200,2020-10-25,1752,5177,14,7,5,4,4214,0,0,0,,0,080,"HOLLISTER AV","PACIFIC OAKS RD",25.00,E,N,A,-,N,,,,,,,,,,N,4,0,1,2,A,-,03,22350,,N,C,C,A,A,H,-,B,A,0,,,,,Y,,A,01,0,0,1,0,0,0,0,0,0,"- ","- ",,,"SANTA BARBARA",GOLETA,-119.87758636474609,34.430099487304688
91815195,2022,2022-07-12,9755,2022-07-01,1750,022749,,5,2,9,4200,0,1,3,,1,042,"ALAMO PINTADO AVE","GRAND AVE",0.00,,Y,A,-,N,,,,,,,,,,N,3,0,1,2,A,-,10,21950,A,N,G,B,B,A,H,-,A,A,0,Y,,,,Y,,A,07,0,1,0,0,1,0,0,0,0,"- ","- ",34.665500640869141,-120.11488342285156,"SANTA BARBARA",UNINCORPORATED,-120.11500549316406,34.665515899658203
91815422,2022,2022-07-12,9750,2022-07-03,1700,013267,,7,2,9,4200,0,1,2,,2,003,"US 101 SOUTHBOUND","ALISOS CANYON ROAD",3168.00,N,N,A,-,Y,SB,,101,,,69.329,H,,R,N,4,0,1,1,A,-,08,22107,,N,F,A,A,A,H,-,A,D,0,,,,,Y,,A,01,0,0,1,0,0,0,0,0,0,"- ","- ",34.735260009765625,-120.24501800537109,"SANTA BARBARA",UNINCORPORATED,-120.24503326416016,34.7352294921875
91815453,2022,2022-07-12,9760,2022-07-05,1310,022916,,2,1,9,4200,0,1,2,,2,010,"SAN YSIDRO ROAD","JAMESON LN",15.00,S,N,A,-,N,,,,,,,,,,N,3,0,1,2,A,-,21,22106,,N,C,C,A,A,H,-,A,D,0,,,,,Y,,A,07,0,1,0,0,0,0,0,0,0,"- ","- ",34.422958374023438,-119.63150787353516,"SANTA BARBARA",UNINCORPORATED,-119.63153076171875,34.422019958496094
91820259,2022,2022-07-19,9760,2022-07-14,1340,022926,,4,1,9,4200,0,3,5,,2,002,"PATTERSON AVE","CATHEDRAL OAKS RD",0.00,,Y,A,-,N,,,,,,,,,,Y,4,0,1,2,A,-,12,21453,A,N,D,C,A,A,H,-,A,A,0,,,,,Y,,D,22,0,0,1,0,0,0,0,0,0,"- ","- ",34.453109741210938,-119.80805969238281,"SANTA BARBARA",UNINCORPORATED,-119.80819702148438,34.453025817871094
91820530,2022,2022-07-19,9760,2022-07-15,0728,022912,,5,1,9,4200,0,1,2,,2,010,"US 101 NB","SOUTH PADARO LANE",1590.00,S,N,B,-,Y,SB,,101,,R,5.540,H,,R,N,4,0,1,2,A,-,03,22350,,N,C,C,A,A,H,-,A,D,0,,,,,Y,,A,07,0,0,1,0,0,0,0,0,0,"- ","- ",34.413200378417969,-119.55593872070312,"SANTA BARBARA",UNINCORPORATED,-119.55599975585938,34.41314697265625
91822304,2022,2022-07-21,9750,2022-07-15,1625,020549,,5,2,9,4200,0,1,2,,2,001,"US-101 N/B","BETTERAVIA ROAD",1584.00,E,N,A,-,Y,SB,,101,,,86.914,H,,R,Y,4,0,1,1,A,-,03,22350,,N,E,I,A,A,H,-,A,D,0,,,,,Y,,A,01,0,0,1,0,0,0,0,0,0,"- ","- ",34.928329467773438,-120.41770172119141,"SANTA BARBARA",UNINCORPORATED,-120.41778564453125,34.928329467773438
91823014,2022,2022-07-22,9760,2022-07-16,1910,022926,,6,2,9,4200,0,1,2,,2,010,"US-101 N/B","NORTH PADARO LANE",1990.00,N,N,A,-,Y,SB,,101,,R,7.523,H,,R,Y,4,0,1,1,A,-,08,22107,,N,E,I,A,A,D,-,A,D,0,,,,,Y,,A,01,0,0,1,0,0,0,0,0,0,"- ","- ",34.417831420898438,-119.58927154541016,"SANTA BARBARA",UNINCORPORATED,-119.58925628662109,34.417861938476562
91825081,2022,2022-07-26,9750,2022-07-10,1728,019831,,7,2,9,4200,0,1,3,,1,023,"SR-135 S/B",SR-1,141.00,S,N,A,-,Y,SB,,135,,R,9.109,H,,L,Y,2,0,1,1,A,-,08,22107,,N,F,A,A,A,H,-,A,D,0,,,Y,,Y,,C,02,1,0,0,0,0,0,0,0,1,"- ","- ",34.853839874267578,-120.45281982421875,"SANTA BARBARA",UNINCORPORATED,-120.45267486572266,34.853801727294922
91825188,2022,2022-07-26,9755,2022-07-23,1750,020473,,6,2,9,4200,0,1,3,,2,041,"SR-246 W/B","CASINO DR.",500.00,E,N,A,-,Y,SB,,246,,,32.928,H,,L,Y,4,0,1,1,A,-,08,22107,,N,E,I,A,A,H,-,A,D,0,,,,,Y,,A,01,0,0,1,0,0,0,0,0,0,"- ","- ",34.610641479492188,-120.0849609375,"SANTA BARBARA",UNINCORPORATED,-120.08493041992188,34.610458374023438
91825502,2022,2022-07-26,9750,2022-07-18,1800,020510,,1,2,9,4200,0,3,5,,2,030,"FOXEN CANYON RD","DOMINION RD",3960.00,W,N,A,-,N,,,,,,,,,,Y,3,0,2,1,A,-,08,22107,,N,F,A,A,A,H,-,A,D,0,,,,,Y,,-,"- ",0,1,1,0,0,0,0,0,0,"- ","- ",34.922111511230469,-120.34857177734375,"SANTA BARBARA",UNINCORPORATED,-120.34789276123047,34.920997619628906
91825935,2022,2022-07-27,9750,2022-07-18,1548,013267,,1,2,9,4200,0,1,2,,2,003,"US 101 NORTHBOUND","RT 135",458.00,N,N,A,-,Y,SB,,101,,,71.006,H,,R,Y,4,0,2,5,A,-,03,22350,,N,C,C,A,A,D,-,A,D,0,,,,,Y,,A,01,0,0,2,0,0,0,0,0,0,"- ","- ",34.743499755859375,-120.27192687988281,"SANTA BARBARA",UNINCORPORATED,-120.27195739746094,34.74346923828125
91826098,2022,2022-07-27,9750,2022-07-16,1732,019831,,6,2,9,4200,0,1,3,,1,021,"SR-135 S/B","W. RICE RANCH ROAD",593.00,N,N,A,-,Y,SB,,135,,R,10.187,H,,L,Y,4,0,1,1,A,-,08,22107,,N,F,A,A,A,H,-,A,D,0,,,,,Y,,A,07,0,0,1,0,0,0,0,0,0,"- ","- ",34.861629486083984,-120.43698120117188,"SANTA BARBARA",UNINCORPORATED,-120.43718719482422,34.861698150634766
91826776,2022,2022-07-28,9760,2022-07-18,1348,022973,,1,1,9,4200,0,3,5,,2,001,"GIBRALTAR ROAD","EAST CAMINO CIELO",7920.00,S,N,A,-,N,,,,,,,,,,N,3,0,1,1,A,-,03,22350,,N,E,I,A,A,H,-,A,D,0,,Y,,,Y,,L,04,0,1,0,0,0,0,1,0,0,"- ","- ",34.478408813476562,-119.68083190917969,"SANTA BARBARA",UNINCORPORATED,-119.68143463134766,34.481437683105469
91826835,2022,2022-07-28,9760,2022-07-22,1700,018418,,5,2,9,4200,0,1,2,,2,010,"U.S. 101 N/B","SAN YSIDRO RD",500.00,S,N,A,-,Y,SB,,101,,,9.776,H,,R,Y,4,0,4,3,A,-,03,22350,,N,C,C,A,A,H,-,A,D,0,,,,,Y,,A,01,0,0,4,0,0,0,0,0,0,"- ","- ",34.421268463134766,-119.62748718261719,"SANTA BARBARA",UNINCORPORATED,-119.62748718261719,34.4212646484375
91829442,2022,2022-08-01,9755,2022-07-21,1600,017378,,4,2,9,4200,0,3,5,,2,050,"CENTRAL AVE","DOUGLASS AVE.",0.00,,Y,A,-,N,,,,,,,,,,Y,3,0,1,2,A,-,05,21460,A,N,D,C,A,A,H,-,A,A,0,,,,,Y,,A,01,0,1,0,0,0,0,0,0,0,"- ","- ",34.661411285400391,-120.51046752929688,"SANTA BARBARA",UNINCORPORATED,-120.51049041748047,34.661376953125
91829761,2022,2022-08-01,9760,2022-07-21,0935,016739,,4,1,5,4203,0,1,2,,2,011,"US-101 S/B (EL CAMINO REAL)","JUNIPERO ST.",310.00,S,N,A,-,Y,SB,,101,,,16.166,H,,L,Y,3,0,1,3,A,-,03,22350,,N,C,C,A,A,H,-,A,D,0,,,,,Y,,A,01,0,1,0,0,0,0,0,0,0,"- ","- ",34.426700592041016,-119.72704315185547,"SANTA BARBARA","SANTA BARBARA",-119.72702789306641,34.426773071289062
91834066,2022,2022-08-05,9755,2022-07-29,1510,022749,,5,2,9,4200,0,1,3,,2,041,"SR-246 W/B (MISSION DR)","EDISON ST",55.00,E,N,A,-,Y,SB,,246,,,33.134,H,,L,Y,4,0,1,3,A,-,03,22350,,N,C,C,A,A,H,-,A,A,0,,,,,Y,,A,01,0,0,1,0,0,0,0,0,0,"- ","- ",34.610530853271484,-120.08148956298828,"SANTA BARBARA",UNINCORPORATED,-120.08148956298828,34.610527038574219
91835562,2022,2022-08-08,9755,2022-08-01,1922,020483,,1,2,9,4200,0,1,2,,2,004,"US-101 N/B","GAVIOTA STATE BEACH RD",1000.00,N,N,A,-,Y,SB,,101,,,46.548,H,,R,N,3,0,1,1,A,-,01,23152,A,N,E,I,A,A,H,-,A,D,0,,,,,Y,Y,A,07,0,1,0,0,0,0,0,0,0,"- ","- ",34.480319976806641,-120.22943878173828,"SANTA BARBARA",UNINCORPORATED,-120.22954559326172,34.480289459228516
91836680,2022,2022-08-09,9750,2022-08-02,2027,020510,,2,2,9,4200,0,3,5,,2,030,"FOXEN CANYON RD","LONG CANYON RD",1901.00,N,N,A,-,N,,,,,,,,,,Y,4,0,2,1,A,-,08,22107,,N,E,I,A,A,H,-,D,D,0,,,,,Y,,A,01,0,0,2,0,0,0,0,0,0,"- ","- ",34.864200592041016,-120.27716827392578,"SANTA BARBARA",UNINCORPORATED,-120.27721405029297,34.863971710205078
91836784,2022,2022-08-10,9755,2022-08-06,1220,020226,,6,1,9,4200,0,1,3,,1,042,"SR-154 E/B (SAN MARCOS PASS RD)","ARMOUR RANCH ROAD",0.00,,Y,A,-,Y,SB,,154,,R,10.043,H,,R,Y,4,0,1,2,A,-,03,22350,,N,C,C,A,A,H,-,A,D,0,,,,,Y,,A,07,0,0,1,0,0,0,0,0,0,"- ","- ",34.589691162109375,-120.03201293945312,"SANTA BARBARA",UNINCORPORATED,-120.03199768066406,34.589698791503906
91837040,2022,2022-08-10,9760,2022-08-01,1220,016739,,1,1,5,4203,0,1,2,,2,011,"US-101 S/B (EL CAMINO REAL)","CABRILLO BLVD.",1056.00,N,N,A,-,Y,SB,,101,,,11.654,H,,L,N,3,0,1,2,A,-,07,21658,A,N,C,C,A,A,H,-,A,D,0,,,Y,,Y,,A,01,0,1,0,0,0,0,0,0,1,"- ","- ",34.423000335693359,-119.6590576171875,"SANTA BARBARA","SANTA BARBARA",-119.6590576171875,34.4229736328125
91837158,2022,2022-08-10,9760,2022-07-22,1545,016739,,5,2,5,4203,0,1,2,,2,011,"US-101 N/B (EL CAMINO REAL)","MILPAS ST.",1584.00,S,N,A,-,Y,SB,,101,,,12.505,H,,R,N,4,0,1,1,D,-,00,,,N,H,J,A,A,H,-,A,D,0,,,,,Y,,-,"- ",0,0,1,0,0,0,0,0,0,"- ","- ",34.419929504394531,-119.67282867431641,"SANTA BARBARA","SANTA BARBARA",-119.67282867431641,34.419914245605469
91837317,2022,2022-08-10,9750,2022-08-02,1453,016469,,2,2,9,4200,0,2,4,,1,024,"BRADLEY RD","UNION VALLEY PARKWAY",0.00,,Y,A,-,N,,,,,,,,,,Y,4,0,1,2,A,-,12,21453,A,N,D,C,A,A,H,-,A,A,0,,,,,Y,,A,01,0,0,1,0,0,0,0,0,0,"- ","- ",34.879119873046875,-120.418701171875,"SANTA BARBARA",UNINCORPORATED,-120.418701171875,34.879356384277344
9183764,2020,2020-12-15,4202,2020-10-03,1922,234,4202,6,5,4,4202,0,0,0,,0,,"J ST","LAUREL AV",76.00,N,N,A,-,N,,,,,,,,,,Y,3,0,1,2,A,-,08,22107,,N,C,C,A,A,H,-,C,A,0,,,Y,,Y,,A,01,0,1,0,0,0,0,0,0,1,"- ","- ",,,"SANTA BARBARA",LOMPOC,-120.46041107177734,34.644050598144531
91839531,2022,2022-08-15,9760,2022-08-05,2200,022926,,5,3,9,4200,0,3,5,,2,002,"CALLE REAL","VIA LEE",0.00,,Y,A,-,N,,,,,,,,,,N,2,0,1,1,D,-,00,,,F,F,G,A,A,H,-,C,D,0,,Y,,,Y,,-,"- ",1,0,0,0,0,0,1,0,0,"- ","- ",34.443069458007812,-119.75509643554688,"SANTA BARBARA",UNINCORPORATED,-119.79225158691406,34.442398071289062
91840063,2022,2022-08-15,9760,2022-08-03,2025,021283,,3,2,9,4200,0,1,2,,1,040,"US-101 S/B","ARROYO QUEMADA LN",3696.00,N,N,A,-,Y,SB,,101,,,39.524,H,,L,Y,3,0,1,1,A,-,01,23152,A,N,E,J,A,A,H,-,D,D,0,,,,,Y,Y,A,01,0,1,0,0,0,0,0,0,0,"- ","- ",34.470329284667969,-120.11509704589844,"SANTA BARBARA",UNINCORPORATED,-120.11503601074219,34.470413208007812
91840310,2022,2022-08-15,9760,2022-08-07,2245,022485,,7,3,9,4200,0,3,5,,2,002,"VIA CHAPARRAL","SALVAR RD",0.00,,Y,A,-,N,,,,,,,,,,N,3,0,1,2,A,-,09,21802,A,N,D,C,A,A,H,-,D,D,0,,,,,Y,,A,01,0,1,0,0,0,0,0,0,0,"- ","- ",34.454490661621094,-119.76750946044922,"SANTA BARBARA",UNINCORPORATED,-119.76763916015625,34.454620361328125
91841426,2022,2022-08-16,9760,2022-08-07,0300,022916,,7,3,9,4200,0,1,2,,2,020,"US-101 NORTHBOUND","EL SUENO",235.00,S,N,A,-,Y,SB,,101,,,18.910,H,,R,Y,2,0,2,1,A,-,01,23152,A,N,E,8,A,A,H,-,D,D,0,,,,,Y,Y,A,01,2,0,0,0,0,0,0,0,0,"- ","- ",34.441131591796875,-119.76908874511719,"SANTA BARBARA",UNINCORPORATED,-119.76908874511719,34.440982818603516
9184201,2020,2020-12-14,4204,2020-10-21,1336,91007,,3,5,5,4204,0,0,0,,0,,"E JONES ST",BOONE,40.00,E,N,A,-,,,,,,,,,,,,4,0,1,2,A,-,09,21801,A,N,B,C,A,A,H,-,A,B,0,,,,,Y,,A,07,0,0,1,0,0,0,0,0,0,"- ","- ",,,"SANTA BARBARA","SANTA MARIA",-120.42449188232422,34.946819305419922
9184203,2020,2020-12-14,4204,2020-10-27,1337,90276,20,2,5,5,4204,0,0,0,,0,003,"BATTLES RD","SHEPARD DR",0.00,,Y,A,-,,,,,,,,,,,Y,4,0,1,2,A,-,09,21802,A,N,D,C,A,A,H,-,A,A,0,,,,,Y,,A,07,0,0,1,0,0,0,0,0,0,"- ","- ",34.931289672851562,-120.42144012451172,"SANTA BARBARA","SANTA MARIA",,
91842267,2022,2022-08-17,9760,2022-08-06,2015,022926,,6,2,9,4200,0,3,5,,2,001,"OLIVE MILL ROAD","SPRING ROAD",0.00,,Y,A,-,N,,,,,,,,,,Y,4,0,1,2,A,-,09,21802,A,N,D,C,A,A,H,-,C,A,0,,,,,Y,,D,22,0,0,1,0,0,0,0,0,0,"- ","- ",34.419410705566406,-119.64012145996094,"SANTA BARBARA",UNINCORPORATED,-119.64005279541016,34.419437408447266
91844279,2022,2022-08-19,9760,2022-08-09,1430,018786,,2,2,9,4200,0,3,5,,2,005,"CAMINO DEL SUR","PICASSO RD.",0.00,,Y,A,-,N,,,,,,,,,,N,3,0,1,2,A,-,21,22106,,F,D,C,A,A,H,-,A,A,0,,,,,Y,,M,94,0,1,0,0,0,0,0,0,0,"- ","- ",34.415138244628906,-119.8626708984375,"SANTA BARBARA",UNINCORPORATED,,
91844584,2022,2022-08-19,9750,2022-08-11,0939,017910,,4,1,9,4200,0,1,3,,1,012,SR-1,"BLACK RD",0.00,,Y,A,-,Y,SB,,1,,,41.813,H,,R,Y,3,0,3,2,A,-,09,21800,A,N,D,C,A,A,H,-,A,A,0,,,,,Y,,A,07,0,2,1,0,0,0,0,0,0,"- ","- ",34.881370544433594,-120.49745178222656,"SANTA BARBARA",UNINCORPORATED,-120.49744415283203,34.881378173828125
91844662,2022,2022-08-19,9755,2022-08-14,1620,020619,,7,2,9,4200,0,1,3,,2,041,SR-246,"WATERMILL LN",50.00,W,N,A,-,Y,SB,,246,,,32.290,H,,R,Y,4,0,1,2,A,-,01,23152,A,N,D,C,A,A,H,-,A,D,0,,,,,Y,Y,A,01,0,0,1,0,0,0,0,0,0,"- ","- ",34.606681823730469,-120.09506988525391,"SANTA BARBARA",UNINCORPORATED,-120.09506225585938,34.606632232666016
91845479,2022,2022-08-29,9760,2022-08-21,0200,022291,,7,3,9,4200,0,3,5,,2,002,"LAS PALMAS DR","LAYLA DRIVE",214.00,S,N,A,-,N,,,,,,,,,,Y,2,0,4,1,A,-,01,23152,A,N,E,I,A,A,H,-,D,D,0,,,,,Y,Y,A,01,4,0,0,0,0,0,0,0,0,"- ","- ",34.423198699951172,-119.76432037353516,"SANTA BARBARA",UNINCORPORATED,-119.76442718505859,34.423126220703125
91845634,2022,2022-08-22,9760,2022-08-16,0620,018418,,2,1,9,4200,0,1,2,,2,010,"U.S. 101 N/B","N PADARO LANE",3168.00,S,N,B,-,Y,SB,,101,,R,6.520,H,,R,Y,4,0,1,3,A,-,03,22350,,N,C,C,A,A,D,-,A,D,0,,,,,Y,,A,01,0,0,1,0,0,0,0,0,0,"- ","- ",34.416099548339844,-119.57186889648438,"SANTA BARBARA",UNINCORPORATED,-119.57187652587891,34.416114807128906
91847473,2022,2022-09-13,9760,2022-08-14,1825,022926,,7,2,9,4200,0,3,5,,2,001,"VIA REAL","NIDEVER RD.",545.00,E,N,A,-,N,,,,,,,,,,Y,2,0,3,2,A,-,01,23152,A,N,A,C,A,A,H,-,A,D,0,,,,,Y,Y,A,01,1,2,0,0,0,0,0,0,0,"- ","- ",34.415260314941406,-119.55812072753906,"SANTA BARBARA",UNINCORPORATED,-119.55893707275391,34.415847778320312
9184765,2020,2021-02-04,4203,2020-11-16,0745,24081,1,1,5,5,4203,0,0,0,,0,001,"OLIVE AV","LAGUNA ST",0.00,,Y,A,-,N,,,,,,,,,,N,3,0,1,2,A,-,10,21950,A,N,G,B,B,A,H,-,A,A,0,Y,,,,Y,,A,01,0,1,0,0,1,0,0,0,0,"- ","- ",34.434120178222656,-119.70867919921875,"SANTA BARBARA","SANTA BARBARA",-119.70883941650391,34.434211730957031
91852051,2021,2022-08-29,9760,2021-06-28,1138,014535,,1,1,3,4205,0,1,2,,2,010,"US-101 N/B","LINDEN AVENUE O/C",434.00,N,N,A,-,Y,,,101,,,,,,N,Y,3,0,3,3,A,-,02,22400,A,N,C,C,A,A,D,-,A,D,0,,,,,Y,,A,01,0,2,1,0,0,0,0,0,0,"- ","- ",34.401481628417969,-119.51754760742188,"SANTA BARBARA",CARPINTERIA,-119.51751708984375,34.401599884033203
91852098,2021,2022-08-29,9760,2021-12-29,2000,020423,,3,2,5,4203,0,1,2,,2,011,"US-101 S/B","MISSION STREET",900.00,S,N,B,C,Y,,,101,,,,,,S,Y,1,1,0,2,A,-,08,22107,,N,D,2,A,B,H,-,C,D,0,,,,,Y,,A,01,0,0,0,0,0,0,0,0,0,"- ","- ",34.423450469970703,-119.71759796142578,"SANTA BARBARA","SANTA BARBARA",-119.71762847900391,34.423412322998047
91854145,2022,2022-08-31,9760,2022-08-29,1155,023019,,1,1,9,4200,0,1,2,,2,020,"US-101 S/B",SR-154,1584.00,N,N,A,-,Y,,,,,,,,,,Y,4,0,1,4,A,-,03,22350,,N,C,C,A,A,H,-,A,D,0,,,,Y,Y,,F,27,0,0,1,0,0,0,0,0,0,"- ","- ",34.440090179443359,-119.76571655273438,"SANTA BARBARA",UNINCORPORATED,-119.7657470703125,34.44091796875
91855010,2022,2022-09-01,9760,2022-08-10,0800,017140,,3,1,9,4200,0,1,2,,2,010,"US-101 NORTHBOUND","SANTA YNEZ AVENUE",4224.00,N,N,A,-,Y,SB,,101,,,4.422,H,,R,Y,4,0,1,3,A,-,03,22350,,N,B,2,A,A,D,-,A,D,0,,,Y,,Y,,C,02,0,0,1,0,0,0,0,0,1,"- ","- ",34.405860900878906,-119.53978729248047,"SANTA BARBARA",UNINCORPORATED,-119.53978729248047,34.405868530273438
91855207,2022,2022-09-01,9750,2022-08-23,0735,017910,,2,1,9,4200,0,1,3,,1,012,SR-1,"BLACK RD",9504.00,N,N,B,-,Y,SB,,1,,,43.601,H,,R,Y,4,0,1,1,A,-,08,22107,,N,F,A,A,A,H,-,A,D,0,,,,,Y,,A,01,0,0,1,0,0,0,0,0,0,"- ","- ",34.897380828857422,-120.52263641357422,"SANTA BARBARA",UNINCORPORATED,-120.52260589599609,34.897426605224609