CASE_ID,ACCIDENT_YEAR,PROC_DATE,JURIS,COLLISION_DATE,COLLISION_TIME,OFFICER_ID,REPORTING_DISTRICT,DAY_OF_WEEK,CHP_SHIFT,POPULATION,CNTY_CITY_LOC,SPECIAL_COND,BEAT_TYPE,CHP_BEAT_TYPE,CITY_DIVISION_LAPD,CHP_BEAT_CLASS,BEAT_NUMBER,PRIMARY_RD,SECONDARY_RD,DISTANCE,DIRECTION,INTERSECTION,WEATHER_1,WEATHER_2,STATE_HWY_IND,CALTRANS_COUNTY,CALTRANS_DISTRICT,STATE_ROUTE,ROUTE_SUFFIX,POSTMILE_PREFIX,POSTMILE,LOCATION_TYPE,RAMP_INTERSECTION,SIDE_OF_HWY,TOW_AWAY,COLLISION_SEVERITY,NUMBER_KILLED,NUMBER_INJURED,PARTY_COUNT,PRIMARY_COLL_FACTOR,PCF_CODE_OF_VIOL,PCF_VIOL_CATEGORY,PCF_VIOLATION,PCF_VIOL_SUBSECTION,HIT_AND_RUN,TYPE_OF_COLLISION,MVIW,PED_ACTION,ROAD_SURFACE,ROAD_COND_1,ROAD_COND_2,LIGHTING,CONTROL_DEVICE,CHP_ROAD_TYPE,PEDESTRIAN_ACCIDENT,BICYCLE_ACCIDENT,MOTORCYCLE_ACCIDENT,TRUCK_ACCIDENT,NOT_PRIVATE_PROPERTY,ALCOHOL_INVOLVED,STWD_VEHTYPE_AT_FAULT,CHP_VEHTYPE_AT_FAULT,COUNT_SEVERE_INJ,COUNT_VISIBLE_INJ,COUNT_COMPLAINT_PAIN,COUNT_PED_KILLED,COUNT_PED_INJURED,COUNT_BICYCLIST_KILLED,COUNT_BICYCLIST_INJURED,COUNT_MC_KILLED,COUNT_MC_INJURED,PRIMARY_RAMP,SECONDARY_RAMP,LATITUDE,LONGITUDE,COUNTY,CITY,POINT_X,POINT_Y
91965354,2023,2023-01-11,9760,2023-01-09,"453 ",022291,,1,3,5,4203,0,1,2,,2,020,US-101,"STATE STREET",50.00,S,N,B,C,Y,SB,,101," "," ",18.108,H,,R,N,4,0,2,1,A,-,03,22350,,N,E,I,A,B,H,-,C,D,0,,,,,Y,,A,01,0,0,2,0,0,0,0,0,0,"- ","- ",34.440029144287109,-119.75562286376953,"SANTA BARBARA","SANTA BARBARA",-119.75546264648438,34.440200805664062
91967110,2022,2023-01-12,9750,2022-12-20,1955,020964,,2,2,9,4200,0,1,2,,2,003,"US-101 S/B (EL CAMINO REAL)","ALISOS CANYON RD",6864.00,S,N,A,-,Y,SB,,101,,,67.382,H,,L,Y,3,0,2,3,A,-,01,23152,A,N,F,A,A,A,H,-,D,D,0,,,,,Y,Y,A,01,0,1,1,0,0,0,0,0,0,"- ","- ",34.723670959472656,-120.21382141113281,"SANTA BARBARA",UNINCORPORATED,-120.21382904052734,34.723648071289062
91967285,2023,2023-01-13,9760,2023-01-04,1445,020423,,3,2,9,4200,0,1,2,,2,010,"US-101 S/B","SHEFFIELD DRIVE",550.00,S,N,C,-,Y,SB,,101," "," ",8.906,H,,L,N,4,0,1,2,D,-,00,,,M,B,C,A,D,D,-,A,D,0,,,,,Y,,-,"- ",0,0,1,0,0,0,0,0,0,"- ","- ",34.421428680419922,-119.61235046386719,"SANTA BARBARA",UNINCORPORATED,-119.61235046386719,34.421451568603516
91972015,2023,2023-01-19,9755,2023-01-11,1325,016988,,3,1,9,4200,0,1,3,,1,053,SR-246,"PURISIMA RD",0.00,,Y,A,-,Y,SB,,246," "," ",12.227,H,,R,N,4,0,1,2,A,-,09,21803,A,N,D,2,A,A,H,-,A,D,0,,,,,Y,,A,07,0,0,1,0,0,0,0,0,0,"- ","- ",34.664699554443359,-120.40818023681641,"SANTA BARBARA",UNINCORPORATED,-120.408203125,34.664558410644531
9197221,2020,2021-01-27,4204,2020-11-08,1620,91012,,7,5,5,4204,0,0,0,,0,003,"MAIN ST","NICHOLSON AV",0.00,,Y,G,-,N,,,,,,,,,,Y,4,0,1,2,A,-,01,23152,F,F,D,C,A,A,H,-,A,A,0,,,,,Y,,I,11,0,0,1,0,0,0,0,0,0,"- ","- ",34.953109741210938,-120.41638946533203,"SANTA BARBARA","SANTA MARIA",-120.41639709472656,34.952980041503906
91974348,2023,2023-01-23,9760,2023-01-20,1345,020752,,5,1,9,4200,0,3,5,,2,005,"MESA ROAD","LOS CARNEROS ROAD",0.00,,Y,A,-,N,,,,,,,,,,N,4,0,1,2,A,-,09,21801,A,N,D,C,A,A,H,-,A,A,0,,,,,Y,,A,07,0,0,1,0,0,0,0,0,0,"- ","- ",34.42205810546875,-119.85974884033203,"SANTA BARBARA",UNINCORPORATED,-119.85977172851562,34.422084808349609
91974710,2023,2023-01-23,9755,2023-01-19,1730,023112,,4,2,9,4200,0,3,5,,2,050,"SANTA ROSA RD",SR-1,6864.00,E,N,B,-,N,,,,,,,,,,Y,3,0,1,1,A,-,08,22107,,N,F,A,A,A,H,-,D,D,0,,,,,Y,,D,22,0,1,0,0,0,0,0,0,0,"- ","- ",34.615859985351562,-120.41053771972656,"SANTA BARBARA",UNINCORPORATED,-120.41088104248047,34.615829467773438
91977900,2023,2023-01-26,9755,2023-01-11,1515,023050,,3,2,9,4200,0,1,3,,1,053,SR-246,"12TH ST",1584.00,E,N,A,-,Y,SB,,246," "," ",9.902,H,,R,N,4,0,1,1,A,-,03,22350,,N,H,A,A,A,H,-,A,D,0,,Y,,,Y,,L,04,0,0,1,0,0,0,1,0,0,"- ","- ",34.644130706787109,-120.43110656738281,"SANTA BARBARA",UNINCORPORATED,-120.43108367919922,34.644100189208984
91977903,2023,2023-01-26,9750,2023-01-14,1217,017910,,6,1,9,4200,0,1,2,,2,003,"US-101 N/B (EL CAMINO REAL)","ALISOS CANYON RD",7920.00,S,N,B,C,Y,SB,,101," "," ",67.293,H,,R,Y,3,0,1,1,A,-,03,22350,,N,E,8,A,B,H,-,A,D,0,,,,,Y,,A,01,0,1,0,0,0,0,0,0,0,"- ","- ",34.723339080810547,-120.21214294433594,"SANTA BARBARA",UNINCORPORATED,-120.21216583251953,34.723293304443359
91977905,2023,2023-01-26,9750,2023-01-16,"900 ",015915,,1,1,9,4200,0,3,5,,2,030,"BETTERAVIA ROAD","NICHOLSON AVENUE",200.00,W,N,B,C,N,,,,,,,,,,Y,4,0,1,2,A,-,09,21801,A,N,A,C,A,B,H,-,A,D,0,,,,,Y,,D,22,0,0,1,0,0,0,0,0,0,"- ","- ",34.923709869384766,-120.41635131835938,"SANTA BARBARA",UNINCORPORATED,-120.41617584228516,34.923583984375
91978141,2023,2023-01-26,9760,2023-01-14,"50  ",022926,,6,3,9,4200,0,1,2,,2,011,"US-101 NB TO HERMOSILLO ROAD","COAST VILLAGE RD",32.00,W,N,A,-,Y,SB,,101," "," ",11.096,H,,R,Y,3,0,1,1,A,-,01,23152,A,N,E,I,A,B,H,-,C,D,0,,,,,Y,Y,A,07,0,1,0,0,0,0,0,0,0,"- ","- ",34.421321868896484,-119.64920806884766,"SANTA BARBARA",UNINCORPORATED,-119.64929962158203,34.421077728271484
91980774,2023,2023-01-27,9750,2023-01-19,1352,020511,,4,1,5,4204,0,1,2,,2,001,"US-101 N/B (EL CAMINO REAL)","STOWELL RD",1683.00,N,N,A,-,Y,SB,,101," "," ",87.923,H,,R,N,4,0,1,1,A,-,08,22107,,N,E,I,A,A,A,-,A,D,0,,,,,Y,,A,01,0,0,1,0,0,0,0,0,0,"- ","- ",34.942958831787109,-120.4176025390625,"SANTA BARBARA","SANTA MARIA",-120.41767120361328,34.942958831787109
91982137,2023,2023-01-30,9760,2023-01-24,"930 ",019385,,2,1,5,4203,0,1,2,,2,011,"US 101 SOUTHBOUND","CARRILLO STREET",750.00,S,N,A,-,Y,SB,,101," ",R,14.582,H,,L,N,3,0,1,2,A,-,03,22350,,N,C,C,A,A,H,-,A,D,0,,,,,Y,,A,01,0,1,0,0,0,0,0,0,0,"- ","- ",34.414840698242188,-119.70555877685547,"SANTA BARBARA","SANTA BARBARA",-119.70553588867188,34.41485595703125
91982706,2023,2023-01-31,9750,2023-01-21,"850 ",017910,,6,1,9,4200,0,1,3,,1,012,"SR-1 (CABRILLO HIGHWAY)","BROWN RD",0.00,,Y,A,-,Y,SB,,1," "," ",47.212,H,,R,Y,4,0,2,2,A,-,08,22107,,N,A,C,A,A,H,-,A,A,0,,,,,Y,,A,08,0,0,2,0,0,0,0,0,0,"- ","- ",34.932521820068359,-120.56838989257812,"SANTA BARBARA",UNINCORPORATED,-120.56837463378906,34.932525634765625
91984374,2023,2023-02-01,9750,2023-01-26,"730 ",017910,,4,1,9,4200,0,1,3,,1,021,"SR-135 N/B (ORCUTT EXPRESSWAY)","LAKEVIEW RD",50.00,S,N,A,-,Y,SB,,135," "," ",11.713,H,,R,N,4,0,1,2,A,-,03,22350,,N,C,C,A,A,H,-,A,A,0,,,,,Y,,A,07,0,0,1,0,0,0,0,0,0,"- ","- ",34.894271850585938,-120.43653869628906,"SANTA BARBARA",UNINCORPORATED,-120.43644714355469,34.894268035888672
91984704,2023,2023-02-02,9760,2023-01-21,1708,023130,,6,2,9,4200,0,1,2,,2,020,"RIBERA DR","MATORRAL WAY",157.00,N,N,A,-,N,,,,,,,,,,N,3,0,1,3,A,-,08,22107,,M,B,E,A,A,H,-,E,D,0,,,Y,,Y,,C,02,0,1,0,0,0,0,0,0,1,"- ","- ",34.442951202392578,-119.8046875,"SANTA BARBARA",UNINCORPORATED,-119.80461883544922,34.44287109375
91986211,2023,2023-02-03,9750,2023-01-07,"150 ",020964,,6,3,5,4204,0,1,2,,2,001,"US-101 S/B","MAIN ST",1584.00,N,N,A,-,Y,SB,,101," "," ",88.971,H,,L,Y,4,0,1,1,A,-,08,22107,,F,E,I,A,A,H,-,D,D,0,,,,,Y,,A,01,0,0,1,0,0,0,0,0,0,"- ","- ",34.958160400390625,-120.41776275634766,"SANTA BARBARA","SANTA MARIA",-120.41785430908203,34.958145141601562
91987314,2023,2023-02-06,9760,2023-01-27,1330,023130,,5,1,5,4203,0,1,2,,2,020,"US-101 NORTHBOUND TO LA CUMBRE ROAD","CALLE REAL",62.00,W,N,A,-,Y,SB,,101," "," ",17.485,H,,R,Y,4,0,1,2,A,-,03,22350,,N,C,C,A,A,H,-,A,A,0,,,,,Y,,A,07,0,0,1,0,0,0,0,0,0,"- ","- ",34.433891296386719,-119.74783325195312,"SANTA BARBARA","SANTA BARBARA",-119.74806213378906,34.433719635009766
91988479,2023,2023-02-07,9760,2023-01-29,1805,020423,,7,2,9,4200,0,3,5,,2,002,"ROBLE DR","MARINA DR",95.00,W,N,A,-,N,,,,,,,,,,Y,4,0,2,1,A,-,03,22350,,N,E,I,A,A,H,-,D,D,0,,,,,Y,,A,01,0,0,2,0,0,0,0,0,0,"- ","- ",34.412960052490234,-119.77214813232422,"SANTA BARBARA",UNINCORPORATED,-119.77206420898438,34.413135528564453
91988508,2023,2023-02-07,9760,2023-02-01,1810,020423,,3,2,5,4203,0,1,2,,2,011,"US-101 S/B","MISSION ST",1954.00,N,N,A,-,Y,SB,,101," "," ",16.154,H,,L,Y,4,0,1,2,A,-,03,22350,,N,C,C,A,A,H,-,C,D,0,,,,,Y,,A,07,0,0,1,0,0,0,0,0,0,"- ","- ",34.426719665527344,-119.72682189941406,"SANTA BARBARA","SANTA BARBARA",-119.72681427001953,34.426742553710938
91988530,2023,2023-02-07,9760,2023-02-05,1900,022459,,7,2,9,4200,0,3,5,,2,002,"STATE STREET","STATE ROUTE 154",500.00,W,N,A,-,N,,,,,,,,,,Y,3,0,1,2,A,-,03,22350,,N,C,C,A,A,H,-,C,A,0,,,,,Y,,A,07,0,1,0,0,0,0,0,0,0,"- ","- ",34.440509796142578,-119.76190948486328,"SANTA BARBARA",UNINCORPORATED,-119.76166534423828,34.440498352050781
91988610,2023,2023-02-07,9760,2023-01-19,"20  ",020528,,4,3,9,4200,0,3,5,,2,005,"SABADO TARDE ROAD","CAMINO PESCADERO",204.00,E,N,A,-,N,,,,,,,,,,N,3,0,1,2,A,-,03,22350,,F,D,C,A,A,H,-,C,D,0,,,,,Y,,A,07,0,1,0,0,0,0,0,0,0,"- ","- ",34.410419464111328,-119.85797882080078,"SANTA BARBARA",UNINCORPORATED,-119.85802459716797,34.410446166992188
91988851,2022,2023-02-07,9760,2022-08-31,0959,019385,,3,1,5,4203,0,1,2,,2,011,"US 101 NORTHBOUND","EAST CABRILLO BOULEVARD",1584.00,N,N,A,-,Y,SB,,101,,,11.758,H,,R,Y,1,1,0,4,A,-,03,22350,,N,C,C,A,A,H,-,A,D,0,,,Y,,Y,,C,02,0,0,0,0,0,0,0,1,0,"- ","- ",34.423030853271484,-119.66036224365234,"SANTA BARBARA","SANTA BARBARA",-119.66035461425781,34.423007965087891
91988904,2023,2023-02-07,9755,2023-01-28,1417,020483,,6,2,9,4200,0,1,3,,1,051,SR-1,"ALAMO CREEK ROAD",3168.00,N,N,A,-,Y,SB,,1," ",R,5.423,H,,R,N,3,0,1,2,A,-,07,21658,A,N,C,G,A,A,H,-,A,D,0,,Y,,,Y,,L,04,0,1,0,0,0,0,1,0,0,"- ","- ",34.518161773681641,-120.31456756591797,"SANTA BARBARA",UNINCORPORATED,-120.31475067138672,34.518383026123047
91989985,2023,2023-02-08,9760,2023-02-06,"945 ",015669,,1,1,9,4200,0,3,5,,2,002,"TURNPIKE ROAD","US-101 N/B ON AND OFF RAMPS",185.00,S,N,A,-,Y,SB,,101," "," ",20.065,H,,R,N,4,0,1,2,D,-,00,,,N,B,G,A,A,H,-,A,D,0,,Y,,,Y,,-,"- ",0,0,1,0,0,0,1,0,0,"- ","- ",34.442420959472656,-119.78945159912109,"SANTA BARBARA",UNINCORPORATED,-119.78945159912109,34.442405700683594
91991988,2023,2023-02-10,9760,2023-02-08,1205,022547,,3,1,9,4200,0,1,3,,1,014,SR-192,"SAN YSIDRO ROAD",0.00,,Y,A,-,N,,,,,,,,,,Y,3,0,2,2,A,-,09,21801,A,N,A,C,A,A,H,-,A,A,0,,,,,Y,,A,01,0,1,1,0,0,0,0,0,0,"- ","- ",34.436958312988281,-119.63211059570312,"SANTA BARBARA",UNINCORPORATED,-119.632080078125,34.437007904052734
91992658,2023,2023-02-13,9750,2023-02-04,2150,020964,,6,2,9,4200,0,1,3,,1,064,"SR-166 (CUYAMA HIGHWAY)","BELL RD",150.00,W,N,B,-,Y,SB,,166," "," ",62.819,H,,R,Y,4,0,1,1,A,-,08,22107,,N,E,I,A,B,H,-,D,D,0,,,,,Y,,A,01,0,0,1,0,0,0,0,0,0,"- ","- ",34.960159301757812,-119.71385192871094,"SANTA BARBARA",UNINCORPORATED,-119.71388244628906,34.960128784179688
91992841,2023,2023-02-13,9760,2023-02-01,1934,023130,,3,2,9,4200,0,1,3,,1,022,"SR 154 WESTBOUND","STAGE COACH RD",1038.00,W,N,E,-,Y,SB,,154," "," ",22.868,H,,L,Y,4,0,4,3,C,-,18,,,N,C,C,A,A,H,-,D,D,0,,,,,Y,,-,"- ",0,0,4,0,0,0,0,0,0,"- ","- ",34.527961730957031,-119.83699798583984,"SANTA BARBARA",UNINCORPORATED,-119.83700561523438,34.527957916259766
91992942,2023,2023-02-13,9760,2023-02-04,"30  ",019385,,6,3,9,4200,0,3,5,,2,005,"CAMINO CORTO","SUENO ROAD",20.00,S,N,A,-,N,,,,,,,,,,N,2,0,2,2,A,-,09,21803,A,N,A,C,A,A,H,-,C,D,0,,,,,Y,,M,94,1,0,1,0,0,0,0,0,0,"- ","- ",34.412620544433594,-119.86638641357422,"SANTA BARBARA",UNINCORPORATED,-119.86640930175781,34.412624359130859
91994997,2023,2023-02-15,9760,2023-02-09,1512,018786,,4,2,9,4200,0,3,5,,2,005,"EL COLEGIO ROAD","CAMINO DEL SUR",0.00,,Y,D,-,N,,,,,,,,,,N,3,0,1,2,A,-,05,21650,,N,D,C,A,A,H,-,A,A,0,,,,,Y,,M,94,0,1,0,0,0,0,0,0,0,"- ","- ",34.417289733886719,-119.86248016357422,"SANTA BARBARA",UNINCORPORATED,-119.86254119873047,34.417312622070312
91996025,2023,2023-04-26,9760,2023-02-10,1154,016739,,5,1,9,4200,0,3,5,,2,005,"CAMINO PESCADERO","PARDALL RD.",0.00,,Y,A,-,N,,,,,,,,,,N,3,0,1,2,A,-,08,22107,,N,A,G,A,A,H,-,A,A,0,,Y,,,Y,,L,04,0,1,0,0,0,0,1,0,0,"- ","- ",34.413188934326172,-119.85865020751953,"SANTA BARBARA",UNINCORPORATED,-119.85868835449219,34.413120269775391
91996192,2023,2023-02-16,9750,2023-02-11,1820,021090,,6,2,9,4200,0,1,3,,1,022,"SR-1 S/B (CABRILLO HIGHWAY)","SAN ANTONIO RD WEST",528.00,N,N,A,-,Y,SB,,1," ",M,32.636,H,,L,Y,3,0,1,1,A,-,01,23152,A,N,E,I,A,A,H,-,D,D,0,,,,,Y,Y,A,01,0,1,0,0,0,0,0,0,0,"- ","- ",34.774898529052734,-120.49321746826172,"SANTA BARBARA",UNINCORPORATED,-120.49315643310547,34.775039672851562
9199695,2020,2021-01-25,4204,2020-11-28,0059,90031,4204,6,5,5,4204,0,0,0,,0,001,"ALVIN AV","CONCEPCION AV",0.00,,Y,A,-,N,,,,,,,,,,Y,4,0,1,3,A,-,05,21651,B,N,D,E,A,A,H,-,C,D,0,,,,,Y,Y,A,07,0,0,1,0,0,0,0,0,0,"- ","- ",34.960140228271484,-120.42276000976562,"SANTA BARBARA","SANTA MARIA",-120.42275238037109,34.960350036621094
9199697,2020,2021-01-25,4204,2020-11-27,1450,23000,020,5,5,5,4204,0,0,0,,0,003,"COLLEGE DR","BATTLES RD",0.00,,Y,A,-,N,,,,,,,,,,N,4,0,3,3,A,-,12,21453,A,N,D,C,A,A,H,-,A,A,0,,,,,Y,,A,01,0,0,3,0,0,0,0,0,0,"- ","- ",34.931430816650391,-120.42514038085938,"SANTA BARBARA","SANTA MARIA",-120.42494201660156,34.931339263916016
91997342,2023,2023-02-17,9760,2023-02-07,1425,017314,,2,2,9,4200,0,2,4,,1,021,"HOLLISTER AVE","NOGAL DR",0.00,,Y,A,-,N,,,,,,,,,,N,3,0,2,2,A,-,08,22107,,N,B,G,A,A,H,-,A,D,0,,Y,,,Y,,A,07,0,2,0,0,0,0,1,0,0,"- ","- ",34.439891815185547,-119.77110290527344,"SANTA BARBARA",UNINCORPORATED,-119.77098083496094,34.440013885498047
91998813,2023,2023-02-21,9760,2023-01-24,2318,020528,,2,3,9,4200,0,1,2,,1,030,"US-101 NB","LAS VARAS RANCH",25.00,S,N,A,-,Y,SB,,101," "," ",31.046,H,,R,Y,4,0,1,2,A,-,03,22350,,N,C,C,A,A,H,-,D,D,0,,,,,Y,Y,A,01,0,0,1,0,0,0,0,0,0,"- ","- ",34.456230163574219,-119.97286987304688,"SANTA BARBARA",UNINCORPORATED,-119.97286224365234,34.456245422363281
91999657,2023,2023-02-22,9750,2023-02-17,"756 ",017910,,5,1,9,4200,0,3,5,,2,010,"BETTERAVIA ROAD","MAHONEY RD",10.00,W,N,A,-,N,,,,,,,,,,N,4,0,1,2,A,-,03,22350,,N,C,C,A,A,H,-,A,A,0,,,,,Y,,A,01,0,0,1,0,0,0,0,0,0,"- ","- ",34.920738220214844,-120.47492980957031,"SANTA BARBARA",UNINCORPORATED,-120.47487640380859,34.920684814453125
92001033,2023,2023-02-23,9750,2023-02-22,"425 ",016874,,3,3,9,4200,0,1,2,,2,003,"US-101 S/B (EL CAMINO REAL)","CAT CANYON ROAD",1584.00,N,N,A,-,Y,SB,,101," "," ",72.989,H,,L,Y,4,0,1,1,A,-,08,22107,,N,F,A,A,A,H,-,D,D,0,,,,,Y,,D,22,0,0,1,0,0,0,0,0,0,"- ","- ",34.760810852050781,-120.29950714111328,"SANTA BARBARA",UNINCORPORATED,-120.29955291748047,34.760787963867188
9200225,2020,2021-01-14,4200,2020-11-02,1158,4608,14,1,5,4,4214,0,0,0,,0,050,"CALLE REAL","VALDEZ AV",0.00,,Y,A,-,N,,,,,,,,,,Y,2,0,2,2,A,-,09,21801,A,N,D,C,A,A,H,-,A,D,0,,,,,Y,,A,07,1,1,0,0,0,0,0,0,0,"- ","- ",,,"SANTA BARBARA",GOLETA,-119.83769226074219,34.439300537109375
9200328,2020,2021-01-15,4200,2020-11-28,1444,5106,14,6,5,4,4214,0,0,0,,0,050,"FAIRVIEW AV","RT 101",400.00,W,N,A,-,N,,,,,,,,,,Y,3,0,1,2,A,-,05,21651,A,N,D,C,A,A,H,-,A,D,0,,,,,Y,,A,01,0,1,0,0,0,0,0,0,0,"- ",NO,,,"SANTA BARBARA",GOLETA,-119.83368682861328,34.43951416015625
92003317,2023,2023-02-27,9760,2023-02-25,1430,022459,,6,2,9,4200,0,3,5,,2,002,"SAN SIMEON DRIVE","SANTA SUSANA AVE",50.00,N,N,B,-,N,,,,,,,,,,Y,4,0,1,2,A,-,08,22107,,N,C,E,A,A,H,-,A,D,0,,,,,Y,,A,01,0,0,1,0,0,0,0,0,0,"- ","- ",34.439479827880859,-119.79998779296875,"SANTA BARBARA",UNINCORPORATED,-119.79972076416016,34.439498901367188
92003815,2023,2023-02-27,9760,2023-02-18,2220,022916,,6,3,9,4200,0,1,3,,1,022,SR-154,"HIDDEN VALLEY RD",220.00,S,N,A,-,Y,SB,,154," "," ",25.828,H,,R,Y,3,0,1,1,A,-,08,22107,,N,F,A,A,A,H,-,D,D,0,,,,,Y,,A,01,0,1,0,0,0,0,0,0,0,"- ","- ",34.501949310302734,-119.80171203613281,"SANTA BARBARA",UNINCORPORATED,-119.80166625976562,34.501976013183594
92009768,2023,2023-03-06,9755,2023-02-27,2141,023050,,1,2,9,4200,0,1,2,,2,004,"SB US-101","GAVIOTA STATE BEACH RD",3696.00,N,N,B,-,Y,SB,,101," "," ",47.125,H,,R,Y,3,0,1,1,A,-,03,22350,,N,E,I,A,B,H,-,D,D,0,,,,,Y,,A,01,0,1,0,0,0,0,0,0,0,"- ","- ",34.487510681152344,-120.2269287109375,"SANTA BARBARA",UNINCORPORATED,-120.22673034667969,34.487369537353516
92009824,2023,2023-03-06,9755,2023-02-03,"746 ",019292,,5,1,9,4200,0,1,3,,1,055,"SR-1 N/B (CABRILLO HWY)","CALIFORNIA BLVD",1056.00,S,N,A,-,Y,SB,,1," ",M,29.776,H,,R,Y,4,0,1,2,A,-,03,22350,,F,C,C,A,A,H,-,A,A,0,,,,,Y,,A,07,0,0,1,0,0,0,0,0,0,"- ","- ",34.749618530273438,-120.51923370361328,"SANTA BARBARA",UNINCORPORATED,-120.51924896240234,34.749607086181641
92010434,2023,2023-03-06,9755,2023-02-23,"855 ",016999,,4,1,9,4200,0,1,2,,2,004,"US-101 N/B",SR-1,3700.00,S,N,B,C,Y,SB,,101," "," ",48.105,H,,R,Y,2,0,2,1,A,-,03,22350,,N,E,I,A,B,H,-,A,D,0,,,,,Y,,D,22,1,1,0,0,0,0,0,0,0,"- ","- ",34.49951171875,-120.23013305664062,"SANTA BARBARA",UNINCORPORATED,-120.23013305664062,34.499515533447266
92010616,2023,2023-03-06,9760,2023-02-27,2015,018786,,1,2,9,4200,0,3,5,,2,005,"EL COLEGIO ROAD","LOS CARNEROS ROAD",0.00,,Y,B,-,N,,,,,,,,,,N,3,0,1,2,A,-,01,23152,A,N,D,G,A,B,H,-,C,A,0,,Y,,,Y,Y,A,01,0,1,0,0,0,0,1,0,0,"- ","- ",34.41754150390625,-119.86060333251953,"SANTA BARBARA",UNINCORPORATED,-119.86067962646484,34.41729736328125
9201110,2021,2021-03-16,4203,2021-01-02,0808,24576,60,6,5,5,4203,0,0,0,,0,001,"N QUARANTINA ST","MONTECITO ST",96.00,S,N,A,-,N,,,,,,,,,,Y,3,0,2,2,A,-,03,22350,,N,A,C,A,A,H,-,A,D,0,,,,,Y,,A,01,0,1,1,0,0,0,0,0,0,"- ","- ",34.422370910644531,-119.68512725830078,"SANTA BARBARA","SANTA BARBARA",-119.68479156494141,34.422161102294922
92011321,2023,2023-03-07,9760,2023-02-26,2242,023130,,7,3,3,4205,0,1,2,,2,010,"US-101 SOUTHBOUND","CASITAS PASS RD",2429.00,S,N,A,-,Y,SB,,101," "," ",2.165,H,,L,Y,4,0,2,1,A,-,01,23152,A,N,E,I,A,A,H,-,D,D,0,,,,,Y,Y,A,07,0,0,2,0,0,0,0,0,0,"- ","- ",34.391239166259766,-119.50704956054688,"SANTA BARBARA",CARPINTERIA,-119.50701904296875,34.391281127929688
92016706,2023,2023-03-13,9755,2023-03-05,1235,016999,,7,1,9,4200,0,1,2,,2,004,"US-101 S/B","LA LATA DR",4458.00,S,N,C,-,Y,SB,,101," ",R,50.228,H,,L,Y,3,0,1,1,A,-,03,22350,,N,E,I,A,B,H,-,A,A,0,,,,,Y,,D,22,0,1,0,0,0,0,0,0,0,"- ","- ",34.523658752441406,-120.20966339111328,"SANTA BARBARA",UNINCORPORATED,-120.20962524414062,34.523590087890625
92017299,2023,2023-03-14,9760,2023-03-02,2155,023122,,4,2,9,4200,0,1,2,,2,010,"US-101 S/B","SAN YSIDRO ROAD",495.00,S,N,A,-,Y,SB,,101," "," ",9.928,H,,L,Y,3,0,1,3,A,-,01,23152,A,N,C,C,A,A,H,-,D,D,0,,,,,Y,Y,A,07,0,1,0,0,0,0,0,0,0,"- ","- ",34.421829223632812,-119.63001251220703,"SANTA BARBARA",UNINCORPORATED,-119.62999725341797,34.421859741210938
92017921,2023,2023-03-14,9755,2023-03-11,1942,020483,,6,2,9,4200,0,1,3,,2,041,"SR-246 W/B",SR-154,500.00,W,N,C,-,Y,SB,,246," ",R,34.525,H,,L,Y,3,0,1,1,A,-,08,22107,,N,F,J,A,B,H,-,A,D,0,,,Y,,Y,,C,02,0,1,0,0,0,0,0,0,1,"- ","- ",34.610340118408203,-120.05641174316406,"SANTA BARBARA",UNINCORPORATED,-120.05640411376953,34.610389709472656
92018937,2023,2023-03-15,9755,2023-03-13,2300,021498,,1,3,9,4200,0,1,3,,1,042,"SR-154 (SAN MARCOS PASS RD)",SR-246,5280.00,E,N,A,-,Y,SB,,154," ",R,9.112,H,,R,N,4,0,1,2,A,-,08,22107,,F,B,G,A,A,H,-,D,D,0,,Y,,,Y,,-,99,0,0,1,0,0,0,1,0,0,"- ","- ",34.599590301513672,-120.043212890625,"SANTA BARBARA",UNINCORPORATED,-120.04319000244141,34.599601745605469
92022731,2023,2023-03-20,9750,2023-03-11,2300,020549,,6,3,9,4200,0,3,5,,2,030,"PALMER ROAD","DOMINION ROAD",1162.00,W,N,B,-,N,,,,,,,,,,Y,3,0,1,1,A,-,01,23152,A,N,E,I,A,B,H,-,D,D,0,,,,,Y,Y,D,22,0,1,0,0,0,0,0,0,0,"- ","- ",34.838401794433594,-120.31619262695312,"SANTA BARBARA",UNINCORPORATED,-120.31625366210938,34.838386535644531
92025887,2023,2023-03-22,9755,2023-03-21,2120,020483,,2,2,9,4200,0,3,5,,2,040,"SANTA BARBARA AVE.","PARK ST.",330.00,S,N,C,-,N,,,,,,,,,,N,3,0,1,1,A,-,03,22350,,N,E,I,A,B,H,-,C,D,0,,,,,Y,,A,07,0,1,0,0,0,0,0,0,0,"- ","- ",34.658531188964844,-120.11811065673828,"SANTA BARBARA",UNINCORPORATED,,