CASE_ID,ACCIDENT_YEAR,PROC_DATE,JURIS,COLLISION_DATE,COLLISION_TIME,OFFICER_ID,REPORTING_DISTRICT,DAY_OF_WEEK,CHP_SHIFT,POPULATION,CNTY_CITY_LOC,SPECIAL_COND,BEAT_TYPE,CHP_BEAT_TYPE,CITY_DIVISION_LAPD,CHP_BEAT_CLASS,BEAT_NUMBER,PRIMARY_RD,SECONDARY_RD,DISTANCE,DIRECTION,INTERSECTION,WEATHER_1,WEATHER_2,STATE_HWY_IND,CALTRANS_COUNTY,CALTRANS_DISTRICT,STATE_ROUTE,ROUTE_SUFFIX,POSTMILE_PREFIX,POSTMILE,LOCATION_TYPE,RAMP_INTERSECTION,SIDE_OF_HWY,TOW_AWAY,COLLISION_SEVERITY,NUMBER_KILLED,NUMBER_INJURED,PARTY_COUNT,PRIMARY_COLL_FACTOR,PCF_CODE_OF_VIOL,PCF_VIOL_CATEGORY,PCF_VIOLATION,PCF_VIOL_SUBSECTION,HIT_AND_RUN,TYPE_OF_COLLISION,MVIW,PED_ACTION,ROAD_SURFACE,ROAD_COND_1,ROAD_COND_2,LIGHTING,CONTROL_DEVICE,CHP_ROAD_TYPE,PEDESTRIAN_ACCIDENT,BICYCLE_ACCIDENT,MOTORCYCLE_ACCIDENT,TRUCK_ACCIDENT,NOT_PRIVATE_PROPERTY,ALCOHOL_INVOLVED,STWD_VEHTYPE_AT_FAULT,CHP_VEHTYPE_AT_FAULT,COUNT_SEVERE_INJ,COUNT_VISIBLE_INJ,COUNT_COMPLAINT_PAIN,COUNT_PED_KILLED,COUNT_PED_INJURED,COUNT_BICYCLIST_KILLED,COUNT_BICYCLIST_INJURED,COUNT_MC_KILLED,COUNT_MC_INJURED,PRIMARY_RAMP,SECONDARY_RAMP,LATITUDE,LONGITUDE,COUNTY,CITY,POINT_X,POINT_Y
92415135,2024,2024-06-14,9750,2024-06-05,1125,017910,,3,1,9,4200,0,1,3,,1,021,SR-135,"UNION VALLEY PKY",528.00,N,N,A,-,Y,SB,,135," "," ",10.706,H,,R,N,4,0,1,2,A,-,08,22107,,N,B,C,A,A,H,-,A,D,0,,,Y,,Y,,-,"- ",0,0,1,0,0,0,0,0,1,"- ","- ",34.880088806152344,-120.4365234375,"SANTA BARBARA",UNINCORPORATED,-120.4365234375,34.880088806152344
92415157,2024,2024-06-14,9755,2024-06-13,1200,023045,,4,1,9,4200,0,3,5,,2,050,"SAINT ANDREWS WAY","CLUBHOUSE RD",303.00,E,N,A,-,N,,,,,,,,,,Y,3,0,2,2,A,-,01,23152,A,N,A,C,A,A,H,-,A,D,0,,,,,Y,Y,A,01,0,1,1,0,0,0,0,0,0,"- ","- ",34.705940246582031,-120.45697021484375,"SANTA BARBARA",UNINCORPORATED,-120.45698547363281,34.705970764160156
92416231,2024,2024-06-17,9760,2024-06-13,"625 ",018019,,4,1,9,4200,0,1,2,,1,040,"US-101 S/B (BLUE STAR MEMORIAL HIGHWAY)","GAVIOTA BEACH RD.",1409.00,S,N,B,-,Y,SB,,101," ",R,46.058,H,,L,Y,4,0,1,1,A,-,03,22350,A,N,E,I,A,B,H,-,A,D,0,,,,,Y,,D,22,0,0,1,0,0,0,0,0,0,"- ","- ",34.474258422851562,-120.22633361816406,"SANTA BARBARA",UNINCORPORATED,-120.22637176513672,34.474212646484375
92417025,2024,2024-06-18,9760,2024-06-11,1925,023886,,2,2,9,4200,0,1,3,,1,022,"SR-154 W/B","EAST CAMINO CIELO",3115.00,W,N,A,-,Y,SB,,154," "," ",23.851,H,,L,Y,3,0,1,2,A,-,02,22400,A,N,D,C,A,A,H,-,B,D,0,,,,,Y,,A,07,0,1,0,0,0,0,0,0,0,"- ","- ",34.516189575195312,-119.82872009277344,"SANTA BARBARA",UNINCORPORATED,-119.82866668701172,34.516216278076172
92417724,2024,2024-06-18,9760,2024-06-06,"345 ",023727,,4,3,4,4214,0,1,2,,2,020,"US-101 SOUTHBOUND","FAIRVIEW AVENUE",3794.00,S,N,A,-,Y,SB,,101," "," ",21.806,H,,L,Y,4,0,1,2,A,-,03,22350,,N,C,C,A,A,D,-,D,D,0,,,,Y,Y,,A,01,0,0,1,0,0,0,0,0,0,"- ","- ",34.440589904785156,-119.8197021484375,"SANTA BARBARA",GOLETA,-119.8197021484375,34.440605163574219
92418243,2024,2024-06-19,9750,2024-06-10,1630,020511,,1,2,9,4200,0,2,4,,1,024,"FOSTER RD","MICHELLE DR",0.00,,Y,A,-,N,,,,,,,,,,N,4,0,1,2,D,-,00,,,N,C,C,A,A,H,-,A,D,0,,,,,Y,,-,"- ",0,0,1,0,0,0,0,0,0,"- ","- ",34.883171081542969,-120.43492889404297,"SANTA BARBARA",UNINCORPORATED,-120.43486022949219,34.883064270019531
92418367,2024,2024-06-19,9750,2024-06-11,1810,020511,,2,2,9,4200,0,3,5,,2,020,"SOUTH BROADWAY","UNION AVE",25.00,N,N,A,-,N,,,,,,,,,,N,4,0,1,2,A,-,21,22106,,M,C,G,A,A,H,-,A,D,0,,Y,,,Y,,A,07,0,0,1,0,0,0,1,0,0,"- ","- ",34.864341735839844,-120.44721984863281,"SANTA BARBARA",UNINCORPORATED,-120.447265625,34.864250183105469
92418816,2024,2024-06-19,9760,2024-06-17,2152,023886,,1,2,3,4205,0,1,2,,2,010,"US-101 N/B","CASITAS PASS RD",2183.00,S,N,A,-,Y,SB,,101," "," ",2.211,H,,R,Y,3,0,1,1,A,-,08,22107,,N,E,I,A,A,H,-,C,D,0,,,,,Y,,A,01,0,1,0,0,0,0,0,0,0,"- ","- ",34.391750335693359,-119.50753784179688,"SANTA BARBARA",CARPINTERIA,-119.50747680664062,34.391815185546875
9242040,2021,2021-04-13,4203,2021-03-22,1208,8825,,1,5,5,4203,0,0,0,,0,006,"MISSION ST","MODOC RD",0.00,,Y,A,-,N,,,,,,,,,,,4,0,1,2,D,-,00,,,N,G,B,D,A,H,-,A,A,0,Y,,,,Y,,-,"- ",0,0,1,0,1,0,0,0,0,"- ","- ",34.423828125,-119.72194671630859,"SANTA BARBARA","SANTA BARBARA",-119.72200775146484,34.423820495605469
92421715,2024,2024-06-24,9760,2024-06-15,1948,023326,,6,2,9,4200,0,1,2,,2,010,"US-101 S/B","SAN YSIDRO ROAD",1056.00,S,N,A,-,Y,SB,,101," "," ",9.840,H,,L,Y,4,0,1,5,A,-,03,22350,,N,C,C,A,A,D,-,A,D,0,,,,,Y,,A,01,0,0,1,0,0,0,0,0,0,"- ","- ",34.421459197998047,-119.62856292724609,"SANTA BARBARA",UNINCORPORATED,-119.62857055664062,34.421428680419922
92422179,2024,2024-06-24,9760,2024-06-20,1748,023886,,4,2,9,4200,0,1,2,,2,011,"SPRING ROAD","OLIVE MILL RD",0.00,,Y,A,-,N,,,,,,,,,,Y,3,0,1,2,A,-,09,21802,A,N,D,C,A,A,H,-,A,A,0,,,,,Y,,A,01,0,1,0,0,0,0,0,0,0,"- ","- ",34.419418334960938,-119.64009094238281,"SANTA BARBARA",UNINCORPORATED,-119.64005279541016,34.419437408447266
92424266,2024,2024-06-26,9755,2024-06-23,1815,022681,,7,2,9,4200,0,1,2,,2,004,"US-101 S/B","OLD COAST HWY",2500.00,S,N,A,-,Y,SB,,101," ",R,50.617,H,,L,N,4,0,1,2,A,-,03,22350,,N,C,C,A,A,H,-,A,D,0,,,,,Y,,A,01,0,0,1,0,0,0,0,0,0,"- ","- ",34.523990631103516,-120.2030029296875,"SANTA BARBARA",UNINCORPORATED,-120.20299530029297,34.523983001708984
92424872,2024,2024-06-27,9760,2024-06-16,1410,022485,,7,2,9,4200,0,1,2,,2,010,"SHEFFIELD DR","ORTEGA HILL RD",0.00,,Y,A,-,N,,,,,,,,,,N,4,0,1,2,A,-,03,22350,,N,C,C,A,A,H,-,A,D,0,,,Y,,Y,,A,07,0,0,1,0,0,0,0,0,1,"- ","- ",34.422279357910156,-119.61253356933594,"SANTA BARBARA",UNINCORPORATED,-119.61250305175781,34.422298431396484
92424936,2024,2024-06-27,9760,2024-06-17,1810,023709,,1,2,9,4200,0,1,3,,1,022,SR-154,"WINDY GAP",148.00,W,N,A,-,Y,SB,,154," "," ",27.968,H,,R,Y,2,0,3,2,A,-,01,23152,A,N,E,I,A,A,H,-,A,D,0,,,,,Y,Y,A,07,1,2,0,0,0,0,0,0,0,"- ","- ",34.486011505126953,-119.78083038330078,"SANTA BARBARA",UNINCORPORATED,-119.7808837890625,34.486007690429688
92424952,2024,2024-06-27,9760,2024-06-19,1653,023886,,3,2,9,4200,0,1,2,,1,030,"US-101 N/B","LAS VARAS RANCH",1129.00,N,N,A,-,Y,SB,,101," "," ",31.271,H,,R,Y,3,0,1,1,A,-,16,24002,A,N,F,A,A,A,H,-,A,D,0,,,,Y,Y,,F,27,0,1,0,0,0,0,0,0,0,"- ","- ",34.456939697265625,-119.97672271728516,"SANTA BARBARA",UNINCORPORATED,-119.97672271728516,34.456916809082031
92425820,2024,2024-06-28,9750,2024-06-20,"945 ",017910,,4,1,9,4200,0,1,3,,1,022,SR-1,"GRACIOSA RD",2112.00,S,N,A,-,Y,SB,,1," ",R,31.377,H,,R,Y,3,0,1,2,A,-,01,23152,A,N,B,C,A,A,H,-,A,D,0,,,,,Y,Y,A,08,0,1,0,0,0,0,0,0,0,"- ","- ",34.805648803710938,-120.44499969482422,"SANTA BARBARA",UNINCORPORATED,-120.44512176513672,34.805606842041016
92427771,2024,2024-07-01,9760,2024-06-24,1540,023727,,1,2,4,4214,0,1,2,,1,030,"US-101 N/B","LOS CARNEROS ROAD",1730.00,N,N,A,-,Y,SB,,101," "," ",24.051,H,,R,Y,3,0,1,3,A,-,17,23114,A,M,E,J,A,A,H,-,A,D,0,,,,,Y,,-,99,0,1,0,0,0,0,0,0,0,"- ","- ",34.436668395996094,-119.85868835449219,"SANTA BARBARA",GOLETA,-119.85871124267578,34.436752319335938
92428528,2024,2024-07-02,9760,2024-06-26,1005,018786,,3,1,9,4200,0,1,2,,2,010,"US-101 NORTHBOUND","OLIVE MILL RD",1500.00,S,N,A,-,Y,SB,,101," "," ",10.390,H,,R,N,3,0,1,2,A,-,08,22107,,N,B,C,A,A,D,-,A,D,0,,,,,Y,,-,"- ",0,1,0,0,0,0,0,0,0,"- ","- ",34.421989440917969,-119.63786315917969,"SANTA BARBARA",UNINCORPORATED,-119.63787078857422,34.422004699707031
92429000,2024,2024-07-02,9755,2024-06-22,1530,022681,,6,2,9,4200,0,1,2,,2,004,"US-101 N/B","SANTA ROSA RD",3485.00,S,N,A,-,Y,SB,,101," "," ",55.777,H,,R,Y,2,0,1,1,A,-,03,22350,,N,F,A,A,A,H,-,A,D,0,,,Y,,Y,,C,02,1,0,0,0,0,0,0,0,1,"- ","- ",34.593109130859375,-120.19423675537109,"SANTA BARBARA",UNINCORPORATED,-120.19425201416016,34.593109130859375
9243153,2020,2021-08-06,4202,2020-12-08,1339,280,,2,5,4,4202,0,0,0,,0,,"CONCEPCIOJN DR","W NORTH AV",29.00,S,N,A,-,N,,,,,,,,,,N,4,0,2,2,A,-,12,22450,A,F,D,C,A,A,H,-,A,A,0,,,,,Y,Y,A,07,0,0,2,0,0,0,0,0,0,"- ","- ",,,"SANTA BARBARA",LOMPOC,,
92432733,2024,2024-07-08,9760,2024-05-30,2323,020528,,4,3,9,4200,0,1,3,,1,022,SR-154,"PARADISE RD",3696.00,E,N,A,-,Y,SB,,154," "," ",22.270,H,,R,Y,2,0,14,2,A,-,01,23152,A,N,D,C,A,A,H,-,D,D,0,,,,,Y,Y,D,22,2,12,0,0,0,0,0,0,0,"- ","- ",34.532260894775391,-119.84612274169922,"SANTA BARBARA",UNINCORPORATED,-119.84610748291016,34.53228759765625
92434853,2024,2024-07-10,9760,2024-07-06,"725 ",020796,,6,1,5,4203,0,1,2,,2,011,"US-101 NB","STATE STREET",30.00,S,N,B,-,Y,SB,,101," "," ",13.786,H,,R,N,4,0,1,2,A,-,08,22107,,N,B,C,A,A,H,-,A,D,0,,,,Y,Y,,-,"- ",0,0,1,0,0,0,0,0,0,"- ","- ",34.415298461914062,-119.69309234619141,"SANTA BARBARA","SANTA BARBARA",-119.69309234619141,34.415298461914062
9243641,2021,2021-04-19,4204,2021-03-28,2110,90757,22,7,5,5,4204,0,0,0,,0,003,BROADWAY,"MCCOY LN",0.00,,Y,A,-,N,,,,,,,,,,Y,4,0,1,2,A,-,12,21453,A,N,D,C,A,A,H,-,C,A,0,,,,,Y,,A,01,0,0,1,0,0,0,0,0,0,"- ","- ",,,"SANTA BARBARA","SANTA MARIA",-120.43608856201172,34.916671752929688
9243642,2021,2021-04-19,4204,2021-03-27,2245,91012,,6,5,5,4204,0,0,0,,0,002,"BLOSSER RD","MAIN ST",0.00,,Y,A,-,N,,,,,,,,,,Y,4,0,1,3,A,-,01,23152,A,N,A,C,A,A,H,-,C,A,0,,,,,Y,Y,A,01,0,0,1,0,0,0,0,0,0,"- ","- ",34.952548980712891,-120.45327758789062,"SANTA BARBARA","SANTA MARIA",-120.45371246337891,34.95330810546875
92438402,2024,2024-07-15,9760,2024-07-03,1600,023727,,3,2,9,4200,0,2,4,,2,024,"CALLE REAL","SAN ANTONIO ROAD",0.00,,Y,A,-,N,,,,,,,,,,N,3,0,1,2,A,-,08,22107,,N,H,G,A,A,H,-,A,D,0,,Y,,,Y,,L,04,0,1,0,0,0,0,1,0,0,"- ","- ",34.442401885986328,-119.78189849853516,"SANTA BARBARA",UNINCORPORATED,-119.78172302246094,34.442378997802734
92439686,2024,2024-07-15,9760,2024-07-14,"950 ",020965,,7,1,5,4203,0,1,2,,2,020,"US-101 S/B",SR-154,80.00,N,N,A,-,Y,SB,,101," "," ",18.400,H,,L,N,4,0,2,2,A,-,08,22107,,F,B,C,A,A,H,-,A,D,0,,,,,Y,,A,01,0,0,2,0,0,0,0,0,0,"- ","- ",34.441120147705078,-119.76055145263672,"SANTA BARBARA","SANTA BARBARA",-119.76055145263672,34.441120147705078
92440287,2024,2024-07-16,9760,2024-07-10,"910 ",023730,,3,1,4,4214,0,1,2,,1,030,"US-101 S/B","FAIRVIEW AVENUE",1195.00,N,N,A,-,Y,SB,,101," "," ",22.763,H,,L,Y,3,0,1,4,A,-,03,22350,,N,C,C,A,A,H,-,A,D,0,,,,,Y,,A,01,0,1,0,0,0,0,0,0,0,"- ","- ",34.439121246337891,-119.83645629882812,"SANTA BARBARA",GOLETA,-119.83645629882812,34.439094543457031
92440819,2024,2024-07-16,9755,2024-07-09,1605,023810,,2,2,9,4200,0,1,2,,2,004,"US-101 N/B","GAVIOTA BEACH ROAD",3221.00,N,N,A,-,Y,SB,,101," "," ",46.994,H,,R,Y,3,0,1,1,A,-,08,22107,,N,E,I,A,A,H,-,A,D,0,,,,,Y,,A,01,0,1,0,0,0,0,0,0,0,"- ","- ",34.485858917236328,-120.22811126708984,"SANTA BARBARA",UNINCORPORATED,-120.22823333740234,34.4859619140625
92441705,2024,2024-07-17,9755,2024-07-11,1937,023530,,4,2,9,4200,0,1,3,,1,053,"HARRIS GRADE RD","RUCKER RD",6864.00,N,N,A,-,N,,,,,,,,,,Y,3,0,1,1,A,-,01,23152,A,N,E,I,A,A,H,-,A,D,0,,,,,Y,Y,D,22,0,1,0,0,0,0,0,0,0,"- ","- ",34.7275390625,-120.44052886962891,"SANTA BARBARA",UNINCORPORATED,-120.44034576416016,34.727447509765625
9244335,2021,2021-04-05,4203,2021-02-21,1349,8825,21,7,5,5,4203,0,0,0,,0,006,"W CARRILLO ST","SAN PASCUAL ST",94.00,E,N,A,-,N,,,,,,,,,,,4,0,1,2,A,-,05,21650,1,N,D,G,A,A,H,-,A,D,0,,Y,,,Y,,L,04,0,0,1,0,0,0,1,0,0,"- ","- ",34.415279388427734,-119.70912170410156,"SANTA BARBARA","SANTA BARBARA",-119.70883178710938,34.415271759033203
92443679,2024,2024-07-19,9755,2024-07-18,1350,020483,,4,1,9,4200,0,1,3,,1,055,SR-1,"FIREFIGHTER RD",0.00,,Y,A,-,Y,SB,,1," ",M,31.183,H,,R,Y,4,0,1,2,A,-,09,21802,A,N,D,C,A,A,H,-,A,A,0,,,,,Y,,A,07,0,0,1,0,0,0,0,0,0,"- ","- ",34.767219543457031,-120.51225280761719,"SANTA BARBARA",UNINCORPORATED,-120.51210021972656,34.767200469970703
92444382,2024,2024-07-22,9750,2024-07-13,2027,023429,,6,2,9,4200,0,3,5,,2,030,"STOWELL RD","ROSEMARY RD",190.00,E,N,A,-,N,,,,,,,,,,Y,4,0,1,1,A,-,01,23152,A,N,E,I,A,A,H,-,D,D,0,,,,,Y,Y,A,01,0,0,1,0,0,0,0,0,0,"- ","- ",34.93817138671875,-120.3997802734375,"SANTA BARBARA",UNINCORPORATED,-120.39985656738281,34.938133239746094
9244986,2021,2021-04-08,4203,2021-03-18,1610,25596,4,4,5,5,4203,0,0,0,,0,004,"DE LA VINA ST","FIGUEROA ST",0.00,,Y,A,-,,,,,,,,,,,Y,3,0,3,2,A,-,09,21802,A,N,D,C,A,A,H,-,A,A,0,,,,,Y,,A,01,0,1,2,0,0,0,0,0,0,"- ","- ",34.420360565185547,-119.70535278320312,"SANTA BARBARA","SANTA BARBARA",-119.70545196533203,34.420303344726562
9245208,2021,2021-04-15,4203,2021-03-19,1411,5206,46,5,5,5,4203,0,0,0,,0,003,"MICHELTORENA ST","LAGUNA ST",0.00,,Y,A,-,N,,,,,,,,,,N,4,0,1,2,A,-,09,21802,A,N,D,C,A,A,H,-,A,A,0,,,Y,,Y,,A,01,0,0,1,0,0,0,0,0,1,"- ","- ",34.428550720214844,-119.6988525390625,"SANTA BARBARA","SANTA BARBARA",-119.70370483398438,34.430427551269531
9245209,2021,2021-04-15,4203,2021-03-18,1119,24576,41,4,5,5,4203,0,0,0,,0,003,"ANACAPA ST","CANON PERDIDO ST",0.00,,Y,A,-,N,,,,,,,,,,Y,4,0,1,2,A,-,12,21453,A,N,D,C,A,A,H,-,A,A,0,,,,,Y,,A,07,0,0,1,0,0,0,0,0,0,"- ","- ",34.419681549072266,-119.69473266601562,"SANTA BARBARA","SANTA BARBARA",-119.69938659667969,34.421642303466797
9245213,2020,2021-04-14,4204,2020-03-22,0752,22113,10,7,5,5,4204,0,0,0,,0,002,"FESLER ST","ROSEWOOD DR",45.00,W,N,A,-,N,,,,,,,,,,N,4,0,1,2,A,-,21,22106,,N,C,C,A,A,H,-,A,A,0,,,,,Y,,A,01,0,0,1,0,0,0,0,0,0,"- ","- ",34.956119537353516,-120.44967651367188,"SANTA BARBARA","SANTA MARIA",-120.45030212402344,34.956932067871094
9245214,2021,2021-04-14,4204,2021-03-15,2143,90970,10,1,5,5,4204,0,0,0,,0,002,"HANSON WAY","WHITE CT",205.00,N,N,A,-,N,,,,,,,,,,N,3,0,1,3,A,-,03,22350,,N,A,E,A,A,H,-,D,A,0,,,,,Y,,A,01,0,1,0,0,0,0,0,0,0,"- ","- ",34.948249816894531,-120.45977020263672,"SANTA BARBARA","SANTA MARIA",-120.45999908447266,34.94940185546875
9245628,2021,2021-04-01,4203,2021-03-15,1810,1959,10,1,5,5,4203,0,0,0,,0,002,"COAST VILLAGE RD","OLIVE MILL RD",193.00,W,N,A,-,N,,,,,,,,,,,4,0,1,5,A,-,21,22106,,N,H,E,A,A,H,-,A,D,0,,,,,Y,,A,01,0,0,1,0,0,0,0,0,0,"- ","- ",34.421501159667969,-119.6405029296875,"SANTA BARBARA","SANTA BARBARA",-119.64057922363281,34.421550750732422
9247591,2021,2021-04-20,4203,2021-04-01,0036,25508,26,4,5,5,4203,0,0,0,,0,006,"CLIFF DR","LAS POSITAS RD",0.00,,Y,A,-,N,,,,,,,,,,N,3,0,1,1,A,-,01,21200,5,N,E,I,A,A,H,-,C,A,0,,Y,,,Y,Y,L,04,0,1,0,0,0,0,1,0,0,"- ","- ",34.403781890869141,-119.73484802246094,"SANTA BARBARA","SANTA BARBARA",-119.73932647705078,34.405387878417969
9247916,2021,2021-04-22,4203,2021-03-27,1042,24576,22,6,5,5,4203,0,0,0,,0,006,"MICHELTORENA ST","SAN ANDRES ST",27.00,W,N,A,-,N,,,,,,,,,,Y,4,0,1,2,A,-,03,22350,,F,C,C,A,A,H,-,A,A,0,,,,,Y,,A,01,0,0,1,0,0,0,0,0,0,"- ","- ",34.418781280517578,-119.71620941162109,"SANTA BARBARA","SANTA BARBARA",-119.71623992919922,34.418724060058594
9247917,2021,2021-04-22,4203,2021-03-23,2101,24575,35,2,5,5,4203,0,0,0,,0,004,"MISSION ST","BATH ST",0.00,,Y,A,-,N,,,,,,,,,,Y,3,0,1,2,A,-,08,22107,,N,D,G,A,A,H,-,D,A,0,,Y,,,Y,,A,01,0,1,0,0,0,0,1,0,0,"- ","- ",34.427711486816406,-119.71800994873047,"SANTA BARBARA","SANTA BARBARA",-119.71795654296875,34.427608489990234
9248048,2021,2021-04-12,4202,2021-02-16,1639,,4202,2,5,4,4202,0,0,0,,0,,"O ST","BARTON AV",29.00,S,N,A,-,N,,,,,,,,,,Y,4,0,1,2,A,-,05,21460,A,N,A,C,A,A,H,-,A,A,0,,,,,Y,,A,01,0,0,1,0,0,0,0,0,0,"- ","- ",,,"SANTA BARBARA",LOMPOC,-120.46645355224609,34.657360076904297
9248368,2021,2021-04-13,4200,2021-02-17,1749,3077,14,3,5,4,4214,0,0,0,,0,080,"CANNON GREEN DR","FREEMAN PL",48.00,S,N,A,-,N,,,,,,,,,,,3,0,1,3,A,-,08,22107,,N,C,E,A,A,H,-,C,D,0,,,,,Y,,A,01,0,1,0,0,0,0,0,0,0,"- ","- ",,,"SANTA BARBARA",GOLETA,-119.88294219970703,34.427066802978516
9250133,2021,2021-05-06,4203,2021-04-07,1733,6968,60,3,5,5,4203,0,0,0,,0,005,"STATE ST","PUEBLO AV",0.00,,Y,A,-,N,,,,,,,,,,Y,4,0,3,2,A,-,11,21806,C,N,D,C,A,A,H,-,A,A,0,,,,,Y,,A,01,0,0,3,0,0,0,0,0,0,"- ","- ",34.431968688964844,-119.71350860595703,"SANTA BARBARA","SANTA BARBARA",-119.71852111816406,34.433586120605469
9250628,2021,2021-04-28,4203,2021-04-03,1922,6970,35,6,5,5,4203,0,0,0,,0,004,"MISSION ST","BATH ST",0.00,,Y,A,-,N,,,,,,,,,,,4,0,1,2,D,-,00,,,F,D,G,A,A,H,-,C,A,0,,Y,,,Y,Y,-,"- ",0,0,1,0,0,0,1,0,0,"- ","- ",34.425918579101562,-119.71314239501953,"SANTA BARBARA","SANTA BARBARA",-119.71795654296875,34.427608489990234
9250738,2021,2021-05-03,4204,2021-04-13,1326,23000,023,2,5,5,4204,0,0,0,,0,003,"BETTERAVIA RD","MILL ST",200.00,W,N,A,-,N,,,,,,,,,,N,4,0,1,2,A,-,03,22350,,N,C,C,A,A,H,-,A,C,0,,,,,Y,,A,08,0,0,1,0,0,0,0,0,0,"- ","- ",34.922451019287109,-120.43132019042969,"SANTA BARBARA","SANTA MARIA",,
9252324,2021,2021-04-19,4202,2021-02-02,1550,,4202,2,5,4,4202,0,0,0,,0,,"V ST","PINE AV",7.00,N,N,A,-,N,,,,,,,,,,N,2,0,1,2,A,-,12,22450,,N,B,F,A,A,H,-,A,A,0,,Y,,,Y,,A,01,1,0,0,0,0,0,1,0,0,"- ","- ",,,"SANTA BARBARA",LOMPOC,-120.47537231445312,34.650379180908203
9252837,2021,2021-04-27,4204,2021-03-31,0634,91006,03,3,5,5,4204,0,0,0,,0,001,"BLOSSER RD","ALVIN AV",600.00,S,N,A,-,N,,,,,,,,,,,2,0,1,2,A,-,08,22107,,N,B,C,A,A,H,-,A,D,0,,,Y,,Y,,A,01,1,0,0,0,0,0,0,0,0,"- ","- ",34.960601806640625,-120.45358276367188,"SANTA BARBARA","SANTA MARIA",-120.45353698730469,34.958942413330078
9252896,2021,2021-04-27,4204,2021-04-06,1827,90272,,2,5,5,4204,0,0,0,,0,,"DONOVAN RD","PINE ST",0.00,,Y,A,-,N,,,,,,,,,,N,3,0,2,2,A,-,09,21801,A,N,D,C,A,A,H,-,A,D,0,,,,,Y,,D,22,0,1,1,0,0,0,0,0,0,"- ","- ",34.966690063476562,-120.43721771240234,"SANTA BARBARA","SANTA MARIA",-120.43801116943359,34.967727661132812
9253254,2021,2021-04-29,4200,2021-04-09,2034,3683,14,5,5,4,4214,0,0,0,,0,060,"HOLLISTER AV","CHAPEL ST",6.00,W,N,A,-,N,,,,,,,,,,N,3,0,2,2,A,-,09,21801,A,N,C,C,A,A,H,-,C,D,0,,,,,Y,,A,01,0,2,0,0,0,0,0,0,0,"- ","- ",,,"SANTA BARBARA",GOLETA,-119.81037139892578,34.434940338134766
9253735,2021,2021-04-28,4202,2021-03-10,1234,,,3,5,4,4202,0,0,0,,0,,"N H ST","PINE AV",343.00,S,N,B,C,N,,,,,,,,,,N,2,0,1,2,A,-,11,21955,,N,G,B,D,B,H,-,A,D,0,Y,,,,Y,,N,60,1,0,0,0,1,0,0,0,0,"- ","- ",,,"SANTA BARBARA",LOMPOC,-120.45775604248047,34.649246215820312
9253743,2021,2021-04-28,4202,2021-03-25,0107,292,,4,5,4,4202,0,0,0,,0,,"C ST","CYPRESS AV",147.00,S,N,-,-,N,,,,,,,,,,Y,4,0,1,2,A,-,00,1,,N,-,-,A,-,-,-,-,-,0,,,,,Y,,A,01,0,0,1,0,0,0,0,0,0,"- ","- ",,,"SANTA BARBARA",LOMPOC,-120.45159149169922,34.636856079101562
9254084,2021,2022-03-24,4202,2021-03-27,1627,80738,,6,5,4,4202,0,0,0,,0,,"E OLIVE AV","S B ST",0.00,,Y,A,-,N,,,,,,,,,,N,4,0,1,2,A,-,12,22450,A,N,D,D,A,A,H,-,A,A,0,,,,Y,Y,Y,A,01,0,0,1,0,0,0,0,0,0,"- ","- ",,,"SANTA BARBARA",LOMPOC,-120.45036315917969,34.634059906005859
9254088,2021,2021-05-21,4202,2021-04-01,1739,06697,,4,5,4,4202,0,0,0,,0,,"OCEAN AV","12TH ST",0.00,,Y,A,-,Y,SB,5,246,-,-,9.560,H,-,E,Y,4,0,1,2,A,-,12,21453,A,N,D,C,A,A,H,-,A,A,0,,,,,Y,,D,22,0,0,1,0,0,0,0,0,0,"- ","- ",,,"SANTA BARBARA",LOMPOC,-120.45797729492188,34.638923645019531
9254159,2021,2021-05-07,4202,2021-02-21,1751,80738,,7,5,4,4202,0,0,0,,0,,"N O ST","CENTRAL AV",111.00,N,N,A,-,N,,,,,,,,,,N,3,0,1,2,A,-,09,21801,B,N,D,D,A,A,H,-,B,A,0,,,Y,,Y,,D,22,0,1,0,0,0,0,0,0,1,"- ","- ",,,"SANTA BARBARA",LOMPOC,-120.4664306640625,34.661205291748047
9254835,2020,2021-04-28,4200,2020-12-25,2156,5461,6,5,5,2,4206,0,0,0,,0,,"760 N ALISAL RD","N ALISAL RD 760",0.00,,N,A,-,N,,,,,,,,,,Y,4,0,1,1,A,-,01,23152,A,N,E,I,A,A,H,-,D,D,0,,,,,Y,Y,A,01,0,0,1,0,0,0,0,0,0,CO,"- ",,,"SANTA BARBARA",SOLVANG,-120.13361500000001,34.603167999999997
9257151,2021,2021-04-28,4203,2021-04-03,2140,25107,40,6,5,5,4203,0,0,0,,0,003,"COTA ST","ANACAPA ST",0.00,,Y,A,-,N,,,,,,,,,,Y,3,0,3,2,A,-,12,21453,A,N,D,C,A,A,H,-,C,A,0,,,,,Y,,A,01,0,2,1,0,0,0,0,0,0,"- ","- ",34.418869018554688,-119.69571685791016,"SANTA BARBARA","SANTA BARBARA",-119.69562530517578,34.418861389160156