CASE_ID,ACCIDENT_YEAR,PROC_DATE,JURIS,COLLISION_DATE,COLLISION_TIME,OFFICER_ID,REPORTING_DISTRICT,DAY_OF_WEEK,CHP_SHIFT,POPULATION,CNTY_CITY_LOC,SPECIAL_COND,BEAT_TYPE,CHP_BEAT_TYPE,CITY_DIVISION_LAPD,CHP_BEAT_CLASS,BEAT_NUMBER,PRIMARY_RD,SECONDARY_RD,DISTANCE,DIRECTION,INTERSECTION,WEATHER_1,WEATHER_2,STATE_HWY_IND,CALTRANS_COUNTY,CALTRANS_DISTRICT,STATE_ROUTE,ROUTE_SUFFIX,POSTMILE_PREFIX,POSTMILE,LOCATION_TYPE,RAMP_INTERSECTION,SIDE_OF_HWY,TOW_AWAY,COLLISION_SEVERITY,NUMBER_KILLED,NUMBER_INJURED,PARTY_COUNT,PRIMARY_COLL_FACTOR,PCF_CODE_OF_VIOL,PCF_VIOL_CATEGORY,PCF_VIOLATION,PCF_VIOL_SUBSECTION,HIT_AND_RUN,TYPE_OF_COLLISION,MVIW,PED_ACTION,ROAD_SURFACE,ROAD_COND_1,ROAD_COND_2,LIGHTING,CONTROL_DEVICE,CHP_ROAD_TYPE,PEDESTRIAN_ACCIDENT,BICYCLE_ACCIDENT,MOTORCYCLE_ACCIDENT,TRUCK_ACCIDENT,NOT_PRIVATE_PROPERTY,ALCOHOL_INVOLVED,STWD_VEHTYPE_AT_FAULT,CHP_VEHTYPE_AT_FAULT,COUNT_SEVERE_INJ,COUNT_VISIBLE_INJ,COUNT_COMPLAINT_PAIN,COUNT_PED_KILLED,COUNT_PED_INJURED,COUNT_BICYCLIST_KILLED,COUNT_BICYCLIST_INJURED,COUNT_MC_KILLED,COUNT_MC_INJURED,PRIMARY_RAMP,SECONDARY_RAMP,LATITUDE,LONGITUDE,COUNTY,CITY,POINT_X,POINT_Y
6292538,2015,2017-04-04,4200,2015-04-26,0400,3077,14,7,5,4,4214,0,0,0,,0,050,"LOS CARNEROS RD","RT 101",122.00,N,N,B,-,Y,SB,5,101,-,-,23.520,R,4,N,Y,1,1,0,2,A,-,01,23152,E,N,G,B,F,A,H,-,C,D,0,Y,,,,Y,Y,A,01,0,0,0,1,0,0,0,0,0,"- ",NF,,,"SANTA BARBARA",GOLETA,-119.8495558,34.437935699999997
6292768,2015,2016-04-19,4204,2015-12-15,1125,18261,40,2,5,5,4204,0,0,0,,0,002,COOK,"BLOSSER RD",270.00,W,N,A,-,N,,,,,,,,,,N,1,1,0,2,A,-,11,21954,A,N,G,B,-,-,-,-,A,-,0,Y,,,Y,Y,,N,60,0,0,0,1,0,0,0,0,0,"- ","- ",34.9495,-120.4539,"SANTA BARBARA","SANTA MARIA",-120.45467068000001,34.94962512
6337239,2014,2016-03-05,9760,2014-01-05,1210,018572,,7,1,5,4203,0,1,2,,2,020,"RT 101","LA CUMBRE RD",678.00,N,N,A,-,Y,SB,5,101,-,-,17.910,H,-,S,Y,2,0,1,2,A,-,07,21658,A,N,B,C,A,A,H,-,A,D,1,,,,,Y,,A,01,1,0,0,0,0,0,0,0,0,"- ","- ",34.262099999999997,-119.459,"SANTA BARBARA","SANTA BARBARA",-119.75325045,34.438138619999997
6340801,2014,2014-06-04,4203,2014-01-16,2357,6969,,4,5,5,4203,0,0,0,,0,002,"CABRILLO BL","NINOS DR",27.00,E,N,A,-,N,,,,,,,,,,Y,3,0,1,1,A,-,01,23152,A,N,E,I,A,A,H,-,C,D,0,,,,,Y,Y,-,,0,1,0,0,0,0,0,0,0,"- ","- ",,,"SANTA BARBARA","SANTA BARBARA",-119.66734073000001,34.417284780000003
6340853,2014,2014-06-04,4203,2014-01-08,1722,2661,,3,5,5,4203,0,0,0,,0,004,"CHAPALA ST","HALEY ST",139.00,S,N,A,-,N,,,,,,,,,,N,4,0,1,2,A,-,11,21954,A,N,G,B,D,A,H,-,C,A,0,Y,,,,Y,,N,60,0,0,1,0,1,0,0,0,0,"- ","- ",34.2455,-119.41459999999999,"SANTA BARBARA","SANTA BARBARA",-119.6963023,34.415499760000003
6340865,2014,2016-03-05,4203,2014-01-11,0049,6118,,6,5,5,4203,0,0,0,,0,006,"CLIFF DR","RANCHERIA ST",400.00,W,N,A,-,Y,SB,5,225,-,-,4.320,H,-,E,N,3,0,1,1,A,-,"- ",,,N,F,A,A,A,H,-,D,D,0,,Y,,,Y,Y,L,04,0,1,0,0,0,0,1,0,0,"- ","- ",,,"SANTA BARBARA","SANTA BARBARA",-119.69881456,34.40831584
6346571,2014,2016-03-05,9755,2014-01-02,1805,012436,,4,2,9,4200,0,1,3,,1,042,"RT 154","GRAND AV",0.00,,Y,A,-,Y,SB,5,154,-,R,2.840,I,5,E,Y,4,0,2,2,A,-,12,22450,,N,D,C,A,A,H,-,D,A,0,,,,,Y,,A,01,0,0,2,0,0,0,0,0,0,"- ","- ",34.667720000000003,-120.11502,"SANTA BARBARA",UNINCORPORATED,-120.11554425999999,34.667749649999998
6346598,2014,2014-06-06,9755,2014-01-01,0053,018514,,3,3,9,4200,0,3,5,,2,040,"BASELINE AV","MORA AV",1584.00,E,N,A,-,N,,,,,,,,,,Y,4,0,1,1,A,-,08,22107,,N,F,A,A,A,H,-,D,D,0,,,,,Y,,A,01,0,0,1,0,0,0,0,0,0,"- ","- ",34.635289999999998,-120.04402,"SANTA BARBARA",UNINCORPORATED,-120.04653542,34.634750220000001
6346602,2014,2016-03-05,9755,2014-01-05,0200,017967,,7,3,9,4200,0,1,2,,2,004,"RT 101","OLD COAST HWY",2112.00,N,N,A,-,Y,SB,5,101,-,-,52.820,H,-,N,Y,4,0,1,2,A,-,07,21658,A,M,B,C,A,A,H,-,D,D,1,,,,,Y,,A,01,0,0,1,0,0,0,0,0,0,"- ","- ",34.55791,-120.1922,"SANTA BARBARA",UNINCORPORATED,-120.19130545,34.552625820000003
6346606,2014,2016-03-05,9755,2014-01-09,1915,015281,,4,2,9,4200,0,1,3,,1,053,"RT 246","PURISIMA RD",0.00,,Y,A,-,Y,SB,5,246,-,-,12.270,I,5,E,Y,4,0,1,1,A,-,03,22350,,N,E,I,A,A,H,-,C,D,0,,,,,Y,,A,01,0,0,1,0,0,0,0,0,0,"- ","- ",34.664499999999997,-120.40819999999999,"SANTA BARBARA",UNINCORPORATED,-120.40759267,34.664552489999998
6347845,2016,2016-03-24,4203,2016-03-11,0830,7570,61,5,5,5,4203,0,0,0,,0,001,"E CANON PERDIDO","SALSIPUEDES ST",207.00,E,N,B,-,N,,,,,,,,,,N,4,0,1,2,D,-,00,,,F,G,B,D,B,H,-,A,D,0,Y,,,,Y,,-,"- ",0,0,1,0,1,0,0,0,0,"- ","- ",34.427399999999999,-119.6932,"SANTA BARBARA","SANTA BARBARA",-119.69331015,34.427379029999997
6353556,2014,2014-06-13,4203,2014-01-04,0837,2058,32,6,5,5,4203,0,0,0,,0,004,"CARRILLO ST","BATH ST",11.00,W,N,A,-,N,,,,,,,,,,Y,3,0,3,2,A,-,03,22350,,N,C,C,A,-,H,-,A,A,0,,,,,Y,,-,,0,1,2,0,0,0,0,0,0,"- ","- ",34.250579999999999,-119.42189999999999,"SANTA BARBARA","SANTA BARBARA",-119.70527355999999,34.418296959999999
6353571,2014,2014-06-16,4203,2014-01-08,0753,0394,4203,3,5,5,4203,0,0,0,,0,001,"MILPAS ST","COTA ST",45.00,N,N,A,-,N,,,,,,,,,,N,4,0,3,3,A,-,03,22350,,N,C,C,A,A,H,-,A,A,0,,,,,Y,,-,,0,0,3,0,0,0,0,0,0,"- ","- ",34.253860000000003,-119.41122,"SANTA BARBARA","SANTA BARBARA",-119.68672097,34.42733252
6353575,2014,2014-06-16,4203,2014-01-05,1459,6978,,7,5,5,4203,0,0,0,,0,006,"W MISSION ST","SAN PASCUAL",0.00,W,N,A,-,N,,,,,,,,,,N,2,0,2,2,A,-,03,22350,,N,C,C,A,A,H,-,A,D,0,,,Y,,Y,,C,02,1,0,1,0,0,0,0,0,1,"- ","- ",34.252749999999999,-119.43173,"SANTA BARBARA","SANTA BARBARA",-119.72134993,34.4244901
6358800,2014,2016-03-05,9755,2014-02-01,0105,020202,,6,3,9,4200,0,1,3,,1,053,"RT 246","RIVERVIEW DR",9504.00,W,N,A,-,Y,SB,5,246,-,R,23.270,H,-,E,Y,4,0,2,1,A,-,08,22107,,N,E,I,A,A,H,-,D,D,0,,,,,Y,,D,22,0,0,2,0,0,0,0,0,0,"- ","- ",34.621980000000001,-120.23134,"SANTA BARBARA",UNINCORPORATED,-120.23904892,34.622169710000001
6358881,2014,2016-03-05,9755,2014-02-06,1755,012436,,4,2,9,4200,0,1,2,,2,004,"RT 101","GAVIOTA STATE BEACH RD",4224.00,N,N,B,-,Y,SB,5,101,-,-,47.230,H,-,N,Y,4,0,1,1,A,-,17,21711,,N,E,I,A,B,H,-,A,D,1,,,,Y,Y,,G,25,0,0,1,0,0,0,0,0,0,"- ","- ",34.489550000000001,-120.22636,"SANTA BARBARA",UNINCORPORATED,-120.22599524,34.488731510000001
6363828,2014,2014-06-23,4203,2014-01-28,0953,2520,4203,2,5,5,4203,0,0,0,,0,006,"BARRANCA AV","DEL SOL AV",0.00,,Y,A,-,N,,,,,,,,,,Y,2,0,1,2,A,-,09,21802,B,N,D,C,A,A,H,-,A,D,0,,,,,Y,,-,,1,0,0,0,0,0,0,0,0,"- ","- ",,,"SANTA BARBARA","SANTA BARBARA",-119.70491989999999,34.402760069999999
6366019,2014,2016-03-05,9760,2014-01-28,0750,17674,,2,1,5,4203,0,1,2,,2,011,"RT 101","GARDEN ST",300.00,N,N,A,-,Y,SB,5,101,-,-,13.720,H,-,S,Y,4,0,1,2,A,-,03,22350,,N,C,C,A,A,H,-,A,D,1,,,,,Y,,D,22,0,0,1,0,0,0,0,0,0,"- ","- ",34.415570000000002,-119.69216,"SANTA BARBARA","SANTA BARBARA",-119.69224297,34.41581223
6366023,2014,2016-01-14,9760,2014-01-14,1150,17307,,2,1,9,4200,0,1,3,,1,015,"RT 150","RINCON HILL RD",1584.00,N,N,A,-,Y,SB,5,150,-,-,0.800,H,-,E,Y,4,0,1,3,A,-,17,23114,A,N,E,J,A,A,H,-,A,D,0,,,,,Y,,D,22,0,0,1,0,0,0,0,0,0,"- ","- ",34.382719999999999,-119.47259,"SANTA BARBARA",UNINCORPORATED,-119.4718518,34.385629119999997
6370386,2014,2014-06-06,4200,2014-01-23,1630,3083,14,4,5,4,4214,0,0,0,,0,060,"HOLLISTER AV","STORKE RD",0.00,,Y,A,-,N,,,,,,,,,,N,3,0,1,2,A,-,03,22350,,F,B,C,A,A,H,-,A,A,0,,,Y,,Y,,-,99,0,1,0,0,0,0,0,0,1,"- ","- ",,,"SANTA BARBARA",GOLETA,-119.86974995,34.430100090000003
6372004,2014,2016-01-14,4204,2014-02-02,1454,90268,10,7,5,5,4204,0,0,0,,0,001,BROADWAY,DONOVAN,253.00,N,N,B,-,Y,SB,5,135,-,-,16.820,H,-,N,Y,4,0,2,2,A,-,03,22350,,N,C,C,A,B,H,-,A,-,0,,,,,Y,,A,01,0,0,2,0,0,0,0,0,0,"- ","- ",,,"SANTA BARBARA","SANTA MARIA",-120.435587,34.968313559999999
6373140,2014,2014-06-06,4203,2014-01-22,1938,7189,,3,5,5,4203,0,0,0,,0,001,"REDDICK AV","QUARANTINA ST",4.00,N,N,A,-,N,,,,,,,,,,Y,3,0,1,1,D,-,00,,,N,E,I,A,A,H,-,D,D,0,,,,,Y,,-,"- ",0,1,0,0,0,0,0,0,0,"- ","- ",34.428899999999999,-119.68689999999999,"SANTA BARBARA","SANTA BARBARA",-119.68695099999999,34.423758059999997
6373184,2014,2016-03-05,4203,2014-01-21,1811,7189,,2,5,5,4203,0,0,0,,0,006,"RT 225","RT 101",0.00,,Y,A,-,Y,SB,5,225,-,-,0.023,I,5,W,Y,4,0,2,2,A,-,12,21453,A,N,D,C,A,A,H,-,C,A,0,,,,,Y,,A,07,0,0,2,0,0,0,0,0,0,"- ",SF,34.427700000000002,-119.73390000000001,"SANTA BARBARA","SANTA BARBARA",-119.73374128,34.427662509999998
6373196,2014,2015-08-10,4203,2014-01-19,2116,6970,,7,5,5,4203,0,0,0,,0,003,"GARDEN ST","GUTIERREZ ST",264.00,S,N,A,-,N,,,101,,,,,,,N,4,0,1,2,A,-,09,21801,A,M,A,C,A,A,H,-,C,A,0,,,,,Y,,-,,0,0,1,0,0,0,0,0,0,"- ","- ",34.418500000000002,-119.69,"SANTA BARBARA","SANTA BARBARA",-119.68983777,34.418311510000002
6376140,2014,2014-06-18,4203,2014-02-05,0934,2520,4203,3,5,5,4203,0,0,0,,0,002,"STATE ST","GUTIERREZ ST",0.00,,N,A,-,N,,,,,,,,,,N,3,0,1,1,A,-,03,22350,,N,H,A,A,A,H,-,A,D,0,,Y,,,Y,,L,04,0,1,0,0,0,0,1,0,0,"- ","- ",,,"SANTA BARBARA","SANTA BARBARA",-119.69421991,34.415870050000002
6376144,2014,2014-06-18,4203,2014-02-11,0718,2520,4203,2,5,5,4203,0,0,0,,0,002,"LOMA ALTA DR","CLIFF DR",0.00,,Y,A,-,N,,,,,,,,,,N,3,0,1,1,A,-,03,22350,,N,H,A,A,A,G,-,A,D,0,,Y,,,Y,,L,04,0,1,0,0,0,0,1,0,0,"- ","- ",34.242080000000001,-119.42,"SANTA BARBARA","SANTA BARBARA",-119.7015299,34.406520049999997
6377223,2014,2014-06-12,4203,2014-02-22,1243,1497,,6,5,5,4203,0,0,0,,0,003,"STATE ST","E PADRE ST",135.00,N,N,A,-,N,,,,,,,,,,N,3,0,1,1,A,-,17,21203,,N,E,I,A,A,H,-,A,D,0,,Y,,,Y,Y,L,04,0,1,0,0,0,0,1,0,0,"- ","- ",34.255499999999998,-119.4258,"SANTA BARBARA","SANTA BARBARA",-119.71630583,34.432064879999999
6377228,2014,2014-06-12,4203,2014-02-24,0921,2520,4203,1,5,5,4203,0,0,0,,0,004,"BATH ST","ARRELLAGA ST",0.00,,Y,A,-,N,,,,,,,,,,N,4,0,2,3,A,-,09,21802,A,N,D,C,A,A,H,-,A,D,0,,,,,Y,,-,,0,0,2,0,0,0,0,0,0,"- ","- ",34.462000000000003,-120.1823,"SANTA BARBARA","SANTA BARBARA",-119.7128999,34.423970079999997
6377260,2014,2014-06-16,4203,2014-02-22,2101,6978,,6,5,5,4203,0,0,0,,0,004,"STATE ST","DE LA GUERRA ST",0.00,,Y,A,-,N,,,,,,,,,,N,3,0,1,1,B,-,22,,,N,H,A,A,A,H,-,C,A,0,,Y,,,Y,,-,"- ",0,1,0,0,0,0,1,0,0,"- ","- ",34.419699999999999,-119.6995,"SANTA BARBARA","SANTA BARBARA",-119.69952987000001,34.419740070000003
6377264,2014,2016-03-05,4203,2014-02-26,1920,6110,,3,5,5,4203,0,0,0,,0,006,"RT 225","BARRANCA AV",240.00,W,N,C,-,Y,SB,5,225,-,-,3.680,H,-,W,Y,3,0,2,5,A,-,08,22107,,N,D,E,A,B,H,-,C,D,0,,,,,Y,,-,,0,1,1,0,0,0,0,0,0,"- ","- ",34.399999999999999,-119.70999999999999,"SANTA BARBARA","SANTA BARBARA",-119.70714296,34.403271619999998
6377276,2014,2014-06-12,4203,2014-02-25,1500,6967,SBSC,2,5,5,4203,0,0,0,,0,005,"CHAPALA ST","W CARRILLO ST",240.00,N,N,A,-,N,,,,,,,,,,N,3,0,1,1,A,-,05,21650,1,N,H,A,A,A,H,-,A,A,0,,Y,,,Y,,L,04,0,1,0,0,0,0,1,0,0,"- ","- ",34.2453,-119.41370000000001,"SANTA BARBARA","SANTA BARBARA",-119.70357364,34.420878850000001
6377824,2014,2014-06-10,4200,2014-01-29,0742,3886,10,3,5,3,4205,0,0,0,,0,040,"CARPINTERIA AV","REYNOLDS AV",0.00,,Y,A,F,N,,,,,,,,,,N,4,0,1,2,A,-,10,21950,A,N,G,B,B,A,H,-,A,D,0,Y,,,,Y,,A,01,0,0,1,0,1,0,0,0,0,"- ","- ",,,"SANTA BARBARA",CARPINTERIA,-119.52534989,34.40172003
6378247,2014,2014-06-16,4203,2014-02-01,2205,6969,,6,5,5,4203,0,0,0,,0,004,"STATE ST","HALEY ST",150.00,N,N,A,-,N,,,,,,,,,,N,3,0,1,2,A,-,17,22517,,N,B,G,A,A,H,-,C,D,0,,Y,,,Y,,-,,0,1,0,0,0,0,1,0,0,"- ","- ",34.25,-119.4144,"SANTA BARBARA","SANTA BARBARA",-119.69591111,34.417063919999997
6378259,2014,2014-06-16,4203,2014-02-01,1923,6114,4203,6,5,5,4203,0,0,0,,0,005,"W ALAMAR AV","STATE ST",270.00,W,N,A,-,N,,,,,,,,,,Y,3,0,1,2,A,-,"- ",,,N,C,C,A,A,H,-,C,D,0,,,,,Y,Y,-,,0,1,0,0,0,0,0,0,0,"- ","- ",34.261699999999998,-119.4329,"SANTA BARBARA","SANTA BARBARA",-119.72477000000001,34.438540000000003
6378267,2014,2014-06-16,4203,2014-02-04,1009,2661,,2,5,5,4203,0,0,0,,0,006,"MODOC RD","HACIENDA DR",280.00,S,N,A,-,N,,,,,,,,,,N,3,0,1,2,A,-,08,22107,,N,B,G,A,A,H,-,A,D,0,,Y,,,Y,,-,,0,1,0,0,0,0,1,0,0,"- ","- ",34.253,-119.4258,"SANTA BARBARA","SANTA BARBARA",-119.73277219000001,34.425466440000001
6378388,2014,2014-06-18,4203,2014-02-06,1017,2661,,4,5,5,4203,0,0,0,,0,005,"BATH ST","CONSTANCE AV",0.00,,Y,B,-,N,,,,,,,,,,N,4,0,2,2,A,-,09,21801,A,N,B,C,A,B,H,-,A,D,0,,,,,Y,,-,,0,0,2,0,0,0,0,0,0,"- ","- ",34.255800000000001,-119.4332,"SANTA BARBARA","SANTA BARBARA",-119.72576992,34.433080099999998
6378392,2014,2014-06-18,4203,2014-02-08,0147,2264,30,6,5,5,4203,0,0,0,,0,001,"N ALISOS ST","E MONTICITO ST",90.00,S,N,A,-,N,,,,,,,,,,Y,3,0,1,2,A,-,01,23152,A,N,A,E,A,A,H,-,C,D,0,,,,,Y,Y,-,,0,1,0,0,0,0,0,0,0,"- ","- ",34.253100000000003,-119.04053,"SANTA BARBARA","SANTA BARBARA",-119.68143899,34.425353729999998
6382151,2014,2014-06-18,9760,2014-02-05,0810,017674,,3,1,3,4205,0,1,2,,2,010,"RT 101","CASITAS PASS RD",150.00,S,N,A,-,N,,,101,,,,,,,N,4,0,1,4,A,-,03,22350,,N,C,C,A,A,H,-,A,D,0,,,,,Y,,A,01,0,0,1,0,0,0,0,0,0,"- ","- ",34.395159999999997,-119.51043,"SANTA BARBARA",CARPINTERIA,-119.51037477,34.395197699999997
6382393,2014,2014-06-06,9760,2014-01-27,2030,018991,,1,2,9,4200,0,3,5,,2,005,"SUENO RD","CAMINO DEL SUR",526.00,E,N,A,-,N,,,,,,,,,,N,4,0,1,2,A,-,09,21804,A,N,D,G,A,A,H,-,D,D,0,,Y,,,Y,,A,01,0,0,1,0,0,0,1,0,0,"- ","- ",34.412640000000003,-119.86082,"SANTA BARBARA",UNINCORPORATED,-119.86082729,34.412646510000002
6384316,2014,2016-01-14,4204,2014-02-05,1416,23397,68,3,5,5,4204,0,0,0,,0,003,BROADWAY,"ENOS DR",50.00,N,N,A,-,Y,SB,5,135,-,-,14.480,H,-,N,N,4,0,1,3,A,-,03,22350,,N,C,C,A,A,H,-,A,D,0,,,,,Y,,A,01,0,0,1,0,0,0,0,0,0,"- ","- ",,,"SANTA BARBARA","SANTA MARIA",-120.43591988999999,34.934252489999999
6384320,2014,2014-07-26,4204,2014-01-29,1131,90241,68,3,5,5,4204,0,0,0,,0,003,"BATTLES RD",MCCLELLAND,0.00,,Y,A,-,N,,,,,,,,,,Y,3,0,2,3,A,-,09,21802,A,N,D,C,A,A,H,-,A,A,0,,,,,Y,,A,01,0,1,1,0,0,0,0,0,0,"- ","- ",,,"SANTA BARBARA","SANTA MARIA",-120.43489993,34.931470099999999
6385349,2014,2014-06-12,4203,2014-02-10,1525,7193,,1,5,5,4203,0,0,0,,0,003,"STATE ST","COTA ST",260.00,S,N,A,-,N,,,,,,,,,,N,4,0,2,3,A,-,03,22350,,N,C,C,A,A,H,-,A,A,0,,,,,Y,,-,,0,0,2,0,0,0,0,0,0,"- ","- ",34.253,-119.41459999999999,"SANTA BARBARA","SANTA BARBARA",-119.69615585,34.41724688
6388127,2014,2016-03-05,9755,2014-02-02,1621,015973,,7,2,9,4200,0,1,2,,2,004,"RT 101","GAVIOTA STATE BEACH RD",1584.00,N,N,B,-,Y,SB,5,101,-,-,46.660,H,-,S,N,4,0,1,2,A,-,03,22350,,N,E,I,E,B,H,-,A,A,1,Y,,,,Y,,A,01,0,0,1,0,1,0,0,0,0,"- ","- ",34.496429999999997,-120.23126999999999,"SANTA BARBARA",UNINCORPORATED,-120.23036102,34.481845939999999
6388749,2014,2014-06-05,9755,2014-01-24,2142,020202,,5,2,9,4200,0,3,5,,2,050,"CONSTELLATION RD","CONSTELLATION WY",12.00,N,N,A,-,N,,,,,,,,,,N,3,0,1,2,A,-,11,21954,A,N,G,B,E,A,H,-,C,A,0,Y,,,,Y,,N,60,0,1,0,0,1,0,0,0,0,"- ","- ",34.701419999999999,-120.46595000000001,"SANTA BARBARA",UNINCORPORATED,-120.46583025,34.701638639999999
6388757,2014,2016-06-07,9755,2014-01-21,1330,015973,,2,1,9,4200,0,1,3,,1,042,"RT 246","RT 154",10.00,W,N,B,-,Y,SB,5,246,-,R,34.590,H,-,E,N,4,0,2,2,A,-,03,22350,,N,C,C,A,A,D,E,A,A,0,,,,,Y,,A,01,0,0,2,0,0,0,0,0,0,"- ","- ",34.610329999999998,-120.05465,"SANTA BARBARA",UNINCORPORATED,-120.05532406,34.610440339999997
6390848,2014,2016-03-05,9760,2014-02-11,0656,17140,,2,1,9,4200,0,1,2,,2,010,"RT 101","EVANS AV",1584.00,S,N,A,-,Y,SB,5,101,-,R,7.960,H,-,S,Y,4,0,2,3,A,-,03,22350,,N,C,C,A,A,H,-,A,D,1,,,,,Y,,A,01,0,0,2,0,0,0,0,0,0,"- ","- ",34.419460000000001,-119.59444000000001,"SANTA BARBARA",UNINCORPORATED,-119.59637334,34.419842770000002
6390849,2014,2016-03-05,9760,2014-02-11,0745,17097,,2,1,9,4200,0,1,2,,2,010,"RT 101","SHEFFIELD DR",1056.00,S,N,A,-,Y,SB,5,101,-,-,8.760,H,-,S,Y,4,0,1,3,A,-,03,22350,,N,B,C,A,A,H,-,A,D,1,,,,,Y,,A,01,0,0,1,0,0,0,0,0,0,"- ","- ",34.42098,-119.60924,"SANTA BARBARA",UNINCORPORATED,-119.60984362000001,34.421147099999999
6395742,2014,2016-03-05,9750,2014-02-14,0708,016469,,5,1,9,4200,0,1,2,,2,001,"RT 101","DONOVAN RD",1584.00,S,N,A,-,Y,SB,5,101,-,-,89.390,H,-,N,N,4,0,1,1,C,-,18,,,N,E,I,A,A,H,-,A,D,0,,,,,Y,,-,"- ",0,0,1,0,0,0,0,0,0,"- ","- ",34.96293,-120.41985,"SANTA BARBARA",UNINCORPORATED,-120.42047079,34.96374883
6396496,2014,2014-06-24,4204,2014-02-16,0119,90139,72,7,5,5,4204,0,0,0,,0,003,"S BLOSSER RD",CARMEN,30.00,N,N,A,-,N,,,,,,,,,,Y,3,0,1,2,A,-,03,22350,,N,E,I,D,A,H,-,C,A,0,Y,,,,Y,,A,01,0,1,0,0,0,0,0,0,0,"- ","- ",,,"SANTA BARBARA","SANTA MARIA",-120.45402,34.924322400000001
6396516,2014,2014-06-24,4204,2014-02-23,0322,90139,19,7,5,5,4204,0,0,0,,0,001,"E DONOVAN",PEPPERWOOD,93.00,W,N,A,-,N,,,,,,,,,,Y,4,0,1,1,A,-,08,22107,,N,F,I,A,A,H,-,E,D,0,,,,,Y,,A,01,0,0,1,0,0,0,0,0,0,"- ","- ",,,"SANTA BARBARA","SANTA MARIA",-120.4191103,34.96763
6397742,2014,2016-01-11,9750,2014-03-02,1230,013766,,7,1,9,4200,0,1,3,,1,022,"RT 1","SAN ANTONIO ROAD EAST",9504.00,N,N,B,C,Y,SB,5,1,-,M,34.770,H,-,S,Y,4,0,1,1,A,-,08,22107,,N,E,I,A,B,H,-,A,D,0,,,,,Y,,D,22,0,0,1,0,0,0,0,0,0,"- ","- ",34.787089999999999,-120.46193,"SANTA BARBARA",UNINCORPORATED,-120.46151242000001,34.787464100000001
6398122,2014,2016-03-05,9750,2014-02-26,1056,14820,,3,1,5,4204,0,1,2,,2,001,"RT 101","ALVIN AV",339.00,S,N,C,-,Y,SB,5,101,-,-,89.190,H,-,N,Y,4,0,1,1,A,-,03,22350,,N,E,I,A,B,H,-,A,D,0,,,,,Y,,A,01,0,0,1,0,0,0,0,0,0,"- ","- ",34.959310000000002,-120.41794,"SANTA BARBARA","SANTA MARIA",-120.41884971,34.961152830000003
6399014,2014,2014-06-26,4203,2014-02-16,1108,6377,,7,5,5,4203,0,0,0,,0,006,"SAN ANDRES ST","W ISLAY ST",42.00,S,N,A,-,N,,,,,,,,,,N,3,0,1,2,D,-,00,,,N,B,G,A,A,H,-,A,D,0,,Y,,,Y,,-,"- ",0,1,0,0,0,0,1,0,0,"- ","- ",34.2517,-119.4311,"SANTA BARBARA","SANTA BARBARA",-119.71991694,34.421522510000003
6399027,2014,2014-06-24,4203,2014-02-20,2143,4937,,4,5,5,4203,0,0,0,,0,006,MICHELTORENA,"DUTTON AV",0.00,,Y,A,-,N,,,,,,,,,,N,4,0,1,2,A,-,10,21950,A,N,-,B,B,A,H,-,C,A,0,Y,,,,Y,Y,-,,0,0,1,0,1,0,0,0,0,"- ","- ",34.4193,-119.4256,"SANTA BARBARA","SANTA BARBARA",-119.71558998,34.419310109999998
6401394,2014,2016-03-05,9750,2014-02-09,1420,14358,,7,2,5,4204,0,1,2,,2,001,"RT 101","DONOVAN RD",1584.00,S,N,A,-,Y,SB,5,101,-,-,89.390,H,-,S,Y,4,0,2,1,A,-,08,22107,,N,E,I,A,A,H,-,A,D,0,,,,,Y,,A,07,0,0,2,0,0,0,0,0,0,"- ","- ",34.963880000000003,-120.42061,"SANTA BARBARA","SANTA MARIA",-120.42067105,34.96377081
6401407,2014,2016-03-05,4200,2014-01-18,1745,4652,,6,5,2,4206,0,0,0,,0,,"RT 246","SKYTT MESA DR",953.00,E,N,A,-,Y,SB,5,246,-,-,28.790,H,-,W,N,2,0,1,1,A,-,08,22107,,N,H,A,A,A,C,E,B,D,0,,Y,,,Y,Y,L,04,1,0,0,0,0,0,1,0,0,"- ","- ",,,"SANTA BARBARA",SOLVANG,-120.15214654,34.594147800000002
6403062,2014,2016-03-05,9755,2014-02-24,1848,019464,,1,2,9,4200,0,3,5,,2,050,"MISSION GATE RD","RT 246",10.00,N,N,A,-,Y,SB,5,246,-,R,11.360,I,6,W,N,4,0,1,2,A,-,03,22350,,N,C,C,A,A,H,-,D,A,0,,,,,Y,,A,07,0,0,1,0,0,0,0,0,0,"- ","- ",34.663620000000002,-120.42234999999999,"SANTA BARBARA",UNINCORPORATED,-120.42221541000001,34.663523060000003
6405907,2014,2014-06-27,9760,2014-02-08,1410,018572,,6,2,9,4200,0,3,5,,2,005,"EL COLEGIO RD","CAMINO DEL SUR",0.00,,Y,B,-,N,,,,,,,,,,N,3,0,1,2,A,-,12,21453,A,N,H,G,A,A,H,-,A,A,0,,Y,,,Y,,A,01,0,1,0,0,0,0,1,0,0,"- ","- ",34.417209999999997,-119.86245,"SANTA BARBARA",UNINCORPORATED,-119.86253997,34.417310110000003
6405911,2014,2014-06-27,9760,2014-02-07,1240,19446,,5,1,9,4200,0,3,5,,2,001,"SAN YSIDRO RD","BOLERO DR",368.00,,N,B,-,N,,,,,,,,,,N,3,0,1,2,A,-,03,22350,,N,G,B,E,A,D,-,A,A,0,Y,,,,Y,,A,01,0,1,0,0,1,0,0,0,0,"- ","- ",34.440899999999999,-119.63160000000001,"SANTA BARBARA",UNINCORPORATED,-119.63163987999999,34.440170019999996
6408004,2014,2016-03-05,4200,2014-03-10,0809,3683,14,1,5,4,4214,0,0,0,,0,060,"HOLLISTER AV","RT 217",41.00,W,N,A,-,Y,SB,5,217,-,-,2.440,R,4,E,Y,4,0,2,2,A,-,03,22350,,N,C,C,A,A,H,-,A,D,0,,,,,Y,,A,01,0,0,2,0,0,0,0,0,0,"- ",EO,,,"SANTA BARBARA",GOLETA,-119.81579067,34.437929310000001