CASE_ID,ACCIDENT_YEAR,PROC_DATE,JURIS,COLLISION_DATE,COLLISION_TIME,OFFICER_ID,REPORTING_DISTRICT,DAY_OF_WEEK,CHP_SHIFT,POPULATION,CNTY_CITY_LOC,SPECIAL_COND,BEAT_TYPE,CHP_BEAT_TYPE,CITY_DIVISION_LAPD,CHP_BEAT_CLASS,BEAT_NUMBER,PRIMARY_RD,SECONDARY_RD,DISTANCE,DIRECTION,INTERSECTION,WEATHER_1,WEATHER_2,STATE_HWY_IND,CALTRANS_COUNTY,CALTRANS_DISTRICT,STATE_ROUTE,ROUTE_SUFFIX,POSTMILE_PREFIX,POSTMILE,LOCATION_TYPE,RAMP_INTERSECTION,SIDE_OF_HWY,TOW_AWAY,COLLISION_SEVERITY,NUMBER_KILLED,NUMBER_INJURED,PARTY_COUNT,PRIMARY_COLL_FACTOR,PCF_CODE_OF_VIOL,PCF_VIOL_CATEGORY,PCF_VIOLATION,PCF_VIOL_SUBSECTION,HIT_AND_RUN,TYPE_OF_COLLISION,MVIW,PED_ACTION,ROAD_SURFACE,ROAD_COND_1,ROAD_COND_2,LIGHTING,CONTROL_DEVICE,CHP_ROAD_TYPE,PEDESTRIAN_ACCIDENT,BICYCLE_ACCIDENT,MOTORCYCLE_ACCIDENT,TRUCK_ACCIDENT,NOT_PRIVATE_PROPERTY,ALCOHOL_INVOLVED,STWD_VEHTYPE_AT_FAULT,CHP_VEHTYPE_AT_FAULT,COUNT_SEVERE_INJ,COUNT_VISIBLE_INJ,COUNT_COMPLAINT_PAIN,COUNT_PED_KILLED,COUNT_PED_INJURED,COUNT_BICYCLIST_KILLED,COUNT_BICYCLIST_INJURED,COUNT_MC_KILLED,COUNT_MC_INJURED,PRIMARY_RAMP,SECONDARY_RAMP,LATITUDE,LONGITUDE,COUNTY,CITY,POINT_X,POINT_Y
6638299,2014,2014-10-08,9760,2014-09-16,0720,017662,,2,1,9,4200,0,3,5,,2,001,"SANTA CLAUS LN","SAND POINT RD",535.00,W,N,A,-,N,,,,,,,,,,Y,4,0,1,2,A,-,09,21804,A,N,D,C,A,A,H,-,A,D,0,,,,,Y,,A,01,0,0,1,0,0,0,0,0,0,"- ","- ",34.406300000000002,-119.54716000000001,"SANTA BARBARA",UNINCORPORATED,-119.54706002,34.406353940000002
6640338,2014,2016-05-03,9750,2014-09-24,0626,14820,,3,1,9,4200,0,1,3,,1,011,"RT 166","SIMAS RD",1584.00,E,N,B,-,Y,SB,5,166,-,-,1.190,H,-,E,Y,3,0,5,3,A,-,03,22350,,F,C,C,A,A,H,-,D,D,0,,,,,Y,,-,99,0,1,4,0,0,0,0,0,0,"- ","- ",34.958570000000002,-120.54357,"SANTA BARBARA",UNINCORPORATED,-120.55297732,34.957369780000001
6641449,2014,2014-10-17,4204,2014-09-23,0909,18261,87,2,5,5,4204,0,0,0,,0,003,"SKYWAY DR","INDUSTRIAL PKWY",75.00,W,N,A,-,N,,,,,,,,,,N,4,0,1,2,A,-,03,22350,,N,C,C,A,A,H,-,A,D,0,,,,,Y,,D,22,0,0,1,0,0,0,0,0,0,"- ","- ",,,"SANTA BARBARA","SANTA MARIA",-120.44812174,34.901739730000003
6641453,2014,2014-11-12,4204,2014-09-21,1915,90139,40,7,5,5,4204,0,0,0,,0,002,"RUSSELL AV",CHURCH,70.00,S,N,A,-,N,,,,,,,,,,Y,3,0,2,2,A,-,08,22107,,F,D,E,A,A,H,-,A,D,0,,,,Y,Y,Y,A,01,0,2,0,0,0,0,0,0,0,"- ","- ",,,"SANTA BARBARA","SANTA MARIA",-120.45152,34.952027729999998
6641503,2014,2014-10-20,4204,2014-09-24,1528,90081,10,3,5,5,4204,0,0,0,,0,001,DONOVAN,MILLER,104.00,W,N,A,-,N,,,,,,,,,,Y,4,0,1,3,A,-,03,22350,,N,C,C,A,A,H,-,A,A,0,,,,,Y,,D,22,0,0,1,0,0,0,0,0,0,"- ","- ",,,"SANTA BARBARA","SANTA MARIA",-120.43157701,34.967689999999997
6643747,2014,2015-01-14,9750,2014-11-16,0558,014449,,7,3,9,4200,0,1,3,,1,023,"RT 135","BELL ST",4752.00,N,N,A,-,Y,,,135,,,,,,,Y,4,0,1,2,A,-,06,21751,,N,A,C,A,A,H,-,D,D,0,,,,,Y,,A,01,0,0,1,0,0,0,0,0,0,"- ","- ",34.747680000000003,-120.30256,"SANTA BARBARA",UNINCORPORATED,-120.30256409,34.747653499999998
6643934,2014,2015-01-16,4202,2014-11-18,1812,273,LOMPO,2,5,4,4202,0,0,0,,0,,"R ST","COLLEGE AV",0.00,,Y,A,-,N,,,,,,,,,,N,4,0,1,2,A,-,12,22450,,F,G,B,B,A,H,-,C,A,0,Y,,,,Y,,D,22,0,0,1,0,1,0,0,0,0,"- ","- ",,,"SANTA BARBARA",LOMPOC,-120.47046998,34.647120090000001
6644041,2014,2016-06-22,4200,2014-11-11,0408,2711,10,2,5,3,4205,0,0,0,,0,040,"VIA REAL","SANTA MONICA RD",148.00,E,N,A,-,Y,SB,5,101,-,-,3.820,R,4,N,Y,4,0,1,1,A,-,08,22107,,N,E,I,A,A,H,-,C,D,0,,,,,Y,,A,07,0,0,1,0,0,0,0,0,0,"- ","- ",,,"SANTA BARBARA",CARPINTERIA,-119.52945391999999,34.40392825
6645993,2014,2016-05-09,9760,2014-09-19,1725,019831,,5,2,5,4203,0,1,2,,2,011,"RT 101","LAS POSITAS RD",223.00,S,N,A,-,Y,SB,5,101,-,-,16.510,H,-,S,Y,3,0,3,3,A,-,03,22350,,N,C,C,A,A,H,-,A,D,1,,,,,Y,,A,01,0,1,2,0,0,0,0,0,0,"- ","- ",34.427779999999998,-119.73283000000001,"SANTA BARBARA","SANTA BARBARA",-119.73302775000001,34.427840500000002
6646730,2014,2016-05-03,4203,2014-09-17,1432,3769,,3,5,5,4203,0,0,0,,0,006,"CLIFF DR","OCEANO AV",68.00,W,N,A,-,Y,SB,5,225,-,-,3.790,H,-,E,N,3,0,1,1,A,-,04,21703,,N,H,J,A,A,H,-,A,D,0,,,,,Y,,-,,0,1,0,0,0,0,0,0,0,"- ","- ",34.4041,-119.7055,"SANTA BARBARA","SANTA BARBARA",-119.70562725000001,34.40420451
6646742,2014,2014-12-09,4203,2014-09-22,0214,2720,,1,5,5,4203,0,0,0,,0,004,"CHAPALA ST","W HALEY ST",6.00,S,N,A,-,N,,,,,,,,,,N,4,0,1,2,A,-,10,21950,A,N,G,B,B,A,H,-,C,A,0,Y,,,,Y,,-,,0,0,1,0,1,0,0,0,0,"- ","- ",34.415819999999997,-119.69671,"SANTA BARBARA","SANTA BARBARA",-119.69663499000001,34.415739199999997
6646785,2014,2014-12-09,4203,2014-09-30,0912,1497,,2,5,5,4203,0,0,0,,0,004,"W MICHELTORENA ST","CHAPALA ST",36.00,W,N,A,-,N,,,,,,,,,,N,4,0,1,2,A,-,03,22350,,M,C,C,A,A,H,-,A,D,0,,,,,Y,,-,,0,0,1,0,0,0,0,0,0,"- ","- ",34.252899999999997,-119.4234,"SANTA BARBARA","SANTA BARBARA",-119.70952693,34.425064460000002
6648276,2014,2016-05-07,4204,2014-09-06,2020,90242,75,6,5,5,4204,0,0,0,,0,003,BROADWAY,"INGER DR",0.00,,Y,A,-,Y,SB,5,135,-,-,13.950,I,5,N,Y,2,0,1,2,A,-,11,21950,B,N,G,B,D,A,H,-,C,D,0,Y,,,,Y,,N,60,1,0,0,0,1,0,0,0,0,"- ","- ",,,"SANTA BARBARA","SANTA MARIA",-120.43594415,34.926790310000001
6650857,2014,2016-05-03,4204,2014-09-24,1055,90081,59,3,5,5,4204,0,0,0,,0,002,"NICHOLSON AV","STOWELL RD",264.00,N,N,A,-,Y,SB,5,101,-,-,88.780,R,4,N,Y,4,0,1,3,A,-,03,22350,,N,C,C,A,A,D,-,A,D,0,,,Y,,Y,,A,01,0,0,1,0,0,0,0,0,0,"- ","- ",,,"SANTA BARBARA","SANTA MARIA",-120.4171954,34.955400529999999
6650915,2014,2016-05-09,9760,2014-09-26,0900,019464,,5,1,5,4203,0,1,2,,2,020,"RT 101","LAS POSITAS RD",50.00,N,N,A,-,Y,SB,5,101,-,-,16.720,R,1,S,N,4,0,1,2,A,-,21,22106,,N,C,C,A,A,H,-,A,A,1,,,,,Y,,A,01,0,0,1,0,0,0,0,0,0,"- ","- ",34.42794,-119.73575,"SANTA BARBARA","SANTA BARBARA",-119.73655768,34.428189449999998
6651097,2014,2016-05-09,4202,2014-09-24,0610,277,LOMPO,3,5,4,4202,0,0,0,,0,,"RT 1","NORTH AV",0.00,,Y,B,-,Y,SB,5,1,-,-,21.559,I,5,S,Y,4,0,1,2,A,-,"- ",,,N,D,C,A,A,H,-,B,A,0,,,,,Y,,A,08,0,0,1,0,0,0,0,0,0,"- ","- ",,,"SANTA BARBARA",LOMPOC,-120.45779927,34.653411269999999
6651109,2014,2014-11-05,4202,2014-09-16,1211,292,,2,5,4,4202,0,0,0,,0,,"PINE AV","H ST",52.00,W,N,A,-,N,,,,,,,,,,Y,3,0,1,1,A,-,08,22107,,N,A,I,A,A,H,-,A,A,0,,,,,Y,,A,01,0,1,0,0,0,0,0,0,0,"- ","- ",,,"SANTA BARBARA",LOMPOC,-120.45792283999999,34.650191210000003
6651117,2014,2014-11-05,4202,2014-09-06,1320,232,4202,6,5,4,4202,0,0,0,,0,,"T ST","LOCUST AV",79.00,S,N,A,-,N,,,,,,,,,,N,4,0,1,2,A,-,21,22106,,N,H,G,A,A,H,-,A,D,0,,Y,,,Y,,A,07,0,0,1,0,0,0,1,0,0,"- ","- ",,,"SANTA BARBARA",LOMPOC,-120.47271000000001,34.632483000000001
6652312,2014,2016-05-09,4202,2014-09-30,1402,292,,2,5,4,4202,0,0,0,,0,,"RT 1","BARTON AV",0.00,,Y,A,-,Y,SB,5,1,-,-,21.810,I,5,S,Y,4,0,1,2,D,-,00,,,F,D,C,A,A,H,-,A,A,0,,,,,Y,,-,"- ",0,0,1,0,0,0,0,0,0,"- ","- ",,,"SANTA BARBARA",LOMPOC,-120.45766036000001,34.657058050000003
6658393,2014,2015-05-29,4204,2014-10-03,1929,90278,51,5,5,5,4204,0,0,0,,0,002,ORANGE,THORNBURG,100.00,W,N,A,-,N,,,,,,,,,,N,4,0,1,2,A,-,05,21650,,N,A,C,A,A,H,-,C,D,0,,,,,Y,,A,07,0,0,1,0,0,0,0,0,0,"- ","- ",,,"SANTA BARBARA","SANTA MARIA",-120.44076359,34.948819999999998
6659076,2014,2016-01-15,9750,2014-09-30,2250,017616,,2,3,9,4200,0,3,5,,2,020,"HARRIS GRADE RD","RT 135",6336.00,S,N,A,-,N,,,,,,,,,,Y,4,0,1,1,A,-,08,22107,,N,F,A,A,A,H,-,D,D,0,,,,,Y,,A,01,0,0,1,0,0,0,0,0,0,"- ","- ",34.753979999999999,-120.43241,"SANTA BARBARA",UNINCORPORATED,-120.43243491,34.754334360000001
6661924,2014,2016-05-03,9760,2014-09-25,1710,019831,,4,2,5,4203,0,1,2,,2,011,"RT 101","CABRILLO BL",1123.00,S,N,A,-,Y,SB,5,101,-,-,11.200,H,-,S,N,4,0,1,2,A,-,03,22350,,N,C,C,A,A,H,-,A,D,1,,,,,Y,,A,01,0,0,1,0,0,0,0,0,0,"- ","- ",34.420780000000001,-119.64881,"SANTA BARBARA","SANTA BARBARA",-119.65101481000001,34.421357
6661928,2014,2014-11-12,9760,2014-09-26,1620,019464,,5,2,9,4200,0,3,5,,2,002,"KELLOGG AV","THRONE CT",0.00,,Y,A,-,N,,,,,,,,,,N,3,0,1,2,A,-,08,22103,,N,D,C,A,A,H,-,A,D,0,,,Y,,Y,,A,01,0,1,0,0,0,0,0,0,0,"- ","- ",,,"SANTA BARBARA",UNINCORPORATED,-119.81334988,34.45501007
6664445,2014,2014-10-24,4202,2014-09-30,1116,292,,2,5,4,4202,0,0,0,,0,,"8TH ST","CHERRY AV",0.00,,Y,A,-,N,,,,,,,,,,N,4,0,1,2,A,-,05,21202,A,F,D,G,A,A,H,-,A,A,0,,Y,,,Y,,L,04,0,0,1,0,0,0,1,0,0,"- ","- ",,,"SANTA BARBARA",LOMPOC,-120.43869995999999,34.650820019999998
6664574,2014,2014-12-15,4203,2014-10-05,1605,0394,4203,7,5,5,4203,0,0,0,,0,004,"DE LA VINA ST","ARRELLAGA ST",138.00,S,N,A,-,N,,,,,,,,,,N,3,0,1,2,A,-,17,22517,,N,H,G,A,A,H,-,A,D,0,,Y,,,Y,,-,,0,1,0,0,0,0,1,0,0,"- ","- ",,,"SANTA BARBARA","SANTA BARBARA",-119.71152433,34.424741969999999
6665544,2014,2014-12-18,4203,2014-10-16,2046,5751,,4,5,5,4203,0,0,0,,0,,"HOLLISTER AV","DAVID LOVE PL",36.00,E,N,A,-,N,,,,,,,,,,Y,3,0,1,2,A,-,03,22350,,N,C,C,A,A,H,-,C,D,0,,,,,Y,,-,,0,1,0,0,0,0,0,0,0,"- ","- ",34.43,-119.83,"SANTA BARBARA","SANTA BARBARA",-119.8385,34.433585000000001
6666015,2014,2016-06-22,4203,2014-10-16,1443,6700,23,4,5,5,4203,0,0,0,,0,006,"MISSION ST","RT 101",0.00,,Y,A,-,Y,SB,5,101,-,R,15.640,R,4,S,Y,4,0,2,2,A,-,09,21801,A,F,D,C,A,A,H,-,A,A,0,,,Y,,Y,,A,01,0,0,2,0,0,0,0,0,2,"- ",SO,34.253039999999999,-119.43141,"SANTA BARBARA","SANTA BARBARA",-119.71896595,34.42443205
6666801,2014,2014-11-14,4204,2014-10-06,1548,22113,50,1,5,5,4204,0,0,0,,0,002,"WESTERN AV",BOONE,200.00,N,N,A,-,N,,,,,,,,,,N,4,0,1,2,A,-,05,21650,1,N,D,G,A,A,H,-,A,D,0,,Y,,,Y,,L,04,0,0,1,0,0,0,1,0,0,"- ","- ",,,"SANTA BARBARA","SANTA MARIA",-120.44942248,34.947469310000002
6669072,2014,2016-06-18,9750,2014-10-13,1750,014753,,1,2,9,4200,0,1,3,,1,022,"RT 1","CLARK AV",116.00,N,N,A,-,Y,SB,5,1,-,R,35.550,H,-,N,N,4,0,1,1,A,-,08,22107,,N,E,I,A,A,H,-,A,D,0,,,,,Y,,A,01,0,0,1,0,0,0,0,0,0,"- ","- ",34.864370000000001,-120.45737,"SANTA BARBARA",UNINCORPORATED,-120.45722908,34.864142399999999
6669076,2014,2014-12-15,9750,2014-10-07,0255,017616,,2,3,9,4200,0,1,3,,1,062,"RT 166","SIERRA MADRE RD",4752.00,W,N,A,-,Y,,,166,,,,,,,Y,4,0,2,1,A,-,08,22107,,N,F,A,A,A,H,-,D,D,0,,,,,Y,,A,01,0,0,2,0,0,0,0,0,0,"- ","- ",35.106259999999999,-120.10657999999999,"SANTA BARBARA",UNINCORPORATED,-120.10675870999999,35.106276719999997
6669970,2014,2014-12-19,4203,2014-10-18,2040,7570,63,6,5,5,4203,0,0,0,,0,001,"S SALINAS ST","INDIO MUERTO ST",0.00,,Y,A,-,N,,,,,,,,,,N,4,0,1,2,D,-,00,,,F,C,C,A,A,H,-,C,D,0,,,,,Y,Y,-,"- ",0,0,1,0,0,0,0,0,0,"- ","- ",34.424030000000002,-119.66144,"SANTA BARBARA","SANTA BARBARA",-119.66945991999999,34.424050000000001
6670675,2014,2014-12-18,4204,2014-10-11,0725,90272,014,6,5,5,4204,0,0,0,,0,001,RAILROAD,HARDING,10.00,S,N,E,-,N,,,,,,,,,,N,4,0,1,2,A,-,08,22107,,F,G,B,A,A,H,-,B,D,0,,Y,,,Y,,A,01,0,0,1,0,0,0,1,0,0,"- ","- ",,,"SANTA BARBARA","SANTA MARIA",-120.444489,34.966970000000003
6671037,2014,2016-06-22,4204,2014-10-09,1033,22751,49,4,5,5,4204,0,0,0,,0,002,"NICHOLSON AV","RT 101",0.00,,Y,A,-,Y,SB,5,101,-,-,88.490,R,1,N,N,4,0,1,2,D,-,00,,,N,B,C,A,A,H,-,A,D,0,,,,,Y,,-,"- ",0,0,1,0,0,0,0,0,0,"- ",NF,,,"SANTA BARBARA","SANTA MARIA",-120.41730221,34.951197239999999
6673863,2014,2015-01-22,4204,2014-12-20,1808,23656,,6,5,5,4204,0,0,0,,0,,STOWELL,BRADLEY,135.00,W,N,A,-,N,,,,,,,,,,N,4,0,1,4,A,-,03,22350,,N,C,C,A,A,H,-,C,A,0,,,,,Y,,J,48,0,0,1,0,0,0,0,0,0,"- ","- ",,,"SANTA BARBARA","SANTA MARIA",-120.41987023999999,34.938344950000001
6675612,2014,2015-05-13,4204,2014-09-27,2101,90268,60,6,5,5,4204,0,0,0,,0,003,RAILROAD,"CAMINO COLEGIO",0.00,,Y,A,-,N,,,,,,,,,,N,4,0,1,2,A,-,03,22350,,N,G,B,B,A,H,-,D,D,0,Y,,,,Y,,D,22,0,0,1,0,1,0,0,0,0,"- ","- ",,,"SANTA BARBARA","SANTA MARIA",-120.44548,34.942450000000001
6677983,2014,2014-12-16,4204,2014-10-15,0854,23073,54,3,5,5,4204,0,0,0,,0,002,"BRADLEY RD",JONES,75.00,N,N,A,-,N,,,,,,,,,,N,4,0,1,3,A,-,03,22350,,F,C,C,A,A,H,-,A,A,0,,,,,Y,,-,,0,0,1,0,0,0,0,0,0,"- ","- ",,,"SANTA BARBARA","SANTA MARIA",-120.41815584,34.946015969999998
6677995,2014,2014-12-16,4204,2014-10-12,1944,23813,16,7,5,5,4204,0,0,0,,0,001,BROADWAY,ORCHARD,50.00,S,N,A,-,Y,,,,,,,,,,Y,4,0,1,2,A,-,09,21804,A,F,-,C,A,A,H,-,C,D,0,,,,,Y,Y,-,,0,0,1,0,0,0,0,0,0,"- ","- ",,,"SANTA BARBARA","SANTA MARIA",,
6678013,2015,2016-01-29,4203,2015-08-25,1809,3197,,2,5,5,4203,0,0,0,,0,001,"E GUTIERREZ ST","SALSIPUEDES ST",81.00,E,N,A,-,N,,,,,,,,,,N,1,1,0,1,A,-,01,21200,5,N,B,G,A,A,H,-,A,D,0,,Y,,,Y,Y,L,04,0,0,0,0,0,1,0,0,0,"- ","- ",34.422730000000001,-119.68749,"SANTA BARBARA","SANTA BARBARA",-119.68724228000001,34.42238665
6678251,2014,2014-10-31,9755,2014-08-14,1327,13618,,4,1,9,4200,0,1,3,,1,053,"RT 246","CAMPBELL RD",985.00,W,N,A,-,Y,SB,5,246,-,R,18.030,H,-,E,Y,1,1,1,2,A,-,08,22107,,N,A,C,A,A,H,-,A,D,0,,,,,Y,,A,01,1,0,0,0,0,0,0,0,0,"- ","- ",34.663359999999997,-120.32953999999999,"SANTA BARBARA",UNINCORPORATED,-120.31662132,34.653941420000002
6679402,2014,2014-12-19,4200,2014-10-02,0833,3683,14,4,5,4,4214,0,0,0,,0,080,"CATHEDRAL OAKS RD","ELLWOOD CANYON RD",12.00,E,N,A,-,N,,,,,,,,,,N,3,0,1,2,A,-,09,21802,A,N,H,G,A,A,H,-,A,A,0,,Y,,,Y,,L,04,0,1,0,0,0,0,1,0,0,"- ","- ",,,"SANTA BARBARA",GOLETA,-119.89778203,34.4396694
6679406,2014,2014-12-19,4200,2014-10-03,1215,4417,14,5,5,3,4205,0,0,0,,0,040,"HOLLY AV","CARPINTERIA AV",34.00,S,N,A,-,N,,,,,,,,,,N,4,0,1,2,A,-,17,22517,,N,H,G,A,A,H,-,A,D,0,,Y,,,Y,,A,01,0,0,1,0,0,0,1,0,0,"- ","- ",,,"SANTA BARBARA",CARPINTERIA,-119.52055792,34.400632610000002
6680835,2014,2014-12-12,4204,2014-10-19,1639,23601,52,7,5,5,4204,0,0,0,,0,002,BROADWAY,MAIN,0.00,,Y,A,-,Y,,,,,,,,,,N,4,0,1,2,A,-,09,21804,,N,D,C,A,A,H,-,A,A,0,,,,,Y,,A,08,0,0,1,0,0,0,0,0,0,"- ","- ",,,"SANTA BARBARA","SANTA MARIA",,
6680838,2014,2014-12-12,4204,2014-10-06,1700,23000,22,1,5,5,4204,0,0,0,,0,001,"PANTHER DR","ALCALA DR",200.00,N,N,A,-,N,,,,,,,,,,N,4,0,1,2,A,-,09,21804,,N,-,G,A,A,H,-,A,D,0,,Y,,,Y,,A,01,0,0,1,0,0,0,1,0,0,"- ","- ",,,"SANTA BARBARA","SANTA MARIA",-120.40032861,34.954939240000002
6680839,2014,2014-12-12,4204,2014-10-19,1401,22104,27,7,5,5,4204,0,0,0,,0,001,"ALVIN AV",MCCLELLAND,224.00,W,N,A,-,N,,,,,,,,,,Y,4,0,1,4,A,-,01,23152,B,M,F,E,A,A,H,-,-,A,0,,,,,Y,Y,A,01,0,0,1,0,0,0,0,0,0,"- ","- ",,,"SANTA BARBARA","SANTA MARIA",-120.43488730999999,34.96043598
6681392,2014,2016-06-22,9760,2014-10-09,1545,014690,,4,2,5,4203,0,1,2,,2,011,"RT 101","PUEBLO ST",800.00,S,N,A,-,Y,SB,5,101,-,R,15.880,H,-,N,Y,3,0,1,2,A,-,04,21703,,N,C,C,A,A,H,-,A,D,1,,,Y,,Y,,C,02,0,1,0,0,0,0,0,0,1,"- ","- ",34.426349999999999,-119.7236,"SANTA BARBARA","SANTA BARBARA",-119.72253093,34.426122659999997
6681424,2014,2016-06-22,9760,2014-10-04,1405,018491,,6,2,3,4205,0,1,2,,2,010,"RT 101","LINDEN AV",426.00,N,N,A,-,Y,SB,5,101,-,-,3.140,H,-,N,Y,3,0,1,1,A,-,08,22107,,N,E,I,A,A,H,-,A,D,1,,,,,Y,,A,07,0,1,0,0,0,0,0,0,0,"- ","- ",34.401879999999998,-119.51779999999999,"SANTA BARBARA",CARPINTERIA,-119.51780909,34.401686349999999
6681432,2014,2016-06-22,9760,2014-10-12,0819,017603,,7,1,9,4200,0,1,2,,1,030,"RT 101","CALLE REAL",1584.00,S,N,B,-,Y,SB,5,101,-,-,16.250,H,-,S,Y,4,0,1,1,A,-,08,22107,,N,E,I,A,A,H,-,A,D,1,,,,,Y,,A,01,0,0,1,0,0,0,0,0,0,"- ","- ",34.433190000000003,-119.91276000000001,"SANTA BARBARA",UNINCORPORATED,-119.72850132000001,34.426982479999999
6686029,2014,2016-06-22,9750,2014-10-19,1816,017548,,7,2,5,4204,0,1,2,,2,001,"RT 101","BETTERAVIA RD",1584.00,N,N,A,-,Y,SB,5,101,-,-,86.800,H,-,N,Y,4,0,3,3,A,-,05,21651,B,N,A,C,A,A,H,-,A,A,0,,,,,Y,,D,22,0,0,3,0,0,0,0,0,0,"- ","- ",34.926949999999998,-120.41794,"SANTA BARBARA","SANTA MARIA",-120.41780402000001,34.926674179999999
6686039,2014,2015-01-07,4204,2014-10-16,1930,90271,,4,5,5,4204,0,0,0,,0,,BROADWAY,WILLIAMS,0.00,,Y,A,-,Y,,,,,,,,,,N,4,0,1,2,A,-,11,21950,B,N,G,B,D,A,H,-,C,A,0,Y,,,,Y,,N,60,0,0,1,0,1,0,0,0,0,"- ","- ",,,"SANTA BARBARA","SANTA MARIA",,
6686045,2014,2014-12-08,9750,2014-10-16,0733,16469,,4,1,9,4200,0,3,5,,2,020,"LARCH AV","BRADLEY RD",0.00,,Y,A,-,N,,,,,,,,,,Y,4,0,2,2,A,-,09,21802,A,N,D,C,A,A,H,-,A,A,0,,,,,Y,,D,22,0,0,2,0,0,0,0,0,0,"- ","- ",34.886890000000001,-120.41867000000001,"SANTA BARBARA",UNINCORPORATED,-120.41863999,34.886840020000001
6689343,2014,2014-12-08,9750,2014-10-21,0710,016469,,2,1,9,4200,0,3,5,,2,010,"BETTERAVIA RD","BROWN RD",0.00,,Y,A,-,N,,,,,,,,,,Y,4,0,3,2,A,-,09,21801,A,N,D,C,A,A,H,-,A,D,0,,,,Y,Y,,A,08,0,0,3,0,0,0,0,0,0,"- ","- ",34.935189999999999,-120.54649999999999,"SANTA BARBARA",UNINCORPORATED,-120.54642995,34.935200080000001
6690659,2014,2014-12-29,4203,2014-10-22,1026,2520,,3,5,5,4203,0,0,0,,0,002,"CASTILLO ST","YANONALI ST",0.00,,Y,A,-,N,,,,,,,,,,N,4,0,1,2,A,-,"- ",,,N,G,B,-,A,H,-,A,D,0,Y,,,,Y,,-,,0,0,1,0,1,0,0,0,0,"- ","- ",34.253500000000003,-119.41459999999999,"SANTA BARBARA","SANTA BARBARA",-119.69618998999999,34.409770000000002
6690663,2014,2014-12-29,4203,2014-10-21,1732,6495,,2,5,5,4203,0,0,0,,0,006,"RED ROSE WY","FELLOWSHIP RD",9.00,W,N,A,-,N,,,,,,,,,,Y,3,0,1,2,A,-,03,22350,,N,C,C,A,A,H,-,A,D,0,,,,,Y,,-,,0,1,0,0,0,0,0,0,0,"- ","- ",34.403910000000003,-119.72651999999999,"SANTA BARBARA","SANTA BARBARA",-119.72791688,34.404290680000003
6690667,2014,2014-12-29,4203,2014-10-24,2040,7568,,5,5,5,4203,0,0,0,,0,005,"STATE ST","CALLE PALO COLORADO",0.00,,Y,A,-,N,,,,,,,,,,Y,3,0,1,2,A,-,01,23152,,F,A,C,A,A,H,-,C,A,0,,,,,Y,Y,-,,0,1,0,0,0,0,0,0,0,"- ","- ",34.440399999999997,-119.73099999999999,"SANTA BARBARA","SANTA BARBARA",-119.73100986,34.440380019999999
6690671,2014,2014-12-29,4203,2014-10-21,1208,1497,4203,2,5,5,4203,0,0,0,,0,003,"E VICTORIA ST","SANTA BARBARA ST",0.00,,Y,A,-,N,,,,,,,,,,N,4,0,1,2,A,-,12,21453,A,N,D,C,A,A,H,-,A,A,0,,,,,Y,,-,,0,0,1,0,0,0,0,0,0,"- ","- ",34.253500000000003,-119.4213,"SANTA BARBARA","SANTA BARBARA",-119.70346986,34.426440040000003
6690720,2014,2016-06-22,9750,2014-10-19,1910,17616,,7,2,5,4204,0,1,2,,2,001,"RT 101","STOWELL RD",2112.00,N,N,A,-,Y,SB,5,101,-,-,88.000,H,-,S,Y,2,0,2,2,A,-,03,22350,,N,C,C,A,A,H,-,D,D,0,,,,,Y,,A,01,1,0,1,0,0,0,0,0,0,"- ","- ",34.944780000000002,-120.41789,"SANTA BARBARA","SANTA MARIA",-120.41786003999999,34.944089900000002
6690828,2014,2014-12-29,4200,2014-10-28,1702,3116,14,2,5,4,4214,0,0,0,,0,080,"HOLLISTER AV","MARKET PLACE DR",92.00,W,N,A,-,N,,,,,,,,,,N,4,0,2,3,A,-,03,22350,,N,C,C,A,A,D,-,A,D,0,,,,,Y,,A,01,0,0,2,0,0,0,0,0,0,"- ","- ",,,"SANTA BARBARA",GOLETA,-119.873867,34.430016000000002
6690842,2014,2015-01-22,4204,2014-10-23,1642,90271,SMPD,4,5,5,4204,0,0,0,,0,003,"UNION VALLEY PKWY","FOXENWOOD LN",0.00,,Y,A,-,N,,,,,,,,,,Y,4,0,1,2,A,-,12,22450,A,N,D,C,A,A,H,-,A,D,0,,,,,Y,,A,01,0,0,1,0,0,0,0,0,0,"- ","- ",,,"SANTA BARBARA","SANTA MARIA",-120.43874995,34.87962005
6690846,2014,2014-12-30,4204,2014-10-28,1753,90276,,2,5,5,4204,0,0,0,,0,B02,SCHOOL,ORANGE,166.00,N,N,A,-,N,,,,,,,,,,N,4,0,1,2,A,-,09,21804,A,N,B,G,A,A,H,-,A,D,0,,Y,,,Y,,A,01,0,0,1,0,0,0,1,0,0,"- ","- ",,,"SANTA BARBARA","SANTA MARIA",-120.43003553,34.949335929999997
6690878,2014,2014-12-30,4204,2014-10-22,2230,90338,72,3,5,5,4204,0,0,0,,0,003,"SONYA LN","BLOSSER RD",0.00,,Y,A,-,N,,,,,,,,,,N,3,0,1,2,A,-,03,22350,,M,G,B,D,A,H,-,C,A,0,Y,,,,Y,,A,01,0,1,0,0,1,0,0,0,0,"- ","- ",,,"SANTA BARBARA","SANTA MARIA",-120.45400988,34.927880020000003
6695728,2014,2015-01-06,4200,2014-10-22,1927,4707,14,3,5,4,4214,0,0,0,,0,050,"CALLE REAL","ENCINA RD",106.00,W,N,A,-,N,,,,,,,,,,N,4,0,1,2,A,-,03,22350,,N,C,C,A,A,H,-,C,A,0,,,,,Y,,A,07,0,0,1,0,0,0,0,0,0,"- ","- ",,,"SANTA BARBARA",GOLETA,-119.82808023,34.441502970000002
6701948,2014,2014-11-26,9750,2014-10-24,2350,018616,,5,3,9,4200,0,1,3,,1,021,"RT 135","RICE RANCH RD",125.00,N,N,A,-,Y,,,135,,,,,,,Y,3,0,1,1,A,-,01,23152,A,N,E,I,A,A,H,-,C,D,0,,,,,Y,Y,A,01,0,1,0,0,0,0,0,0,0,"- ","- ",34.8598,-120.43826,"SANTA BARBARA",UNINCORPORATED,-120.43819065,34.859723889999998