CASE_ID,ACCIDENT_YEAR,PROC_DATE,JURIS,COLLISION_DATE,COLLISION_TIME,OFFICER_ID,REPORTING_DISTRICT,DAY_OF_WEEK,CHP_SHIFT,POPULATION,CNTY_CITY_LOC,SPECIAL_COND,BEAT_TYPE,CHP_BEAT_TYPE,CITY_DIVISION_LAPD,CHP_BEAT_CLASS,BEAT_NUMBER,PRIMARY_RD,SECONDARY_RD,DISTANCE,DIRECTION,INTERSECTION,WEATHER_1,WEATHER_2,STATE_HWY_IND,CALTRANS_COUNTY,CALTRANS_DISTRICT,STATE_ROUTE,ROUTE_SUFFIX,POSTMILE_PREFIX,POSTMILE,LOCATION_TYPE,RAMP_INTERSECTION,SIDE_OF_HWY,TOW_AWAY,COLLISION_SEVERITY,NUMBER_KILLED,NUMBER_INJURED,PARTY_COUNT,PRIMARY_COLL_FACTOR,PCF_CODE_OF_VIOL,PCF_VIOL_CATEGORY,PCF_VIOLATION,PCF_VIOL_SUBSECTION,HIT_AND_RUN,TYPE_OF_COLLISION,MVIW,PED_ACTION,ROAD_SURFACE,ROAD_COND_1,ROAD_COND_2,LIGHTING,CONTROL_DEVICE,CHP_ROAD_TYPE,PEDESTRIAN_ACCIDENT,BICYCLE_ACCIDENT,MOTORCYCLE_ACCIDENT,TRUCK_ACCIDENT,NOT_PRIVATE_PROPERTY,ALCOHOL_INVOLVED,STWD_VEHTYPE_AT_FAULT,CHP_VEHTYPE_AT_FAULT,COUNT_SEVERE_INJ,COUNT_VISIBLE_INJ,COUNT_COMPLAINT_PAIN,COUNT_PED_KILLED,COUNT_PED_INJURED,COUNT_BICYCLIST_KILLED,COUNT_BICYCLIST_INJURED,COUNT_MC_KILLED,COUNT_MC_INJURED,PRIMARY_RAMP,SECONDARY_RAMP,LATITUDE,LONGITUDE,COUNTY,CITY,POINT_X,POINT_Y
6762074,2014,2016-06-22,9755,2014-12-02,0850,012826,,2,1,9,4200,0,1,2,,2,004,"RT 101","OLD COAST HWY",528.00,S,N,C,-,Y,SB,5,101,-,R,52.280,H,-,S,Y,3,0,1,1,A,-,03,22350,,N,F,A,A,B,H,-,A,D,1,,,,,Y,,D,23,0,1,0,0,0,0,0,0,0,"- ","- ",34.545580000000001,-120.19377,"SANTA BARBARA",UNINCORPORATED,-120.19419933,34.54500942
6762341,2014,2015-03-17,9760,2014-11-26,1030,012518,,3,1,9,4200,0,3,5,,2,002,"CAMINO DEL RIO","CAMINO MOLINERO",0.00,,Y,A,-,N,,,,,,,,,,Y,4,0,2,2,A,-,03,22350,,N,D,C,A,A,H,-,A,D,0,,,,,Y,,-,"- ",0,0,2,0,0,0,0,0,0,"- ","- ",34.453180000000003,-119.7791,"SANTA BARBARA",UNINCORPORATED,-119.77896987,34.453210089999999
6762343,2014,2016-06-22,9760,2014-12-03,1711,017314,,3,2,4,4214,0,1,2,,1,030,"RT 101","GLENN ANNIE RD",700.00,S,N,B,-,Y,SB,5,101,-,-,24.630,H,-,N,Y,3,0,1,1,A,-,01,23152,A,N,E,I,A,B,H,-,B,D,1,,,,,Y,Y,D,22,0,1,0,0,0,0,0,0,0,"- ","- ",34.435549999999999,-119.86432000000001,"SANTA BARBARA",GOLETA,-119.86857926,34.434887459999999
6764179,2014,2016-06-22,9760,2014-12-04,1812,18803,,4,2,5,4203,0,1,2,,2,020,"RT 101","LA CUMBRE RD",500.00,N,N,A,-,Y,SB,5,101,-,-,17.870,H,-,S,Y,4,0,1,3,A,-,"- ",,,N,C,C,A,A,H,-,C,D,1,,,,,Y,,A,01,0,0,1,0,0,0,0,0,0,"- ","- ",34.438369999999999,-119.75345,"SANTA BARBARA","SANTA BARBARA",-119.75276547999999,34.4377055
6764180,2014,2016-06-22,9760,2014-12-04,1800,20029,9760,4,2,9,4200,0,1,2,,2,011,"RT 101","CARRILLO ST",500.00,N,N,A,-,Y,SB,5,101,-,R,14.880,H,-,S,Y,4,0,2,2,A,-,03,22350,,N,C,C,A,A,H,-,C,D,1,,,,,Y,,A,01,0,0,2,0,0,0,0,0,0,"- ","- ",34.419429999999998,-119.71225,"SANTA BARBARA",UNINCORPORATED,-119.70894075,34.417251749999998
6764182,2014,2015-02-02,9760,2014-12-02,0930,12518,,2,1,9,4200,0,3,5,,2,005,"EMBARCADERO DEL NORTE","SEVILLE RD",29.00,N,N,B,-,N,,,,,,,,,,N,4,0,1,2,A,-,09,21801,A,N,H,G,A,B,H,-,B,D,0,,Y,,,Y,,A,01,0,0,1,0,0,0,1,0,0,"- ","- ",34.411920000000002,-119.85544,"SANTA BARBARA",UNINCORPORATED,-119.85539,34.411869629999998
6765133,2014,2016-06-18,9750,2014-12-12,0740,13267,,5,1,9,4200,0,1,3,,1,012,"RT 1","RT 166",4752.00,S,N,B,-,Y,SB,5,1,-,-,48.300,H,-,S,Y,4,0,1,2,A,-,03,22350,,N,C,C,A,B,F,H,A,D,0,,,,,Y,,A,01,0,0,1,0,0,0,0,0,0,"- ","- ",34.944209999999998,-120.57413,"SANTA BARBARA",UNINCORPORATED,-120.57417350999999,34.946186570000002
6765291,2014,2015-02-02,4203,2014-12-03,1927,2264,,3,5,5,4203,0,0,0,,0,004,"WEST CARRILLO ST","DE LA VINA ST",0.00,,Y,A,-,N,,,,,,,,,,N,3,0,1,2,A,-,11,21950,B,N,-,B,B,A,H,-,C,A,0,Y,,,,Y,,N,60,0,1,0,0,1,0,0,0,0,"- ","- ",34.255029999999998,-119.43264000000001,"SANTA BARBARA","SANTA BARBARA",-119.70413992,34.419350080000001
6765295,2014,2015-02-02,4203,2014-12-13,1358,7774,,6,5,5,4203,0,0,0,,0,006,"WEST MISSION","SAN PASCUAL ST",0.00,,Y,A,-,N,,,,,,,,,,N,3,0,1,2,A,-,09,21801,A,N,D,G,A,A,H,-,A,A,0,,Y,,,Y,,A,01,0,1,0,0,0,0,1,0,0,"- ","- ",34.252800000000001,-119.43165999999999,"SANTA BARBARA","SANTA BARBARA",-119.72134993,34.4244901
6766276,2015,2015-02-09,4203,2015-01-19,1619,5751,,1,5,5,4203,0,0,0,,0,004,"BATH ST","W ORTEGA ST",0.00,,Y,A,-,N,,,,,,,,,,Y,4,0,2,2,A,-,09,21802,A,N,D,C,A,A,H,-,A,D,0,,,,,Y,,-,,0,0,2,0,0,0,0,0,0,"- ","- ",34.415399999999998,-119.70140000000001,"SANTA BARBARA","SANTA BARBARA",-119.70137991,34.415520100000002
6767234,2014,2016-06-18,9755,2014-12-24,1448,015973,,3,2,9,4200,0,1,3,,1,055,"RT 1","FIREFIGHTER RD",2112.00,N,N,B,-,Y,SB,5,1,-,R,31.580,H,-,N,Y,3,0,3,1,A,-,03,22350,,N,E,I,A,A,H,-,A,D,0,,,,,Y,,A,01,0,2,1,0,0,0,0,0,0,"- ","- ",34.773510000000002,-120.51031999999999,"SANTA BARBARA",UNINCORPORATED,-120.44651227999999,34.808334039999998
6767450,2014,2015-02-03,4204,2014-12-23,1230,22104,79,2,5,5,4204,0,0,0,,0,003,"BETTERAVIA RD","A ST",0.00,,Y,A,-,N,,,,,,,,,,Y,3,0,2,2,A,-,12,21453,A,N,D,C,A,A,H,-,A,A,0,,,,,Y,,A,01,0,1,1,0,0,0,0,0,0,"- ","- ",,,"SANTA BARBARA","SANTA MARIA",-120.46400991,34.920770040000001
6767482,2014,2015-02-03,9750,2014-12-22,1905,15514,,1,2,9,4200,0,3,5,,2,020,"UNION VALLEY PKWY","BRADLEY RD",30.00,E,N,A,-,N,,,,,,,,,,N,4,0,1,2,A,-,21,22106,,N,C,C,A,A,H,-,C,A,0,,,,,Y,,A,01,0,0,1,0,0,0,0,0,0,"- ","- ",34.879379999999998,-120.41848,"SANTA BARBARA",UNINCORPORATED,-120.41860038,34.879367119999998
6767643,2014,2015-02-06,4203,2014-12-15,1905,7187,,1,5,5,4203,0,0,0,,0,001,"MILPAS ST","GUTIERREZ ST",273.00,S,N,C,-,N,,,,,,,,,,N,3,0,1,2,C,-,18,,,N,A,E,A,B,H,-,C,D,0,,Y,,,Y,,-,"- ",0,1,0,0,0,0,1,0,0,"- ","- ",34.253039999999999,-119.40579,"SANTA BARBARA","SANTA BARBARA",-119.68338301999999,34.424892880000002
6768082,2014,2016-06-22,9760,2014-11-26,2055,17097,,3,2,9,4200,0,1,2,,2,020,"RT 101","TURNPIKE RD",0.00,,Y,A,-,Y,SB,5,101,-,-,20.207,R,4,N,Y,4,0,2,2,A,-,01,23152,A,N,D,C,A,A,H,-,C,A,1,,,,,Y,Y,A,01,0,0,2,0,0,0,0,0,0,FR,"- ",34.442959999999999,-119.78937000000001,"SANTA BARBARA",UNINCORPORATED,-119.79187356,34.442176000000003
6768083,2014,2015-01-27,9760,2014-11-25,1450,14690,,2,2,9,4200,0,3,5,,2,001,"RT 192","HOT SPRINGS RD",0.00,,Y,A,-,Y,,,192,,,,,,,Y,4,0,2,2,A,-,09,21802,B,N,D,C,A,A,H,-,A,A,0,,,,,Y,,A,01,0,0,2,0,0,0,0,0,0,"- ","- ",34.435969999999998,-119.64146,"SANTA BARBARA",UNINCORPORATED,-119.64146009,34.435970830000002
6768124,2014,2015-01-29,9755,2014-11-27,1421,017378,,4,2,9,4200,0,3,5,,2,040,"BALLARD CANYON RD","VIENDRA DR",22.00,E,N,A,-,N,,,,,,,,,,N,3,0,1,2,A,-,05,21650,,F,F,A,A,A,H,-,A,D,0,,,Y,,Y,,-,99,0,1,0,0,0,0,0,0,1,"- ","- ",34.613720000000001,-120.16076,"SANTA BARBARA",UNINCORPORATED,-120.16132809,34.61367079
6768703,2014,2015-02-17,9760,2014-12-27,1050,018019,,6,1,9,4200,0,1,3,,1,022,"RT 154","W CAMINO CIELO",2112.00,E,N,A,-,Y,,,154,,,,,,,Y,4,0,1,2,A,-,03,22350,,N,D,C,A,A,H,-,A,D,0,,,,,Y,,D,22,0,0,1,0,0,0,0,0,0,"- ","- ",34.503660000000004,-119.80539,"SANTA BARBARA",UNINCORPORATED,-119.80539111,34.50366545
6771567,2014,2015-02-06,4204,2014-12-09,1703,23656,33,2,5,5,4204,0,0,0,,0,002,BROADWAY,MILL,0.00,,Y,A,-,Y,,,,,,,,,,Y,4,0,1,3,A,-,08,22107,,N,D,C,A,A,H,-,C,A,0,,,,,Y,,A,08,0,0,1,0,0,0,0,0,0,"- ","- ",,,"SANTA BARBARA","SANTA MARIA",,
6774840,2014,2015-02-10,4204,2014-12-10,0008,20497,069,3,5,5,4204,0,0,0,,0,003,"STOWELL RD","NICHOLSON AV",15.00,W,N,A,-,N,,,,,,,,,,Y,4,0,1,1,A,-,01,23152,B,N,E,I,A,A,H,-,C,A,0,,,,,Y,Y,A,01,0,0,1,0,0,0,0,0,0,"- ","- ",,,"SANTA BARBARA","SANTA MARIA",-120.41620002000001,34.938300699999999
6779579,2014,2015-02-12,4204,2014-12-17,1519,90081,35,3,5,5,4204,0,0,0,,0,002,MAIN,MILLER,256.00,E,N,B,-,Y,,,,,,,,,,Y,4,0,1,2,A,-,03,22350,,N,C,C,A,A,H,-,A,A,0,,,,,Y,,A,01,0,0,1,0,0,0,0,0,0,"- ","- ",,,"SANTA BARBARA","SANTA MARIA",,
6779582,2014,2015-02-12,4204,2014-12-15,1201,90242,69,1,5,5,4204,0,0,0,,0,003,"BATTLES RD","COLLEGE DR",0.00,,Y,B,-,N,,,,,,,,,,N,4,0,2,2,A,-,03,22350,,N,C,C,A,A,H,-,A,A,0,,,,,Y,,A,07,0,0,2,0,0,0,0,0,0,"- ","- ",,,"SANTA BARBARA","SANTA MARIA",-120.42493992999999,34.93134002
6781334,2015,2015-02-18,4203,2015-01-15,1200,6700,44,4,5,5,4203,0,0,0,,0,003,"COTA ST","THOMPSON AV",100.00,E,N,A,-,N,,,,,,,,,,N,2,0,1,2,A,-,17,22517,,N,E,G,A,A,H,-,A,D,0,,Y,,,Y,,A,01,1,0,0,0,0,0,1,0,0,"- ","- ",34.25667,-119.41457,"SANTA BARBARA","SANTA BARBARA",,
6781358,2015,2015-02-18,4203,2015-01-12,0449,6378,,1,5,5,4203,0,0,0,,0,004,"CASTILLO ST","W PADRE ST",138.00,S,N,A,-,N,,,,,,,,,,Y,3,0,1,3,A,-,08,22107,,N,A,E,A,A,H,-,C,D,0,,,,,Y,,A,01,0,1,0,0,0,0,0,0,0,"- ","- ",,,"SANTA BARBARA","SANTA BARBARA",-119.72019040000001,34.427345760000001
6781698,2015,2015-03-02,4203,2015-01-20,1832,6067,,2,5,5,4203,0,0,0,,0,005,"STATE ST","HOPE AV",150.00,E,N,A,-,N,,,,,,,,,,N,4,0,1,2,A,I,"- ",,,N,D,G,A,A,H,-,C,D,0,,Y,,,Y,,L,04,0,0,1,0,0,0,1,0,0,"- ","- ",34.262599999999999,-119.4444,"SANTA BARBARA","SANTA BARBARA",-119.74622288,34.440480000000001
6781830,2015,2015-03-02,4203,2015-01-15,1938,2264,S,4,5,5,4203,0,0,0,,0,003,"E HALEY ST","LAGUNA ST",0.00,,Y,A,-,N,,,,,,,,,,Y,3,0,1,2,A,-,09,21800,D,N,D,C,A,A,D,-,E,B,0,,,,,Y,,-,"- ",0,1,0,0,0,0,0,0,0,"- ","- ",34.251629999999999,-119.41285000000001,"SANTA BARBARA","SANTA BARBARA",-119.69099991,34.421060019999999
6784967,2014,2016-06-22,9760,2014-12-30,1205,15658,,2,1,4,4214,0,1,2,,1,030,"RT 101","GLENN ANNIE RD",1500.00,S,N,A,-,Y,SB,5,101,-,-,24.480,H,-,N,Y,4,0,4,2,B,-,22,,,N,B,C,A,A,H,-,A,D,1,,,,,Y,,J,48,0,0,4,0,0,0,0,0,0,"- ","- ",34.435479999999998,-119.86503999999999,"SANTA BARBARA",GOLETA,-119.86599802000001,34.43525709
6785327,2015,2015-02-18,9760,2015-01-08,0737,15658,,4,1,9,4200,0,3,5,,2,005,"EL COLEGIO RD","CAMINO PESCADERO",200.00,E,N,A,-,N,,,,,,,,,,N,3,0,1,2,D,-,00,,,M,B,G,A,A,H,-,A,D,0,,Y,,,Y,,-,"- ",0,1,0,0,0,0,1,0,0,"- ","- ",34.417270000000002,-119.85807,"SANTA BARBARA",UNINCORPORATED,-119.8580274,34.417416899999999
6786046,2014,2016-06-22,9760,2014-12-27,1740,19464,,6,2,9,4200,0,1,2,,2,010,"RT 101","NORTH PADARO LN",1300.00,S,N,A,-,Y,SB,5,101,-,R,6.890,H,-,N,N,4,0,1,2,A,-,03,22350,,N,C,C,A,A,H,-,C,D,1,,,,,Y,,A,01,0,0,1,0,0,0,0,0,0,"- ","- ",34.415939999999999,-119.57821,"SANTA BARBARA",UNINCORPORATED,-119.57845822,34.415859070000003
6786048,2014,2016-06-22,9760,2014-12-19,1820,19446,,5,2,5,4203,0,1,2,,2,011,"RT 101","MILPAS ST",1056.00,S,N,A,-,Y,SB,5,101,-,-,12.530,H,-,S,Y,4,0,1,2,A,-,03,22350,,N,C,C,A,A,H,-,C,A,1,,,,,Y,,A,01,0,0,1,0,0,0,0,0,0,"- ","- ",34.420639999999999,-119.66745,"SANTA BARBARA","SANTA BARBARA",-119.67338774,34.419790020000001
6786049,2014,2016-06-22,9760,2014-12-27,0650,20511,,6,1,3,4205,0,1,2,,2,010,"RT 101","NORTH PADARO LN",2000.00,S,N,A,-,Y,SB,5,101,-,R,6.760,H,-,S,Y,4,0,1,1,A,-,08,22107,,N,E,I,A,A,H,-,B,D,1,,,,,Y,,A,01,0,0,1,0,0,0,0,0,0,"- ","- ",34.415860000000002,-119.57167,"SANTA BARBARA",CARPINTERIA,-119.57621002,34.415409490000002
6787227,2015,2015-02-19,4204,2015-01-11,0450,90241,15,7,5,5,4204,0,0,0,,0,001,THORNBURG,"ALVIN AV",20.00,N,N,A,-,N,,,,,,,,,,N,4,0,1,2,A,-,08,22107,,F,D,G,A,A,H,-,C,A,0,,Y,,,Y,,L,04,0,0,1,0,0,0,1,0,0,"- ","- ",,,"SANTA BARBARA","SANTA MARIA",-120.44026578,34.960534819999999
6788692,2015,2015-02-26,4202,2015-01-13,1539,292,,2,5,4,4202,0,0,0,,0,,"CENTRAL AV","V ST",0.00,,Y,A,-,N,,,,,,,,,,Y,4,0,1,3,A,-,00,23153,E,N,D,C,A,A,H,-,A,A,0,,,,,Y,,D,22,0,0,1,0,0,0,0,0,0,"- ","- ",,,"SANTA BARBARA",LOMPOC,-120.4752199,34.660990040000001
6788703,2015,2016-10-28,9760,2015-01-14,0900,018490,,3,1,9,4200,0,1,2,,2,011,"RT 101","MISSION ST",1056.00,N,N,A,-,Y,SB,5,101,-,-,16.010,H,-,S,Y,3,0,1,3,A,-,08,22107,,N,C,C,A,A,H,-,A,D,1,,,,,Y,,A,01,0,1,0,0,0,0,0,0,0,"- ","- ",34.426369999999999,-119.72471,"SANTA BARBARA",UNINCORPORATED,-119.72440782,34.426373589999997
6789953,2015,2015-02-19,4203,2015-01-15,0721,2661,,4,5,5,4203,0,0,0,,0,002,"SHORELINE DR","HARBOR WY",0.00,,Y,A,-,N,,,,,,,,,,N,3,0,1,2,A,-,08,22107,,N,B,G,A,A,H,-,A,A,0,,Y,,,Y,,-,,0,1,0,0,0,0,1,0,0,"- ","- ",34.241300000000003,-119.4141,"SANTA BARBARA","SANTA BARBARA",-119.69491993,34.404220070000001
6789965,2015,2015-02-19,4203,2015-01-14,0816,2661,,3,5,5,4203,0,0,0,,0,001,"MILPAS ST","HALEY ST",94.00,N,N,A,-,N,,,,,,,,,,Y,4,0,1,3,A,-,03,22350,,N,C,C,A,A,H,-,A,A,0,,,,,Y,,-,,0,0,1,0,0,0,0,0,0,"- ","- ",34.2532,-119.417,"SANTA BARBARA","SANTA BARBARA",-119.68561126,34.42652288
6792450,2015,2016-10-28,9760,2015-01-12,0750,16739,,1,1,9,4200,0,1,2,,2,020,"RT 101","TURNPIKE RD",255.00,S,N,A,-,Y,SB,5,101,-,-,20.010,H,-,S,Y,4,0,1,4,A,-,06,21755,A,N,B,C,A,A,H,-,A,D,1,,,,,Y,,D,22,0,0,1,0,0,0,0,0,0,"- ","- ",34.442270000000001,-119.78849,"SANTA BARBARA",UNINCORPORATED,-119.78844092999999,34.442217390000003
6792458,2015,2016-10-28,9760,2015-01-12,1805,18431,,1,2,5,4203,0,1,2,,2,011,"RT 101","JUNIPER ST",250.00,S,N,A,-,Y,SB,5,101,-,-,16.180,H,-,S,Y,3,0,1,2,A,-,03,22350,,N,C,C,A,A,H,-,B,D,1,,,Y,,Y,,C,02,0,1,0,0,0,0,0,0,1,"- ","- ",34.426630000000003,-119.72653,"SANTA BARBARA","SANTA BARBARA",-119.72729591,34.42680919
6792474,2015,2016-10-28,9760,2015-01-09,1750,19446,,5,2,5,4203,0,1,2,,2,011,"RT 101","CARILLO ST",1584.00,N,N,A,-,Y,SB,5,101,-,-,15.090,H,-,S,Y,4,0,2,4,A,-,03,22350,,N,C,C,A,A,H,-,C,D,1,,,,,Y,,A,07,0,0,2,0,0,0,0,0,0,"- ","- ",34.420699999999997,-119.7136,"SANTA BARBARA","SANTA BARBARA",-119.71156827,34.419005550000001
6792561,2015,2016-10-28,9760,2015-01-09,1647,017603,,5,2,9,4200,0,1,2,,1,030,"RT 101","CALLE REAL",1056.00,S,N,A,-,Y,SB,5,101,-,-,28.340,H,-,S,Y,4,0,1,1,A,-,08,22107,,N,E,I,A,A,H,-,B,D,5,,,,,Y,,A,01,0,0,1,0,0,0,0,0,0,"- ","- ",34.438690000000001,-119.93168,"SANTA BARBARA",UNINCORPORATED,-119.93165739,34.438798900000002
6792564,2015,2016-10-28,9760,2015-01-09,0605,020908,,5,1,3,4205,0,1,2,,2,010,"RT 101","LINDEN AV",57.00,N,N,A,-,Y,SB,5,101,-,-,3.059,H,-,N,Y,3,0,1,1,A,-,08,22107,,N,E,I,A,A,H,-,D,D,1,,,,,Y,,A,01,0,1,0,0,0,0,0,0,0,"- ","- ",34.401290000000003,-119.51663000000001,"SANTA BARBARA",CARPINTERIA,-119.51647242999999,34.401263819999997
6792566,2015,2016-10-28,9760,2015-01-18,0235,020029,,7,3,9,4200,0,1,2,,2,011,"RT 101","HOT SPRINGS RD",416.00,N,N,A,-,Y,SB,5,101,-,-,11.510,H,-,N,Y,3,0,1,1,A,-,01,23152,A,N,E,I,A,A,H,-,C,D,1,,,,,Y,Y,A,01,0,1,0,0,0,0,0,0,0,"- ","- ",34.422930000000001,-119.66095,"SANTA BARBARA",UNINCORPORATED,-119.65608358,34.423104000000002
6795682,2014,2015-02-04,4204,2014-07-10,1432,20904,82,4,5,5,4204,0,0,0,,0,003,MILLER,"DANIEL DR",0.00,,Y,A,-,N,,,,,,,,,,N,4,0,2,2,A,-,09,21801,A,N,D,C,A,A,H,-,A,D,0,,,,,Y,,A,01,0,0,2,0,0,0,0,0,0,"- ","- ",,,"SANTA BARBARA","SANTA MARIA",-120.43172998999999,34.923850109999997
6797366,2015,2015-02-25,9750,2015-01-17,1240,16714,,6,1,9,4200,0,2,4,,1,024,"CLARK AV","CHERRY AV",963.00,E,N,A,-,N,,,,,,,,,,N,4,0,1,2,A,-,08,22107,,N,H,G,A,A,H,-,A,D,0,,Y,,,Y,,A,01,0,0,1,0,0,0,1,0,0,"- ","- ",34.864960000000004,-120.42372,"SANTA BARBARA",UNINCORPORATED,-120.42386083,34.865030009999998
6801954,2015,2016-10-28,4204,2015-01-25,2159,90026,59,7,5,5,4204,0,0,0,,0,002,"RT 101",STOWELL,630.00,N,N,A,-,Y,SB,5,101,-,-,87.824,R,2,N,Y,3,0,1,1,A,-,01,23152,B,N,E,I,A,A,H,-,D,D,0,,,,,Y,Y,A,01,0,1,0,0,0,0,0,0,0,NO,"- ",,,"SANTA BARBARA","SANTA MARIA",-120.41768405000001,34.941543500000002
6801957,2015,2015-02-18,4204,2015-01-16,1616,23471,58,5,5,5,4204,0,0,0,,0,003,MILLER,"CAMINO COLEGIO",0.00,,Y,A,-,N,,,,,,,,,,N,4,0,1,2,A,-,11,21950,B,N,-,B,B,A,H,-,A,A,0,Y,,,,Y,,A,01,0,0,1,0,1,0,0,0,0,"- ","- ",,,"SANTA BARBARA","SANTA MARIA",-120.43152996000001,34.941680069999997
6801963,2015,2015-02-18,4204,2015-01-16,1715,90338,4204,5,5,5,4204,0,0,0,,0,002,"ALVIN AV","RAILROAD AV",0.00,,Y,A,-,N,,,,,,,,,,Y,4,0,1,3,A,-,03,22350,,N,C,C,A,A,H,-,A,A,0,,,,,Y,,A,01,0,0,1,0,0,0,0,0,0,"- ","- ",,,"SANTA BARBARA","SANTA MARIA",-120.4445899,34.960509999999999
6803006,2015,2016-10-28,4203,2015-01-21,0954,2602,4203,3,5,5,4203,0,0,0,,0,002,"COAST VILLAGE RD","RT 101",0.00,,Y,A,-,Y,SB,5,101,-,-,10.340,R,4,S,N,3,0,1,2,A,-,09,21800,,N,D,G,A,A,H,-,A,A,0,,Y,,,Y,,-,,0,1,0,0,0,0,1,0,0,"- ","- ",34.420999999999999,-119.639,"SANTA BARBARA","SANTA BARBARA",-119.63686263,34.422137290000002
6804444,2014,2015-06-23,4200,2014-12-18,1641,3116,14,4,5,4,4214,0,0,0,,0,060,"PATTERSON AV","DEBBIE RD",275.00,S,N,A,-,N,,,,,,,,,,Y,4,0,1,2,A,-,09,21801,A,N,D,C,A,A,H,-,A,D,0,,,,,Y,,D,22,0,0,1,0,0,0,0,0,0,"- ","- ",,,"SANTA BARBARA",GOLETA,-119.8088401,34.437258710000002
6804818,2015,2015-03-27,4200,2015-01-09,1104,3116,14,5,5,4,4214,0,0,0,,0,060,"HOLLISTER AV","RUTHERFORD ST",324.00,E,N,A,-,N,,,,,,,,,,N,4,0,1,2,A,-,10,21950,A,N,G,B,C,A,H,-,A,A,0,Y,,,,Y,,A,01,0,0,1,0,1,0,0,0,0,"- ","- ",,,"SANTA BARBARA",GOLETA,-119.8241699,34.435686570000001
6804822,2015,2015-03-02,4200,2015-01-07,1444,3116,14,3,5,4,4214,0,0,0,,0,060,"HOLLISTER AV","MENTOR DR",166.00,E,N,A,-,N,,,,,,,,,,N,3,0,1,2,A,-,11,21954,A,N,G,B,-,A,H,-,A,D,0,Y,,,,Y,,N,60,0,1,0,0,1,0,0,0,0,"- ","- ",,,"SANTA BARBARA",GOLETA,-119.81175091,34.43500212
6805762,2014,2015-02-18,4200,2014-12-08,0814,3709,,1,5,3,4205,0,0,0,,0,030,"CARPINTERIA AV","DUMP RD",430.00,W,N,A,-,N,,,,,,,,,,N,2,0,1,2,A,-,11,21954,A,N,G,B,D,A,H,-,A,D,0,Y,,,,Y,,N,60,1,0,0,0,1,0,0,0,0,"- ","- ",,,"SANTA BARBARA",CARPINTERIA,-119.50989817,34.392085270000003
6805805,2014,2015-02-13,4200,2014-12-11,1526,3683,14,4,5,4,4214,0,0,0,,0,080,"STORKE RD","RT 101",270.00,S,N,B,-,N,,,,,,,,,,N,4,0,1,3,A,-,03,22350,,N,C,C,A,B,H,-,A,D,0,,,,,Y,,A,01,0,0,1,0,0,0,0,0,0,"- ",SF,,,"SANTA BARBARA",GOLETA,,
6806377,2014,2015-02-18,4200,2014-11-20,2208,4622,10,4,5,3,4205,0,0,0,,0,040,"VIA REAL","CRAVENS LN",0.00,,Y,C,-,N,,,,,,,,,,Y,4,0,2,2,A,-,01,23153,B,N,D,C,A,B,H,-,C,D,0,,,,,Y,Y,A,01,0,0,2,0,0,0,0,0,0,"- ","- ",,,"SANTA BARBARA",CARPINTERIA,-119.53980986000001,34.40612007
6806928,2015,2015-03-02,4203,2015-01-21,1535,6700,12,3,5,5,4203,0,0,0,,0,002,"CABRILLO BL","HELENA AV",0.00,,Y,A,-,N,,,,,,,,,,,3,0,1,2,A,-,09,21801,A,N,D,G,A,A,H,-,A,D,0,,Y,,,Y,,A,07,0,1,0,0,0,0,1,0,0,"- ","- ",34.244610000000002,-119.41191999999999,"SANTA BARBARA","SANTA BARBARA",-119.68856,34.412760050000003
6807775,2014,2015-02-17,4200,2014-12-12,1342,3077,14,5,5,4,4214,0,0,0,,0,050,"CALLE REAL","VEGA DR",0.00,,Y,A,-,N,,,,,,,,,,Y,3,0,3,2,A,-,09,21802,A,N,D,C,A,A,H,-,A,A,0,,,,,Y,,A,07,0,1,2,0,0,0,0,0,0,"- ","- ",,,"SANTA BARBARA",GOLETA,-119.83446995,34.439590029999998
6807786,2014,2016-06-22,4200,2014-12-05,2200,3077,14,5,5,4,4214,0,0,0,,0,050,"FAIRVIEW AV","RT 101",98.00,W,N,A,-,Y,SB,5,101,-,-,22.480,R,2,N,Y,2,0,3,2,A,-,08,22107,,N,D,C,A,-,G,-,C,D,0,,,,,Y,,A,01,1,2,0,0,0,0,0,0,0,"- ",NO,,,"SANTA BARBARA",GOLETA,-119.83150654000001,34.439671349999998
6809953,2015,2015-03-05,4203,2015-01-23,1903,6377,,5,5,5,4203,0,0,0,,0,001,"W ANAPAMU ST","OLIVE ST",0.00,,Y,A,-,N,,,,,,,,,,Y,4,0,1,2,D,-,00,,,F,-,C,A,A,H,-,C,A,0,,,,,Y,Y,-,"- ",0,0,1,0,0,0,0,0,0,"- ","- ",34.428600000000003,-119.69880000000001,"SANTA BARBARA","SANTA BARBARA",-119.69876988999999,34.428710039999999
6811042,2014,2015-02-13,4200,2014-12-22,1846,3116,14,1,5,4,4214,0,0,0,,0,050,"FAIRVIEW AV","CATHEDRAL OAKS RD",0.00,,Y,A,-,N,,,,,,,,,,Y,3,0,1,2,A,-,17,21451,A,N,D,C,A,A,H,-,C,A,0,,,,,Y,,A,01,0,1,0,0,0,0,0,0,0,"- ","- ",,,"SANTA BARBARA",GOLETA,-119.83070993,34.451380059999998
6811046,2014,2015-02-13,4200,2014-12-29,1145,3116,14,1,5,4,4214,0,0,0,,0,050,"CALLE REAL","ENCINA LN",116.00,E,N,A,-,N,,,,,,,,,,Y,4,0,2,2,A,-,09,21804,A,N,D,C,A,A,H,-,A,D,0,,,,,Y,,A,01,0,0,2,0,0,0,0,0,0,"- ","- ",,,"SANTA BARBARA",GOLETA,-119.827347,34.441452249999998
6813015,2015,2015-03-06,4202,2015-02-03,1432,292,,2,5,4,4202,0,0,0,,0,,"PINE AV","H ST",336.00,W,N,A,-,N,,,,,,,,,,Y,3,0,1,2,A,-,08,22102,,N,D,C,A,A,H,-,A,A,0,,,,,Y,,D,22,0,1,0,0,0,0,0,0,0,"- ","- ",,,"SANTA BARBARA",LOMPOC,-120.45886679,34.650197810000002