CASE_ID,ACCIDENT_YEAR,PROC_DATE,JURIS,COLLISION_DATE,COLLISION_TIME,OFFICER_ID,REPORTING_DISTRICT,DAY_OF_WEEK,CHP_SHIFT,POPULATION,CNTY_CITY_LOC,SPECIAL_COND,BEAT_TYPE,CHP_BEAT_TYPE,CITY_DIVISION_LAPD,CHP_BEAT_CLASS,BEAT_NUMBER,PRIMARY_RD,SECONDARY_RD,DISTANCE,DIRECTION,INTERSECTION,WEATHER_1,WEATHER_2,STATE_HWY_IND,CALTRANS_COUNTY,CALTRANS_DISTRICT,STATE_ROUTE,ROUTE_SUFFIX,POSTMILE_PREFIX,POSTMILE,LOCATION_TYPE,RAMP_INTERSECTION,SIDE_OF_HWY,TOW_AWAY,COLLISION_SEVERITY,NUMBER_KILLED,NUMBER_INJURED,PARTY_COUNT,PRIMARY_COLL_FACTOR,PCF_CODE_OF_VIOL,PCF_VIOL_CATEGORY,PCF_VIOLATION,PCF_VIOL_SUBSECTION,HIT_AND_RUN,TYPE_OF_COLLISION,MVIW,PED_ACTION,ROAD_SURFACE,ROAD_COND_1,ROAD_COND_2,LIGHTING,CONTROL_DEVICE,CHP_ROAD_TYPE,PEDESTRIAN_ACCIDENT,BICYCLE_ACCIDENT,MOTORCYCLE_ACCIDENT,TRUCK_ACCIDENT,NOT_PRIVATE_PROPERTY,ALCOHOL_INVOLVED,STWD_VEHTYPE_AT_FAULT,CHP_VEHTYPE_AT_FAULT,COUNT_SEVERE_INJ,COUNT_VISIBLE_INJ,COUNT_COMPLAINT_PAIN,COUNT_PED_KILLED,COUNT_PED_INJURED,COUNT_BICYCLIST_KILLED,COUNT_BICYCLIST_INJURED,COUNT_MC_KILLED,COUNT_MC_INJURED,PRIMARY_RAMP,SECONDARY_RAMP,LATITUDE,LONGITUDE,COUNTY,CITY,POINT_X,POINT_Y
7152003,2016,2016-08-24,4203,2016-01-02,0630,22854,,6,5,5,4203,0,0,0,,0,005,"STATE ST","RT 101",297.00,E,N,A,-,N,,,,,,,,,,Y,3,0,1,2,A,-,09,21804,A,N,D,C,A,A,H,-,B,D,0,,,,,Y,,-,,0,1,0,0,0,0,0,0,0,"- ",NF,34.262500000000003,-119.4511,"SANTA BARBARA","SANTA BARBARA",-119.75555,34.440300000000001
7153318,2016,2016-01-15,4200,2016-01-06,0745,3637,10,3,5,3,4205,0,0,0,,0,030,"CASITAS PASS RD","SHEMARA ST",0.00,,Y,C,-,N,,,,,,,,,,Y,4,0,1,2,A,-,09,21802,A,N,D,C,A,B,H,-,A,A,0,,,,,Y,,-,,0,0,1,0,0,0,0,0,0,"- ","- ",,,"SANTA BARBARA",CARPINTERIA,-119.50670997,34.402480009999998
7155052,2015,2016-01-12,4200,2015-12-13,1250,4627,14,7,5,4,4214,0,0,0,,0,080,"CATHEDRAL OAKS RD","BRANDON DR",3.00,W,N,B,-,N,,,,,,,,,,Y,4,0,1,1,A,-,03,22350,,N,E,I,A,A,H,-,A,A,0,,,,,Y,,A,01,0,0,1,0,0,0,0,0,0,"- ","- ",,,"SANTA BARBARA",GOLETA,-119.89208994000001,34.441579910000002
7155060,2015,2016-01-12,4200,2015-12-21,1134,3475,14,1,5,4,4214,0,0,0,,0,060,"LOS CARNEROS RD","DISCOVERY DR",12.00,N,N,B,-,N,,,,,,,,,,Y,4,0,1,2,A,-,03,22350,,N,C,C,A,A,H,-,A,A,0,,,,,Y,,A,01,0,0,1,0,0,0,0,0,0,"- ","- ",,,"SANTA BARBARA",GOLETA,-119.85977954000001,34.42536295
7155365,2015,2016-01-14,4203,2015-12-31,1830,5086,,4,5,5,4203,0,0,0,,0,002,"SAN PASCUAL ST","CANON PERDIDO ST",0.00,,Y,-,-,N,,,,,,,,,,N,3,0,1,2,D,-,00,,,F,-,-,A,-,-,-,-,-,0,,Y,,,Y,,-,"- ",0,1,0,0,0,0,1,0,0,"- ","- ",,,"SANTA BARBARA","SANTA BARBARA",-119.70731988,34.414230019999998
7155453,2016,2016-01-15,4203,2016-01-04,2258,1436,,1,5,5,4203,0,0,0,,0,004,"DE LA VINA ST","VALERIO ST",0.00,,Y,A,-,N,,,,,,,,,,Y,4,0,2,2,A,-,08,22103,,N,-,C,A,A,H,-,C,A,0,,,,,Y,,-,,0,0,2,0,0,0,0,0,0,"- ","- ",34.425930000000001,-119.71301,"SANTA BARBARA","SANTA BARBARA",-119.71312999,34.425910000000002
7157128,2016,2016-02-08,4203,2016-01-10,1542,6968,62,7,5,5,4203,0,0,0,,0,001,"N MILPAS ST","E YANONALI ST",12.00,N,N,C,-,N,,,,,,,,,,N,3,0,1,1,B,-,22,,,N,E,-,A,B,H,-,A,-,0,,Y,,,Y,Y,-,"- ",0,1,0,0,0,0,1,0,0,"- ","- ",34.252800000000001,-119.40579,"SANTA BARBARA","SANTA BARBARA",-119.68150776,34.423503590000003
7162958,2015,2017-02-03,4202,2015-12-14,1328,292,,1,5,4,4202,0,0,0,,0,,"RT 1","CENTRAL AV",370.00,N,N,A,-,Y,SB,5,1,-,-,22.140,H,-,N,N,3,0,1,2,A,-,11,21954,A,F,A,B,D,A,H,-,A,A,0,Y,,,,Y,,N,60,0,1,0,0,1,0,0,0,0,"- ","- ",,,"SANTA BARBARA",LOMPOC,-120.45763147,34.661843759999996
7162960,2015,2017-02-03,4202,2015-12-09,1721,239,LOMPO,3,5,4,4202,0,0,0,,0,002,"RT 1","BRISA DEL MAR",255.00,S,N,A,-,Y,SB,5,1,-,-,23.060,H,-,N,Y,3,0,4,3,A,-,03,22350,,N,C,C,A,A,H,-,C,D,0,,,,,Y,,A,01,0,1,3,0,0,0,0,0,0,"- ","- ",,,"SANTA BARBARA",LOMPOC,-120.45685481,34.675123259999999
7162961,2015,2017-02-03,4202,2015-12-22,1657,238,,2,5,4,4202,0,0,0,,0,,"RT 1","WEST BARTON AV",225.00,N,N,C,-,Y,SB,5,1,-,-,21.850,H,-,S,N,4,0,1,3,A,-,03,22350,,N,C,C,A,B,H,-,C,D,0,,,,,Y,,A,01,0,0,1,0,0,0,0,0,0,"- ","- ",,,"SANTA BARBARA",LOMPOC,-120.45766861,34.657639230000001
7165518,2016,2016-01-27,4204,2016-01-14,1320,23028,76,4,5,5,4204,0,0,0,,0,003,"BETTERAVIA RD","BRADLEY RD E",0.00,,Y,A,-,N,,,,,,,,,,N,4,0,1,2,A,-,21,22106,,N,C,C,A,A,H,-,A,A,0,,,,,Y,,D,22,0,0,1,0,0,0,0,0,0,"- ","- ",34.923380000000002,-120.41987,"SANTA BARBARA","SANTA MARIA",-120.42206993000001,34.923740090000003
7167832,2015,2017-02-03,4202,2015-11-21,1735,230,LOMPO,6,5,4,4202,0,0,0,,0,,"RT 1","RT 246",107.00,S,N,A,-,Y,SB,5,1,-,-,20.565,H,-,N,Y,4,0,1,3,A,-,01,23152,A,N,C,C,A,A,H,-,C,A,0,,,,,Y,Y,A,01,0,0,1,0,0,0,0,0,0,"- ","- ",,,"SANTA BARBARA",LOMPOC,-120.45783846,34.63901954
7167999,2016,2017-02-07,4204,2016-01-06,0941,18261,48,3,5,5,4204,0,0,0,,0,002,"BRADLEY RD",MAIN,0.00,,Y,B,-,Y,SB,5,166,-,-,8.892,I,6,E,N,4,0,1,2,A,-,09,21453,B,F,D,G,A,B,H,-,A,A,0,,Y,,,Y,,A,01,0,0,1,0,0,0,1,0,0,"- ","- ",34.95317,-120.41808,"SANTA BARBARA","SANTA MARIA",-120.41807396999999,34.952966699999998
7168212,2015,2017-01-28,4204,2015-12-03,1818,90246,,4,5,5,4204,0,0,0,,0,002,BROADWAY,COOK,100.00,N,N,A,-,Y,SB,5,135,-,-,15.570,H,-,N,N,4,0,1,2,A,-,07,21658,A,N,B,C,A,B,H,-,C,A,0,,,,,Y,,A,01,0,0,1,0,0,0,0,0,0,"- ","- ",34.9499,-120.43597,"SANTA BARBARA","SANTA MARIA",-120.43583871,34.950136260000001
7169561,2016,2016-02-01,4204,2016-01-13,1206,23397,59,3,5,5,4204,0,0,0,,0,002,"BRADLEY RD","STOWELL RD",10.00,S,N,A,-,N,,,,,,,,,,N,4,0,2,2,A,-,03,22350,,N,C,C,A,A,H,-,A,A,0,,,,,Y,,D,22,0,0,2,0,0,0,0,0,0,"- ","- ",34.938299999999998,-120.41945,"SANTA BARBARA","SANTA MARIA",-120.41941875000001,34.938312549999999
7170144,2015,2017-01-06,9755,2015-06-30,1629,16988,,2,2,9,4200,0,1,2,,2,004,"RT 101","RT 154",1608.00,N,N,A,-,Y,SB,5,101,-,R,0.370,H,-,S,Y,3,0,2,1,A,-,01,23152,B,N,E,J,A,A,H,-,A,D,0,,,,,Y,Y,A,01,0,2,0,0,0,0,0,0,0,"- ","- ",,,"SANTA BARBARA",UNINCORPORATED,-119.48219524,34.38065692
7170963,2015,2017-02-03,4202,2015-12-14,1920,292,,1,5,4,4202,0,0,0,,0,,"RT 1","MAPLE AV",89.00,N,N,A,-,Y,SB,5,1,-,-,20.990,H,-,S,Y,3,0,1,2,A,-,11,21950,B,N,A,B,D,A,H,-,C,A,0,Y,,,,Y,,N,60,0,1,0,0,1,0,0,0,0,"- ","- ",,,"SANTA BARBARA",LOMPOC,-120.45789015,34.645645450000004
7171321,2016,2016-02-04,4202,2016-01-14,1458,235,,4,5,4,4202,0,0,0,,0,,"OLIVE AV","O PL",101.00,E,N,A,-,N,,,,,,,,,,N,4,0,1,2,A,-,05,21202,A,N,D,G,A,A,H,-,A,A,0,,Y,,,Y,,L,04,0,0,1,0,0,0,1,0,0,"- ","- ",,,"SANTA BARBARA",LOMPOC,-120.46691496,34.634116749999997
7171510,2016,2016-02-04,4203,2016-01-22,1530,22857,,5,5,5,4203,0,0,0,,0,003,"LAGUNA ST","LOS OLIVOS ST",0.00,,Y,A,-,N,,,,,,,,,,Y,3,0,1,1,C,-,18,,,N,E,I,A,A,H,-,A,-,0,,,,,Y,,-,"- ",0,1,0,0,0,0,0,0,0,"- ","- ",34.261299999999999,-119.42959999999999,"SANTA BARBARA","SANTA BARBARA",-119.71259986,34.437260039999998
7171518,2016,2016-02-04,4203,2016-01-18,1539,3626,,1,5,5,4203,0,0,0,,0,004,"DE LA VINA ST","PEDREGOSA ST",0.00,,Y,A,-,N,,,,,,,,,,Y,4,0,1,2,A,-,09,21802,A,N,D,C,A,A,H,-,A,D,0,,,,,Y,,A,01,0,0,1,0,0,0,0,0,0,"- ","- ",34.421700000000001,-119.71559999999999,"SANTA BARBARA","SANTA BARBARA",-119.71572997,34.427780050000003
7171657,2015,2016-02-02,4202,2015-12-26,2023,,,6,5,4,4202,0,0,0,,0,,"CHESTNUT AV","F ST",0.00,,Y,A,-,N,,,,,,,,,,Y,4,0,1,2,A,-,09,21802,A,N,D,C,A,A,H,-,D,A,0,,,,,Y,,A,01,0,0,1,0,0,0,0,0,0,"- ","- ",,,"SANTA BARBARA",LOMPOC,-120.45528998,34.642180060000001
7171834,2016,2016-02-02,4204,2016-01-21,1239,22113,57,4,5,5,4204,0,0,0,,0,002,MILLER,"OAK AV",0.00,,Y,A,-,N,,,,,,,,,,N,4,0,1,2,A,-,09,21802,A,N,D,C,A,A,H,-,A,A,0,,,Y,,Y,,A,01,0,0,1,0,0,0,0,0,1,"- ","- ",34.945149999999998,-120.4312,"SANTA BARBARA","SANTA MARIA",-120.43148999,34.945220040000002
7171838,2016,2016-02-02,4204,2016-01-20,1410,90272,16,3,5,5,4204,0,0,0,,0,001,BROADWAY,"MCELHANEY AV",0.00,,Y,A,B,N,,,135,,,,,,,Y,4,0,1,2,A,-,09,21801,,N,D,C,A,A,H,-,A,D,0,,,,,Y,,A,01,0,0,1,0,0,0,0,0,0,"- ","- ",34.96246,-120.43565,"SANTA BARBARA","SANTA MARIA",-120.43566576000001,34.962459959999997
7173002,2016,2016-02-02,4204,2016-01-19,0924,21338,13,2,5,5,4204,0,0,0,,0,001,"BLOSSER RD","ALVIN AV",0.00,,Y,C,-,N,,,,,,,,,,Y,4,0,2,2,A,-,12,21453,A,N,D,C,A,B,H,-,A,A,0,,,,,Y,,A,01,0,0,2,0,0,0,0,0,0,"- ","- ",34.960619999999999,-120.45350999999999,"SANTA BARBARA","SANTA MARIA",-120.45351986999999,34.960590029999999
7174983,2016,2016-02-10,4201,2016-01-24,1030,0299,4201,7,5,2,4201,0,0,0,,0,,"OBISPO ST","CEDAR ST",45.00,S,N,A,-,N,,,,,,,,,,Y,3,0,1,2,C,-,18,,,N,C,E,A,A,H,-,A,A,0,,,,,Y,,-,"- ",0,1,0,0,0,0,0,0,0,"- ","- ",,,"SANTA BARBARA",GUADALUPE,-120.57065163,34.9601264
7177202,2016,2016-02-09,4204,2016-01-25,1339,23240,69,1,5,5,4204,0,0,0,,0,003,"BRADLEY RD","HANCOCK AV",0.00,,Y,A,-,N,,,,,,,,,,Y,4,0,2,2,A,-,09,21802,A,N,D,C,A,A,H,-,A,A,0,,,,,Y,,A,07,0,0,2,0,0,0,0,0,0,"- ","- ",34.932850000000002,-120.41846,"SANTA BARBARA","SANTA MARIA",-120.41824987,34.932940090000002
7178375,2016,2017-02-07,4204,2016-01-29,1818,90322,27,5,5,5,4204,0,0,0,,0,001,BROADWAY,FESLER,0.00,,Y,A,-,Y,SB,5,135,-,-,16.000,I,6,S,N,4,0,1,2,A,-,17,21200,A,N,D,G,A,A,H,-,C,A,0,,Y,,,Y,,L,04,0,0,1,0,0,0,1,0,0,"- ","- ",,,"SANTA BARBARA","SANTA MARIA",-120.4358982,34.956365650000002
7179680,2016,2016-02-09,4203,2016-01-30,1857,5086,,6,5,5,4203,0,0,0,,0,006,"CLIFF DR","FLORA VISTA DR",0.00,,Y,A,-,N,,,225,,,,,,,N,3,0,1,2,D,-,00,,,F,A,B,B,A,H,-,C,A,0,Y,,,,Y,,-,"- ",0,1,0,0,1,0,0,0,0,"- ","- ",34.403059999999996,-119.72817000000001,"SANTA BARBARA","SANTA BARBARA",-119.72817585,34.403038389999999
7179758,2016,2016-02-17,4204,2016-01-31,2005,90322,59,7,5,5,4204,0,0,0,,0,002,"STOWELL RD","COLLEGE DR",0.00,,Y,A,F,N,,,,,,,,,,Y,4,0,1,2,A,-,12,21453,A,N,D,C,A,B,H,-,C,A,0,,,,,Y,,A,01,0,0,1,0,0,0,0,0,0,"- ","- ",,,"SANTA BARBARA","SANTA MARIA",-120.42487987,34.938390050000002
7179796,2016,2016-02-18,4204,2016-02-01,1047,23240,89,1,5,5,4204,0,0,0,,0,001,"COLLEGE DR","BRADLEY RD N",0.00,,Y,A,-,N,,,,,,,,,,Y,4,0,1,2,A,-,09,21802,A,N,D,C,A,A,H,-,A,A,0,,,,,Y,,A,07,0,0,1,0,0,0,0,0,0,"- ","- ",34.966030000000003,-120.42533,"SANTA BARBARA","SANTA MARIA",-120.42549993999999,34.966220100000001
7180379,2016,2016-08-24,4201,2016-01-29,0845,3317,,5,5,2,4201,0,0,0,,0,051,"WEST MAIN ST","PACIFIC DUNES WY",0.00,,Y,A,-,N,,,,,,,,,,Y,4,0,1,2,A,-,08,22107,,N,-,-,A,A,-,-,A,-,0,,,,,Y,,-,,0,0,1,0,0,0,0,0,0,"- ","- ",,,"SANTA BARBARA",GUADALUPE,-120.5852999,34.957630020000003
7183898,2016,2016-02-18,4203,2016-02-04,1824,5086,,4,5,5,4203,0,0,0,,0,001,"N MILPAS ST","N MILPAS ST 21",0.00,,-,A,-,N,,,,,,,,,,N,4,0,1,2,A,-,08,22107,,N,A,G,A,A,H,-,C,D,0,,Y,,,Y,,-,,0,0,1,0,0,0,1,0,0,"- ","- ",34.252000000000002,-119.40476,"SANTA BARBARA","SANTA BARBARA",,
7183951,2016,2016-02-17,4204,2016-01-30,1145,90277,17,6,5,5,4204,0,0,0,,0,001,"LYNNE DR","DONOVAN RD",0.00,,Y,A,-,N,,,,,,,,,,Y,4,0,3,2,A,-,09,21802,A,N,D,D,A,A,H,-,A,A,0,,,,,Y,,A,01,0,0,3,0,0,0,0,0,0,"- ","- ",34.967550000000003,-120.42657,"SANTA BARBARA","SANTA MARIA",-120.42674999,34.967660049999999
7186606,2016,2016-03-03,4204,2016-02-06,1455,90272,41,6,5,5,4204,0,0,0,,0,002,MAIN,CURRYER,0.00,,Y,A,-,N,,,166,,,,,,,N,4,0,1,2,A,-,01,23152,A,N,D,C,A,A,H,-,A,D,0,,,,,Y,Y,A,01,0,0,1,0,0,0,0,0,0,"- ","- ",34.953270000000003,-120.44146000000001,"SANTA BARBARA","SANTA MARIA",-120.44146019,34.953250369999999
7187390,2016,2016-03-17,4202,2016-02-01,1512,06417,LOMPO,1,5,4,4202,0,0,0,,0,,"PINE AV","A ST",178.00,E,N,A,B,N,,,,,,,,,,Y,3,0,1,3,A,-,00,28002,,F,C,E,A,A,H,-,A,D,0,,,,,Y,,A,01,0,1,0,0,0,0,0,0,0,"- ","- ",,,"SANTA BARBARA",LOMPOC,-120.44829835,34.650120000000001
7188093,2016,2016-02-22,4203,2016-02-10,1235,6700,36,3,5,5,4203,0,0,0,,0,005,"JUNIPERO ST","ALAMAR AV",135.00,W,N,A,-,N,,,,,,,,,,N,3,0,1,2,A,-,17,21200,,M,H,G,A,A,H,-,A,D,0,,Y,,,Y,,L,04,0,1,0,0,0,0,1,0,0,"- ","- ",34.42848,-119.72646,"SANTA BARBARA","SANTA BARBARA",-119.72639876,34.428466899999997
7188245,2016,2016-04-11,4204,2016-02-12,0633,90415,82,5,5,5,4204,0,0,0,,0,003,"BETTERAVIA RD","COLLEGE DR",328.00,W,N,A,-,N,,,,,,,,,,Y,4,0,1,2,A,-,03,22350,,N,C,C,A,A,H,-,A,A,0,,,,,Y,,I,11,0,0,1,0,0,0,0,0,0,"- ","- ",34.923499999999997,-120.42565,"SANTA BARBARA","SANTA MARIA",-120.42673383,34.923749999999998
7188727,2016,2016-02-25,4200,2016-02-05,1543,3116,14,5,5,4,4214,0,0,0,,0,050,"FAIRVIEW AV","ENCINA RD",0.00,,Y,A,-,N,,,,,,,,,,Y,4,0,1,2,A,-,08,22100,A,N,D,C,A,A,H,-,A,A,0,,,,,Y,,A,07,0,0,1,0,0,0,0,0,0,"- ","- ",,,"SANTA BARBARA",GOLETA,-119.83067993,34.443070030000001
7189981,2016,2017-02-07,4204,2016-01-15,1241,23471,75,5,5,5,4204,0,0,0,,0,003,BROADWAY,"INGER DR",0.00,,Y,A,-,Y,SB,5,135,-,-,13.950,I,6,N,N,3,0,1,2,A,-,05,21650,1,N,B,G,A,A,H,-,A,D,0,,Y,,,Y,,L,04,0,1,0,0,0,0,1,0,0,"- ","- ",34.926670000000001,-120.43595999999999,"SANTA BARBARA","SANTA MARIA",-120.43594415,34.926790310000001
7190488,2016,2016-10-17,4203,2016-08-09,2049,3510,,2,5,5,4203,0,0,0,,0,006,"CLIFF DR","PACIFIC VIEW",107.00,W,N,A,-,N,,,225,,,,,,,Y,1,3,1,1,A,-,01,23152,A,N,E,I,A,A,H,-,D,D,0,,,,,Y,Y,-,,1,0,0,0,0,0,0,0,0,"- ","- ",34.401800000000001,-119.7093,"SANTA BARBARA","SANTA BARBARA",-119.7093491,34.401936999999997
7194464,2016,2017-02-07,4203,2016-02-15,0632,6048,,1,5,5,4203,0,0,0,,0,005,"STATE ST","CALLE REAL",0.00,,Y,A,-,Y,SB,5,101,-,-,17.930,R,4,N,Y,4,0,1,2,A,-,12,21453,A,N,D,C,A,A,H,-,A,A,0,,,,,Y,,-,,0,0,1,0,0,0,0,0,0,"- ","- ",34.262529999999998,-119.45147,"SANTA BARBARA","SANTA BARBARA",-119.75330672,34.438427480000001
7194567,2016,2016-03-03,4204,2016-02-23,1922,90322,21,2,5,5,4204,0,0,0,,0,001,"ALVIN AV","STOKES AV",0.00,,N,A,-,N,,,,,,,,,,N,4,0,1,2,A,-,09,21802,A,N,D,C,A,A,H,-,C,D,0,,,,,Y,,A,01,0,0,1,0,0,0,0,0,0,"- ","- ",,,"SANTA BARBARA","SANTA MARIA",-120.41550999,34.960260069999997
7196650,2016,2016-03-09,4202,2016-01-26,1420,292,,2,5,4,4202,0,0,0,,0,,"O ST","NORTH AV",0.00,,Y,A,-,N,,,,,,,,,,N,4,0,2,2,A,-,09,21800,A,N,D,C,A,A,H,-,A,A,0,,,,,Y,,A,07,0,0,2,0,0,0,0,0,0,"- ","- ",,,"SANTA BARBARA",LOMPOC,-120.46660994,34.653460109999997
7198802,2016,2017-02-11,4204,2016-02-22,1515,90274,57,1,5,5,4204,0,0,0,,0,002,"MORRISON AV",BROADWAY,0.00,,Y,A,-,Y,SB,5,135,-,-,15.080,I,6,S,N,4,0,1,2,A,-,03,22350,,F,C,C,A,A,H,-,A,A,0,,,,,Y,,A,01,0,0,1,0,0,0,0,0,0,"- ","- ",34.943089999999998,-120.4358,"SANTA BARBARA","SANTA MARIA",-120.4360968,34.943093079999997
7201323,2016,2016-03-11,4204,2016-03-01,1740,90139,50,2,5,5,4204,0,0,0,,0,002,"BLOSSER RD","COOK ST",430.00,S,N,A,-,N,,,,,,,,,,Y,4,0,1,2,A,-,09,21801,A,N,D,C,A,A,H,-,A,D,0,,,,,Y,,A,07,0,0,1,0,0,0,0,0,0,"- ","- ",34.9495,-120.4539,"SANTA BARBARA","SANTA MARIA",-120.45380129,34.948439200000003
7201708,2016,2016-03-09,4203,2016-02-20,1130,6983,,6,5,5,4203,0,0,0,,0,002,"CLIFF DR","RANCHERIA ST",0.00,W,N,A,-,N,,,,,,,,,,N,4,0,2,2,A,-,03,22350,,N,C,C,A,A,H,-,A,A,0,,,,,Y,,-,,0,0,2,0,0,0,0,0,0,"- ","- ",,,"SANTA BARBARA","SANTA BARBARA",-119.69854992,34.409660039999999
7202263,2016,2017-02-07,4202,2016-02-11,1020,32104,LOMPO,4,5,4,4202,0,0,0,,0,011,"LAUREL AV","H ST",9.00,W,N,A,-,Y,SB,5,1,-,-,20.565,I,6,N,N,3,0,1,2,A,-,05,21202,A,F,-,G,A,A,H,-,B,A,0,,Y,,,Y,,L,04,0,1,0,0,0,0,1,0,0,"- ","- ",,,"SANTA BARBARA",LOMPOC,-120.45783846,34.63901954
7202703,2016,2017-02-11,4203,2016-02-25,0820,6700,23,4,5,5,4203,0,0,0,,0,006,"MISSION ST","RT 101",0.00,,Y,A,-,Y,SB,5,101,-,R,15.540,R,3,S,N,3,0,1,2,A,-,11,21456,B,N,G,B,B,A,H,-,A,A,0,Y,,,,Y,,N,60,0,1,0,0,1,0,0,0,0,"- ",SO,34.425089999999997,-119.72053,"SANTA BARBARA","SANTA BARBARA",-119.71768487999999,34.423454800000002
7203784,2016,2016-03-11,4203,2016-03-06,0038,6973,,7,5,5,4203,0,0,0,,0,006,"CLIFF DR","LOMA ALTA DR",245.00,W,N,C,-,N,,,,,,,,,,N,3,0,1,1,A,-,01,23152,B,N,E,I,A,B,H,-,C,D,0,,,,,Y,Y,-,,0,1,0,0,0,0,0,0,0,"- ","- ",,,"SANTA BARBARA","SANTA BARBARA",-119.70221755,34.406162590000001
7205680,2016,2016-03-17,4200,2016-03-03,1526,3116,14,4,5,4,4214,0,0,0,,0,080,"HOLLISTER AV","LOWELL WY",73.00,S,N,A,-,N,,,,,,,,,,N,4,0,2,2,A,-,03,22350,,N,C,C,A,A,H,-,A,D,0,,,,,Y,,A,01,0,0,2,0,0,0,0,0,0,"- ","- ",,,"SANTA BARBARA",GOLETA,-119.88153,34.430019999999999
7207049,2016,2016-03-23,4204,2016-03-11,2247,90343,75,5,5,5,4204,0,0,0,,0,003,"BETTERAVIA RD","COLLEGE DR",0.00,,Y,B,-,N,,,,,,,,,,Y,3,0,1,1,A,-,01,23153,A,N,E,I,A,B,H,-,C,A,0,,,,,Y,Y,A,01,0,1,0,0,0,0,0,0,0,"- ","- ",34.923499999999997,-120.42565,"SANTA BARBARA","SANTA MARIA",-120.42563995,34.923750060000003
7207505,2016,2016-03-16,4204,2016-02-10,2010,90081,15,3,5,5,4204,0,0,0,,0,001,"RAILROAD AV","ALVIN AV",0.00,,Y,A,-,N,,,,,,,,,,N,4,0,1,3,A,-,10,21950,A,N,G,B,B,A,H,-,C,A,0,Y,,,,Y,,A,07,0,0,1,0,1,0,0,0,0,"- ","- ",34.96069,-120.44454,"SANTA BARBARA","SANTA MARIA",-120.4445899,34.960509999999999
7209843,2016,2016-03-21,4203,2016-03-02,1318,6700,26,3,5,5,4203,0,0,0,,0,006,"LAS POSITAS RD","PORTESUELLO AV",65.00,S,N,A,-,N,,,225,,,,,,,N,4,0,1,2,A,-,03,22350,,N,C,C,A,A,H,-,A,D,0,,,,,Y,,A,01,0,0,1,0,0,0,0,0,0,"- ","- ",34.417879999999997,-119.74120000000001,"SANTA BARBARA","SANTA BARBARA",-119.7412262,34.417881250000001
7209863,2016,2016-03-21,4203,2016-03-05,1308,2661,,6,5,5,4203,0,0,0,,0,001,"MILPAS ST","GUTIERREZ ST",0.00,,Y,B,-,N,,,,,,,,,,Y,4,0,2,3,A,-,12,21453,A,N,D,C,A,B,H,-,A,A,0,,,,,Y,,A,01,0,0,2,0,0,0,0,0,0,"- ","- ",34.424799999999998,-119.6842,"SANTA BARBARA","SANTA BARBARA",-119.68405991,34.425390020000002
7210245,2016,2016-03-29,4202,2016-03-01,1723,234,LOMPO,2,5,4,4202,0,0,0,,0,,"OAK AV","M ST",13.00,E,N,A,-,N,,,,,,,,,,N,3,0,2,3,A,-,10,21954,B,N,G,B,D,A,H,-,A,D,0,Y,,,,Y,,D,22,0,1,1,0,2,0,0,0,0,"- ","- ",,,"SANTA BARBARA",LOMPOC,-120.46404681,34.651838949999998
7210678,2016,2016-03-28,4200,2016-03-11,1319,3640,10,5,5,3,4205,0,0,0,,0,030,"CARPINTERIA AV","VALLECITO RD",0.00,,Y,C,-,N,,,,,,,,,,N,4,0,1,2,A,-,09,21801,A,N,D,C,A,B,H,-,A,A,0,,,,,Y,,A,08,0,0,1,0,0,0,0,0,0,"- ","- ",,,"SANTA BARBARA",CARPINTERIA,-119.51607996,34.396980079999999
7212930,2016,2016-03-17,4204,2016-03-07,0944,90377,,1,5,5,4204,0,0,0,,0,001,"DONOVAN RD","SURREY WY",0.00,,Y,B,C,N,,,,,,,,,,Y,4,0,1,2,A,-,09,21801,A,N,A,C,A,B,H,-,A,A,0,,,,,Y,,A,01,0,0,1,0,0,0,0,0,0,"- ","- ",34.967799999999997,-120.41473000000001,"SANTA BARBARA","SANTA MARIA",-120.41474995999999,34.967560069999998
8001471,2016,2017-02-11,4204,2016-03-19,2055,90322,33,6,5,5,4204,0,0,0,,0,002,BROADWAY,MILL,0.00,,Y,A,-,Y,SB,5,135,-,-,15.930,I,5,S,Y,4,0,1,2,A,-,09,21802,A,N,D,C,A,A,H,-,C,A,0,,,,,Y,,A,07,0,0,1,0,0,0,0,0,0,"- ","- ",,,"SANTA BARBARA","SANTA MARIA",-120.43592662,34.955362819999998
8001483,2016,2017-02-11,4204,2016-03-09,1256,21338,052,3,5,5,4204,0,0,0,,0,002,BROADWAY,"JONES ST",75.00,S,N,A,-,Y,SB,5,135,-,-,15.270,H,-,S,N,4,0,4,3,A,-,03,22350,,N,C,C,A,A,H,-,A,A,0,,,,,Y,,A,07,0,0,4,0,0,0,0,0,0,"- ","- ",34.945909999999998,-120.43622000000001,"SANTA BARBARA","SANTA MARIA",-120.43604276000001,34.945737690000001
8003495,2015,2016-03-30,4204,2015-06-01,1715,16714,,1,5,5,4204,0,0,0,,0,,"BETTERAVIA RD","MAHONEY RD",14.00,E,N,A,-,N,,,,,,,,,,Y,4,0,1,2,A,-,09,21802,A,N,D,C,A,A,H,-,A,A,0,,,,,Y,,A,01,0,0,1,0,0,0,0,0,0,"- ","- ",34.92069,-120.47487,"SANTA BARBARA","SANTA MARIA",-120.47481412,34.920667139999999
8004259,2016,2016-04-01,4203,2016-03-19,1739,3597,,6,5,5,4203,0,0,0,,0,002,"CABRILLO BL","BATH ST",0.00,,Y,A,-,N,,,,,,,,,,Y,4,0,3,2,A,-,09,21801,A,N,D,C,A,A,H,-,A,A,0,,,,,Y,,-,,0,0,3,0,0,0,0,0,0,"- ","- ",34.409170000000003,-119.69273,"SANTA BARBARA","SANTA BARBARA",-119.69269989,34.409160100000001
8004307,2016,2016-04-01,4203,2016-03-25,1831,3597,,5,5,5,4203,0,0,0,,0,002,"LOMA ALTA DR","SHORELINE DR",180.00,N,N,A,-,N,,,,,,,,,,Y,3,0,1,1,A,-,01,23152,A,N,E,I,A,A,H,-,A,A,0,,,,,Y,Y,-,,0,1,0,0,0,0,0,0,0,"- ","- ",34.241410000000002,-119.41533,"SANTA BARBARA","SANTA BARBARA",-119.69781679,34.403683569999998
8005447,2016,2017-02-07,4203,2016-03-26,1642,3597,,6,5,5,4203,0,0,0,,0,002,"CASTILLO ST","RT 101",15.00,N,N,A,-,Y,SB,5,101,-,R,14.340,R,4,S,N,2,0,1,1,C,-,18,,,N,F,J,A,B,G,-,A,A,0,,Y,,,Y,,-,"- ",1,0,0,0,0,0,1,0,0,"- ",SF,,,"SANTA BARBARA","SANTA BARBARA",-119.70202696,34.412495569999997