CASE_ID,ACCIDENT_YEAR,PROC_DATE,JURIS,COLLISION_DATE,COLLISION_TIME,OFFICER_ID,REPORTING_DISTRICT,DAY_OF_WEEK,CHP_SHIFT,POPULATION,CNTY_CITY_LOC,SPECIAL_COND,BEAT_TYPE,CHP_BEAT_TYPE,CITY_DIVISION_LAPD,CHP_BEAT_CLASS,BEAT_NUMBER,PRIMARY_RD,SECONDARY_RD,DISTANCE,DIRECTION,INTERSECTION,WEATHER_1,WEATHER_2,STATE_HWY_IND,CALTRANS_COUNTY,CALTRANS_DISTRICT,STATE_ROUTE,ROUTE_SUFFIX,POSTMILE_PREFIX,POSTMILE,LOCATION_TYPE,RAMP_INTERSECTION,SIDE_OF_HWY,TOW_AWAY,COLLISION_SEVERITY,NUMBER_KILLED,NUMBER_INJURED,PARTY_COUNT,PRIMARY_COLL_FACTOR,PCF_CODE_OF_VIOL,PCF_VIOL_CATEGORY,PCF_VIOLATION,PCF_VIOL_SUBSECTION,HIT_AND_RUN,TYPE_OF_COLLISION,MVIW,PED_ACTION,ROAD_SURFACE,ROAD_COND_1,ROAD_COND_2,LIGHTING,CONTROL_DEVICE,CHP_ROAD_TYPE,PEDESTRIAN_ACCIDENT,BICYCLE_ACCIDENT,MOTORCYCLE_ACCIDENT,TRUCK_ACCIDENT,NOT_PRIVATE_PROPERTY,ALCOHOL_INVOLVED,STWD_VEHTYPE_AT_FAULT,CHP_VEHTYPE_AT_FAULT,COUNT_SEVERE_INJ,COUNT_VISIBLE_INJ,COUNT_COMPLAINT_PAIN,COUNT_PED_KILLED,COUNT_PED_INJURED,COUNT_BICYCLIST_KILLED,COUNT_BICYCLIST_INJURED,COUNT_MC_KILLED,COUNT_MC_INJURED,PRIMARY_RAMP,SECONDARY_RAMP,LATITUDE,LONGITUDE,COUNTY,CITY,POINT_X,POINT_Y
8121575,2016,2016-12-01,4203,2016-09-03,2006,22854,,6,5,5,4203,0,0,0,,0,006,"CLIFF DR","MESA LN",695.00,W,N,A,-,N,,,,,,,,,,Y,4,0,1,3,A,-,04,21703,,N,C,E,A,A,H,-,D,D,0,,,,,Y,,-,,0,0,1,0,0,0,0,0,0,"- ","- ",34.241529999999997,-119.43573000000001,"SANTA BARBARA","SANTA BARBARA",-119.73246653,34.404201329999999
8121579,2016,2016-09-19,4203,2016-09-10,1735,7187,,6,5,5,4203,0,0,0,,0,002,"CORONA DEL MAR","CABRILLO BL",12.00,N,N,A,-,N,,,,,,,,,,N,4,0,1,2,A,-,08,22107,,N,D,G,A,A,H,-,B,D,0,,Y,,,Y,,-,,0,0,1,0,0,0,1,0,0,"- ","- ",34.41713,-119.67092,"SANTA BARBARA","SANTA BARBARA",-119.6708484,34.417062199999997
8121736,2016,2016-09-19,4202,2016-08-17,1310,292,,3,5,4,4202,0,0,0,,0,,"CENTRAL AV","O ST",0.00,,Y,A,-,N,,,,,,,,,,Y,3,0,2,2,A,-,12,21453,A,N,D,C,A,A,H,-,A,A,0,,,,,Y,,A,07,0,1,1,0,0,0,0,0,0,"- ","- ",,,"SANTA BARBARA",LOMPOC,-120.46640987000001,34.660900089999998
8121740,2016,2017-02-24,4202,2016-08-28,1406,10251,LOMPO,7,5,4,4202,0,0,0,,0,,"RT 1","A ST",122.00,E,N,A,-,Y,SB,5,1,-,-,20.050,I,6,N,Y,4,0,1,2,A,-,09,21804,,N,D,C,A,A,H,-,A,A,0,,,,,Y,,A,01,0,0,1,0,0,0,0,0,0,"- ","- ",,,"SANTA BARBARA",LOMPOC,-120.44907418,34.638940689999998
8121934,2016,2016-09-19,4204,2016-09-10,2351,90415,09,6,5,5,4204,0,0,0,,0,001,"PINE ST","DONOVAN RD",0.00,,Y,A,-,N,,,,,,,,,,N,4,0,1,2,A,-,01,23153,A,F,C,E,A,A,H,-,C,A,0,,,,,Y,Y,-,,0,0,1,0,0,0,0,0,0,"- ","- ",34.967829999999999,-120.43783000000001,"SANTA BARBARA","SANTA MARIA",-120.43800999,34.967730109999998
8121993,2016,2016-09-19,4202,2016-09-07,1307,292,,3,5,4,4202,0,0,0,,0,,"7TH ST","COLLEGE AV",103.00,S,N,A,-,N,,,,,,,,,,Y,3,0,3,2,A,-,00,23153,E,N,A,E,A,A,H,-,A,A,0,,,,,Y,,A,01,0,2,1,0,0,0,0,0,0,"- ","- ",,,"SANTA BARBARA",LOMPOC,-120.44021176,34.646587080000003
8122206,2016,2016-09-14,4204,2016-09-03,2325,90200,03,6,5,5,4204,0,0,0,,0,001,"RAILROAD AV","RANCHO VERDE",0.00,,Y,B,-,N,,,,,,,,,,Y,4,0,1,2,A,-,01,23152,A,F,C,C,A,A,H,-,C,D,0,,,,,Y,Y,A,07,0,0,1,0,0,0,0,0,0,"- ","- ",34.977139999999999,-120.44446000000001,"SANTA BARBARA","SANTA MARIA",-120.44431993000001,34.977340099999999
8122946,2016,2016-12-01,4201,2016-08-30,1751,5159,51,2,5,2,4201,0,0,0,,0,,"WEST MAIN ST","PACIFIC DUNES WY",17.00,W,N,A,-,N,,,,,,,,,,Y,3,0,1,2,A,-,08,22107,,N,D,C,A,A,H,-,A,A,0,,,,,Y,,-,,0,1,0,0,0,0,0,0,0,"- ","- ",,,"SANTA BARBARA",GUADALUPE,-120.58535671,34.957630829999999
8123659,2016,2017-03-03,4204,2016-09-13,2003,90242,5,2,5,5,4204,0,0,0,,0,001,BROADWAY,"GRANT ST",0.00,,Y,A,-,Y,SB,5,135,-,-,17.130,I,5,S,Y,4,0,2,2,A,-,12,21453,A,N,D,C,A,A,H,-,B,D,0,,,,,Y,,-,"- ",0,0,2,0,0,0,0,0,0,"- ","- ",34.972790000000003,-120.43577000000001,"SANTA BARBARA","SANTA MARIA",-120.43567462,34.972775820000003
8126264,2016,2016-09-20,4203,2016-08-25,1830,6693,5,4,5,5,4203,0,0,0,,0,005,"DE LA VINA ST","W ALAMAR AV",132.00,S,N,A,-,N,,,,,,,,,,N,4,0,1,2,D,-,00,,,N,C,C,A,A,H,-,A,D,0,,,,,Y,,-,"- ",0,0,1,0,0,0,0,0,0,"- ","- ",34.260599999999997,-119.4328,"SANTA BARBARA","SANTA BARBARA",-119.72481922999999,34.435176830000003
8127893,2016,2016-10-03,4203,2016-09-17,1338,7189,,6,5,5,4203,0,0,0,,0,003,"DE LA VINA ST","W CANON PERDIDO ST",0.00,,Y,A,-,N,,,,,,,,,,N,4,0,1,2,A,-,12,22450,A,N,D,G,A,A,H,-,A,D,0,,Y,,,Y,,L,04,0,0,1,0,0,0,1,0,0,"- ","- ",34.426920000000003,-119.69378,"SANTA BARBARA","SANTA BARBARA",-119.70284988,34.418399999999998
8128252,2016,2016-09-28,4200,2016-09-13,2320,4057,14,2,5,4,4214,0,0,0,,0,080,"ENTRANCE RD","HOLLISTER AV",7.00,S,N,A,-,N,,,,,,,,,,N,3,0,1,2,A,-,10,21950,A,F,G,B,B,A,H,-,C,A,0,Y,,,,Y,,A,01,0,1,0,0,1,0,0,0,0,"- ","- ",,,"SANTA BARBARA",GOLETA,-119.88613038,34.429840779999999
8129002,2016,2016-09-27,4203,2016-09-18,2211,3510,SBX,7,5,5,4203,0,0,0,,0,005,"STATE ST","LA CUMBRE RD",54.00,W,N,A,-,N,,,,,,,,,,Y,4,0,3,3,A,-,01,23152,A,N,C,C,A,A,H,-,C,A,0,,,,,Y,Y,-,,0,0,3,0,0,0,0,0,0,"- ","- ",34.440420000000003,-119.75112,"SANTA BARBARA","SANTA BARBARA",-119.75122871000001,34.440492059999997
8129772,2016,2016-09-23,4203,2016-09-16,2335,23133,,5,5,5,4203,0,0,0,,0,006,"CLIFF DR","LA VISTA DEL OCEANO",239.00,E,N,A,-,N,,,225,,,,,,,Y,3,0,1,4,A,-,01,23152,A,N,B,E,A,A,H,-,C,D,0,,,,,Y,Y,-,,0,1,0,0,0,0,0,0,0,"- ","- ",34.400979999999997,-119.71507,"SANTA BARBARA","SANTA BARBARA",-119.71505438,34.400899809999999
8129784,2016,2016-09-23,4203,2016-09-08,1415,6700,18,4,5,5,4203,0,0,0,,0,006,"MEIGS RD","ELISE WY",620.00,S,N,A,-,N,,,,,,,,,,N,3,0,2,2,D,-,00,,,N,H,G,A,A,H,-,A,D,0,,Y,,,Y,,-,"- ",0,2,0,0,0,0,2,0,0,"- ","- ",34.398339999999997,-119.72252,"SANTA BARBARA","SANTA BARBARA",-119.72246610000001,34.398412710000002
8131927,2016,2016-09-29,4200,2016-07-28,1007,3683,14,4,5,4,4214,0,0,0,,0,,"S FAIRVIEW AV","DALEY ST",0.00,,Y,A,-,N,,,,,,,,,,N,3,0,1,2,A,-,05,21650,1,F,D,G,A,A,H,-,A,D,0,,Y,,,Y,,L,04,0,1,0,0,0,0,1,0,0,"- ","- ",,,"SANTA BARBARA",GOLETA,-119.83067988000001,34.430920049999997
8131956,2016,2016-11-21,4203,2016-09-17,1650,7897,52,6,5,5,4203,0,0,0,,0,005,"STATE ST","ONTARE RD",150.00,W,N,A,-,N,,,,,,,,,,N,3,0,1,2,A,-,08,22107,,N,D,G,A,A,H,-,A,A,0,,,,,Y,,A,01,0,1,0,0,0,0,0,0,0,"- ","- ",,,"SANTA BARBARA","SANTA BARBARA",-119.74058707,34.440415340000001
8132243,2016,2016-10-04,4204,2016-09-09,0653,90139,,5,5,5,4204,0,0,0,,0,,"BETTERAVIA RD","A ST",400.00,W,N,A,-,N,,,,,,,,,,Y,3,0,1,2,A,-,09,21804,A,N,D,C,A,A,H,-,A,D,0,,,,,Y,,D,22,0,1,0,0,0,0,0,0,0,"- ","- ",34.920839999999998,-120.46404,"SANTA BARBARA","SANTA MARIA",-120.46534382,34.920760000000001
8132255,2016,2016-10-04,4204,2016-09-07,1134,21338,,3,5,5,4204,0,0,0,,0,,BROADWAY,MORRISON,150.00,S,N,A,-,N,,,,,,,,,,N,4,0,1,3,A,-,03,22350,,N,C,C,A,A,H,-,A,A,0,,,,,Y,,A,01,0,0,1,0,0,0,0,0,0,"- ","- ",,,"SANTA BARBARA","SANTA MARIA",-120.435997,34.942681
8132271,2016,2016-10-04,4204,2016-09-22,1817,90323,16,4,5,5,4204,0,0,0,,0,001,"DONOVAN RD",BROADWAY,50.00,E,N,A,-,N,,,,,,,,,,N,4,0,1,2,A,-,08,22107,,N,D,C,A,A,H,-,A,A,0,,,,,Y,,D,22,0,0,1,0,0,0,0,0,0,"- ","- ",34.967759999999998,-120.43544,"SANTA BARBARA","SANTA MARIA",-120.43548699999999,34.967697999999999
8132282,2016,2017-03-06,4204,2016-09-16,1432,90373,36,5,5,5,4204,0,0,0,,0,002,"MAIN ST","COLLEGE DR",0.00,,Y,A,-,Y,SB,5,166,-,-,8.500,H,-,E,Y,4,0,1,2,A,-,03,22350,,N,C,C,A,A,H,-,A,A,0,,,,,Y,,A,01,0,0,1,0,0,0,0,0,0,"- ","- ",34.952930000000002,-120.42484,"SANTA BARBARA","SANTA MARIA",-120.42489062,34.953065819999999
8132334,2016,2016-10-04,4203,2016-09-15,1416,5751,35,4,5,5,4203,0,0,0,,0,004,"DE LA VINA ST","WEST LOS OLIVOS ST",344.00,S,N,A,-,N,,,,,,,,,,Y,4,0,1,2,C,-,18,,,N,C,E,A,A,H,-,A,D,0,,,,,Y,,-,"- ",0,0,1,0,0,0,0,0,0,"- ","- ",34.43018,-119.71889,"SANTA BARBARA","SANTA BARBARA",-119.71862514,34.430028100000001
8133877,2016,2016-10-04,4203,2016-09-15,1310,5751,52,4,5,5,4203,0,0,0,,0,005,"STATE ST","N ONTARE ST",289.00,E,N,A,-,N,,,,,,,,,,Y,4,0,2,3,A,-,03,22350,,N,C,C,A,A,H,-,A,D,0,,,,,Y,,A,07,0,0,2,0,0,0,0,0,0,"- ","- ",34.440449999999998,-119.73905999999999,"SANTA BARBARA","SANTA BARBARA",-119.73913238,34.440408159999997
8133946,2016,2016-10-04,4203,2016-09-21,2006,7187,,3,5,5,4203,0,0,0,,0,001,"S MILPAS ST","CARPINTERIA ST",0.00,,Y,A,-,N,,,,,,,,,,Y,4,0,1,2,D,-,00,,,N,B,C,A,A,H,-,C,A,0,,,,,Y,,-,"- ",0,0,1,0,0,0,0,0,0,"- ","- ",34.420870000000001,-119.67749999999999,"SANTA BARBARA","SANTA BARBARA",-119.677511,34.420831999999997
8133978,2016,2016-11-16,4203,2016-09-23,1830,6972,,5,5,5,4203,0,0,0,,0,005,"S LA CUMBRE RD","CALLE REAL",9.00,N,N,A,-,N,,,,,,,,,,N,4,0,1,2,A,-,03,22350,A,N,C,C,A,A,H,-,A,A,0,,,,,Y,,-,,0,0,1,0,0,0,0,0,0,"- ","- ",34.261409999999998,-119.45037000000001,"SANTA BARBARA","SANTA BARBARA",-119.75101426000001,34.437250990000003
8134880,2016,2016-10-06,4203,2016-09-28,2308,6577,4203,3,5,5,4203,0,0,0,,0,006,MODOC,"PINE DR",201.00,S,N,A,-,N,,,,,,,,,,Y,3,0,1,2,A,-,01,23152,A,N,D,C,A,A,H,-,C,D,0,,,,,Y,Y,A,01,0,1,0,0,0,0,0,0,0,"- ","- ",34.425040000000003,-119.73081999999999,"SANTA BARBARA","SANTA BARBARA",-119.73069687,34.424986590000003
8134932,2016,2016-10-18,4203,2016-09-26,0801,23515,,1,5,5,4203,0,0,0,,0,006,"MODOC RD","PILGRIM TERRACE DR",20.00,N,N,A,-,N,,,,,,,,,,N,4,0,1,2,A,-,03,22350,,N,C,C,A,A,H,-,A,D,0,,,,,Y,,A,01,0,0,1,0,0,0,0,0,0,"- ","- ",34.252800000000001,-119.43423,"SANTA BARBARA","SANTA BARBARA",-119.72828,34.424669999999999
8134940,2016,2016-11-30,4203,2016-09-27,2010,22857,,2,5,5,4203,0,0,0,,0,005,"E CONSTANCE ST","CONSTANCE LN",8.00,W,N,A,-,N,,,,,,,,,,Y,3,0,2,1,C,-,18,,,N,E,I,A,A,-,-,D,D,0,,,,,Y,,-,"- ",0,1,1,0,0,0,0,0,0,"- ","- ",34.261499999999998,-119.43170000000001,"SANTA BARBARA","SANTA BARBARA",-119.72034218,34.438067959999998
8137493,2016,2016-12-20,4203,2016-10-03,2108,3510,19,1,5,5,4203,0,0,0,,0,006,"CLIFF DR","LAS POSITAS RD",100.00,E,N,A,G,N,,,,,,,,,,Y,4,0,1,1,A,-,01,23152,A,N,E,I,A,A,H,-,C,A,0,,,,,Y,Y,-,,0,0,1,0,0,0,0,0,0,"- ","- ",34.25508,-119.43255000000001,"SANTA BARBARA","SANTA BARBARA",-119.73890994,34.40511704
8137645,2016,2016-10-11,4203,2016-09-30,1200,6048,,5,5,5,4203,0,0,0,,0,002,"CABRILLO BL","NINOS DR",450.00,W,N,A,-,N,,,,,,,,,,Y,4,0,2,2,A,-,09,21804,A,N,D,C,A,A,H,-,A,D,0,,,,,Y,,-,,0,0,2,0,0,0,0,0,0,"- ","- ",34.250749999999996,-119.40085999999999,"SANTA BARBARA","SANTA BARBARA",-119.66890957,34.417382869999997
8139603,2016,2017-01-11,4203,2016-12-10,0108,23133,,6,5,5,4203,0,0,0,,0,004,"W MISSION ST","BATH ST",159.00,W,N,A,-,N,,,,,,,,,,Y,3,0,1,1,A,-,03,22350,,N,B,I,A,A,A,H,C,A,0,,,,,Y,,-,,0,1,0,0,0,0,0,0,0,"- ","- ",34.427280000000003,-119.71843,"SANTA BARBARA","SANTA BARBARA",-119.71831115000001,34.427284540000002
8139607,2016,2017-03-06,4203,2016-12-17,1536,6983,,6,5,5,4203,0,0,0,,0,002,"CASTILLO ST","RT 101",0.00,,Y,A,-,Y,SB,5,101,-,R,14.340,R,4,S,Y,4,0,2,2,A,-,03,22350,,N,D,C,A,B,G,-,A,A,0,,,,,Y,,-,,0,0,2,0,0,0,0,0,0,"- ",SF,34.411949999999997,-119.69891,"SANTA BARBARA","SANTA BARBARA",-119.70202696,34.412495569999997
8141385,2016,2016-10-28,4204,2016-09-29,0649,19527,079,4,5,5,4204,0,0,0,,0,003,"BETTERAVIA RD","A ST",844.00,W,N,E,-,N,,,,,,,,,,Y,4,0,2,2,A,-,09,21804,,N,D,C,A,A,H,-,B,D,0,,,,,Y,,D,22,0,0,2,0,0,0,0,0,0,"- ","- ",34.920839999999998,-120.46404,"SANTA BARBARA","SANTA MARIA",-120.46682432999999,34.920774700000003
8141397,2016,2016-10-18,4204,2016-09-30,0630,90415,40,5,5,5,4204,0,0,0,,0,002,"BLOSSER RD","CHURCH ST",0.00,,Y,A,-,N,,,,,,,,,,Y,4,0,1,2,A,-,08,22107,,N,A,C,A,A,H,-,B,A,0,,,,,Y,,D,22,0,0,1,0,0,0,0,0,0,"- ","- ",34.951920000000001,-120.45375,"SANTA BARBARA","SANTA MARIA",-120.45372996,34.95202012
8141399,2016,2016-10-11,4204,2016-09-30,1753,90228,47,5,5,5,4204,0,0,0,,0,002,"CYPRESS ST","SCHOOL ST",0.00,,Y,A,-,N,,,,,,,,,,Y,4,0,2,2,A,-,08,22107,,N,A,C,A,A,H,-,A,D,0,,,,,Y,,A,01,0,0,2,0,0,0,0,0,0,"- ","- ",34.95082,-120.4301,"SANTA BARBARA","SANTA MARIA",-120.43000997,34.950920070000002
8141439,2016,2016-10-11,4204,2016-09-24,1800,90456,55,6,5,5,4204,0,0,0,,0,002,"MORRISON AV","WESTERN AV",0.00,,Y,A,-,N,,,,,,,,,,N,4,0,1,2,A,-,03,22350,,F,G,B,F,A,H,-,B,D,0,Y,,,,Y,,A,01,0,0,1,0,1,0,0,0,0,"- ","- ",34.943539999999999,-120.44925000000001,"SANTA BARBARA","SANTA MARIA",-120.44949996,34.943250040000002
8142244,2016,2017-02-28,4203,2016-10-11,1026,5751,58,2,5,5,4203,0,0,0,,0,005,"FOOTHILL RD","ALAMAR AV",210.00,N,N,A,-,Y,SB,5,192,-,-,2.470,H,-,E,Y,4,0,1,2,A,-,09,21804,A,N,D,C,A,A,H,-,A,D,0,,,,,Y,,A,01,0,0,1,0,0,0,0,0,0,"- ","- ",34.447009999999999,-119.72532,"SANTA BARBARA","SANTA BARBARA",-119.72396723999999,34.44667913
8142248,2016,2016-10-26,4203,2016-10-16,2100,9018,15,7,5,5,4203,0,0,0,,0,002,"SHORELINE DR","LOMA ALTA",265.00,E,N,C,-,N,,,,,,,,,,Y,3,0,1,1,A,-,01,23152,A,N,E,I,A,B,H,-,C,D,0,,,,,Y,Y,A,01,0,1,0,0,0,0,0,0,0,"- ","- ",34.241999999999997,-119.41822999999999,"SANTA BARBARA","SANTA BARBARA",-119.69686477,34.403153379999999
8142276,2016,2016-10-26,4203,2016-10-07,0851,6048,,5,5,5,4203,0,0,0,,0,006,"CLIFF DR","YANKEE FARM RD",460.00,W,N,A,-,N,,,,,,,,,,Y,3,0,1,2,A,-,05,21460,A,N,A,C,A,A,H,-,A,D,0,,,,,Y,,A,01,0,1,0,0,0,0,0,0,0,"- ","- ",34.240870000000001,-119.45399999999999,"SANTA BARBARA","SANTA BARBARA",-119.75116500999999,34.406297530000003
8142284,2016,2016-10-26,4203,2016-10-06,1344,22859,,4,5,5,4203,0,0,0,,0,003,"SANTA BARBARA ST","SOLA ST",39.00,S,N,A,-,N,,,,,,,,,,N,4,0,2,3,A,-,03,22350,,N,C,C,A,A,H,-,A,D,0,,,,,Y,,A,01,0,0,2,0,0,0,0,0,0,"- ","- ",34.253799999999998,-119.4216,"SANTA BARBARA","SANTA BARBARA",-119.70465374,34.427318560000003
8142311,2016,2016-10-26,4203,2016-10-06,1239,6700,17,4,5,5,4203,0,0,0,,0,006,"CLIFF DR","OCEANO AV",0.00,,Y,A,-,N,,,225,,,,,,,N,2,0,1,2,A,-,09,21802,A,N,H,G,A,A,H,-,A,A,0,,Y,,,Y,,A,07,1,0,0,0,0,0,1,0,0,"- ","- ",34.404240000000001,-119.70547000000001,"SANTA BARBARA","SANTA BARBARA",-119.70549760999999,34.404284320000002
8142319,2016,2016-10-26,4203,2016-10-12,1207,6700,46,3,5,5,4203,0,0,0,,0,003,"SANTA BARBARA ST","FIGUEROA ST",137.00,N,N,A,-,N,,,,,,,,,,N,3,0,1,2,A,-,17,22517,,N,H,G,A,A,H,-,A,D,0,,Y,,,Y,,A,01,0,1,0,0,0,0,1,0,0,"- ","- ",34.424930000000003,-119.70138,"SANTA BARBARA","SANTA BARBARA",-119.70127875999999,34.42484039
8142329,2016,2016-10-20,4203,2016-10-03,2100,2520,4203,1,5,5,4203,0,0,0,,0,003,"GARDEN ST","RT 101",0.00,,Y,A,G,N,,,,,,,,,,Y,4,0,2,2,A,-,12,21453,A,N,D,C,A,A,H,-,C,A,0,,,,,Y,,-,,0,0,2,0,0,0,0,0,0,"- ",SF,,,"SANTA BARBARA","SANTA BARBARA",-119.68979992,34.418360110000002
8145415,2016,2016-10-20,4203,2016-10-06,1907,90343,32,4,5,5,4203,0,0,0,,0,002,"RUSSELL AV","MAIN ST",100.00,N,N,A,-,N,,,,,,,,,,N,3,0,1,2,A,-,11,21954,A,N,G,B,D,A,H,-,D,D,0,Y,,,,Y,Y,N,60,0,1,0,0,1,0,0,0,0,"- ","- ",34.953119999999998,-120.45151,"SANTA BARBARA","SANTA BARBARA",-120.45150322000001,34.953564610000001
8145658,2016,2016-10-14,4204,2016-10-05,1642,90228,51,3,5,5,4204,0,0,0,,0,002,"CURRYER ST","ORANGE ST",0.00,,Y,A,-,N,,,,,,,,,,Y,4,0,2,2,A,-,09,21800,A,N,D,C,A,A,H,-,A,D,0,,,,,Y,,A,01,0,0,2,0,0,0,0,0,0,"- ","- ",34.94896,-120.44163,"SANTA BARBARA","SANTA MARIA",-120.44148993,34.948820009999999
8145780,2016,2016-10-17,4204,2016-09-29,1125,90139,54,4,5,5,4204,0,0,0,,0,002,COLLEGE,BOONE,0.00,,Y,A,-,N,,,,,,,,,,N,4,0,2,2,A,-,04,21703,,N,C,C,A,A,H,-,A,A,0,,,,,Y,,A,01,0,0,2,0,0,0,0,0,0,"- ","- ",,,"SANTA BARBARA","SANTA MARIA",-120.42483989,34.946900049999996
8146187,2015,2016-10-25,4203,2015-10-01,1540,7189,,4,5,5,4203,0,0,0,,0,002,"E GUTIERREZ ST","N MILPAS ST",0.00,,Y,A,-,N,,,,,,,,,,N,4,0,1,2,A,-,10,21950,A,N,-,B,B,A,H,-,A,A,0,Y,,,,Y,Y,D,22,0,0,1,0,1,0,0,0,0,"- ","- ",34.253100000000003,-119.41028,"SANTA BARBARA","SANTA BARBARA",-119.68405991,34.425390020000002
8146203,2016,2016-11-04,4203,2016-10-03,1306,6700,30,1,5,5,4203,0,0,0,,0,004,"CHAPALA ST","COTA ST",0.00,,Y,A,-,N,,,,,,,,,,N,3,0,1,2,A,-,09,21801,A,N,D,C,A,A,H,-,A,A,0,,,Y,,Y,,A,07,0,1,0,0,0,0,0,0,1,"- ","- ",,,"SANTA BARBARA","SANTA BARBARA",-119.69794999,34.416660020000002
8146661,2016,2016-10-19,4204,2016-10-01,2147,90200,33,6,5,5,4204,0,0,0,,0,002,"LINCOLN ST","MAIN ST",120.00,N,N,A,B,N,,,,,,,,,,N,4,0,1,2,A,-,"- ",,,N,D,G,A,A,H,-,C,D,0,,Y,,,Y,,L,04,0,0,1,0,0,0,1,0,0,"- ","- ",34.95317,-120.43738999999999,"SANTA BARBARA","SANTA MARIA",-120.43738516000001,34.953479379999997
8148683,2016,2016-10-19,4203,2016-10-12,1845,6972,,3,5,5,4203,0,0,0,,0,006,"W CARRILLO ST","MIRAMONTE DR",24.00,E,N,A,-,N,,,,,,,,,,Y,3,0,1,2,A,-,01,23153,,N,A,C,A,A,H,-,C,D,0,,,,,Y,Y,-,,0,1,0,0,0,0,0,0,0,"- ","- ",,,"SANTA BARBARA","SANTA BARBARA",-119.71765086000001,34.409762540000003
8149565,2016,2017-02-23,4202,2016-10-03,1611,292,,1,5,4,4202,0,0,0,,0,,"RT 1","CENTRAL AV",70.00,S,N,A,-,Y,SB,5,1,-,-,22.050,H,-,N,N,4,0,1,2,A,-,08,22107,,N,B,C,A,A,H,-,A,A,0,,,,,Y,,D,22,0,0,1,0,0,0,0,0,0,"- ","- ",,,"SANTA BARBARA",LOMPOC,-120.45761709999999,34.660545579999997
8149573,2016,2016-10-24,4202,2016-09-25,1726,,LOMPO,7,5,4,4202,0,0,0,,0,,"7TH ST","LAUREL AV",0.00,,Y,A,-,N,,,,,,,,,,Y,2,0,2,2,D,-,00,,,N,A,C,A,A,H,-,A,A,0,,,,,Y,,-,"- ",1,0,1,0,0,0,0,0,0,"- ","- ",,,"SANTA BARBARA",LOMPOC,-120.44024997,34.643730069999997
8151047,2016,2016-10-26,4204,2016-10-16,2024,90415,75,7,5,5,4204,0,0,0,,0,003,"NEWLOVE DR","MILLER ST",230.00,E,N,C,-,N,,,,,,,,,,N,4,0,1,2,A,-,05,21650,,F,G,B,E,B,H,-,C,A,0,Y,,,,Y,,A,01,0,0,1,0,1,0,0,0,0,"- ","- ",34.929760000000002,-120.43199,"SANTA BARBARA","SANTA MARIA",-120.43103311,34.92979777
8151051,2016,2016-10-26,4204,2016-10-16,2111,90343,76,7,5,5,4204,0,0,0,,0,003,"BETTERAVIA RD","BRADLEY RD E",0.00,,Y,C,-,N,,,,,,,,,,Y,3,0,3,2,A,-,12,21453,A,N,A,C,A,B,H,-,C,A,0,,,,,Y,,A,01,0,1,2,0,0,0,0,0,0,"- ","- ",34.923380000000002,-120.41987,"SANTA BARBARA","SANTA MARIA",-120.42206993000001,34.923740090000003
8151072,2016,2016-10-26,4200,2016-10-05,0730,3683,14,3,5,4,4214,0,0,0,,0,080,"PACIFIC OAKS RD","PHELPS RD",0.00,,Y,A,-,N,,,,,,,,,,Y,4,0,2,2,A,-,12,22450,A,N,D,C,A,A,H,-,A,D,0,,,,,Y,,A,01,0,0,2,0,0,0,0,0,0,"- ","- ",,,"SANTA BARBARA",GOLETA,-119.87727993999999,34.42534011
8152153,2016,2016-11-01,4204,2016-10-17,1421,19527,059,1,5,5,4204,0,0,0,,0,002,"MARIPOSA WY","COLLEGE DR",0.00,,Y,B,-,N,,,,,,,,,,N,4,0,1,2,A,-,05,21202,A,N,H,G,A,A,H,-,A,D,0,,Y,,,Y,,L,04,0,0,1,0,0,0,1,0,0,"- ","- ",34.939579999999999,-120.42484,"SANTA BARBARA","SANTA MARIA",-120.42485996000001,34.939540020000003
8153718,2016,2016-10-26,4204,2016-10-18,2135,90271,4204,2,5,5,4204,0,0,0,,0,002,"BLOSSER RD","COOK ST",0.00,,Y,A,-,N,,,,,,,,,,Y,3,0,1,2,A,-,01,23152,A,M,D,C,A,A,H,-,C,A,0,,,,,Y,Y,A,01,0,1,0,0,0,0,0,0,0,"- ","- ",34.9495,-120.4539,"SANTA BARBARA","SANTA MARIA",-120.45376996,34.949620109999998
8153726,2016,2016-10-26,4204,2016-10-18,0629,90026,51,2,5,5,4204,0,0,0,,0,002,"DEPOT DR","BOONE ST",10.00,S,N,A,-,N,,,,,,,,,,Y,4,0,1,2,A,-,09,21802,A,N,D,C,A,A,H,-,B,D,0,,,,,Y,,A,01,0,0,1,0,0,0,0,0,0,"- ","- ",,,"SANTA BARBARA","SANTA MARIA",-120.44374929999999,34.946742540000002
8153750,2016,2016-10-26,4203,2016-10-01,1558,7774,,6,5,5,4203,0,0,0,,0,004,"CHAPALA ST","ORTEGA ST",190.00,N,N,A,-,N,,,,,,,,,,N,4,0,1,2,A,-,10,21952,,N,G,B,C,A,H,-,A,D,0,Y,,,,Y,,-,,0,0,1,0,1,0,0,0,0,"- ","- ",34.418039999999998,-119.69965000000001,"SANTA BARBARA","SANTA BARBARA",-119.69965395,34.417973330000002
8154473,2016,2016-12-02,4203,2016-10-19,1119,6700,75,3,5,5,4203,0,0,0,,0,001,"MISSION RIDGE RD","SAN CARLOS RD",60.00,E,N,A,-,N,,,,,,,,,,N,3,0,1,1,D,-,00,,,N,F,A,A,A,H,-,A,D,0,,Y,,,Y,,-,"- ",0,1,0,0,0,0,1,0,0,"- ","- ",34.440660000000001,-119.7011,"SANTA BARBARA","SANTA BARBARA",-119.70111116,34.4407