CASE_ID,ACCIDENT_YEAR,PROC_DATE,JURIS,COLLISION_DATE,COLLISION_TIME,OFFICER_ID,REPORTING_DISTRICT,DAY_OF_WEEK,CHP_SHIFT,POPULATION,CNTY_CITY_LOC,SPECIAL_COND,BEAT_TYPE,CHP_BEAT_TYPE,CITY_DIVISION_LAPD,CHP_BEAT_CLASS,BEAT_NUMBER,PRIMARY_RD,SECONDARY_RD,DISTANCE,DIRECTION,INTERSECTION,WEATHER_1,WEATHER_2,STATE_HWY_IND,CALTRANS_COUNTY,CALTRANS_DISTRICT,STATE_ROUTE,ROUTE_SUFFIX,POSTMILE_PREFIX,POSTMILE,LOCATION_TYPE,RAMP_INTERSECTION,SIDE_OF_HWY,TOW_AWAY,COLLISION_SEVERITY,NUMBER_KILLED,NUMBER_INJURED,PARTY_COUNT,PRIMARY_COLL_FACTOR,PCF_CODE_OF_VIOL,PCF_VIOL_CATEGORY,PCF_VIOLATION,PCF_VIOL_SUBSECTION,HIT_AND_RUN,TYPE_OF_COLLISION,MVIW,PED_ACTION,ROAD_SURFACE,ROAD_COND_1,ROAD_COND_2,LIGHTING,CONTROL_DEVICE,CHP_ROAD_TYPE,PEDESTRIAN_ACCIDENT,BICYCLE_ACCIDENT,MOTORCYCLE_ACCIDENT,TRUCK_ACCIDENT,NOT_PRIVATE_PROPERTY,ALCOHOL_INVOLVED,STWD_VEHTYPE_AT_FAULT,CHP_VEHTYPE_AT_FAULT,COUNT_SEVERE_INJ,COUNT_VISIBLE_INJ,COUNT_COMPLAINT_PAIN,COUNT_PED_KILLED,COUNT_PED_INJURED,COUNT_BICYCLIST_KILLED,COUNT_BICYCLIST_INJURED,COUNT_MC_KILLED,COUNT_MC_INJURED,PRIMARY_RAMP,SECONDARY_RAMP,LATITUDE,LONGITUDE,COUNTY,CITY,POINT_X,POINT_Y
8687219,2018,2018-10-08,4203,2018-08-15,0856,24709,SBPD,3,5,5,4203,0,0,0,,0,006,"CLIFF DR","YANKEE FARM RD",444.00,W,N,A,-,N,,,,,,,,,,N,3,0,1,2,A,-,11,21950,B,N,G,B,E,A,H,-,A,D,0,Y,,,,Y,,N,60,0,1,0,0,1,0,0,0,0,"- ","- ",34.406211853027344,-119.75102233886719,"SANTA BARBARA","SANTA BARBARA",-119.75111389160156,34.406280517578125
8687591,2018,2018-08-29,4202,2018-04-26,1111,23489,,4,5,4,4202,0,0,0,,0,,"CENTRAL AV","L ST",0.00,,Y,A,-,N,,,,,,,,,,Y,2,0,2,2,A,-,12,21453,A,N,D,C,A,A,G,H,A,A,0,,,,,Y,,A,01,1,0,1,0,0,0,0,0,0,"- ","- ",,,"SANTA BARBARA",LOMPOC,-120.46201324462891,34.660831451416016
8688280,2018,2018-09-10,4200,2018-07-08,1730,3083,14,7,5,4,4214,0,0,0,,0,060,"GAVIOTA ST","MAGNOLIA AV",7.00,W,N,A,-,N,,,,,,,,,,N,4,0,1,2,A,-,08,22107,,N,D,C,A,A,H,-,A,D,0,,,,,Y,,A,01,0,0,1,0,0,0,0,0,0,"- ","- ",,,"SANTA BARBARA",GOLETA,-119.82783508300781,34.434860229492188
8689057,2018,2018-12-28,4204,2018-08-22,0759,90276,81,3,5,5,4204,0,0,0,,0,B03,BROADWAY,"MCCOY LN",474.00,S,N,B,-,Y,SB,5,135,-,-,13.170,H,-,N,N,4,0,1,2,A,-,03,22350,,N,C,C,A,A,H,-,A,A,0,,,,,Y,,A,07,0,0,1,0,0,0,0,0,0,"- ","- ",34.916671752929688,-120.43614959716797,"SANTA BARBARA","SANTA MARIA",-120.43585968017578,34.915378570556641
8689069,2018,2018-12-28,4204,2018-08-13,0848,22113,33,1,5,5,4204,0,0,0,,0,002,"MAIN ST","LINCOLN ST",0.00,,Y,A,-,Y,SB,5,166,-,-,7.800,I,5,W,N,3,0,1,2,A,-,11,21954,A,N,D,G,A,A,H,-,A,D,0,,Y,,,Y,,L,04,0,1,0,0,0,0,1,0,0,"- ","- ",34.953170776367188,-120.43739318847656,"SANTA BARBARA","SANTA MARIA",-120.43714141845703,34.953224182128906
8689073,2018,2018-12-28,4204,2018-08-13,0527,90615,81,1,5,5,4204,0,0,0,,0,003,BROADWAY,"MCCOY LN",0.00,,Y,A,-,Y,SB,5,101,-,-,13.260,I,5,N,Y,4,0,1,2,A,-,12,21453,A,N,D,C,A,A,H,-,B,A,0,,,,,Y,,A,01,0,0,1,0,0,0,0,0,0,"- ","- ",34.916671752929688,-120.43614959716797,"SANTA BARBARA","SANTA MARIA",-119.68599700927734,34.419631958007812
8689093,2018,2018-12-28,4200,2018-08-25,1350,3608,,6,5,2,4206,0,0,0,,0,,"MISSION DR","ALISAL RD",42.00,E,N,A,-,Y,SB,5,246,-,-,29.670,H,-,W,N,4,0,1,2,A,-,03,22350,,N,C,C,A,A,H,-,A,A,0,,,,,Y,,A,01,0,0,1,0,0,0,0,0,0,"- ","- ",,,"SANTA BARBARA",SOLVANG,-120.13784790039062,34.595985412597656
8689487,2018,2018-09-18,4204,2018-08-30,0138,21578,55,4,5,5,4204,0,0,0,,0,002,"MORRISON AV","RUSSELL AV",81.00,E,N,A,-,N,,,,,,,,,,Y,3,0,1,2,A,-,01,23152,A,N,B,E,A,A,H,-,C,D,0,,,,,Y,Y,A,07,0,1,0,0,0,0,0,0,0,"- ","- ",34.943149566650391,-120.45282745361328,"SANTA BARBARA","SANTA MARIA",-120.45223236083984,34.943286895751953
8689491,2018,2018-09-18,4204,2018-08-28,1901,90620,59,2,5,5,4204,0,0,0,,0,002,"COLLEGE DR","STOWELL RD",0.00,,Y,A,-,N,,,,,,,,,,N,4,0,1,2,A,-,03,22350,,N,C,C,A,A,H,-,A,A,0,,,,,Y,,A,01,0,0,1,0,0,0,0,0,0,"- ","- ",34.938468933105469,-120.42487335205078,"SANTA BARBARA","SANTA MARIA",-120.42488098144531,34.938388824462891
8691821,2018,2018-09-19,4204,2018-08-31,1410,90269,75,5,5,5,4204,0,0,0,,0,003,"MILLER ST","NEWLOVE DR",0.00,,Y,A,-,N,,,,,,,,,,Y,4,0,2,3,A,-,09,21802,A,N,D,C,A,A,H,-,A,B,0,,,,,Y,,A,07,0,0,2,0,0,0,0,0,0,"- ","- ",34.929759979248047,-120.43199157714844,"SANTA BARBARA","SANTA MARIA",-120.43180084228516,34.9298095703125
8691922,2018,2018-09-20,4204,2018-08-23,0616,90082,80,4,5,5,4204,0,0,0,,0,003,"BETTERAVIA RD","BLOSSER RD",140.00,W,N,B,-,N,,,,,,,,,,Y,4,0,1,3,A,-,03,22350,,M,C,C,A,A,H,-,A,A,0,,,,,Y,,-,,0,0,1,0,0,0,0,0,0,"- ","- ",34.920688629150391,-120.45393371582031,"SANTA BARBARA","SANTA MARIA",-120.45455932617188,34.920646667480469
8691930,2018,2018-09-20,4204,2018-08-23,0555,90269,26,4,5,5,4204,0,0,0,,0,001,"RAILROAD AV","EL CAMINO ST",70.00,N,N,A,-,N,,,,,,,,,,N,2,0,1,2,A,-,11,21954,A,N,G,B,D,A,H,-,D,D,0,Y,,,,Y,,N,60,1,0,0,0,1,0,0,0,0,"- ","- ",34.958858489990234,-120.44464111328125,"SANTA BARBARA","SANTA MARIA",-120.44460296630859,34.958843231201172
8693979,2018,2018-09-20,4203,2018-08-20,1049,23136,,1,5,5,4203,0,0,0,,0,001,"W MOUNTAIN DR","HILLCREST RD",955.00,W,N,A,-,N,,,,,,,,,,Y,3,0,1,2,A,-,05,21460,A,N,B,C,A,A,H,-,A,D,0,,,,,Y,,A,01,0,1,0,0,0,0,0,0,0,"- ","- ",34.264041900634766,-119.41533660888672,"SANTA BARBARA","SANTA BARBARA",-119.69803619384766,34.444953918457031
8694440,2018,2018-09-13,4202,2018-07-01,2152,06825,4202,7,5,4,4202,0,0,0,,0,,"COLLEEN AV","S ST",0.00,,Y,C,-,N,,,,,,,,,,N,4,0,1,2,A,-,14,24252,A,N,D,C,A,A,H,-,A,D,0,,,Y,,Y,,C,02,0,0,1,0,0,0,0,0,1,"- ","- ",,,"SANTA BARBARA",LOMPOC,,
8694613,2018,2018-09-18,4200,2018-08-05,1230,4512,14,7,5,4,4214,0,0,0,,0,080,"CATHEDRAL OAKS RD","GLENN ANNIE RD",0.00,,Y,A,-,N,,,,,,,,,,Y,3,0,1,2,A,-,09,21801,A,N,A,C,A,A,H,-,A,A,0,,,,,Y,,A,01,0,1,0,0,0,0,0,0,0,"- ","- ",,,"SANTA BARBARA",GOLETA,-119.87452697753906,34.440841674804688
8694649,2018,2018-09-11,4200,2018-08-09,1249,3683,14,4,5,4,4214,0,0,0,,0,080,"STORKE RD","MARKET PLACE DR",0.00,,Y,A,-,N,,,,,,,,,,Y,4,0,2,2,A,-,09,21801,A,N,D,C,A,A,H,-,A,A,0,,,,,Y,,A,01,0,0,2,0,0,0,0,0,0,"- ","- ",,,"SANTA BARBARA",GOLETA,-119.86978149414062,34.428661346435547
8695657,2018,2018-09-24,4200,2018-08-10,0918,3077,14,5,5,4,4214,0,0,0,,0,050,"KINGSTON AV","CALLE REAL",0.00,,Y,A,-,N,,,,,,,,,,Y,3,0,2,2,A,-,09,21801,A,N,D,C,A,A,H,-,A,A,0,,,,,Y,,A,07,0,2,0,0,0,0,0,0,0,"- ","- ",,,"SANTA BARBARA",GOLETA,-119.82169342041016,34.441131591796875
8695832,2018,2018-10-02,4204,2018-09-18,0915,19527,098,2,5,5,4204,0,0,0,,0,003,"STOWELL RD","E ST",368.00,W,N,A,-,N,,,,,,,,,,Y,4,0,1,2,A,-,09,21801,A,N,D,C,A,A,H,-,A,D,0,,,,,Y,,A,01,0,0,1,0,0,0,0,0,0,"- ","- ",34.938018798828125,-120.47393035888672,"SANTA BARBARA","SANTA MARIA",-120.42828369140625,34.938430786132812
8696244,2018,2018-10-23,4203,2018-08-20,1756,6983,,1,5,5,4203,0,0,0,,0,004,"CASTILLO ST","RT 101",0.00,,Y,A,-,Y,SB,5,101,-,R,14.280,R,4,N,Y,2,0,1,2,A,-,12,21453,A,N,D,G,A,A,H,-,A,A,0,,Y,,,Y,,L,04,1,0,0,0,0,0,1,0,0,"- ",NO,34.244571685791016,-119.41999816894531,"SANTA BARBARA","SANTA BARBARA",-119.700113,34.412610000000001
8696273,2018,2018-10-29,4202,2018-08-25,1218,274,,6,5,4,4202,0,0,0,,0,,"RT 1","CENTRAL AV",130.00,N,N,B,-,Y,SB,5,1,-,-,22.090,H,-,S,N,3,0,1,2,A,-,03,22350,,N,C,C,A,A,H,-,A,A,0,,,,,Y,,A,07,0,1,0,0,0,0,0,0,0,"- ","- ",,,"SANTA BARBARA",LOMPOC,-120.45777130126953,34.661125183105469
8696277,2018,2018-10-29,4202,2018-08-11,1223,234,4202,6,5,4,4202,0,0,0,,0,,"CENTRAL AV","RT 1",160.00,W,N,A,-,Y,SB,5,1,-,-,22.068,I,6,S,N,3,0,1,2,A,-,04,21703,,N,C,C,A,A,H,-,A,A,0,,,,,Y,,A,01,0,1,0,0,0,0,0,0,0,"- ","- ",,,"SANTA BARBARA",LOMPOC,-120.45777130126953,34.660808563232422
8696399,2018,2018-10-18,4203,2018-08-30,2033,3849,,4,5,5,4203,0,0,0,,0,006,"MODOC RD","MISSION ST",0.00,,Y,A,-,N,,,,,,,,,,N,4,0,1,2,A,-,10,21950,A,N,G,B,B,A,H,-,C,A,0,Y,,,,Y,Y,-,,0,0,1,0,1,0,0,0,0,"- ","- ",34.423801422119141,-119.72200012207031,"SANTA BARBARA","SANTA BARBARA",-119.72200775146484,34.423820495605469
8696621,2018,2018-09-25,4203,2018-08-27,0820,23889,,1,5,5,4203,0,0,0,,0,001,"N MILPAS ST","E COTA ST",0.00,,Y,A,-,N,,,,,,,,,,N,3,0,1,2,A,-,17,21451,A,N,-,C,A,A,H,-,A,A,0,,,,,Y,,-,,0,1,0,0,0,0,0,0,0,"- ","- ",34.253829956054688,-119.41117858886719,"SANTA BARBARA","SANTA BARBARA",-119.68660736083984,34.427249908447266
8697786,2018,2018-09-26,4204,2018-09-08,2055,90375,57,6,5,5,4204,0,0,0,,0,002,BROADWAY,"STOWELL RD",0.00,,Y,A,-,N,,,135,,,,,,,N,4,0,1,2,A,-,03,22350,,N,C,C,A,A,H,-,C,A,0,,,,,Y,,A,01,0,0,1,0,0,0,0,0,0,"- ","- ",34.938499450683594,-120.43595886230469,"SANTA BARBARA","SANTA MARIA",-120.43595123291016,34.938499450683594
8698629,2018,2018-09-24,4203,2018-08-27,1117,6700,45,1,5,5,4203,0,0,0,,0,003,"GARDEN ST","FIGUEROA ST",0.00,,Y,B,-,N,,,,,,,,,,Y,4,0,1,2,A,-,09,21802,A,N,D,C,A,A,H,-,A,A,0,,,,,Y,,A,07,0,0,1,0,0,0,0,0,0,"- ","- ",34.425731658935547,-119.69970703125,"SANTA BARBARA","SANTA BARBARA",-119.69976806640625,34.42559814453125
8699448,2018,2018-10-01,4200,2018-09-16,0900,4512,14,7,5,4,4214,0,0,0,,0,080,"STORKE RD","MARKET PLACE DR",0.00,,Y,A,F,N,,,,,,,,,,N,3,0,1,2,A,-,09,21801,A,N,D,G,A,A,H,-,A,A,0,,Y,,,Y,,L,04,0,1,0,0,0,0,1,0,0,"- ","- ",,,"SANTA BARBARA",GOLETA,-119.86978149414062,34.428661346435547
8700793,2018,2019-01-02,4204,2018-09-12,1546,22113,45,3,5,5,4204,0,0,0,,0,002,"MAIN ST","CURRYER ST",0.00,,Y,A,-,Y,SB,5,166,-,-,7.570,I,5,E,N,4,0,1,2,A,-,09,21801,A,N,A,C,A,A,H,-,A,A,0,,,,,Y,,A,01,0,0,1,0,0,0,0,0,0,"- ","- ",34.953269958496094,-120.44145965576172,"SANTA BARBARA","SANTA MARIA",-120.4412841796875,34.953144073486328
8701136,2018,2018-10-23,4200,2018-08-08,1309,3077,14,3,5,4,4214,0,0,0,,0,060,"PATTERSON AV","RT 101",145.00,S,N,A,-,Y,SB,5,101,-,-,20.850,R,4,S,Y,4,0,1,3,A,-,03,22350,,N,-,C,A,A,H,-,A,D,0,,,,,Y,,D,22,0,0,1,0,0,0,0,0,0,"- ","- ",,,"SANTA BARBARA",GOLETA,-119.80318450927734,34.441455841064453
8703352,2018,2018-11-26,4204,2018-10-13,1745,90375,32,6,5,5,4204,0,0,0,,0,002,"BLOSSER RD","MAIN ST",365.00,N,N,A,-,N,,,,,,,,,,N,4,0,1,2,A,-,09,21804,B,N,H,G,A,A,H,-,B,D,0,,Y,,Y,Y,,L,04,0,0,1,0,0,0,1,0,0,"- ","- ",34.953208923339844,-120.45366668701172,"SANTA BARBARA","SANTA MARIA",-120.45371246337891,34.95330810546875
8704915,2018,2018-11-08,4203,2018-08-28,1058,24081,,2,5,5,4203,0,0,0,,0,006,"W CARRILLO ST","SAN ANDRES ST",0.00,,Y,A,-,N,,,,,,,,,,N,3,0,1,2,A,-,04,21703,,N,-,C,A,A,H,-,A,A,0,,,,,Y,,A,01,0,1,0,0,0,0,0,0,0,"- ","- ",34.414798736572266,-119.71070098876953,"SANTA BARBARA","SANTA BARBARA",-119.71063232421875,34.414710998535156
8705522,2018,2018-10-30,4200,2018-09-18,0726,5107,10,2,5,3,4205,0,0,0,,0,030,"VIA REAL","POPLAR ST",0.00,,Y,B,-,N,,,,,,,,,,N,3,0,1,2,A,-,09,21801,A,F,D,G,A,A,C,-,A,D,0,,Y,,,Y,,A,01,0,1,0,0,0,0,1,0,0,"- ","- ",,,"SANTA BARBARA",CARPINTERIA,-119.50051879882812,34.389598846435547
8707380,2018,2018-10-15,4204,2018-09-25,1612,22113,76,2,5,5,4204,0,0,0,,0,003,"BRADLEY RD","BETTERAVIA RD W",200.00,S,N,A,-,N,,,,,,,,,,Y,4,0,1,2,A,-,09,21801,A,N,D,C,A,A,C,-,A,D,0,,,,,Y,,A,01,0,0,1,0,0,0,0,0,0,"- ","- ",34.923381805419922,-120.42204284667969,"SANTA BARBARA","SANTA MARIA",-120.42204284667969,34.923191070556641
8707388,2018,2018-10-22,4204,2018-09-19,1406,23610,,3,5,5,4204,0,0,0,,0,,"DEPOT DR",STOWELL,37.00,S,N,A,-,N,,,,,,,,,,N,4,0,1,2,A,-,04,21703,,N,C,C,A,A,H,-,A,A,0,,,,,Y,,I,11,0,0,1,0,0,0,0,0,0,"- ","- ",,,"SANTA BARBARA","SANTA MARIA",-120.4447021484375,34.938556671142578
8707533,2018,2018-10-12,4204,2018-09-16,2036,90718,80,7,5,5,4204,0,0,0,,0,003,"BLOSSER RD","BETTERAVIA RD",165.00,S,N,A,-,N,,,,,,,,,,Y,4,0,1,1,A,-,03,22350,,N,A,J,A,A,H,-,C,D,0,,,,,Y,,A,01,0,0,1,0,0,0,0,0,0,"- ","- ",34.920688629150391,-120.45393371582031,"SANTA BARBARA","SANTA MARIA",-120.45408630371094,34.920631408691406
8708808,2018,2018-10-12,4203,2018-09-02,1741,3510,,7,5,5,4203,0,0,0,,0,006,"CLIFF DR","ALAN RD",78.00,W,N,A,-,N,,,,,,,,,,N,2,0,1,2,A,-,11,21954,A,N,-,B,D,A,H,-,A,D,0,Y,,,,Y,,N,60,1,0,0,0,1,0,0,0,0,"- ","- ",34.404800415039062,-119.74089813232422,"SANTA BARBARA","SANTA BARBARA",-119.74093627929688,34.404823303222656
8709434,2018,2018-10-10,4203,2018-08-31,1745,24079,,5,5,5,4203,0,0,0,,0,001,"SALINAS ST","COVINA ST",16.00,N,N,A,-,N,,,,,,,,,,Y,3,0,2,3,A,-,08,22107,,N,B,C,A,A,H,-,A,D,0,,,,,Y,Y,A,01,0,1,1,0,0,0,0,0,0,"- ","- ",34.251800537109375,-119.39158630371094,"SANTA BARBARA","SANTA BARBARA",-119.66635131835938,34.421779632568359
8712396,2018,2018-10-19,4203,2018-09-19,1037,6700,41,3,5,5,4203,0,0,0,,0,003,"CARRILLO ST","ANACAPA ST",0.00,,Y,A,-,N,,,,,,,,,,N,3,0,1,2,A,-,08,22100,B,N,H,G,A,A,H,-,A,A,0,,Y,,,Y,,L,04,0,1,0,0,0,0,1,0,0,"- ","- ",34.42266845703125,-119.70075225830078,"SANTA BARBARA","SANTA BARBARA",-119.70072174072266,34.422599792480469
8712400,2018,2018-12-10,4203,2018-09-20,1541,22859,,4,5,5,4203,0,0,0,,0,005,"CALLE REAL","RT 154",1320.00,W,N,A,-,N,,,,,,,,,,Y,3,0,2,3,A,-,03,22350,,N,C,C,A,A,H,-,A,D,0,,,,,Y,,-,,0,2,0,0,0,0,0,0,0,"- ","- ",34.439998626708984,-119.76000213623047,"SANTA BARBARA","SANTA BARBARA",-119.76435499999999,34.441322999999997
8712579,2018,2018-10-22,4204,2018-09-28,1243,21338,081,5,5,5,4204,0,0,0,,0,003,"MCCOY LN",BROADWAY,100.00,W,N,A,-,N,,,,,,,,,,N,3,0,1,2,A,-,01,23152,A,F,A,C,A,A,H,-,A,A,0,,,,,Y,Y,A,01,0,1,0,0,0,0,0,0,0,"- ","- ",34.916671752929688,-120.43614959716797,"SANTA BARBARA","SANTA MARIA",-120.43626500000001,34.916673000000003
8713828,2018,2018-10-19,4203,2018-09-24,1757,24081,,1,5,5,4203,0,0,0,,0,006,"CLIFF DR","WELDON RD",232.00,E,N,A,-,N,,,225,,,,,,,N,3,0,1,2,A,-,09,21801,A,N,F,G,A,A,H,-,A,D,0,,Y,,,Y,,A,01,0,1,0,0,0,0,1,0,0,"- ","- ",34.404998779296875,-119.70429992675781,"SANTA BARBARA","SANTA BARBARA",-119.70430755615234,34.405010223388672
8714739,2018,2018-10-29,4202,2018-09-05,0820,277,LOMPO,3,5,4,4202,0,0,0,,0,,"CYPRESS AV","B ST",0.00,,Y,A,-,N,,,,,,,,,,Y,4,0,2,2,A,-,09,21802,A,F,D,C,A,A,H,-,B,D,0,,,,,Y,,A,01,0,0,2,0,0,0,0,0,0,"- ","- ",,,"SANTA BARBARA",LOMPOC,-120.45030975341797,34.637248992919922
8715069,2018,2018-11-01,4203,2018-10-14,1411,24580,,7,5,5,4203,0,0,0,,0,006,"SAN ANDRES ST","MICHELTORENA ST",14.00,S,N,A,-,N,,,,,,,,,,N,4,0,1,2,A,-,03,22350,,N,C,C,A,A,H,-,A,A,0,,,,,Y,,-,,0,0,1,0,0,0,0,0,0,"- ","- ",34.418758392333984,-119.71616363525391,"SANTA BARBARA","SANTA BARBARA",-119.71614837646484,34.418754577636719
8716702,2018,2018-10-23,4203,2018-09-17,0755,6700,24,1,5,5,4203,0,0,0,,0,006,"MODOC RD","LAS POSITAS RD",0.00,,Y,A,-,N,,,,,,,,,,N,3,0,1,2,A,-,05,21752,D,N,H,G,A,A,H,-,A,A,0,,Y,,,Y,,A,01,0,1,0,0,0,0,1,0,0,"- ","- ",34.424999237060547,-119.73493957519531,"SANTA BARBARA","SANTA BARBARA",-119.73480224609375,34.426109313964844
8716729,2018,2018-10-18,4203,2018-09-15,0801,5618,,6,5,5,4203,0,0,0,,0,004,"DE LA VINA ST","ANAPAMU ST",0.00,,Y,A,-,N,,,,,,,,,,N,3,0,1,2,A,-,10,21950,A,N,G,B,B,A,H,-,A,A,0,Y,,,,Y,,A,01,0,1,0,0,1,0,0,0,0,"- ","- ",34.421001434326172,-119.70600128173828,"SANTA BARBARA","SANTA BARBARA",-119.70674133300781,34.421241760253906
8716741,2018,2018-10-18,4203,2018-09-10,1540,6972,,1,5,5,4203,0,0,0,,0,002,"CABRILLO BL","CHAPALA ST",52.00,W,N,A,-,N,,,,,,,,,,Y,2,0,1,1,A,-,03,22350,A,N,F,A,A,A,H,-,A,A,0,,,,,Y,,-,,1,0,0,0,0,0,0,0,0,"- ","- ",34.243961334228516,-118.41261291503906,"SANTA BARBARA","SANTA BARBARA",-119.69046783447266,34.411102294921875
8716745,2018,2018-10-18,4203,2018-09-18,1530,23133,,2,5,5,4203,0,0,0,,0,002,"CABRILLO BL","LOS PATOS WY",296.00,E,N,A,-,N,,,,,,,,,,N,3,0,1,2,D,-,00,,,N,H,A,A,A,H,-,A,A,0,,Y,,,Y,,-,"- ",0,1,0,0,0,0,1,0,0,"- ","- ",34.422080993652344,-119.65573120117188,"SANTA BARBARA","SANTA BARBARA",-119.65575408935547,34.422019958496094
8718625,2018,2018-11-27,4203,2018-09-19,0100,24575,78,3,5,5,4203,0,0,0,,0,001,"RT 192","EL CIELITO RD",370.00,E,N,A,-,Y,SB,5,192,-,-,4.910,H,-,W,Y,3,0,1,1,A,-,03,22350,,N,E,I,A,A,H,-,D,D,0,,,,,Y,,A,01,0,1,0,0,0,0,0,0,0,"- ","- ",34.444801330566406,-119.68679809570312,"SANTA BARBARA","SANTA BARBARA",-119.68695831298828,34.444530487060547
8718859,2018,2019-01-10,4204,2018-10-01,1441,90269,33,1,5,5,4204,0,0,0,,0,002,BROADWAY,"CHAPEL ST",0.00,,Y,A,-,Y,SB,5,135,-,-,15.850,I,5,S,Y,4,0,1,2,A,-,09,21801,A,N,D,C,A,A,H,-,A,D,0,,,,,Y,,A,01,0,0,1,0,0,0,0,0,0,"- ","- ",34.954299926757812,-120.43580627441406,"SANTA BARBARA","SANTA MARIA",-120.43595123291016,34.954204559326172
8718897,2018,2018-11-27,4204,2018-09-27,1956,90271,4204,4,5,5,4204,0,0,0,,0,002,"MAIN ST","RUSSELL AV",0.00,,Y,A,-,Y,SB,5,166,-,-,6.990,I,5,W,Y,4,0,1,2,A,-,12,21453,A,N,D,C,A,A,H,-,C,A,0,,,,,Y,,A,01,0,0,1,0,0,0,0,0,0,"- ","- ",34.953121185302734,-120.45150756835938,"SANTA BARBARA","SANTA MARIA",-120.45172119140625,34.953350067138672
8718945,2018,2019-01-10,4204,2018-10-07,1244,90269,81,7,5,5,4204,0,0,0,,0,003,BROADWAY,"WESTERN VILLAGE DR",0.00,,Y,A,-,Y,SB,5,135,-,-,13.708,I,5,S,Y,3,0,1,2,A,-,12,21453,A,N,D,C,A,A,H,-,A,A,0,,,,,Y,,A,01,0,1,0,0,0,0,0,0,0,"- ","- ",34.923488616943359,-120.43608856201172,"SANTA BARBARA","SANTA MARIA",-120.43614959716797,34.923305511474609
8719364,2018,2018-11-26,4204,2018-10-21,1241,90619,59,7,5,5,4204,0,0,0,,0,002,"STOWELL RD","COLLEGE DR",0.00,,Y,A,-,N,,,,,,,,,,Y,4,0,1,2,A,-,12,21453,A,N,D,C,A,A,H,-,A,A,0,,,Y,,Y,,A,01,0,0,1,0,0,0,0,0,1,"- ","- ",34.938468933105469,-120.42487335205078,"SANTA BARBARA","SANTA MARIA",-120.42488098144531,34.938388824462891
8719368,2018,2018-11-26,4204,2018-10-19,1451,90276,35,5,5,5,4204,0,0,0,,0,B02,"MILLER ST","MAIN ST",187.00,N,N,A,-,N,,,,,,,,,,Y,4,0,2,2,A,-,09,21804,A,N,D,C,A,A,H,-,A,A,0,,,,,Y,,A,01,0,0,2,0,0,0,0,0,0,"- ","- ",34.953079223632812,-120.43144989013672,"SANTA BARBARA","SANTA MARIA",-120.43146400000001,34.953648999999999
8719372,2018,2018-11-26,4204,2018-10-18,1645,90623,,4,5,5,4204,0,0,0,,0,,"SANTA MARIA WY","SUNRISE DR",0.00,,Y,A,-,N,,,,,,,,,,N,4,0,1,2,A,-,09,21453,C,N,D,C,A,A,H,-,A,A,0,,,,,Y,,A,01,0,0,1,0,0,0,0,0,0,"- ","- ",34.908008575439453,-120.43300628662109,"SANTA BARBARA","SANTA MARIA",-120.43290710449219,34.907798767089844
8719447,2018,2018-11-21,4204,2018-10-16,1714,90269,62,2,5,5,4204,0,0,0,,0,003,"MORRISON AV","THORNBURG ST",0.00,,Y,A,-,N,,,,,,,,,,N,3,0,1,3,A,-,10,21950,A,N,G,B,B,A,H,-,A,D,0,Y,,,,Y,,A,01,0,1,0,0,1,0,0,0,0,"- ","- ",34.943210601806641,-120.44004821777344,"SANTA BARBARA","SANTA MARIA",-120.44024658203125,34.943141937255859
8719454,2018,2018-11-21,4204,2018-10-12,1359,90276,11,5,5,5,4204,0,0,0,,0,B01,"CARLOTTI DR","DONOVAN RD",77.00,N,N,A,-,N,,,,,,,,,,N,3,0,1,2,A,-,12,21453,A,N,B,C,A,A,H,-,A,A,0,,,Y,,Y,,C,02,0,1,0,0,0,0,0,0,1,"- ","- ",34.968029022216797,-120.42066192626953,"SANTA BARBARA","SANTA MARIA",-120.42069244384766,34.967849731445312
8721147,2018,2018-11-08,4204,2018-10-06,0722,90276,19,6,5,5,4204,0,0,0,,0,B01,"DONOVAN RD","SURREY WY",0.00,,Y,A,-,N,,,,,,,,,,Y,3,0,1,2,A,-,09,21802,A,N,D,C,A,A,H,-,A,A,0,,,,,Y,,A,01,0,1,0,0,0,0,0,0,0,"- ","- ",34.967800140380859,-120.41472625732422,"SANTA BARBARA","SANTA MARIA",-120.41474914550781,34.967559814453125
8721179,2018,2018-11-09,4204,2018-10-07,1430,90790,08,7,5,5,4204,0,0,0,,0,002,"DONOVAN RD","WESTERN AV W",0.00,,Y,A,-,N,,,,,,,,,,N,4,0,2,2,A,-,03,22350,,N,C,C,A,A,H,-,A,D,0,,,,,Y,,A,01,0,0,2,0,0,0,0,0,0,"- ","- ",34.967689514160156,-120.44966125488281,"SANTA BARBARA","SANTA MARIA",-120.44983673095703,34.967800140380859
8721183,2018,2018-11-09,4204,2018-10-07,1350,90269,13,7,5,5,4204,0,0,0,,0,001,"BLOSSER RD","ALVIN AV",200.00,N,N,A,-,N,,,,,,,,,,Y,4,0,1,2,A,-,01,23152,A,N,C,C,A,A,H,-,A,D,0,,,,,Y,Y,A,07,0,0,1,0,0,0,0,0,0,"- ","- ",34.960620880126953,-120.45350646972656,"SANTA BARBARA","SANTA MARIA",-120.45351409912109,34.961139678955078