CASE_ID,ACCIDENT_YEAR,PROC_DATE,JURIS,COLLISION_DATE,COLLISION_TIME,OFFICER_ID,REPORTING_DISTRICT,DAY_OF_WEEK,CHP_SHIFT,POPULATION,CNTY_CITY_LOC,SPECIAL_COND,BEAT_TYPE,CHP_BEAT_TYPE,CITY_DIVISION_LAPD,CHP_BEAT_CLASS,BEAT_NUMBER,PRIMARY_RD,SECONDARY_RD,DISTANCE,DIRECTION,INTERSECTION,WEATHER_1,WEATHER_2,STATE_HWY_IND,CALTRANS_COUNTY,CALTRANS_DISTRICT,STATE_ROUTE,ROUTE_SUFFIX,POSTMILE_PREFIX,POSTMILE,LOCATION_TYPE,RAMP_INTERSECTION,SIDE_OF_HWY,TOW_AWAY,COLLISION_SEVERITY,NUMBER_KILLED,NUMBER_INJURED,PARTY_COUNT,PRIMARY_COLL_FACTOR,PCF_CODE_OF_VIOL,PCF_VIOL_CATEGORY,PCF_VIOLATION,PCF_VIOL_SUBSECTION,HIT_AND_RUN,TYPE_OF_COLLISION,MVIW,PED_ACTION,ROAD_SURFACE,ROAD_COND_1,ROAD_COND_2,LIGHTING,CONTROL_DEVICE,CHP_ROAD_TYPE,PEDESTRIAN_ACCIDENT,BICYCLE_ACCIDENT,MOTORCYCLE_ACCIDENT,TRUCK_ACCIDENT,NOT_PRIVATE_PROPERTY,ALCOHOL_INVOLVED,STWD_VEHTYPE_AT_FAULT,CHP_VEHTYPE_AT_FAULT,COUNT_SEVERE_INJ,COUNT_VISIBLE_INJ,COUNT_COMPLAINT_PAIN,COUNT_PED_KILLED,COUNT_PED_INJURED,COUNT_BICYCLIST_KILLED,COUNT_BICYCLIST_INJURED,COUNT_MC_KILLED,COUNT_MC_INJURED,PRIMARY_RAMP,SECONDARY_RAMP,LATITUDE,LONGITUDE,COUNTY,CITY,POINT_X,POINT_Y
90426280,2017,2017-04-03,9750,2017-03-29,1621,018009,,3,2,9,4200,0,3,5,,2,030,"FOXEN CANYON RD","DOMINION RD",2640.00,W,N,A,-,N,,,,,,,,,,Y,4,0,1,1,A,-,08,22107,,N,F,A,A,A,H,-,A,D,0,,,,,Y,,A,07,0,0,1,0,0,0,0,0,0,"- ","- ",34.916829999999997,-120.34771000000001,"SANTA BARBARA",UNINCORPORATED,-120.34770958999999,34.917377680000001
9042633,2020,2020-03-20,4203,2020-02-01,1124,24576,36,6,5,5,4203,0,0,0,,0,005,"STATE ST","CONSTANCE AV",62.00,N,N,A,-,N,,,,,,,,,,N,4,0,1,2,C,-,18,,,N,A,E,A,A,H,-,A,D,0,,,,,Y,,-,"- ",0,0,1,0,0,0,0,0,0,"- ","- ",34.436408996582031,-119.72226715087891,"SANTA BARBARA","SANTA BARBARA",-119.72248077392578,34.436515808105469
90427291,2017,2017-04-04,9750,2017-04-03,0620,014358,,1,1,5,4204,0,1,2,,2,001,"US 101 SOUTHBOUND","BETTERAVIA ROAD",1584.00,N,N,A,-,Y,,,,,,,,,,N,4,0,1,2,A,-,03,22350,,N,C,C,A,A,H,-,B,D,0,,,,,Y,,A,01,0,0,1,0,0,0,0,0,0,"- ","- ",34.93,-120.41798,"SANTA BARBARA","SANTA MARIA",-120.41797,34.928050450000001
90427474,2017,2017-04-04,9760,2017-03-28,1335,018418,,2,1,9,4200,0,1,2,,1,040,"U.S. 101 N/B","REFUGIO RD",1500.00,N,N,A,-,N,,,,,,,,,,Y,3,0,1,1,A,-,08,22107,,N,F,A,A,A,H,-,A,D,0,,,Y,,Y,,C,02,0,1,0,0,0,0,0,0,1,"- ","- ",34.463799999999999,-120.07508,"SANTA BARBARA",UNINCORPORATED,-120.06905,34.46575
90427501,2017,2017-04-04,9760,2017-03-27,1440,020964,,1,2,5,4203,0,1,2,,2,020,"US-101 N/B","STATE STREET",528.00,S,N,A,-,Y,,,101,,,,,,N,Y,4,0,1,3,A,-,03,22350,,N,C,C,A,A,H,-,A,D,0,,,,,Y,,A,08,0,0,1,0,0,0,0,0,0,"- ","- ",34.438989999999997,-119.75400999999999,"SANTA BARBARA","SANTA BARBARA",-119.75398126,34.439023079999998
90430300,2017,2017-04-10,9750,2017-04-01,1542,017910,,6,2,9,4200,0,3,5,,2,030,"FOXEN CYN RD","ALISOS CANYON RD",2112.00,S,N,A,-,N,,,,,,,,,,Y,3,0,1,1,A,-,01,23152,A,N,E,I,A,A,H,-,A,D,0,,,,,Y,Y,A,07,0,1,0,0,0,0,0,0,0,"- ","- ",34.776620000000001,-120.14986,"SANTA BARBARA",UNINCORPORATED,-120.14876545,34.776642279999997
90430304,2017,2017-04-10,9750,2017-04-03,1525,018616,,1,2,9,4200,0,2,4,,1,024,"LAKEVIEW RD","HILLVIEW RD",0.00,,Y,A,-,N,,,,,,,,,,Y,4,0,2,3,A,-,09,21801,A,N,A,C,A,A,H,-,A,D,0,,,,,Y,,A,01,0,0,2,0,0,0,0,0,0,"- ","- ",34.894460000000002,-120.42523,"SANTA BARBARA",UNINCORPORATED,-120.42520988,34.894490079999997
90430989,2017,2017-04-10,9750,2017-04-04,1240,014358,,2,1,9,4200,0,3,5,,2,020,"BLOSSER ROAD","SOLOMON ROAD",0.00,,Y,A,-,N,,,,,,,,,,Y,4,0,2,2,A,-,09,21802,A,N,D,C,A,A,H,-,A,A,0,,,,,Y,,A,01,0,0,2,0,0,0,0,0,0,"- ","- ",34.872689999999999,-120.45406,"SANTA BARBARA",UNINCORPORATED,-120.45402996,34.872480099999997
90431503,2017,2017-04-11,9760,2017-04-04,2055,020483,,2,2,9,4200,0,3,5,,2,002,"TURNPIKE RD.",US-101,0.00,,Y,A,-,N,,,,,,,,,,Y,4,0,1,2,A,-,12,21453,A,N,D,C,A,A,H,-,C,A,0,,,,,Y,,A,01,0,0,1,0,0,0,0,0,0,"- ","- ",34.444099999999999,-119.7894,"SANTA BARBARA",UNINCORPORATED,-119.78940996999999,34.442430090000002
90431512,2017,2017-04-11,9760,2017-04-05,1020,019446,,3,1,9,4200,0,1,3,,1,022,SR-154,"PARADIS RD.",2800.00,E,N,A,-,Y,,,154,,,,,,,N,4,0,1,2,A,-,03,22350,,N,C,C,A,A,H,-,A,D,0,,,,,Y,,A,07,0,0,1,0,0,0,0,0,0,"- ","- ",34.532490000000003,-119.84848,"SANTA BARBARA",UNINCORPORATED,-119.84848040999999,34.532463059999998
90432614,2017,2017-04-12,9760,2017-04-06,1130,018431,,4,1,9,4200,0,3,5,,2,005,"EMBARCADERO DEL NORTE","TRIGO RD.",17.00,S,N,A,-,N,,,,,,,,,,N,3,0,1,2,A,-,09,21801,A,N,D,G,A,A,H,-,A,D,0,,Y,,,Y,,D,22,0,1,0,0,0,0,1,0,0,"- ","- ",34.41113,-119.85563999999999,"SANTA BARBARA",UNINCORPORATED,-119.85562562,34.411092629999999
90434002,2017,2017-04-13,9750,2017-04-05,1453,015916,,3,2,9,4200,0,2,4,,1,024,"BRADLEY ROAD N/B","UNION VALLEY PARKWAY",60.00,S,N,A,-,N,,,,,,,,,,N,4,0,1,2,A,-,21,22106,,N,C,C,A,A,H,-,A,A,0,,,,,Y,,A,07,0,0,1,0,0,0,0,0,0,"- ","- ",34.879089999999998,-120.41967,"SANTA BARBARA",UNINCORPORATED,-120.41870677,34.879195289999998
90437244,2017,2017-04-19,9750,2017-04-13,0450,016874,,4,3,9,4200,0,3,5,,2,030,"E. MAIN STREET","PHILBRIC RD",1056.00,W,N,B,-,N,,,,,,,,,,Y,4,0,1,1,A,-,01,23152,A,N,E,I,A,A,H,-,D,D,0,,,,,Y,Y,A,01,0,0,1,0,0,0,0,0,0,"- ","- ",34.94679,-120.37649999999999,"SANTA BARBARA",UNINCORPORATED,-120.37650428000001,34.946827140000003
90437255,2017,2017-04-19,9750,2017-04-16,1540,017379,,7,2,9,4200,0,3,5,,2,020,"GLINES AVENUE","BARNETT ROAD",42.00,N,N,A,-,N,,,,,,,,,,Y,4,0,1,1,A,-,08,22107,,N,E,I,A,A,H,-,A,D,0,,,,,Y,,A,01,0,0,1,0,0,0,0,0,0,"- ","- ",34.86844,-120.41607,"SANTA BARBARA",UNINCORPORATED,,
90437492,2017,2017-04-19,9760,2017-04-10,0740,019831,,1,1,5,4203,0,1,2,,2,011,"US-101 SB (EL CAMINO REAL)","LAS POSITAS ROAD",472.00,S,N,A,-,Y,,,101,,,,,,S,Y,4,0,5,4,A,-,03,22350,,N,C,C,A,A,H,-,A,D,0,,,,,Y,,A,01,0,0,5,0,0,0,0,0,0,"- ","- ",34.427729999999997,-119.73223,"SANTA BARBARA","SANTA BARBARA",-119.73223684,34.427693259999998
90437521,2017,2017-04-19,9760,2017-04-10,1225,020029,,1,1,9,4200,0,3,5,,2,001,"TUNNEL RD","HOLLY RD",1500.00,N,N,A,-,N,,,,,,,,,,N,3,0,1,3,A,-,21,22106,,N,H,C,E,A,H,-,A,D,0,Y,,,,Y,,A,01,0,1,0,0,1,0,0,0,0,"- ","- ",34.463470000000001,-119.71205,"SANTA BARBARA",UNINCORPORATED,-119.71208133,34.463122859999999
90437759,2017,2017-04-19,9755,2017-03-29,0500,020323,,3,3,9,4200,0,1,3,,1,053,"STATE ROUTE 246","SWEENEY ROAD",0.00,,Y,A,-,Y,,,246,,,,,,,Y,1,1,0,2,A,-,11,21954,A,N,G,B,E,A,H,-,D,D,0,Y,,,,Y,,N,60,0,0,0,1,0,0,0,0,0,"- ","- ",34.645000000000003,-120.42968,"SANTA BARBARA",UNINCORPORATED,-120.42966453,34.644981889999997
90438168,2017,2017-04-19,9755,2017-04-17,0625,017255,,1,1,9,4200,0,1,2,,2,004,"US-101 S/B","GAVIOTA STATE BEACH RD",750.00,N,N,C,-,Y,,,101,,,,,,S,Y,4,0,1,2,A,-,08,22107,,F,B,C,A,B,H,-,A,D,0,,,,,Y,,D,22,0,0,1,0,0,0,0,0,0,"- ","- ",34.479149999999997,-120.22920000000001,"SANTA BARBARA",UNINCORPORATED,-120.22916055,34.479168170000001
90438770,2017,2017-04-20,9760,2017-04-13,1725,020908,,4,2,9,4200,0,3,5,,2,002,"TURNPIKE ROAD","CALLE REAL",50.00,N,N,A,-,N,,,,,,,,,,N,4,0,1,2,A,-,01,23152,A,N,C,C,A,A,H,-,A,D,0,,,,,Y,Y,A,07,0,0,1,0,0,0,0,0,0,"- ","- ",34.443959999999997,-119.78937999999999,"SANTA BARBARA",UNINCORPORATED,-119.78938361,34.443997260000003
90439004,2017,2017-04-20,9755,2017-04-15,1242,017378,,6,1,9,4200,0,1,3,,1,042,"RT 154","FOXEN CANYON RD.",4224.00,W,N,A,-,Y,,,154,,,,,,,Y,3,0,1,2,A,-,09,21801,A,N,D,G,A,A,H,-,A,D,0,,Y,,,Y,,L,04,0,1,0,0,0,0,1,0,0,"- ","- ",34.676139999999997,-120.13251,"SANTA BARBARA",UNINCORPORATED,-120.13249655,34.676169000000002
90439191,2017,2017-04-20,9755,2017-04-18,1530,017255,,2,2,9,4200,0,1,3,,2,041,SR-246,"MEADOWVALE RD",55.00,E,N,A,-,Y,,,246,,,,,,,Y,3,0,2,2,A,-,08,22107,,N,A,C,A,A,H,-,A,D,0,,,,,Y,,A,01,0,1,1,0,0,0,0,0,0,"- ","- ",34.610050000000001,-120.07638,"SANTA BARBARA",UNINCORPORATED,-120.07640790000001,34.610597519999999
90441624,2017,2017-04-25,9760,2017-04-14,1735,021531,,5,2,3,4205,0,1,2,,2,010,"US-101 N/B","SANTA MONICA RD.",117.00,S,N,A,-,Y,,,101,,,,,,N,Y,3,0,6,4,A,-,03,22350,,N,C,C,A,A,H,-,A,D,0,,,,,Y,,A,01,0,2,4,0,0,0,0,0,0,"- ","- ",34.404029999999999,-119.53017,"SANTA BARBARA",CARPINTERIA,-119.53016379,34.404062779999997
90441892,2017,2017-04-25,9760,2017-04-17,1655,018418,,1,2,5,4203,0,1,2,,2,011,"U.S. 101 N/B","MISSION ST",750.00,S,N,A,-,Y,,,,,,,,,,N,4,0,1,3,A,-,03,22350,,N,C,C,A,A,H,-,A,D,0,,,,,Y,,A,01,0,0,1,0,0,0,0,0,0,"- ","- ",34.422870000000003,-119.71689000000001,"SANTA BARBARA","SANTA BARBARA",-119.71834706999999,34.424203990000002
90441910,2017,2017-04-25,9755,2017-04-18,0830,015281,,2,1,9,4200,0,1,2,,2,004,"UNITED STATES HIGHWAY 101","RT 1",3890.00,N,N,C,-,Y,,,101,,,,,,,Y,1,1,0,1,A,-,03,22350,,N,E,I,A,B,H,-,A,D,0,,,,,Y,,A,01,0,0,0,0,0,0,0,0,0,"- ","- ",34.517679999999999,-120.21765000000001,"SANTA BARBARA",UNINCORPORATED,-120.21761325999999,34.517656049999999
90441957,2017,2017-04-25,9760,2017-04-17,1227,021018,,1,1,9,4200,0,3,5,,2,005,"EMBARCADERO DEL MAR","CORDOBA RD",0.00,,Y,A,-,N,,,,,,,,,,N,3,0,1,2,A,-,09,21802,A,N,D,G,A,A,H,-,A,D,0,,Y,,,Y,,A,01,0,1,0,0,0,0,1,0,0,"- ","- ",34.41377,-119.85544,"SANTA BARBARA",UNINCORPORATED,-119.8570299,34.413760080000003
90442577,2017,2017-04-26,9760,2017-04-14,0150,020965,,5,3,5,4203,0,1,2,,2,011,"US-101 N/B","MILPAS ST",1180.00,N,N,A,-,Y,,,101,,,,,,N,Y,2,0,1,1,C,-,18,,,N,E,J,A,A,C,-,D,D,0,,,Y,,Y,,-,"- ",1,0,0,0,0,0,0,0,1,"- ","- ",34.420389999999998,-119.67967,"SANTA BARBARA","SANTA BARBARA",-119.67965589000001,34.420237460000003
90443750,2017,2017-04-27,9760,2017-04-19,0635,019446,,3,1,9,4200,0,1,2,,2,010,"US-101 N/B",SR-150,1185.00,S,N,A,-,Y,,,101,,,,,,N,Y,2,0,1,2,A,-,03,22350,,N,C,C,A,A,H,-,B,D,0,,,Y,,Y,,C,02,1,0,0,0,0,0,0,0,1,"- ","- ",34.381169999999997,-119.48219,"SANTA BARBARA",UNINCORPORATED,-119.48218764000001,34.381171209999998
90445325,2017,2017-04-28,9760,2017-04-20,1140,019446,,4,1,9,4200,0,1,2,,2,010,"US-101 N/B","S. PADARO LN",75.00,S,N,A,-,Y,,,101,,,,,,N,Y,4,0,1,3,A,-,03,22350,,N,C,C,A,A,H,-,A,D,0,,,,,Y,,A,01,0,0,1,0,0,0,0,0,0,"- ","- ",34.410690000000002,-119.55271,"SANTA BARBARA",UNINCORPORATED,-119.55270247,34.410700509999998
90445336,2017,2017-04-28,9760,2017-04-20,1535,021503,,4,2,9,4200,0,1,2,,2,011,"US-101 N/B","CABRILLO BLVD",1056.00,S,N,A,-,Y,,,101,,,,,,N,Y,3,0,1,2,A,-,03,22350,,N,C,C,A,A,H,-,A,D,0,,,,,Y,,A,07,0,1,0,0,0,0,0,0,0,"- ","- ",34.421199999999999,-119.6498,"SANTA BARBARA",UNINCORPORATED,-119.64979841,34.421206239999997
90445615,2017,2017-04-28,9755,2017-04-28,1433,016058,,5,2,9,4200,0,1,3,,1,053,SR-246,"MISSION GATE RD",1584.00,W,N,A,-,Y,,,246,,,,,,,N,4,0,1,2,A,-,03,22350,,N,C,C,A,A,H,-,A,D,0,,,,,Y,,A,01,0,0,1,0,0,0,0,0,0,"- ","- ",34.657769999999999,-120.4248,"SANTA BARBARA",UNINCORPORATED,-120.42485465,34.657787020000001
90446084,2017,2017-05-01,9750,2017-04-22,2320,019397,,6,3,9,4200,0,1,3,,1,063,"SR-166 (W/B)","SPANISH RANCH (MPM47)",440.00,E,N,A,-,Y,,,,,,,,,,Y,3,0,1,1,A,-,08,22107,,N,E,I,A,A,H,-,D,D,0,,,,,Y,,D,22,0,1,0,0,0,0,0,0,0,"- ","- ",35.061329999999998,-119.95269,"SANTA BARBARA",UNINCORPORATED,,
90446325,2017,2017-05-01,9760,2017-04-20,1156,021431,,4,1,9,4200,0,1,2,,2,010,US-101,"PADARO LN",200.00,N,N,A,-,Y,,,101,,,,,,,Y,4,0,1,3,A,-,03,22350,,N,C,C,A,A,H,-,A,D,0,,,,,Y,,A,01,0,0,1,0,0,0,0,0,0,"- ","- ",34.411189999999998,-119.55342,"SANTA BARBARA",UNINCORPORATED,-119.55340833,34.411206290000003
90446572,2017,2017-05-01,9755,2017-04-27,0520,020202,,4,3,9,4200,0,1,2,,2,004,"US-101 N/B","SANTA ROSA RD",6336.00,S,N,A,-,Y,,,101,,,,,,N,Y,3,0,1,1,A,-,08,22107,,N,E,I,A,A,H,-,B,D,0,,,,,Y,,A,07,0,1,0,0,0,0,0,0,0,"- ","- ",34.583309999999997,-120.19346,"SANTA BARBARA",UNINCORPORATED,-120.19354678000001,34.583344369999999
90447345,2017,2017-05-02,9760,2017-04-21,1700,021503,,5,2,9,4200,0,1,2,,2,010,"US-101 N/B","S. PADARO LN.",3696.00,N,N,A,-,Y,,,101,,,,,,N,N,3,0,1,3,A,-,03,22350,,N,B,C,A,A,H,-,A,D,0,,,Y,,Y,,C,02,0,1,0,0,0,0,0,0,1,"- ","- ",34.416499999999999,-119.5628,"SANTA BARBARA",UNINCORPORATED,-119.56280231,34.416476430000003
90447734,2017,2017-05-02,9760,2017-04-21,1555,021531,,5,2,9,4200,0,1,2,,2,010,"US-101 N/B","NORTH PADARO LN",4400.00,S,N,A,-,Y,,,101,,,,,,N,Y,4,0,1,4,A,-,03,22350,,N,C,C,A,A,H,-,A,D,0,,,,,Y,,A,07,0,0,1,0,0,0,0,0,0,"- ","- ",34.416629999999998,-119.56771000000001,"SANTA BARBARA",UNINCORPORATED,-119.56771998000001,34.416706759999997
90448335,2017,2017-05-03,9750,2017-04-26,1740,020511,,3,2,9,4200,0,1,2,,2,002,"US-101 N/B (EL CAMINO REAL)","CAT CANYON RD",7920.00,N,N,A,-,Y,,,101,,,,,,N,Y,3,0,2,2,A,-,03,22350,,N,C,C,A,A,H,-,A,D,0,,,,,Y,,D,22,0,2,0,0,0,0,0,0,0,"- ","- ",34.770789999999998,-120.30703,"SANTA BARBARA",UNINCORPORATED,-120.30702831000001,34.770791269999997
90449765,2017,2017-05-05,9760,2017-04-25,1125,021294,,2,1,9,4200,0,3,5,,2,002,"MODOC ROAD","VISTA CLARA ROAD",95.00,E,N,B,-,N,,,,,,,,,,Y,3,0,1,1,A,-,08,22107,,N,E,I,A,A,H,-,A,D,0,,,,,Y,,A,01,0,1,0,0,0,0,0,0,0,"- ","- ",34.43721,-119.76179999999999,"SANTA BARBARA",UNINCORPORATED,-119.76165088,34.437220539999998
9045113,2020,2020-04-09,4204,2020-01-12,1847,90719,4204,7,5,5,4204,0,0,0,,0,002,"DEPOT ST","FESLER ST",0.00,,Y,A,-,N,,,,,,,,,,Y,4,0,1,2,A,-,08,22107,,N,B,C,A,A,H,-,D,D,0,,,,,Y,,A,01,0,0,1,0,0,0,0,0,0,"- ","- ",34.958721160888672,-120.44384002685547,"SANTA BARBARA","SANTA MARIA",-120.44393157958984,34.956550598144531
90451475,2017,2017-05-08,9750,2017-05-06,0748,014820,,6,1,9,4200,0,1,3,,1,012,SR-1,"BROWN RD",0.00,,Y,B,-,Y,,,1,,,,,,,Y,4,0,3,2,A,-,09,21802,A,N,D,C,A,A,H,-,A,A,0,,,,Y,Y,,D,22,0,0,3,0,0,0,0,0,0,"- ","- ",34.932839999999999,-120.56852000000001,"SANTA BARBARA",UNINCORPORATED,-120.56856191,34.932813109999998
90451510,2017,2017-05-08,9750,2017-05-06,0600,016542,,6,1,9,4200,0,1,2,,2,001,"US 101 S/B","DONOVAN RD O/C",1584.00,S,N,B,-,Y,,,,,,,,,,Y,3,0,2,1,A,-,08,22107,,N,E,I,A,A,H,-,B,D,0,,,,,Y,,A,07,0,1,1,0,0,0,0,0,0,"- ","- ",34.96302,-120.42028999999999,"SANTA BARBARA",UNINCORPORATED,-120.42070289,34.963807189999997
9045335,2019,2020-02-14,4200,2019-12-28,2203,5109,14,6,5,4,4214,0,0,0,,0,080,"HOLLISTER AV","SANTA FELICIA DR",0.00,,Y,A,-,N,,,,,,,,,,Y,3,0,1,2,A,-,01,23152,A,F,D,C,A,A,H,-,C,A,0,,,,,Y,Y,A,07,0,1,0,0,0,0,0,0,0,"- ","- ",,,"SANTA BARBARA",GOLETA,-119.87590026855469,34.430118560791016
90453557,2017,2017-05-11,9760,2017-05-04,1515,018418,,4,2,9,4200,0,3,5,,2,001,"SHEFFIELD DR","N. JAMESON LN",0.00,,Y,A,-,N,,,,,,,,,,Y,4,0,3,2,A,-,09,21802,A,N,D,C,A,A,H,-,A,D,0,,,,,Y,,D,22,0,0,3,0,0,0,0,0,0,"- ","- ",34.422350000000002,-119.6142,"SANTA BARBARA",UNINCORPORATED,-119.61249995999999,34.422300100000001
90459382,2017,2017-05-19,9755,2017-05-17,0935,016058,,3,1,9,4200,0,1,3,,1,053,SR-246,"CAMPBELL RD",1584.00,W,N,B,-,Y,,,246,,,,,,,Y,3,0,5,2,A,-,03,22350,,N,C,C,A,A,H,-,A,D,0,,,,,Y,,A,07,0,1,4,0,0,0,0,0,0,"- ","- ",34.664050000000003,-120.33165,"SANTA BARBARA",UNINCORPORATED,-120.33164128,34.664083259999998
90459803,2017,2017-05-19,9750,2017-05-17,2110,019397,,3,2,9,4200,0,1,3,,1,023,"SR-1 S/B",SR-135,5280.00,S,N,A,-,Y,,,1,,,,,,S,Y,4,0,1,1,C,-,18,,,N,H,H,A,A,H,-,D,D,0,,,,,Y,,-,"- ",0,0,1,0,0,0,0,0,0,"- ","- ",34.79166,-120.45612,"SANTA BARBARA",UNINCORPORATED,-120.45611501,34.791649829999997
90460869,2017,2017-05-22,9755,2017-05-18,0220,020202,,4,3,9,4200,0,1,3,,1,053,"SR-246 W/B","MAIL RD",8976.00,E,N,A,-,Y,,,246,,,,,,W,Y,3,0,1,1,A,-,08,22107,,N,F,A,A,A,H,-,D,D,0,,,,,Y,,A,01,0,1,0,0,0,0,0,0,0,"- ","- ",34.619950000000003,-120.25533,"SANTA BARBARA",UNINCORPORATED,-120.2553322,34.619914909999999
90460876,2017,2017-05-22,9760,2017-05-15,0850,019831,,1,1,9,4200,0,3,5,,2,002,"HOLLISTER AVENUE","NOGAL DRIVE",24.00,W,N,B,-,N,,,,,,,,,,N,4,0,1,2,A,-,03,22350,,N,C,C,A,A,H,-,A,A,0,,,,,Y,,A,01,0,0,1,0,0,0,0,0,0,"- ","- ",34.439869999999999,-119.77139,"SANTA BARBARA",UNINCORPORATED,-119.77105732,34.439994540000001
9046153,2019,2020-02-21,4202,2019-12-06,0703,234,4202,5,5,4,4202,0,0,0,,0,,"O ST","WALNUT AV",24.00,N,N,A,-,N,,,,,,,,,,N,4,0,1,2,A,-,09,21804,,N,D,C,A,A,H,-,A,A,0,,,,,Y,,A,01,0,0,1,0,0,0,0,0,0,"- ","- ",,,"SANTA BARBARA",LOMPOC,-120.46675872802734,34.640777587890625
90462286,2017,2017-05-24,9760,2017-03-21,1445,020483,,2,2,9,4200,0,1,3,,1,022,"SR-154 (SAN MARCOS PASS)","PAINTED CAVE ROAD",4400.00,E,N,C,-,Y,,,154,,,,,,,Y,1,2,2,2,A,-,03,22350,,N,A,C,A,B,H,-,A,D,0,,,,,Y,,A,01,0,1,1,0,0,0,0,0,0,"- ","- ",34.48921,-119.78424,"SANTA BARBARA",UNINCORPORATED,-119.78418938999999,34.489176069999999
9046651,2020,2020-06-05,4203,2020-02-09,0916,8825,38,7,5,5,4203,0,0,0,,0,005,"LAS POSITAS RD","CALLE REAL",0.00,,Y,A,-,N,,,225,,,,,,,Y,3,0,4,2,D,-,00,,,N,D,C,A,A,H,-,A,A,0,,,,,Y,,-,"- ",0,1,3,0,0,0,0,0,0,"- ","- ",34.428661346435547,-119.73399353027344,"SANTA BARBARA","SANTA BARBARA",-119.73372650146484,34.428024291992188
90466905,2017,2017-05-30,9760,2017-05-13,1600,020483,,6,2,9,4200,0,1,2,,2,010,"US 101 N/B","SHEFFIELD DR.",1000.00,N,N,A,-,Y,,,,,,,,,,Y,4,0,1,4,A,-,03,22350,,N,C,C,A,A,H,-,A,D,0,,,,,Y,,A,01,0,0,1,0,0,0,0,0,0,"- ","- ",34.421129999999998,-119.62039,"SANTA BARBARA",UNINCORPORATED,,
90467011,2017,2017-05-30,9760,2017-05-20,1430,021061,,6,2,9,4200,0,1,2,,2,010,"US-101 N/B","S. PADARO LN.",280.00,N,N,A,-,Y,,,101,,,,,,N,Y,4,0,1,4,A,-,03,22350,,N,C,C,A,A,H,-,A,D,0,,,,,Y,,A,01,0,0,1,0,0,0,0,0,0,"- ","- ",34.41142,-119.55376,"SANTA BARBARA",UNINCORPORATED,-119.55374188,34.411445299999997
9046770,2020,2020-02-19,4204,2020-01-23,1217,21338,020,4,5,5,4204,0,0,0,,0,003,"BETTERAVIA RD","TARGET DR",10.00,E,N,A,-,N,,,,,,,,,,Y,4,0,1,4,A,-,03,22350,,N,C,C,A,A,H,-,A,A,0,,,,,Y,,A,01,0,0,1,0,0,0,0,0,0,"- ","- ",,,"SANTA BARBARA","SANTA MARIA",,
90468277,2017,2017-05-31,9755,2017-05-27,1746,017378,,6,2,9,4200,0,1,3,,1,051,"RT 1","US 101 S/B",15.00,S,N,A,-,Y,,,1,,,,,,,Y,4,0,1,2,A,-,05,21460,A,N,B,C,A,A,H,-,A,D,0,,,Y,,Y,,C,02,0,0,1,0,0,0,0,0,1,"- ","- ",34.509430000000002,-120.22624,"SANTA BARBARA",UNINCORPORATED,-120.22624638000001,34.509421400000001
9046841,2020,2020-05-28,4203,2020-02-06,1727,23768,83,4,5,5,4203,0,0,0,,0,001,"S VOLUNTARIO ST","CACIQUE ST",90.00,S,N,A,-,N,,,,,,,,,,N,4,0,1,2,A,-,09,21804,A,N,D,C,A,A,H,-,B,D,0,,,,,Y,,A,01,0,0,1,0,0,0,0,0,0,"- ","- ",34.42169189453125,-119.67384338378906,"SANTA BARBARA","SANTA BARBARA",-119.67386627197266,34.421676635742188
9046849,2020,2020-05-28,4203,2020-02-09,1353,8825,42,7,5,5,4203,0,0,0,,0,004,"CHAPALA ST","VICTORIA ST",186.00,S,N,B,-,N,,,,,,,,,,,3,0,1,2,A,-,11,21954,A,N,G,B,D,A,H,-,A,A,0,Y,,,,Y,,N,60,0,1,0,0,1,0,0,0,0,"- ","- ",34.421398162841797,-119.77021026611328,"SANTA BARBARA","SANTA BARBARA",-119.70642852783203,34.422904968261719
90468512,2017,2017-05-31,9750,2017-05-24,1715,017616,,3,2,9,4200,0,1,3,,1,012,SR-1,"BROWN RD",1584.00,N,N,A,-,Y,,,1,,,,,,,Y,3,0,1,2,C,-,18,,,N,E,J,A,A,H,-,A,D,0,,,,,Y,,-,"- ",0,1,0,0,0,0,0,0,0,"- ","- ",34.936120000000003,-120.57071000000001,"SANTA BARBARA",UNINCORPORATED,-120.57069174,34.936131719999999
9046857,2020,2020-05-28,4203,2020-02-09,0113,23781,53,7,5,5,4203,0,0,0,,0,005,"CALLE REAL","PEACH GROVE LN",15.00,E,N,A,-,N,,,,,,,,,,N,2,0,1,1,A,-,01,23152,A,N,E,I,A,A,H,-,C,D,0,,,,,Y,Y,A,01,1,0,0,0,0,0,0,0,0,"- ","- ",34.431499481201172,-119.74420166015625,"SANTA BARBARA","SANTA BARBARA",-119.744140625,34.431415557861328
90469260,2017,2017-06-01,9760,2017-05-25,0735,016739,,4,1,9,4200,0,1,3,,1,022,"SR-154 (SAN MARCOS PASS RD.)","SAN MARCOS RD.",2112.00,E,N,B,C,Y,,,154,,,,,,,Y,2,0,2,2,A,-,03,22350,,N,A,C,A,B,H,-,A,D,0,,,,,Y,,A,01,1,1,0,0,0,0,0,0,0,"- ","- ",34.486870000000003,-119.79008,"SANTA BARBARA",UNINCORPORATED,-119.79006719,34.486779419999998
90469444,2017,2017-06-01,9750,2017-05-30,0720,014358,,2,1,9,4200,0,3,5,,2,030,"FOXEN CANYON RD","DOMINION RD",8976.00,E,N,A,-,N,,,,,,,,,,Y,3,0,1,2,A,-,05,21460,A,N,A,C,A,A,H,-,A,D,0,,,,Y,Y,,F,21,0,1,0,0,0,0,0,0,0,"- ","- ",34.906030000000001,-120.31938,"SANTA BARBARA",UNINCORPORATED,-120.31839675000001,34.90541391