CASE_ID,ACCIDENT_YEAR,PROC_DATE,JURIS,COLLISION_DATE,COLLISION_TIME,OFFICER_ID,REPORTING_DISTRICT,DAY_OF_WEEK,CHP_SHIFT,POPULATION,CNTY_CITY_LOC,SPECIAL_COND,BEAT_TYPE,CHP_BEAT_TYPE,CITY_DIVISION_LAPD,CHP_BEAT_CLASS,BEAT_NUMBER,PRIMARY_RD,SECONDARY_RD,DISTANCE,DIRECTION,INTERSECTION,WEATHER_1,WEATHER_2,STATE_HWY_IND,CALTRANS_COUNTY,CALTRANS_DISTRICT,STATE_ROUTE,ROUTE_SUFFIX,POSTMILE_PREFIX,POSTMILE,LOCATION_TYPE,RAMP_INTERSECTION,SIDE_OF_HWY,TOW_AWAY,COLLISION_SEVERITY,NUMBER_KILLED,NUMBER_INJURED,PARTY_COUNT,PRIMARY_COLL_FACTOR,PCF_CODE_OF_VIOL,PCF_VIOL_CATEGORY,PCF_VIOLATION,PCF_VIOL_SUBSECTION,HIT_AND_RUN,TYPE_OF_COLLISION,MVIW,PED_ACTION,ROAD_SURFACE,ROAD_COND_1,ROAD_COND_2,LIGHTING,CONTROL_DEVICE,CHP_ROAD_TYPE,PEDESTRIAN_ACCIDENT,BICYCLE_ACCIDENT,MOTORCYCLE_ACCIDENT,TRUCK_ACCIDENT,NOT_PRIVATE_PROPERTY,ALCOHOL_INVOLVED,STWD_VEHTYPE_AT_FAULT,CHP_VEHTYPE_AT_FAULT,COUNT_SEVERE_INJ,COUNT_VISIBLE_INJ,COUNT_COMPLAINT_PAIN,COUNT_PED_KILLED,COUNT_PED_INJURED,COUNT_BICYCLIST_KILLED,COUNT_BICYCLIST_INJURED,COUNT_MC_KILLED,COUNT_MC_INJURED,PRIMARY_RAMP,SECONDARY_RAMP,LATITUDE,LONGITUDE,COUNTY,CITY,POINT_X,POINT_Y
91124687,2019,2019-11-20,9760,2019-11-15,1500,021061,,5,2,9,4200,0,3,5,,2,005,"EL COLEGIO RD","CAMINO CORTO",250.00,W,N,B,-,N,,,,,,,,,,Y,4,0,1,2,A,-,09,21804,A,N,D,C,A,A,H,-,A,D,0,,,,,Y,,A,08,0,0,1,0,0,0,0,0,0,"- ","- ",34.417331695556641,-119.86746978759766,"SANTA BARBARA",UNINCORPORATED,-119.86738586425781,34.417438507080078
91124911,2019,2019-11-20,9755,2019-11-13,1839,018483,,3,2,9,4200,0,1,2,,2,004,"US-101 N/B","GAVIOTA STATE BEACH RD",6864.00,N,N,A,-,Y,,,101,,,,,,N,Y,3,0,1,1,C,-,18,,,N,E,J,A,A,H,-,D,D,0,,,,,Y,,-,"- ",0,1,0,0,0,0,0,0,0,"- ","- ",34.494159698486328,-120.22868347167969,"SANTA BARBARA",UNINCORPORATED,-120.22868347167969,34.494159698486328
91124974,2019,2019-11-20,9755,2019-11-14,0735,016058,,4,1,9,4200,0,3,5,,2,050,"PURISIMA RD","MISSION GATE RD",1584.00,E,N,B,-,N,,,,,,,,,,Y,2,0,1,1,A,-,08,22107,,N,F,A,A,A,H,-,A,D,0,,,,,Y,,A,01,1,0,0,0,0,0,0,0,0,"- ","- ",34.666801452636719,-120.41584014892578,"SANTA BARBARA",UNINCORPORATED,-120.41649627685547,34.667095184326172
91125065,2019,2019-11-20,9755,2019-11-17,1448,017378,,7,2,9,4200,0,3,5,,2,050,"CONSTELLATION RD.","ALDEBARAN AVE",342.00,S,N,A,-,N,,,,,,,,,,Y,4,0,1,2,A,-,01,23152,A,N,B,C,A,A,H,-,A,D,0,,,,,Y,,A,01,0,0,1,0,0,0,0,0,0,"- ","- ",34.707691192626953,-120.46682739257812,"SANTA BARBARA",UNINCORPORATED,-120.46692657470703,34.707603454589844
91127334,2019,2019-11-22,9760,2019-11-14,1340,021061,,4,1,9,4200,0,1,2,,2,020,"US-101 N/B TO TURNPIKE RD.","TURNPIKE RD.",40.00,S,N,B,-,Y,,,101,,,,R,,N,N,4,0,1,2,A,-,01,23152,A,M,C,C,A,A,H,-,A,A,0,,,,,Y,Y,A,01,0,0,1,0,0,0,0,0,0,"- ","- ",34.443008422851562,-119.78909301757812,"SANTA BARBARA",UNINCORPORATED,-119.78909301757812,34.443008422851562
91127344,2019,2019-11-22,9760,2019-11-15,2130,022181,,5,2,5,4203,0,1,2,,2,011,"US-101 SB","MISSION ST",760.00,N,N,B,-,Y,,,101,,,,,,S,Y,4,0,1,1,A,-,01,23152,A,N,E,I,A,A,H,-,D,D,0,,,,,Y,Y,A,01,0,0,1,0,0,0,0,0,0,"- ","- ",34.425968170166016,-119.72299194335938,"SANTA BARBARA","SANTA BARBARA",-119.72296905517578,34.426063537597656
91131363,2019,2020-09-14,9755,2019-09-22,0335,020323,,7,3,9,4200,0,1,3,,1,053,"STATE ROUTE 246","DOMINGOS RD",247.00,W,N,A,-,Y,,,246,,,,,,,Y,1,2,0,2,A,-,01,23152,G,N,A,C,A,A,H,-,D,D,0,,,,,Y,Y,A,07,0,0,0,0,0,0,0,0,0,"- ","- ",34.629280090332031,-120.279052734375,"SANTA BARBARA",UNINCORPORATED,-120.27904510498047,34.629306793212891
91131765,2019,2019-11-29,9750,2019-11-20,0105,020549,,3,3,9,4200,0,3,5,,2,020,"HARRIS GRADE RD",SR-135,5808.00,S,N,C,-,N,,,,,,,,,,Y,2,0,1,1,A,-,01,23152,A,N,F,A,A,B,H,-,D,D,0,,,,,Y,Y,A,07,1,0,0,0,0,0,0,0,0,"- ","- ",34.756660461425781,-120.43203735351562,"SANTA BARBARA",UNINCORPORATED,-120.43219757080078,34.755760192871094
91133137,2019,2019-12-02,9760,2019-11-23,0800,019464,,6,1,3,4205,0,1,2,,2,010,"US-101 NORTHBOUND","BAILARD AVE O/C",400.00,S,N,A,-,Y,,,101,,,,,,N,N,4,0,1,3,A,-,03,22350,,M,C,C,A,A,H,-,A,D,0,,,,,Y,,D,22,0,0,1,0,0,0,0,0,0,"- ","- ",34.387969970703125,-119.49626159667969,"SANTA BARBARA",CARPINTERIA,-119.49628448486328,34.387905120849609
91133313,2019,2019-12-02,9760,2019-11-13,1450,018431,,3,2,9,4200,0,3,5,,2,005,"CAMINO PESCADERO","SEGOVIA RD.",5.00,S,N,B,-,N,,,,,,,,,,Y,3,0,2,3,A,-,08,22107,,N,B,G,A,A,H,-,A,D,0,,Y,Y,,Y,,L,04,0,1,1,0,0,0,1,0,1,"- ","- ",34.414360046386719,-119.85867309570312,"SANTA BARBARA",UNINCORPORATED,-119.85868835449219,34.414436340332031
91133522,2019,2019-12-10,9755,2019-11-28,0621,016999,,4,1,9,4200,0,1,2,,2,004,"US-101 S/B","GAVIOTA BEACH ROAD",3758.00,N,N,C,-,Y,,,101,,,,,,S,Y,3,0,1,1,A,-,03,22350,,N,E,I,A,B,H,-,D,D,0,,,,,Y,,A,07,0,1,0,0,0,0,0,0,0,"- ","- ",34.487751007080078,-120.22693634033203,"SANTA BARBARA",UNINCORPORATED,-120.22686004638672,34.487689971923828
91133700,2019,2019-12-02,9760,2019-11-16,0350,022181,,6,3,9,4200,0,2,4,,1,021,"HOLLISTER AVE","MAGNA VISTA ST",16.00,W,N,B,-,N,,,,,,,,,,Y,3,0,3,2,A,-,01,23152,A,M,C,C,A,A,H,-,C,D,0,,,,,Y,Y,A,01,0,1,2,0,0,0,0,0,0,"- ","- ",34.437068939208984,-119.78634643554688,"SANTA BARBARA",UNINCORPORATED,-119.78683471679688,34.437129974365234
91134878,2019,2019-12-03,9760,2019-11-25,0008,020965,,1,3,9,4200,0,3,5,,2,005,"CAMINO CORTO","ABREGO RD",200.00,N,N,A,-,N,,,,,,,,,,N,2,0,1,1,A,-,03,22350,,N,F,A,A,A,H,-,C,D,0,,,,,Y,,M,94,1,0,0,0,0,0,0,0,0,"- ","- ",34.41510009765625,-119.86656188964844,"SANTA BARBARA",UNINCORPORATED,-119.86653900146484,34.415027618408203
9113512,2020,2020-08-20,4201,2020-05-08,0649,0167,GUADA,5,5,2,4201,0,0,0,,0,,"CHAPMAN DR","PIONEER ST",0.00,,Y,A,-,N,,,,,,,,,,N,4,0,1,3,A,-,"- ",,,N,C,C,A,A,H,-,A,D,0,,,,,Y,,-,"- ",0,0,1,0,0,0,0,0,0,"- ","- ",,,"SANTA BARBARA",GUADALUPE,-120.57759094238281,34.960350036621094
91135363,2019,2019-12-04,9760,2019-11-26,1200,020029,,2,1,9,4200,0,3,5,,2,002,"NOGAL DR","NUECES DR",0.00,,Y,B,-,N,,,,,,,,,,N,3,0,1,2,A,-,09,21802,A,N,D,G,A,A,H,-,A,D,0,,Y,,,Y,,-,"- ",0,1,0,0,0,0,1,0,0,"- ","- ",34.436481475830078,-119.77113342285156,"SANTA BARBARA",UNINCORPORATED,-119.77108001708984,34.436370849609375
91138792,2019,2019-12-10,9750,2019-11-28,1334,018009,,4,1,9,4200,0,2,4,,1,024,"SANTA MARIA WAY","BRADLEY ROAD",30.00,W,N,B,-,N,,,,,,,,,,Y,4,0,1,2,A,-,03,22350,,N,C,C,A,B,H,-,A,A,0,,,,,Y,,A,01,0,0,1,0,0,0,0,0,0,"- ","- ",34.895481109619141,-120.42263793945312,"SANTA BARBARA",UNINCORPORATED,-120.42251586914062,34.895439147949219
91138988,2019,2019-12-10,9760,2019-11-30,2159,020964,,6,2,9,4200,0,3,5,,2,002,"TURNPIKE ROAD N/B","HOLLISTER AVE",100.00,N,N,C,-,N,,,,,,,,,,Y,4,0,1,2,A,-,03,22350,,N,C,C,A,B,H,-,C,D,0,,,,,Y,,D,22,0,0,1,0,0,0,0,0,0,"- ","- ",34.437110900878906,-119.78932189941406,"SANTA BARBARA",UNINCORPORATED,-119.78952789306641,34.436904907226562
9114007,2020,2020-07-29,4200,2020-04-28,1900,4608,14,2,5,4,4214,0,0,0,,0,050,"FAIRVIEW AV","CATHEDRAL OAKS RD",0.00,,Y,-,-,N,,,,,,,,,,N,4,0,1,2,D,-,00,,,N,G,B,B,A,H,-,A,A,0,Y,,,,Y,,-,"- ",0,0,1,0,1,0,0,0,0,"- ","- ",,,"SANTA BARBARA",GOLETA,-119.83071136474609,34.451381683349609
91142124,2019,2019-12-12,9750,2019-12-02,1835,018009,,1,2,5,4204,0,1,3,,1,022,"SR-1 N/B","BLACK ROAD",0.00,,Y,B,-,Y,,,,,,,,,,Y,4,0,1,2,A,-,12,22450,A,N,D,C,A,A,H,-,D,A,0,,,,,Y,,A,07,0,0,1,0,0,0,0,0,0,"- ","- ",34.881389617919922,-120.49736785888672,"SANTA BARBARA","SANTA MARIA",-120.49745941162109,34.881401062011719
91143250,2019,2019-12-13,9755,2019-12-07,0940,016999,,6,1,9,4200,0,1,2,,2,004,"US-101 S/B","GAVIOTA BEACH RD",3739.00,N,N,C,-,N,,,101,,,,,,S,Y,3,0,1,1,A,-,03,22350,,N,E,I,A,B,H,-,A,D,0,,,,,Y,,A,07,0,1,0,0,0,0,0,0,0,"- ","- ",34.487991333007812,-120.22670745849609,"SANTA BARBARA",UNINCORPORATED,-120.22666931152344,34.487964630126953
91143258,2019,2019-12-13,9750,2019-12-07,1236,017884,,6,1,5,4204,0,1,2,,2,001,"US-101 NORTHBOUND","ALVIN AVENUE",1000.00,S,N,B,C,Y,,,101,,,,,,N,Y,3,0,1,2,A,-,07,21658,A,N,B,C,A,B,H,-,A,D,0,,,,,Y,,A,07,0,1,0,0,0,0,0,0,0,"- ","- ",34.957649230957031,-120.41750335693359,"SANTA BARBARA","SANTA MARIA",-120.41748809814453,34.957653045654297
91143618,2019,2019-12-17,9755,2019-12-13,1648,017374,,5,2,9,4200,0,1,3,,2,041,"SR-246 W/B","SKYTT MESA RD.",2640.00,W,N,A,-,Y,,,246,,,,,,W,Y,4,0,1,3,A,-,03,22350,,N,C,C,A,A,H,-,B,A,0,,,,,Y,,A,07,0,0,1,0,0,0,0,0,0,"- ","- ",34.600788116455078,-120.16339111328125,"SANTA BARBARA",UNINCORPORATED,-120.16339874267578,34.600765228271484
91143620,2019,2019-12-16,9755,2019-12-13,1725,016988,,5,2,9,4200,0,1,3,,2,041,"SR-246 W/B","SKYTT MESA RD",1056.00,W,N,A,-,Y,,,246,,,,,,W,Y,4,0,1,2,A,-,03,22350,,N,C,C,A,A,H,-,B,D,0,,,,,Y,,A,07,0,0,1,0,0,0,0,0,0,"- ","- ",34.600551605224609,-120.16282653808594,"SANTA BARBARA",UNINCORPORATED,-120.16284942626953,34.600513458251953
91143622,2019,2019-12-16,9755,2019-12-12,0630,013618,,4,1,9,4200,0,3,5,,2,050,"BURTON MESA BOULEVARD","STATE ROUTE 1 N/B ON RAMP",0.00,,Y,A,-,Y,,,,,,,,,,Y,3,0,2,2,A,-,09,21801,A,N,A,C,A,A,H,-,B,D,0,,,,,Y,,A,01,0,1,1,0,0,0,0,0,0,"- ","- ",34.701259613037109,-120.46996307373047,"SANTA BARBARA",UNINCORPORATED,,
91143625,2019,2019-12-17,9755,2019-12-12,0225,021013,,4,3,9,4200,0,1,3,,1,051,SR-1,"5480 HWY 1",2640.00,N,N,A,-,Y,,,1,,,,,,,Y,3,0,1,1,A,-,01,23152,A,N,E,I,A,A,H,-,D,D,0,,,,,Y,Y,A,01,0,1,0,0,0,0,0,0,0,"- ","- ",34.569080352783203,-120.36921691894531,"SANTA BARBARA",UNINCORPORATED,-120.36921691894531,34.569080352783203
91143867,2019,2019-12-16,9760,2019-12-06,2157,021503,,5,2,5,4203,0,1,2,,2,020,"US-101 N/B STATE STREET ON-RAMP","STATE ST.",505.00,N,N,C,-,Y,,,101,,,,,,N,Y,3,0,2,3,A,-,03,22350,,N,C,C,A,B,H,-,C,D,0,,,,,Y,,A,01,0,2,0,0,0,0,0,0,0,"- ","- ",34.440868377685547,-119.75643157958984,"SANTA BARBARA","SANTA BARBARA",-119.75649261474609,34.440723419189453
91144834,2019,2019-12-17,9760,2019-12-09,1740,020227,,1,2,9,4200,0,1,2,,2,020,"US-101 NORTHBOUND","TURNPIKE ROAD",2000.00,S,N,A,-,Y,,,101,,,,,,N,Y,4,0,2,3,A,-,03,22350,,N,C,C,A,A,H,-,D,D,0,,,,,Y,,A,07,0,0,2,0,0,0,0,0,0,"- ","- ",34.441959381103516,-119.78243255615234,"SANTA BARBARA",UNINCORPORATED,-119.78243255615234,34.442111968994141
91145362,2019,2020-08-06,9760,2019-09-10,1313,020483,,2,1,9,4200,0,1,2,,1,030,"US-101 S/B","LAS VARAS RANCH ACCESS ROAD",0.00,,Y,A,-,Y,,,101,,,,,,S,Y,1,1,4,2,A,-,09,21801,A,N,D,C,A,A,H,-,A,D,0,,,,,Y,,D,22,3,1,0,0,0,0,0,0,0,"- ","- ",34.456119537353516,-119.97308349609375,"SANTA BARBARA",UNINCORPORATED,-119.97308349609375,34.456100463867188
91145366,2019,2019-12-17,9750,2019-12-10,1643,017709,,2,2,9,4200,0,1,3,,1,012,SR-1,"BROWN ROAD",0.00,,Y,A,-,Y,,,1,,,,,,,Y,4,0,1,2,A,-,09,21802,A,N,D,C,A,A,H,-,A,A,0,,,,,Y,,D,22,0,0,1,0,0,0,0,0,0,"- ","- ",34.932628631591797,-120.56777191162109,"SANTA BARBARA",UNINCORPORATED,-120.56826019287109,34.932338714599609
91145667,2019,2019-12-17,9755,2019-12-10,1855,016988,,2,2,9,4200,0,1,3,,1,055,"SR-1 N/B","GEORGE MILLER DRIVE",1037.00,N,N,A,-,Y,,,1,,,,,,N,Y,3,0,1,3,A,-,03,22350,,N,C,C,A,A,H,-,D,D,0,,,,,Y,,A,01,0,1,0,0,0,0,0,0,0,"- ","- ",34.670158386230469,-120.45745086669922,"SANTA BARBARA",UNINCORPORATED,-120.45753479003906,34.670162200927734
91146724,2019,2019-12-18,9750,2019-12-12,2000,018009,,4,2,5,4204,0,1,2,,2,001,"US-101 N/B TO STOWELL ROAD","STOWELL RD",528.00,N,N,A,-,Y,,,101,,,,R,,N,Y,4,0,1,1,A,-,01,23152,A,N,F,A,A,A,H,-,C,D,0,,,,,Y,Y,D,22,0,0,1,0,0,0,0,0,0,"- ","- ",34.940410614013672,-120.4169921875,"SANTA BARBARA","SANTA MARIA",-120.4169921875,34.940410614013672
91147003,2019,2019-12-19,9750,2019-12-12,0530,013267,,4,3,9,4200,0,3,5,,2,010,"BROWN ROAD","RT 1",600.00,W,N,A,-,N,,,,,,,,,,Y,4,0,1,3,A,-,08,22107,,N,B,E,A,B,G,-,D,D,0,,,,,Y,,A,01,0,0,1,0,0,0,0,0,0,"- ","- ",34.932018280029297,-120.57038116455078,"SANTA BARBARA",UNINCORPORATED,-120.57029724121094,34.932113647460938
91147614,2019,2019-12-19,9760,2019-12-11,1140,16739,,3,1,9,4200,0,1,2,,1,040,"US-101 S/B (EL CAMINO REAL)","MARIPOSA REINA",10032.00,S,N,A,-,Y,,,101,,,,,,S,Y,4,0,2,2,A,-,08,22100,B,N,D,C,A,A,H,-,A,D,0,,,,,Y,,A,01,0,0,2,0,0,0,0,0,0,"- ","- ",34.471439361572266,-120.17446136474609,"SANTA BARBARA",UNINCORPORATED,-120.17446136474609,34.471424102783203
91150048,2019,2019-12-23,9760,2019-12-11,1145,16739,,3,1,4,4214,0,1,2,,1,030,"US-101 N/B TO GLEN ANNIE RD.","GLEN ANNIE RD.",200.00,S,N,A,-,Y,,,101,,,,R,,N,Y,4,0,2,3,A,-,03,22350,,N,C,C,A,A,H,-,A,A,0,,,,,Y,,A,08,0,0,2,0,0,0,0,0,0,"- ","- ",34.435428619384766,-119.8704833984375,"SANTA BARBARA",GOLETA,-119.8704833984375,34.435428619384766
91150081,2019,2019-12-23,9760,2019-12-12,1640,020757,,4,2,9,4200,0,3,5,,2,002,"QUEEN ANN LANE","DENA WAY",0.00,,Y,A,-,N,,,,,,,,,,Y,3,0,1,2,A,-,09,21801,A,N,D,C,A,A,H,-,A,D,0,,,,,Y,,A,01,0,1,0,0,0,0,0,0,0,"- ","- ",34.456321716308594,-119.81273651123047,"SANTA BARBARA",UNINCORPORATED,-119.81271362304688,34.456378936767578
91150241,2019,2019-12-23,9750,2019-12-15,0950,015973,,7,1,5,4204,0,1,2,,2,001,"US-101 S/B","BETTERAVIA RD",1584.00,S,N,A,-,Y,,,101,,,,,,S,Y,2,0,2,1,A,-,01,23152,A,N,F,A,A,A,H,-,A,D,0,,,,,Y,Y,D,22,1,0,1,0,0,0,0,0,0,"- ","- ",34.918621063232422,-120.41818237304688,"SANTA BARBARA","SANTA MARIA",-120.41805267333984,34.918617248535156
91150694,2019,2019-12-23,9760,2019-12-21,1520,020227,,6,2,9,4200,0,3,5,,2,001,"VIA REAL","PADARO LN",1115.00,W,N,B,-,N,,,,,,,,,,N,3,0,1,2,A,-,09,21804,A,N,D,G,A,A,H,-,A,D,0,,Y,,,Y,,J,48,0,1,0,0,0,0,1,0,0,"- ","- ",34.417438507080078,-119.58657073974609,"SANTA BARBARA",UNINCORPORATED,-119.58650970458984,34.417407989501953
91152038,2019,2019-12-24,9750,2019-12-22,0956,016469,,7,1,5,4204,0,1,3,,1,022,"SR-1 S/B","SAN ANTONIO ROAD EAST",11088.00,N,N,B,C,Y,,,,,,,,,,Y,4,0,1,2,A,-,03,22350,,N,D,C,A,B,H,-,A,D,0,,,,,Y,,A,01,0,0,1,0,0,0,0,0,0,"- ","- ",34.791088104248047,-120.45726013183594,"SANTA BARBARA","SANTA MARIA",-120.49614715576172,34.775688171386719
91152102,2019,2019-12-24,9755,2019-12-22,0945,021011,,7,1,9,4200,0,1,2,,2,004,"US-101 NORTHBOUND","STATE ROUTE -1",3620.00,S,N,C,-,Y,,,101,,,,,,N,Y,3,0,1,1,A,-,03,22350,,N,E,I,A,B,H,-,A,D,0,,,,,Y,,A,01,0,1,0,0,0,0,0,0,0,"- ","- ",34.498729705810547,-120.23053741455078,"SANTA BARBARA",UNINCORPORATED,-120.23063659667969,34.498783111572266
91152116,2019,2020-01-09,9755,2019-12-20,0815,016999,,5,1,9,4200,0,1,3,,1,051,SR-1,"JALAMA BEACH RD",17266.00,S,N,A,-,Y,,,1,,,,,,,Y,4,0,2,2,A,-,06,21751,,N,A,C,A,A,H,-,A,D,0,,,,,Y,,A,01,0,0,2,0,0,0,0,0,0,"- ","- ",34.559738159179688,-120.36342620849609,"SANTA BARBARA",UNINCORPORATED,-120.36351776123047,34.559707641601562
91152175,2019,2019-12-24,9755,2019-12-23,1648,018483,,1,2,9,4200,0,1,2,,2,004,"US-101 N/B",SR-1,7920.00,N,N,B,C,Y,,,101,,,,,,N,Y,4,0,1,1,A,-,03,22350,,N,E,I,A,B,H,-,B,D,0,,,,,Y,,D,22,0,0,1,0,0,0,0,0,0,"- ","- ",34.523761749267578,-120.20767974853516,"SANTA BARBARA",UNINCORPORATED,-120.20768737792969,34.523670196533203
91152518,2019,2019-12-26,9760,2019-12-17,1800,020227,,2,2,9,4200,0,2,4,,1,021,"HOLLISTER AVENUE","WALNUT LANE",295.00,W,N,A,-,N,,,,,,,,,,Y,4,0,2,4,A,-,03,22350,,N,C,C,A,A,H,-,C,A,0,,,,,Y,,A,01,0,0,2,0,0,0,0,0,0,"- ","- ",34.434818267822266,-119.8031005859375,"SANTA BARBARA",UNINCORPORATED,-119.80321502685547,34.434951782226562
91152577,2019,2019-12-26,9760,2019-12-18,1715,020757,,3,2,4,4214,0,1,2,,1,030,"US-101 N/B","LOS CARNEROS RD",1500.00,S,N,A,-,Y,,,101,,,,,,N,Y,4,0,3,3,A,-,03,22350,,N,C,C,A,A,H,-,B,D,0,,,,,Y,,A,07,0,0,3,0,0,0,0,0,0,"- ","- ",34.437999725341797,-119.84783172607422,"SANTA BARBARA",GOLETA,-119.84783172607422,34.438045501708984
91153773,2019,2019-12-27,9750,2019-12-26,1140,020765,,4,1,5,4204,0,1,2,,2,001,"US-101 N/B","BROADWAY ST",150.00,S,N,A,-,Y,,,101,,,,,,N,N,4,0,3,2,A,-,03,22350,,N,C,C,A,A,H,-,A,D,0,,,,,Y,,A,01,0,0,3,0,0,0,0,0,0,"- ","- ",34.980918884277344,-120.43119812011719,"SANTA BARBARA","SANTA MARIA",-120.43112945556641,34.980964660644531
91154041,2019,2019-12-27,9760,2019-12-20,1800,020757,,5,2,9,4200,0,1,2,,2,020,"US-101 N/B","LAS POSITAS RD",1800.00,N,N,A,-,Y,,,101,,,,,,N,N,4,0,1,4,A,-,03,22350,,M,C,C,A,A,H,-,D,D,0,,,,,Y,,D,22,0,0,1,0,0,0,0,0,0,"- ","- ",34.428558349609375,-119.73796081542969,"SANTA BARBARA",UNINCORPORATED,-119.73796844482422,34.428531646728516
91154045,2019,2019-12-27,9760,2019-12-17,1720,020227,,2,2,9,4200,0,1,2,,2,020,"US-101 NORTHBOUND","PATTERSON AVE",1380.00,S,N,A,-,Y,,,101,,,,,,N,Y,4,0,1,3,A,-,03,22350,,N,C,C,A,A,H,-,D,D,0,,,,,Y,,A,07,0,0,1,0,0,0,0,0,0,"- ","- ",34.441669464111328,-119.80374908447266,"SANTA BARBARA",UNINCORPORATED,-119.80374908447266,34.441608428955078
9115431,2019,2020-06-30,4202,2019-10-17,0803,274,,4,5,4,4202,0,0,0,,0,,"LAUREL AV","U ST",0.00,,Y,A,-,N,,,,,,,,,,N,4,0,1,2,A,-,04,21703,,N,C,C,A,A,H,-,A,D,0,,,,,Y,,A,01,0,0,1,0,0,0,0,0,0,"- ","- ",,,"SANTA BARBARA",LOMPOC,-120.47431182861328,34.643970489501953
91155857,2019,2019-12-30,9760,2019-12-24,1515,018431,,2,2,9,4200,0,1,2,,1,040,"US-101 N/B","EL CAPITAN STATE BEACH RD.",5280.00,N,N,A,-,Y,,,101,,,,,,N,Y,4,0,1,1,A,-,08,22107,,N,F,A,A,A,H,-,A,D,0,,,,,Y,,A,01,0,0,1,0,0,0,0,0,0,"- ","- ",34.464519500732422,-120.03926849365234,"SANTA BARBARA",UNINCORPORATED,-120.03926849365234,34.464462280273438
91156386,2019,2019-12-31,9760,2019-12-25,1848,020757,,3,2,9,4200,0,3,5,,2,002,"WALNUT LANE N/B","HOLLISTER AVE",100.00,S,N,C,-,N,,,,,,,,,,Y,4,0,1,3,A,-,01,23152,A,N,C,C,A,B,H,-,D,D,0,,,,,Y,Y,A,01,0,0,1,0,0,0,0,0,0,"- ","- ",34.434478759765625,-119.80223083496094,"SANTA BARBARA",UNINCORPORATED,-119.80224609375,34.434677124023438
91156710,2019,2019-12-31,9750,2019-12-21,1731,015916,,6,2,9,4200,0,2,4,,1,024,"ORCUTT ROAD","LAKEVIEW ROAD",0.00,,Y,A,-,Y,,,,,,,,,,Y,4,0,2,2,A,-,09,21802,A,N,D,C,A,A,H,-,C,A,0,,,,,Y,,A,07,0,0,2,0,0,0,0,0,0,"- ","- ",34.89447021484375,-120.43611145019531,"SANTA BARBARA",UNINCORPORATED,-120.43608856201172,34.894519805908203
9115771,2020,2020-08-27,4204,2020-04-24,1132,21338,020,5,5,5,4204,0,0,0,,0,003,"COLLEGE DR","BETTERAVIA RD",300.00,N,N,A,-,N,,,,,,,,,,,4,0,1,2,A,-,09,21804,A,N,D,C,A,A,H,-,A,A,0,,,,,Y,,A,01,0,0,1,0,0,0,0,0,0,"- ","- ",34.923480987548828,-120.42566680908203,"SANTA BARBARA","SANTA MARIA",-120.42552947998047,34.924564361572266
91158122,2019,2020-01-02,9760,2019-12-23,1455,020423,,1,2,9,4200,0,3,5,,2,002,"SAN FERNANDO DRIVE","SAN LORENZO DRIVE",240.00,S,N,C,-,N,,,,,,,,,,Y,3,0,2,3,A,-,01,23152,A,N,B,E,A,B,H,-,A,D,0,,,,,Y,Y,A,01,0,1,1,0,0,0,0,0,0,"- ","- ",34.4293212890625,-119.80091094970703,"SANTA BARBARA",UNINCORPORATED,-119.801025390625,34.429595947265625
91159090,2019,2020-01-03,9750,2019-12-27,1459,018009,,5,2,9,4200,0,1,2,,2,002,"U.S. 101 SOUTHBOUND","PALMER ROAD",1584.00,N,N,A,-,Y,,,,,,,,,,Y,4,0,3,4,A,-,03,22350,,N,C,C,A,A,H,-,A,D,0,,,,,Y,,A,07,0,0,3,0,0,0,0,0,0,"- ","- ",34.794841766357422,-120.33744812011719,"SANTA BARBARA",UNINCORPORATED,-120.33706665039062,34.794364929199219
91160239,2019,2020-01-06,9760,2019-12-27,1810,020757,,5,2,9,4200,0,1,3,,1,022,"SR-154 W/B",SR-192,360.00,W,N,A,-,Y,,,154,,,,,,W,Y,4,0,1,2,A,-,01,23152,A,N,C,C,A,A,H,-,D,D,0,,,,,Y,Y,A,01,0,0,1,0,0,0,0,0,0,"- ","- ",34.452140808105469,-119.76332855224609,"SANTA BARBARA",UNINCORPORATED,-119.76332092285156,34.452152252197266
91161193,2019,2020-01-07,9755,2019-12-27,0630,016999,,5,1,9,4200,0,1,2,,2,004,"US-101 N/B","SANTA ROSA RD",4544.00,S,N,A,-,Y,,,101,,,,,,N,Y,3,0,2,2,A,-,03,22350,,F,C,C,A,A,H,-,B,D,0,,,,,Y,,A,07,0,2,0,0,0,0,0,0,0,"- ","- ",34.590221405029297,-120.19242095947266,"SANTA BARBARA",UNINCORPORATED,-120.19237518310547,34.590251922607422