CASE_ID,ACCIDENT_YEAR,PROC_DATE,JURIS,COLLISION_DATE,COLLISION_TIME,OFFICER_ID,REPORTING_DISTRICT,DAY_OF_WEEK,CHP_SHIFT,POPULATION,CNTY_CITY_LOC,SPECIAL_COND,BEAT_TYPE,CHP_BEAT_TYPE,CITY_DIVISION_LAPD,CHP_BEAT_CLASS,BEAT_NUMBER,PRIMARY_RD,SECONDARY_RD,DISTANCE,DIRECTION,INTERSECTION,WEATHER_1,WEATHER_2,STATE_HWY_IND,CALTRANS_COUNTY,CALTRANS_DISTRICT,STATE_ROUTE,ROUTE_SUFFIX,POSTMILE_PREFIX,POSTMILE,LOCATION_TYPE,RAMP_INTERSECTION,SIDE_OF_HWY,TOW_AWAY,COLLISION_SEVERITY,NUMBER_KILLED,NUMBER_INJURED,PARTY_COUNT,PRIMARY_COLL_FACTOR,PCF_CODE_OF_VIOL,PCF_VIOL_CATEGORY,PCF_VIOLATION,PCF_VIOL_SUBSECTION,HIT_AND_RUN,TYPE_OF_COLLISION,MVIW,PED_ACTION,ROAD_SURFACE,ROAD_COND_1,ROAD_COND_2,LIGHTING,CONTROL_DEVICE,CHP_ROAD_TYPE,PEDESTRIAN_ACCIDENT,BICYCLE_ACCIDENT,MOTORCYCLE_ACCIDENT,TRUCK_ACCIDENT,NOT_PRIVATE_PROPERTY,ALCOHOL_INVOLVED,STWD_VEHTYPE_AT_FAULT,CHP_VEHTYPE_AT_FAULT,COUNT_SEVERE_INJ,COUNT_VISIBLE_INJ,COUNT_COMPLAINT_PAIN,COUNT_PED_KILLED,COUNT_PED_INJURED,COUNT_BICYCLIST_KILLED,COUNT_BICYCLIST_INJURED,COUNT_MC_KILLED,COUNT_MC_INJURED,PRIMARY_RAMP,SECONDARY_RAMP,LATITUDE,LONGITUDE,COUNTY,CITY,POINT_X,POINT_Y
91278679,2020,2020-07-31,9760,2020-07-28,1500,018786,,2,2,9,4200,0,3,5,,2,005,"PARDALL RD","EMBARCADERO DEL MAR",180.00,W,N,A,-,N,,,,,,,,,,N,3,0,1,2,A,-,17,22517,,N,B,G,A,A,H,-,A,D,0,,Y,,,Y,,A,07,0,1,0,0,0,0,1,0,0,"- ","- ",34.413120269775391,-119.85762023925781,"SANTA BARBARA",UNINCORPORATED,-119.85762786865234,34.413120269775391
91278927,2020,2020-07-31,9755,2020-07-27,1742,019292,,1,2,9,4200,0,3,5,,2,050,"PURISIMA RD","LA VALLEY RD",290.00,W,N,A,-,N,,,,,,,,,,Y,2,0,1,1,A,-,08,22107,,N,E,I,A,A,H,-,A,D,0,,,,,Y,,A,01,1,0,0,0,0,0,0,0,0,"- ","- ",34.677108764648438,-120.44731903076172,"SANTA BARBARA",UNINCORPORATED,-120.447187,34.677059
91278945,2020,2020-07-31,9755,2020-07-28,1015,016988,,2,1,9,4200,0,1,3,,1,042,SR-154,"ARMOUR RANCH RD",528.00,W,N,A,-,Y,,,154,,,,,,,N,2,0,1,2,A,-,08,22107,,N,B,C,A,A,H,-,A,D,0,,Y,,,Y,,L,04,1,0,0,0,0,0,1,0,0,"- ","- ",34.590671539306641,-120.03337860107422,"SANTA BARBARA",UNINCORPORATED,-120.03334808349609,34.590709686279297
91279170,2020,2020-08-03,9760,2020-07-26,1230,018019,,7,1,9,4200,0,1,2,,2,010,"US-101 N/B (EL CAMINO REAL)","SHEFFIELD DR.",755.00,N,N,B,-,Y,,,101,,,,,,N,Y,4,0,1,3,A,-,03,22350,,N,C,C,A,A,H,-,A,D,0,,,,,Y,,A,07,0,0,1,0,0,0,0,0,0,"- ","- ",34.421741485595703,-119.61527252197266,"SANTA BARBARA",UNINCORPORATED,-119.61527252197266,34.421783447265625
91279972,2020,2020-08-03,9755,2020-07-30,1632,017374,,4,2,9,4200,0,1,3,,1,042,SR-154,"FOXEN CANYON RD",2640.00,W,N,A,-,Y,,,154,,,,,,,N,3,0,1,1,A,-,08,22107,,N,E,I,A,A,H,-,A,A,0,,,Y,,Y,,C,02,0,1,0,0,0,0,0,0,1,"- ","- ",34.674610137939453,-120.130126953125,"SANTA BARBARA",UNINCORPORATED,-120.130126953125,34.674610137939453
9128005,2020,2020-10-02,4204,2020-05-08,1755,90276,,5,5,5,4204,0,0,0,,0,002,BROADWAY,"CHAPEL ST",20.00,N,N,A,-,Y,SB,5,135,-,-,15.860,H,-,N,Y,3,0,1,1,A,-,08,22107,,N,E,I,A,A,H,-,A,A,0,,,,,Y,,A,07,0,1,0,0,0,0,0,0,0,"- ","- ",34.954261779785156,-120.43582916259766,"SANTA BARBARA","SANTA MARIA",-120.435791015625,34.954349517822266
91280277,2020,2020-08-04,9760,2020-08-02,1340,020752,,7,1,9,4200,0,2,4,,1,021,"PUENTE DRIVE","HOLLISTER AVENUE",0.00,,Y,A,-,N,,,,,,,,,,Y,3,0,1,2,A,-,09,21453,B,N,D,C,A,A,H,-,A,A,0,,,,,Y,,A,01,0,1,0,0,0,0,0,0,0,"- ","- ",34.437610626220703,-119.78354644775391,"SANTA BARBARA",UNINCORPORATED,-119.78373718261719,34.437690734863281
9128038,2020,2020-08-31,4204,2020-06-21,1828,91008,02,7,5,5,4204,0,0,0,,0,001,BROADWAY,"PREISKER LN",0.00,,Y,A,-,Y,SB,5,135,-,-,17.530,I,5,N,Y,4,0,2,2,A,-,12,21453,A,N,D,C,A,A,H,-,A,A,0,,,,,Y,,A,01,0,0,2,0,0,0,0,0,0,"- ","- ",34.9788818359375,-120.43472290039062,"SANTA BARBARA","SANTA MARIA",-120.43467712402344,34.978832244873047
91282441,2020,2020-08-07,9750,2020-08-06,0528,016469,,4,3,9,4200,0,3,5,,2,030,"BETTERAVIA RD","ROSEMARY RD",2112.00,W,N,A,-,N,,,,,,,,,,Y,4,0,1,2,A,-,03,22350,,N,B,C,A,A,H,-,D,D,0,,,,,Y,,A,01,0,0,1,0,0,0,0,0,0,"- ","- ",34.923690795898438,-120.40895843505859,"SANTA BARBARA",UNINCORPORATED,-120.40767669677734,34.923828125
91283730,2020,2020-08-10,9755,2020-08-01,1400,017378,,6,2,9,4200,0,1,3,,2,041,"RT 246","FRIENDSHIP LN",328.00,E,N,A,-,Y,,,246,,,,,,,Y,3,0,1,2,A,-,08,22107,,N,H,C,A,A,H,-,A,D,0,,Y,,,Y,,L,04,0,1,0,0,0,0,1,0,0,"- ","- ",34.606601715087891,-120.1009521484375,"SANTA BARBARA",UNINCORPORATED,-120.1009521484375,34.606643676757812
9128382,2020,2020-11-25,4204,2020-06-19,0732,23351,10,5,5,5,4204,0,0,0,,0,002,"WEST MAIN ST","N WESTERN",5.00,W,N,A,-,Y,SB,5,166,-,-,7.120,I,5,W,N,4,0,1,2,A,-,12,21453,A,N,D,C,A,A,H,-,A,A,0,,,,,Y,,A,01,0,0,1,0,0,0,0,0,0,"- ","- ",,,"SANTA BARBARA","SANTA MARIA",-120.44937896728516,34.953323364257812
91284790,2020,2020-08-12,9750,2020-08-01,2200,017910,,6,3,9,4200,0,1,3,,1,022,"SR-1 N/B","SAN ANTONIO ROAD EAST",0.00,,Y,B,-,Y,,,1,,,,,,N,N,2,0,1,1,A,-,08,22107,,N,F,A,A,A,H,-,D,D,0,,,Y,,Y,,C,02,1,0,0,0,0,0,0,0,1,"- ","- ",34.775028228759766,-120.48725891113281,"SANTA BARBARA",UNINCORPORATED,-120.48724365234375,34.774967193603516
91285557,2020,2020-08-13,9750,2020-08-10,1738,017616,,1,2,9,4200,0,1,3,,1,021,"SR-135 N/B","UNION VALLEY PKY",0.00,,Y,A,-,Y,,,135,,,,,,N,Y,3,0,2,2,A,-,12,21453,A,N,D,C,A,A,H,-,A,A,0,,,,,Y,,-,"- ",0,1,1,0,0,0,0,0,0,"- ","- ",34.879810333251953,-120.43641662597656,"SANTA BARBARA",UNINCORPORATED,-120.4365234375,34.879810333251953
91286710,2020,2020-08-17,9760,2020-08-14,1950,020473,,5,2,9,4200,0,3,5,,2,001,"CHANNEL DR","BUTTERFLY LN.",600.00,E,N,A,-,N,,,,,,,,,,Y,4,0,2,2,A,-,08,22107,,N,B,C,A,A,H,-,B,D,0,,,,,Y,,A,01,0,0,2,0,0,0,0,0,0,"- ","- ",34.417240142822266,-119.64549255371094,"SANTA BARBARA",UNINCORPORATED,-119.64553070068359,34.417331695556641
91286905,2020,2020-08-17,9750,2020-08-08,2054,016874,,6,2,9,4200,0,2,4,,1,024,"LAKEVIEW ROAD",SR-135,15.00,E,N,A,-,Y,,,,,,,,,,Y,4,0,2,2,A,-,01,23152,A,N,D,C,A,A,H,-,C,D,0,,,,,Y,Y,A,01,0,0,2,0,0,0,0,0,0,"- ","- ",34.894058227539062,-120.43585968017578,"SANTA BARBARA",UNINCORPORATED,-120.43639373779297,34.894519805908203
91286989,2020,2020-08-17,9760,2020-08-15,1830,020495,,6,2,9,4200,0,3,5,,2,001,"PUESTA DEL SOL","LAS ENCINAS ROAD",255.00,N,N,A,-,N,,,,,,,,,,N,2,0,1,2,D,-,00,,,N,B,G,A,A,H,-,A,D,0,,Y,,,Y,,-,"- ",1,0,0,0,0,0,1,0,0,"- ","- ",34.442878723144531,-119.71511077880859,"SANTA BARBARA",UNINCORPORATED,-119.7191162109375,34.442562103271484
91288971,2020,2020-08-19,9750,2020-08-14,2355,016874,,5,3,9,4200,0,3,5,,2,030,"PHILBRIC ROAD","MAIN STREET",161.00,S,N,A,-,N,,,,,,,,,,Y,3,0,2,1,A,-,05,21460,A,N,E,I,A,A,H,-,E,A,0,,,,,Y,,A,01,0,1,1,0,0,0,0,0,0,"- ","- ",34.944881439208984,-120.37371063232422,"SANTA BARBARA",UNINCORPORATED,-120.37371063232422,34.9447021484375
9128977,2020,2020-11-25,4204,2020-07-07,1834,90623,02,2,5,5,4204,0,0,0,,0,001,BROADWAY,"TAYLOR ST",0.00,,Y,A,-,Y,SB,5,135,-,-,17.280,I,5,N,Y,4,0,2,2,A,-,12,21453,A,N,A,C,A,A,H,-,A,A,0,,,,,Y,,A,01,0,0,2,0,0,0,0,0,0,"- ","- ",34.973838806152344,-120.43451690673828,"SANTA BARBARA","SANTA MARIA",-120.43550872802734,34.974960327148438
91292522,2020,2020-08-26,9760,2020-08-23,1605,020423,,7,2,3,4205,0,1,2,,2,010,"US-101 N/B","SANTA MONICA RD",3432.00,N,N,A,-,Y,,,101,,,,,,N,Y,4,0,1,1,A,-,08,22107,,N,F,I,A,A,H,-,A,D,0,,,Y,,Y,,C,02,0,0,1,0,0,0,0,0,1,"- ","- ",34.405990600585938,-119.54183959960938,"SANTA BARBARA",CARPINTERIA,-119.54183959960938,34.405971527099609
91293542,2020,2020-08-27,9760,2020-08-26,2040,020483,,3,2,9,4200,0,3,5,,2,001,"VIA REAL (3000 BLOCK)","OCEAN VIEW AVE.",100.00,W,N,A,-,N,,,,,,,,,,Y,3,0,3,1,A,-,08,22107,,N,E,I,A,A,H,-,C,D,0,,,,,Y,,D,22,0,2,1,0,0,0,0,0,0,"- ","- ",34.416370391845703,-119.57359313964844,"SANTA BARBARA",UNINCORPORATED,-119.573486328125,34.416374206542969
91295738,2020,2020-08-31,9760,2020-08-23,2130,021498,,7,2,9,4200,0,3,5,,2,005,"SABADO TARDE RD","CAMINO PESCADERO",425.00,W,N,A,-,N,,,,,,,,,,N,3,0,1,2,A,-,06,21750,,N,B,C,A,A,H,-,C,D,0,,,Y,,Y,,C,02,0,1,0,0,0,0,0,0,1,"- ","- ",34.410430908203125,-119.86016082763672,"SANTA BARBARA",UNINCORPORATED,-119.860107421875,34.410453796386719
91296497,2020,2020-08-31,9750,2020-08-13,2130,017307,,4,2,9,4200,0,3,5,,2,030,"FOXEN CANYON RD","DOMINION RD.",4752.00,E,N,A,-,N,,,,,,,,,,Y,2,0,1,1,A,-,01,23152,A,N,F,A,A,A,H,-,D,D,0,,,,,Y,Y,D,22,1,0,0,0,0,0,0,0,0,"- ","- ",34.908649444580078,-120.33132934570312,"SANTA BARBARA",UNINCORPORATED,-120.331787109375,34.908485412597656
91297290,2020,2020-09-02,9760,2020-08-28,1236,018760,,5,1,9,4200,0,3,5,,2,002,"PATTERSON AVE","CALLE REAL",0.00,,Y,A,-,N,,,,,,,,,,N,4,0,1,2,A,-,12,21453,A,N,D,C,A,A,H,-,A,A,0,,,,,Y,,A,01,0,0,1,0,0,0,0,0,0,"- ","- ",34.443748474121094,-119.80821990966797,"SANTA BARBARA",UNINCORPORATED,-119.80816650390625,34.443630218505859
9129888,2020,2020-09-12,4200,2020-06-26,1008,3077,14,5,5,4,4214,0,0,0,,0,060,"HOLLISTER AV","CHAPEL ST",115.00,E,N,A,-,N,,,,,,,,,,Y,4,0,1,2,A,-,03,22350,,N,C,C,A,A,H,-,A,D,0,,,,,Y,,A,07,0,0,1,0,0,0,0,0,0,"- ","- ",,,"SANTA BARBARA",GOLETA,-119.80996704101562,34.434947967529297
91301019,2020,2020-09-09,9760,2020-09-07,1800,020752,,1,2,9,4200,0,1,2,,1,040,"US-101 SOUTHBOUND","ARROYO QUEMADA LN",1584.00,S,N,F,-,Y,,,101,,,,,,S,Y,4,0,1,1,A,-,08,22107,,N,F,A,A,A,H,-,A,D,0,,,Y,,Y,,C,02,0,0,1,0,0,0,0,0,1,"- ","- ",34.463588714599609,-120.09918212890625,"SANTA BARBARA",UNINCORPORATED,-120.09915924072266,34.463623046875
91302426,2020,2020-09-10,9760,2020-09-09,0850,015669,,3,1,9,4200,0,3,5,,2,002,"MODOC ROAD","ENCORE DR (EAST)",350.00,E,N,B,-,N,,,,,,,,,,N,2,0,1,1,A,-,03,22350,,N,H,A,A,A,H,-,A,D,0,,,,,Y,,M,91,1,0,0,0,0,0,0,0,0,"- ","- ",34.437789916992188,-119.76535034179688,"SANTA BARBARA",UNINCORPORATED,-119.765380859375,34.437755584716797
91304133,2020,2020-09-14,9760,2020-09-10,0615,014690,,4,1,9,4200,0,1,2,,2,010,"US-101 N/B",SR-150,1000.00,S,N,B,-,Y,,,101,,,,,,N,N,4,0,1,2,A,-,03,22350,,N,C,C,A,A,H,-,B,D,0,,,,,Y,,-,99,0,0,1,0,0,0,0,0,0,"- ","- ",34.38079833984375,-119.48198699951172,"SANTA BARBARA",UNINCORPORATED,-119.48198699951172,34.380802154541016
91304437,2020,2020-09-14,9750,2020-09-10,1634,017709,,4,2,9,4200,0,1,3,,1,011,SR-166,"BLACK ROAD",135.00,E,N,B,-,Y,,,166,,,,,,,Y,4,0,1,3,A,-,03,22350,,N,C,C,A,A,H,-,A,D,0,,,,,Y,,A,08,0,0,1,0,0,0,0,0,0,"- ","- ",34.955341339111328,-120.48915100097656,"SANTA BARBARA",UNINCORPORATED,-120.48915100097656,34.955322265625
91304995,2020,2020-09-15,9760,2020-09-04,1240,16739,,5,1,4,4214,0,1,2,,1,030,"US-101 S/B TO FAIRVIEW AVE.","FAIRVIEW AVE.",30.00,N,N,A,-,Y,,,101,,,,R,,S,Y,4,0,1,2,A,-,01,23152,F,N,C,C,A,A,H,-,A,A,0,,,,,Y,,A,01,0,0,1,0,0,0,0,0,0,"- ","- ",34.439170837402344,-119.83258056640625,"SANTA BARBARA",GOLETA,-119.83258056640625,34.439170837402344
91305021,2020,2020-09-15,9760,2020-09-10,0930,014690,,4,1,3,4205,0,1,2,,2,010,"US-101 N/B","SANTA MONICA RD",275.00,S,N,A,-,Y,,,101,,,,,,N,N,3,0,1,1,A,-,08,22107,,N,F,A,A,A,D,-,A,D,0,,,Y,,Y,,C,02,0,1,0,0,0,0,0,0,1,"- ","- ",34.403820037841797,-119.52902984619141,"SANTA BARBARA",CARPINTERIA,-119.52902221679688,34.403846740722656
91305521,2020,2020-09-16,9755,2020-09-11,0250,020323,,5,3,9,4200,0,1,3,,1,042,"SR-154 W/B","LIVE OAK RD",6864.00,W,N,A,-,Y,,,154,,,,,,W,Y,4,0,1,1,C,-,18,,,N,E,H,A,A,H,-,D,D,0,,,Y,,Y,,-,"- ",0,0,1,0,0,0,0,0,1,"- ","- ",34.548019409179688,-119.89939117431641,"SANTA BARBARA",UNINCORPORATED,-119.89937591552734,34.548099517822266
91307093,2020,2020-09-18,9750,2020-09-13,0915,017307,,7,1,5,4204,0,2,S,,2,714,"937 S. THORNBURG ST","STOWELL RD",195.00,N,N,A,-,N,,,,,,,,,,N,3,0,1,2,A,-,03,22350,,N,G,B,F,A,H,-,A,D,0,Y,,,,Y,,D,22,0,1,0,0,1,0,0,0,0,"- ","- ",34.939189910888672,-120.44053649902344,"SANTA BARBARA","SANTA MARIA",-120.44027709960938,34.939094543457031
91307680,2020,2020-09-21,9760,2020-09-14,1720,020483,,1,2,9,4200,0,1,3,,1,014,SR-150,"RINCON HILL RD.",800.00,E,N,A,-,Y,,,150,,,,,,,Y,3,0,1,1,A,-,03,22350,,N,F,A,A,A,H,-,A,D,0,,,Y,,Y,,C,02,0,1,0,0,0,0,0,0,1,"- ","- ",34.384521484375,-119.47306060791016,"SANTA BARBARA",UNINCORPORATED,-119.47306060791016,34.384544372558594
91308045,2020,2020-09-21,9750,2020-09-15,1555,015916,,2,2,9,4200,0,1,3,,1,022,"SR-1 S/B (CABRILLO HIGHWAY)","SAN ANTONIO ROAD EAST",1200.00,S,N,B,-,Y,,,1,,,,,,S,Y,4,0,1,1,A,-,08,22107,,N,F,A,A,A,H,-,A,D,0,,,,,Y,,A,01,0,0,1,0,0,0,0,0,0,"- ","- ",34.774650573730469,-120.49134063720703,"SANTA BARBARA",UNINCORPORATED,-120.49134063720703,34.774677276611328
91309272,2020,2020-09-22,9750,2020-09-14,1825,017709,,1,2,9,4200,0,2,4,,1,024,"LAKEVIEW ROAD","BRADLEY RD",193.00,W,N,B,-,N,,,,,,,,,,Y,3,0,1,3,A,-,01,23152,F,N,C,C,A,A,H,-,A,D,0,,,,,Y,,A,07,0,1,0,0,0,0,0,0,0,"- ","- ",34.89453125,-120.43418884277344,"SANTA BARBARA",UNINCORPORATED,-120.42375946044922,34.89453125
91309699,2020,2020-09-23,9750,2020-09-15,1515,015916,,2,2,9,4200,0,3,5,,2,020,"PATTERSON ROAD","GOODLAND STREET",100.00,W,N,A,-,N,,,,,,,,,,Y,4,0,1,4,A,-,08,22107,,N,B,E,A,A,H,-,A,D,0,,,,,Y,,A,01,0,0,1,0,0,0,0,0,0,"- ","- ",34.868541717529297,-120.42189788818359,"SANTA BARBARA",UNINCORPORATED,-120.42183685302734,34.868572235107422
91310125,2020,2020-09-23,9760,2020-09-18,1330,021621,,5,1,3,4205,0,1,2,,2,010,"US-101 S/B","LINDEN AVE",500.00,N,N,A,-,Y,,,101,,,,,,S,Y,3,0,1,3,A,-,03,22350,,N,C,C,A,A,H,-,A,D,0,,,,,Y,,A,07,0,1,0,0,0,0,0,0,0,"- ","- ",34.4022216796875,-119.52134704589844,"SANTA BARBARA",CARPINTERIA,-119.52135467529297,34.402202606201172
91312365,2020,2020-09-25,9755,2020-09-18,1851,017374,,5,2,9,4200,0,1,3,,2,041,SR-246,"REFUGIO RD.",0.00,,Y,A,-,Y,,,246,,,,,,,Y,4,0,2,2,D,-,00,,,N,A,C,A,A,H,-,A,A,0,,,,,Y,,-,"- ",0,0,2,0,0,0,0,0,0,"- ","- ",34.606620788574219,-120.09813690185547,"SANTA BARBARA",UNINCORPORATED,-120.09813690185547,34.606616973876953
91313852,2020,2020-10-14,9755,2020-09-26,0606,016988,,6,1,9,4200,0,1,3,,2,041,SR-246,"CASINO DRIVE",0.00,,Y,A,-,Y,,,246,,,,,,,Y,2,0,2,1,A,-,01,23152,A,N,E,I,A,A,H,-,C,A,0,,,,,Y,Y,A,07,2,0,0,0,0,0,0,0,0,"- ","- ",34.610080718994141,-120.08644866943359,"SANTA BARBARA",UNINCORPORATED,-120.08645629882812,34.610111236572266
91315108,2020,2020-09-30,9750,2020-09-04,1905,017496,,5,2,9,4200,0,3,5,,2,030,"DOMINION RD","PALMER RD",4224.00,W,N,A,-,N,,,,,,,,,,Y,1,1,0,1,A,-,08,22107,,N,F,A,A,A,H,-,A,D,0,,,,,Y,,D,22,0,0,0,0,0,0,0,0,0,"- ","- ",34.846149444580078,-120.32573699951172,"SANTA BARBARA",UNINCORPORATED,-120.3255615234375,34.846450805664062
9131579,2020,2020-10-13,4204,2020-07-19,0343,90880,10,7,5,5,4204,0,0,0,,0,002,"RUSSELL AV","BARRETT ST",10.00,S,N,A,-,N,,,,,,,,,,Y,3,0,2,4,A,-,08,22107,,N,C,E,A,A,H,-,C,D,0,,,,,Y,,A,01,0,2,0,0,0,0,0,0,0,"- ","- ",34.950298309326172,-120.45166015625,"SANTA BARBARA","SANTA MARIA",-120.45152282714844,34.950431823730469
9131583,2020,2020-10-05,4204,2020-07-19,1807,90343,,7,5,5,4204,0,0,0,,0,,"LEMON ST","CURRYER ST",0.00,,Y,A,-,N,,,,,,,,,,N,4,0,1,2,A," ",09,21800,A,N,D,C,A,A,H,-,A,D,0,,,,,Y,,D,22,0,0,1,0,0,0,0,0,0,"- ","- ",34.947921752929688,-120.44170379638672,"SANTA BARBARA","SANTA MARIA",-120.44151306152344,34.947769165039062
91315883,2020,2020-10-01,9755,2020-09-24,1200,021011,,4,1,9,4200,0,1,3,,1,053,"OCEAN AVENUE","FLORADALE AVENUE",2640.00,E,N,A,-,Y,,,,,,,,,,Y,3,0,2,1,D,-,00,,,N,F,A,A,A,H,-,A,D,0,,,,,Y,,-,"- ",0,1,1,0,0,0,0,0,0,"- ","- ",34.639389038085938,-120.49017333984375,"SANTA BARBARA",UNINCORPORATED,-120.48446655273438,34.639183044433594
91316123,2020,2020-10-01,9755,2020-09-25,0712,014820,,5,1,9,4200,0,3,5,,2,050,"OCEAN AVE","ARTESIA AVE",1056.00,E,N,A,-,N,,,,,,,,,,Y,4,0,1,1,A,-,08,22107,,N,E,I,A,A,H,-,A,D,0,,,,,Y,,A,01,0,0,1,0,0,0,0,0,0,"- ","- ",34.645519256591797,-120.52226257324219,"SANTA BARBARA",UNINCORPORATED,-120.52568054199219,34.646892547607422
91317954,2020,2020-10-05,9750,2020-10-01,0510,015915,,4,3,9,4200,0,1,2,,2,001,"US 101 N/B FROM CLARK AVENUE","CLARK AVENUE",200.00,N,N,A,-,Y,,,,,,,,,,Y,3,0,1,1,C,-,18,,,N,F,A,A,D,B,-,D,D,0,,,,,Y,,-,"- ",0,1,0,0,0,0,0,0,0,"- ","- ",34.866291046142578,-120.39618682861328,"SANTA BARBARA",UNINCORPORATED,-120.39639282226562,34.865852355957031
9131918,2020,2020-10-06,4201,2020-07-03,1052,6573,,5,5,2,4201,0,0,0,,0,051,"SANCHEZ DR","MILLS LN",117.00,W,N,A,-,N,,,,,,,,,,N,2,0,1,2,D,-,00,,,N,G,B,F,A,H,-,A,D,0,Y,,,,Y,,-,"- ",1,0,0,0,1,0,0,0,0,"- ","- ",,,"SANTA BARBARA",GUADALUPE,-120.57898712158203,34.959701538085938
91319201,2020,2020-10-07,9755,2020-09-26,1128,014820,,6,1,9,4200,0,3,5,,2,040,"FIGUEROA MOUNTAIN RD",SR-154,39072.00,N,N,A,-,N,,,,,,,,,,N,4,0,1,1,A,-,03,22350,,N,F,A,A,A,B,-,A,D,0,,Y,,,Y,,L,04,0,0,1,0,0,0,1,0,0,"- ","- ",34.737060546875,-120.06443786621094,"SANTA BARBARA",UNINCORPORATED,-120.06394195556641,34.735061645507812
91320106,2020,2020-10-08,9760,2020-10-02,1000,018431,,5,1,9,4200,0,1,3,,1,022,"SR-154 W/B TO SR-192",SR-192,15.00,E,N,A,-,Y,,,154,,,,R,,W,N,4,0,1,2,A,-,03,22350,,N,C,C,A,A,H,-,A,D,0,,,,,Y,,D,22,0,0,1,0,0,0,0,0,0,"- ","- ",34.451271057128906,-119.76155853271484,"SANTA BARBARA",UNINCORPORATED,-119.76155853271484,34.451271057128906
91321318,2020,2020-10-12,9760,2020-10-04,1230,019464,,7,1,9,4200,0,3,5,,2,001,"ORTEGA HILL ROAD","SHEFFIELD DRIVE",50.00,E,N,A,-,N,,,,,,,,,,N,2,0,1,1,A,-,17,21200,,N,F,A,A,A,C,-,A,D,0,,Y,,,Y,Y,L,04,1,0,0,0,0,0,1,0,0,"- ","- ",34.422210693359375,-119.61222076416016,"SANTA BARBARA",UNINCORPORATED,-119.61239624023438,34.422195434570312
91321774,2020,2020-10-12,9750,2020-10-02,2325,015514,,5,3,9,4200,0,3,5,,2,020,"SANDALWOOD DRIVE","DRIFTWOOD DRIVE",87.00,E,N,A,-,N,,,,,,,,,,Y,4,0,1,1,A,-,01,23152,A,N,E,I,A,A,H,-,C,D,0,,,,,Y,,A,01,0,0,1,0,0,0,0,0,0,"- ","- ",34.896560668945312,-120.48938751220703,"SANTA BARBARA",UNINCORPORATED,-120.48943328857422,34.896488189697266
9132178,2020,2020-10-20,4203,2020-07-19,1727,25594,16,7,5,5,4203,0,0,0,,0,006,"MIRAMONTE DR","VIA DEL CIELO",520.00,E,N,A,-,N,,,,,,,,,,N,2,0,1,1,B,-,22,,,N,H,G,A,A,H,-,A,D,0,,Y,,,Y,,L,04,1,0,0,0,0,0,1,0,0,"- ","- ",34.409938812255859,-119.70889282226562,"SANTA BARBARA","SANTA BARBARA",-119.70880126953125,34.409210205078125
9132180,2020,2020-10-20,4203,2020-07-22,1518,24576,62,3,5,5,4203,0,0,0,,0,001,"MILPAS ST","HALEY ST",85.00,S,N,A,-,N,,,,,,,,,,N,3,0,2,1,A,-,08,22107,,N,E,I,A,A,H,-,A,A,0,,,,,Y,,A,07,0,1,1,0,0,0,0,0,0,"- ","- ",34.426380157470703,-119.68537139892578,"SANTA BARBARA","SANTA BARBARA",-119.68516540527344,34.426197052001953
91322259,2020,2020-10-12,9760,2020-10-06,0738,014690,,2,1,3,4205,0,1,2,,2,010,"US-101 N/B","SANTA MONICA RD.",2640.00,N,N,A,-,Y,,,101,,,,,,N,N,4,0,1,4,A,-,04,21703,,N,C,C,A,A,D,-,A,D,0,,,,,Y,,A,01,0,0,1,0,0,0,0,0,0,"- ","- ",34.406021118164062,-119.54151153564453,"SANTA BARBARA",CARPINTERIA,-119.54151153564453,34.405967712402344
9132302,2020,2020-09-25,4200,2020-07-17,1937,3077,14,5,5,4,4214,0,0,0,,0,080,"HOLLISTER AV","CATHEDRAL OAKS RD",0.00,,Y,A,-,N,,,,,,,,,,Y,3,0,2,2,A,-,12,22450,A,N,D,C,A,A,H,-,A,A,0,,,,,Y,,A,01,0,2,0,0,0,0,0,0,0,"- ","- ",,,"SANTA BARBARA",GOLETA,-119.90637969970703,34.431171417236328
91324892,2020,2020-10-16,9760,2020-10-06,1530,015830,,2,2,5,4203,0,1,2,,2,011,"US-101 N/B","CARRILLO ST",510.00,N,N,A,-,Y,,,101,,,,,,N,Y,4,0,1,2,A,-,03,22350,,N,C,C,A,A,H,-,A,D,0,,,,Y,Y,,A,01,0,0,1,0,0,0,0,0,0,"- ","- ",34.417911529541016,-119.709716796875,"SANTA BARBARA","SANTA BARBARA",-119.70972442626953,34.417903900146484
91326078,2020,2020-10-19,9760,2020-10-16,1858,021621,,5,2,9,4200,0,1,2,,2,020,"US-101 N/B",SR-154,1200.00,N,N,A,-,Y,,,101,,,,,,N,Y,3,0,2,1,A,-,03,22350,,N,E,I,A,A,H,-,C,D,0,,,,,Y,,A,07,0,2,0,0,0,0,0,0,0,"- ","- ",34.441280364990234,-119.76931762695312,"SANTA BARBARA",UNINCORPORATED,-119.76934051513672,34.440998077392578