CASE_ID,ACCIDENT_YEAR,PROC_DATE,JURIS,COLLISION_DATE,COLLISION_TIME,OFFICER_ID,REPORTING_DISTRICT,DAY_OF_WEEK,CHP_SHIFT,POPULATION,CNTY_CITY_LOC,SPECIAL_COND,BEAT_TYPE,CHP_BEAT_TYPE,CITY_DIVISION_LAPD,CHP_BEAT_CLASS,BEAT_NUMBER,PRIMARY_RD,SECONDARY_RD,DISTANCE,DIRECTION,INTERSECTION,WEATHER_1,WEATHER_2,STATE_HWY_IND,CALTRANS_COUNTY,CALTRANS_DISTRICT,STATE_ROUTE,ROUTE_SUFFIX,POSTMILE_PREFIX,POSTMILE,LOCATION_TYPE,RAMP_INTERSECTION,SIDE_OF_HWY,TOW_AWAY,COLLISION_SEVERITY,NUMBER_KILLED,NUMBER_INJURED,PARTY_COUNT,PRIMARY_COLL_FACTOR,PCF_CODE_OF_VIOL,PCF_VIOL_CATEGORY,PCF_VIOLATION,PCF_VIOL_SUBSECTION,HIT_AND_RUN,TYPE_OF_COLLISION,MVIW,PED_ACTION,ROAD_SURFACE,ROAD_COND_1,ROAD_COND_2,LIGHTING,CONTROL_DEVICE,CHP_ROAD_TYPE,PEDESTRIAN_ACCIDENT,BICYCLE_ACCIDENT,MOTORCYCLE_ACCIDENT,TRUCK_ACCIDENT,NOT_PRIVATE_PROPERTY,ALCOHOL_INVOLVED,STWD_VEHTYPE_AT_FAULT,CHP_VEHTYPE_AT_FAULT,COUNT_SEVERE_INJ,COUNT_VISIBLE_INJ,COUNT_COMPLAINT_PAIN,COUNT_PED_KILLED,COUNT_PED_INJURED,COUNT_BICYCLIST_KILLED,COUNT_BICYCLIST_INJURED,COUNT_MC_KILLED,COUNT_MC_INJURED,PRIMARY_RAMP,SECONDARY_RAMP,LATITUDE,LONGITUDE,COUNTY,CITY,POINT_X,POINT_Y
91379825,2020,2021-01-04,9760,2020-11-06,1949,018786,,5,2,9,4200,0,1,2,,1,030,"US-101 NORTHBOUND","EL CAPITAN RANCH RD",4224.00,S,N,A,G,Y,,,101,,,,,,N,N,1,1,0,3,A,-,11,21954,A,M,G,B,E,A,H,-,D,D,0,Y,,,,Y,Y,N,60,0,0,0,1,0,0,0,0,0,"- ","- ",34.460269927978516,-119.99884796142578,"SANTA BARBARA",UNINCORPORATED,-119.99885559082031,34.460250854492188
9138057,2020,2020-08-26,4202,2020-06-05,1404,18864,LOMPO,5,5,4,4202,0,0,0,,0,,"N DE ALY","E PINE AV",0.00,,N,B,-,N,,,,,,,,,,N,3,0,1,2,A,-,12,22450,,N,D,G,A,A,H,-,A,D,0,,Y,,,Y,,L,04,0,1,0,0,0,0,1,0,0,"- ","- ",,,"SANTA BARBARA",LOMPOC,-120.45268249511719,34.650150299072266
91382620,2020,2021-01-06,9760,2020-12-29,1015,018019,,2,1,5,4203,0,1,2,,2,011,"US-101 N/B TO MISSION ST.","MISSION ST.",55.00,S,N,A,-,Y,,,101,,,,R,,N,Y,4,0,1,3,A,-,03,22350,,N,C,C,A,A,H,-,A,A,0,,,,,Y,,A,01,0,0,1,0,0,0,0,0,0,"- ","- ",34.425579071044922,-119.71980285644531,"SANTA BARBARA","SANTA BARBARA",-119.71980285644531,34.425579071044922
91382798,2020,2021-01-06,9755,2020-12-22,1500,016999,,2,2,9,4200,0,1,3,,1,051,"SR-1 S/B TO US-101 S/B","SR-1 OVER CROSSING",260.00,S,N,A,-,Y,,,1,,,,R,,S,Y,2,0,1,1,A,-,08,22107,,N,E,I,A,A,H,-,A,D,0,,,,,Y,,A,07,1,0,0,0,0,0,0,0,0,"- ","- ",34.508781433105469,-120.22669982910156,"SANTA BARBARA",UNINCORPORATED,-120.22669982910156,34.508781433105469
91383177,2020,2021-01-07,9750,2020-12-28,0815,016170,,1,1,9,4200,0,3,5,,2,020,"HARRIS GRADE RD",SR-135,10560.00,S,N,C,-,N,,,,,,,,,,Y,3,0,1,1,A,-,03,22350,,N,F,A,A,B,H,-,A,D,0,,,,,Y,,A,01,0,1,0,0,0,0,0,0,0,"- ","- ",34.744091033935547,-120.43881225585938,"SANTA BARBARA",UNINCORPORATED,-120.43856811523438,34.744415283203125
91386143,2021,2021-01-12,9750,2021-01-07,0100,016874,,4,3,9,4200,0,1,3,,1,064,SR166,"NEWSOME STREET",240.00,E,N,A,-,Y,,,166,,,,,,,Y,4,0,1,1,A,-,08,22107,,N,E,I,A,A,H,-,C,D,0,,,,,Y,,D,23,0,0,1,0,0,0,0,0,0,"- ","- ",34.946380615234375,-119.68199157714844,"SANTA BARBARA",UNINCORPORATED,-119.68202209472656,34.946186065673828
9138649,2020,2020-09-24,4202,2020-07-18,0859,15005,,6,5,4,4202,0,0,0,,0,4202,"CHESTNUT AV","E AIRPORT AV",0.00,,Y,A,-,N,,,,,,,,,,Y,4,0,1,2,A,-,09,21800,,N,B,C,A,A,H,-,A,A,0,,,Y,,Y,,A,01,0,0,1,0,0,0,0,0,1,"- ","- ",,,"SANTA BARBARA",LOMPOC,,
91388781,2021,2021-01-18,9750,2021-01-07,1532,019397,,4,2,9,4200,0,2,4,,1,024,"HUMMEL DR","FOSTER RD",0.00,,Y,A,-,N,,,,,,,,,,Y,4,0,1,2,A,-,09,21802,A,N,D,C,A,A,H,-,A,A,0,,,,,Y,,A,08,0,0,1,0,0,0,0,0,0,"- ","- ",34.883140563964844,-120.43135833740234,"SANTA BARBARA",UNINCORPORATED,-120.43138122558594,34.883037567138672
91389468,2021,2021-01-18,9750,2021-01-02,1200,016874,,6,1,9,4200,0,3,5,,2,030,"FOXEN CANYON RD","ALISOS CANYON RD",13200.00,N,N,A,-,N,,,,,,,,,,Y,3,0,3,2,A,-,08,22107,,N,F,A,A,A,H,-,A,D,0,,,Y,,Y,,C,02,0,1,2,0,0,0,0,0,1,"- ","- ",34.797950744628906,-120.18798828125,"SANTA BARBARA",UNINCORPORATED,-120.18811798095703,34.798076629638672
9139039,2020,2020-09-24,4202,2020-07-04,1844,292,,6,5,4,4202,0,0,0,,0,,"SEABREEZE WY","BARTON AV",66.00,S,N,A,-,N,,,,,,,,,,Y,2,0,1,2,A,-,03,22350,,N,A,E,A,A,H,-,A,A,0,,,Y,,Y,,C,02,1,0,0,0,0,0,0,0,1,"- ","- ",,,"SANTA BARBARA",LOMPOC,-120.46469116210938,34.657028198242188
91391446,2021,2021-01-20,9760,2021-01-16,1609,019464,,6,2,9,4200,0,3,5,,2,002,"TURNPIKE ROAD NORTHBOUND","US-101 S/B FROM TURNPIKE RD",40.00,S,N,A,-,N,,,,,,,,,,N,4,0,1,2,A,-,21,22106,,N,C,C,A,A,H,-,A,A,0,,,,,Y,,A,01,0,0,1,0,0,0,0,0,0,"- ","- ",34.441688537597656,-119.78929138183594,"SANTA BARBARA",UNINCORPORATED,-119.78942108154297,34.441551208496094
91392707,2021,2021-01-22,9760,2021-01-13,2005,020423,,3,2,3,4205,0,1,2,,2,010,"US-101 S/B","BAILARD AVE",1584.00,N,N,A,-,Y,,,101,,,,,,S,Y,3,0,1,1,A,-,08,22107,,N,E,I,A,A,H,-,D,D,0,,,,,Y,,A,01,0,1,0,0,0,0,0,0,0,"- ","- ",34.389900207519531,-119.50293731689453,"SANTA BARBARA",CARPINTERIA,-119.50296783447266,34.389823913574219
91393855,2021,2021-01-25,9750,2021-01-22,1240,016469,,5,1,9,4200,0,3,5,,2,020,"HARRIS GRADE RD",SR-135,7392.00,S,N,A,B,N,,,,,,,,,,Y,4,0,1,1,A,-,08,22107,,N,E,I,A,B,H,-,A,D,0,,,,,Y,,A,07,0,0,1,0,0,0,0,0,0,"- ","- ",34.749481201171875,-120.43553924560547,"SANTA BARBARA",UNINCORPORATED,-120.43422698974609,34.752021789550781
91395110,2021,2021-01-27,9755,2021-01-18,0140,020619,,1,3,9,4200,0,1,3,,1,051,"SR-1 N/B","ALAMO CREEK RD",3696.00,N,N,A,-,Y,,,1,,,,,,N,Y,4,0,1,1,A,-,08,22107,,N,F,A,A,A,H,-,D,D,0,,,,,Y,,A,01,0,0,1,0,0,0,0,0,0,"- ","- ",34.518730163574219,-120.32859802246094,"SANTA BARBARA",UNINCORPORATED,-120.32862091064453,34.518653869628906
9139872,2020,2020-10-20,4203,2020-08-04,0857,25819,,2,5,5,4203,0,0,0,,0,006,"WENTWORTH AV","ORTEGA ST",0.00,,Y,A,-,N,,,,,,,,,,Y,4,0,1,2,A,-,12,22450,A,F,C,C,A,A,H,-,A,A,0,,,,,Y,,A,01,0,0,1,0,0,0,0,0,0,"- ","- ",34.411128997802734,-119.69956970214844,"SANTA BARBARA","SANTA BARBARA",-119.70403289794922,34.413059234619141
9139874,2020,2020-10-20,4203,2020-08-05,1230,25596,56,3,5,5,4203,0,0,0,,0,005,"STATE ST","HOPE AV",55.00,E,N,A,-,N,,,,,,,,,,N,4,0,1,2,A,-,03,22350,,F,C,C,A,A,H,-,A,A,0,,,,,Y,Y,A,01,0,0,1,0,0,0,0,0,0,"- ","- ",34.440448760986328,-119.74671936035156,"SANTA BARBARA","SANTA BARBARA",-119.74653625488281,34.440479278564453
91398774,2021,2021-01-29,9750,2021-01-25,1215,015915,,1,1,9,4200,0,2,4,,1,024,"LARCH AVENUE","BRADLEY ROAD",0.00,,Y,B,-,N,,,,,,,,,,Y,3,0,1,2,A,-,09,21801,A,N,D,C,A,A,H,-,A,A,0,,,,Y,Y,,F,26,0,1,0,0,0,0,0,0,0,"- ","- ",34.886859893798828,-120.41886901855469,"SANTA BARBARA",UNINCORPORATED,-120.41864013671875,34.886844635009766
91398983,2021,2021-01-29,9755,2021-01-21,1300,017560,,4,1,9,4200,0,3,5,,2,050,"HARRIS GRADE ROAD","RUCKER ROAD",7920.00,N,N,A,-,N,,,,,,,,,,Y,4,0,1,1,A,-,01,23152,A,N,E,I,A,A,H,-,A,D,0,,,,,Y,Y,A,01,0,0,1,0,0,0,0,0,0,"- ","- ",34.730609893798828,-120.44345855712891,"SANTA BARBARA",UNINCORPORATED,-120.44260406494141,34.728233337402344
91399543,2021,2021-02-01,9760,2021-01-24,1450,021294,,7,2,9,4200,0,3,5,,2,001,"EVANS AVENUE","LILLIE AVENUE",10.00,S,N,A,-,N,,,,,,,,,,N,4,0,1,2,A,-,21,22106,,N,H,C,A,A,H,-,A,D,0,,,,,Y,,A,08,0,0,1,0,0,0,0,0,0,"- ","- ",34.421951293945312,-119.60153961181641,"SANTA BARBARA",UNINCORPORATED,-119.60143280029297,34.422054290771484
91401579,2021,2021-02-03,9750,2021-01-27,2350,015514,,3,3,9,4200,0,1,2,,2,002,"US-101 N/B","CLARK AVENUJE",4224.00,S,N,C,-,Y,,,101,,,,,,N,Y,4,0,1,2,A,-,03,22350,,N,C,C,A,B,H,-,D,D,0,,,,,Y,,A,01,0,0,1,0,0,0,0,0,0,"- ","- ",34.856010437011719,-120.38777160644531,"SANTA BARBARA",UNINCORPORATED,-120.38782501220703,34.855964660644531
91401689,2021,2021-03-10,9755,2021-01-27,0640,016058,,3,1,9,4200,0,1,2,,2,004,"US-1 S/B","OLD COAST HWY",350.00,S,N,B,C,Y,,,,,,,,,,Y,4,0,1,1,A,-,03,22350,,N,F,A,A,B,H,-,A,D,0,,,,,Y,,A,01,0,0,1,0,0,0,0,0,0,"- ","- ",34.545749664306641,-120.19377136230469,"SANTA BARBARA",UNINCORPORATED,,
9140241,2020,2020-09-02,4203,2020-06-29,1830,24076,17,1,5,5,4203,0,0,0,,0,006,"CLIFF DR","LA MARINA",0.00,,Y,A,-,N,,,225,,,,,,,,2,0,1,1,D,-,00,,,N,H,-,A,A,H,-,A,D,0,,Y,,,Y,Y,-,"- ",1,0,0,0,0,0,1,0,0,"- ","- ",34.402500152587891,-119.70800018310547,"SANTA BARBARA","SANTA BARBARA",-119.70810699462891,34.402675628662109
91405146,2021,2021-02-09,9750,2021-01-31,1245,016170,,7,1,9,4200,0,1,3,,1,021,"SR-1 S/B","GRACIOSA RD",5280.00,N,N,A,-,Y,,,1,,,,,,S,Y,3,0,1,1,A,-,01,23152,A,N,F,A,A,A,H,-,A,D,0,,,,,Y,Y,A,01,0,1,0,0,0,0,0,0,0,"- ","- ",34.825981140136719,-120.44991302490234,"SANTA BARBARA",UNINCORPORATED,-120.44988250732422,34.825977325439453
91405444,2021,2021-02-09,9750,2021-02-01,1650,015916,,1,2,9,4200,0,1,3,,1,022,"SR-1 S/B (CABRILLO HIGHWAY)","SAN ANTONIO ROAD WEST",930.00,N,N,A,-,Y,,,1,,,,,,S,Y,2,0,1,1,A,-,01,23152,A,N,F,A,A,A,H,-,A,D,0,,,,,Y,Y,A,01,1,0,0,0,0,0,0,0,0,"- ","- ",34.774929046630859,-120.49301910400391,"SANTA BARBARA",UNINCORPORATED,-120.49300384521484,34.774993896484375
91406744,2021,2021-02-11,9760,2021-02-03,2024,020757,,3,2,5,4203,0,1,2,,2,011,"US-101 S/B","CALLE CESAR CHAVEZ",690.00,N,N,A,-,Y,,,101,,,,,,S,Y,3,0,1,1,A,-,01,23152,F,N,E,I,A,A,H,-,C,D,0,,,,,Y,,A,01,0,1,0,0,0,0,0,0,0,"- ","- ",34.419509887695312,-119.68646240234375,"SANTA BARBARA","SANTA BARBARA",-119.68644714355469,34.419410705566406
91406768,2021,2021-02-11,9760,2021-02-05,2132,020965,,5,2,9,4200,0,1,2,,2,020,"US-101 N/B","TURNPIKE RD",1500.00,S,N,A,-,Y,,,101,,,,,,N,Y,4,0,1,2,A,-,03,22350,,N,C,C,A,A,H,-,D,D,0,,,,,Y,,A,01,0,0,1,0,0,0,0,0,0,"- ","- ",34.442180633544922,-119.78421020507812,"SANTA BARBARA",UNINCORPORATED,-119.78421020507812,34.442104339599609
91406956,2021,2021-02-11,9760,2021-02-10,1045,015669,,3,1,4,4214,0,1,2,,1,030,"US-101 S/B","FAIRVIEW AVE.",1056.00,N,N,A,-,Y,,,101,,,,,,S,N,4,0,1,3,A,-,07,21658,A,M,A,C,A,A,H,-,A,D,0,,,,,Y,,A,01,0,0,1,0,0,0,0,0,0,"- ","- ",34.439048767089844,-119.83737945556641,"SANTA BARBARA",GOLETA,-119.83737945556641,34.439010620117188
91407472,2021,2021-02-12,9760,2021-02-02,0455,022547,,2,3,3,4205,0,1,2,,2,010,"US-101 N/B","SANTA YNEZ O/C",77.00,S,N,A,-,Y,,,101,,,,,,N,Y,4,0,1,1,A,-,08,22107,,N,E,I,A,A,D,-,D,D,0,,,,Y,Y,,G,25,0,0,1,0,0,0,0,0,0,"- ","- ",34.403388977050781,-119.52628326416016,"SANTA BARBARA",CARPINTERIA,-119.52629089355469,34.403327941894531
91407680,2021,2021-02-12,9760,2021-02-11,1755,021621,,4,2,9,4200,0,3,5,,2,002,"TURNPIKE RD N/B","TURNPIKE RD TO US-101 S/B ON RAMP",25.00,S,N,A,-,Y,,,,,,,,,,N,4,0,1,2,A,-,03,22350,,N,C,C,A,A,H,-,C,A,0,,,,,Y,,A,01,0,0,1,0,0,0,0,0,0,"- ","- ",34.441730499267578,-119.78928375244141,"SANTA BARBARA",UNINCORPORATED,,
91408774,2021,2021-02-16,9760,2021-02-06,0935,018019,,6,1,9,4200,0,1,2,,2,010,"US-101 N/B (EL CAMINO REAL)","SOUTH PADARO LN.",2048.00,S,N,A,-,Y,,,101,,,,,,N,N,4,0,1,2,A,-,08,22107,,N,D,C,A,A,H,-,A,D,0,,,,,Y,,D,22,0,0,1,0,0,0,0,0,0,"- ","- ",34.407169342041016,-119.5477294921875,"SANTA BARBARA",UNINCORPORATED,-119.54773712158203,34.407154083251953
91409305,2021,2021-02-16,9760,2021-02-13,0240,020965,,6,3,3,4205,0,1,2,,2,010,"US-101 N/B","CASITAS PASS RD",820.00,N,N,A,-,Y,,,101,,,,,,N,Y,4,0,1,1,A,-,08,22107,,N,E,I,A,A,D,-,D,A,0,,,,,Y,,A,01,0,0,1,0,0,0,0,0,0,"- ","- ",34.398860931396484,-119.51291656494141,"SANTA BARBARA",CARPINTERIA,-119.51294708251953,34.398838043212891
9141094,2020,2020-10-13,4203,2020-08-20,1941,24580,,4,5,5,4203,0,0,0,,0,005,"STATE ST","N LA CUMBRE LN",400.00,E,N,A,-,N,,,,,,,,,,N,4,0,1,1,A,-,01,23152,F,N,E,I,A,A,H,-,A,A,0,,,,,Y,,A,01,0,0,1,0,0,0,0,0,0,"- ","- ",34.440498352050781,-119.74960327148438,"SANTA BARBARA","SANTA BARBARA",-119.74972534179688,34.44049072265625
91412963,2021,2021-02-22,9760,2021-02-15,0355,022228,,1,3,9,4200,0,1,2,,2,010,"US 101 NB","PADARO LN",20.00,N,N,A,-,Y,,,,,,,,,,Y,3,0,2,1,A,-,08,22107,,N,E,I,A,A,D,-,D,D,0,,,,,Y,,A,01,0,2,0,0,0,0,0,0,0,"- ","- ",34.416641235351562,-119.58277130126953,"SANTA BARBARA",UNINCORPORATED,-119.58249664306641,34.416652679443359
91413567,2021,2021-02-23,9760,2021-02-15,0400,022291,,1,3,9,4200,0,1,2,,2,010,"US-101 N/B","PADARO LN",123.00,N,N,A,-,Y,,,101,,,,,,N,Y,2,0,2,2,C,-,18,,,N,D,C,A,A,D,-,C,D,0,,,,Y,Y,,-,"- ",1,1,0,0,0,0,0,0,0,"- ","- ",34.416751861572266,-119.58313751220703,"SANTA BARBARA",UNINCORPORATED,-119.58313751220703,34.416755676269531
9141431,2020,2020-11-24,4204,2020-08-22,1130,91012,,6,5,5,4204,0,0,0,,0,003,"STOWELL RD","NICHOLSON AV",0.00,,Y,A,-,Y,SB,5,101,-,-,87.520,R,4,S,N,4,0,3,2,A,-,21,22106,,N,D,C,A,A,H,-,A,A,0,,,,,Y,,A,07,0,0,3,0,0,0,0,0,0,"- ","- ",34.938179016113281,-120.41616821289062,"SANTA BARBARA","SANTA MARIA",-120.41791534423828,34.937129974365234
91414389,2021,2021-02-24,9760,2021-02-15,0438,021531,,1,3,9,4200,0,1,3,,1,022,SR-154,"MARIA YGNACIA LN",7920.00,W,N,A,-,Y,,,154,,,,,,,Y,3,0,1,1,A,-,08,22107,,N,F,A,A,A,H,-,D,D,0,,,,,Y,,A,01,0,1,0,0,0,0,0,0,0,"- ","- ",34.483909606933594,-119.77822875976562,"SANTA BARBARA",UNINCORPORATED,-119.77822875976562,34.483963012695312
91418410,2021,2021-03-01,9760,2021-02-28,0230,020965,,7,3,5,4203,0,1,2,,2,011,"US-101 N/B TO CARRILLO ST.","CARRILLO ST",310.00,S,N,A,-,Y,,,101,,,,R,,N,Y,2,0,3,2,A,-,01,23152,A,N,C,C,A,A,H,-,D,D,0,,,,,Y,Y,A,01,1,2,0,0,0,0,0,0,0,"- ","- ",34.415988922119141,-119.70622253417969,"SANTA BARBARA","SANTA BARBARA",-119.70622253417969,34.415988922119141
9141916,2020,2020-09-21,4204,2020-08-08,0603,90880,13,6,5,5,4204,0,0,0,,0,002,"MAIN ST","PANTHER DR",20.00,W,N,B,-,N,,,,,,,,,,,3,0,3,2,A,-,08,22107,,N,D,C,A,A,H,-,A,A,0,,,,,Y,,A,07,0,2,1,0,0,0,0,0,0,"- ","- ",34.952579498291016,-120.40039825439453,"SANTA BARBARA","SANTA MARIA",-120.40043640136719,34.952739715576172
9141923,2020,2020-11-04,4200,2020-08-05,1442,3116,14,3,5,4,4214,0,0,0,,0,060,"LOS CARNEROS RD","RT 101",55.00,N,N,A,-,Y,SB,5,101,-,-,23.450,R,4,S,Y,4,0,1,2,A,-,03,22350,,N,C,C,A,A,H,-,A,A,0,,,,,Y,,A,01,0,0,1,0,0,0,0,0,0,"- ",SO,,,"SANTA BARBARA",GOLETA,-119.84832763671875,34.437824249267578
91419916,2021,2021-03-03,9760,2021-02-28,0600,018431,,7,1,9,4200,0,3,5,,2,002,"WEST CAMINO CIELO","KINEVAN RD.",4900.00,W,N,A,-,N,,,,,,,,,,Y,2,0,1,1,A,-,01,23152,A,N,E,I,A,A,H,-,D,D,0,,,,,Y,Y,D,22,1,0,0,0,0,0,0,0,0,"- ","- ",34.502761840820312,-119.82781982421875,"SANTA BARBARA",UNINCORPORATED,-119.82747650146484,34.502758026123047
91424120,2021,2021-03-10,9760,2021-03-01,0005,020908,,1,3,9,4200,0,1,3,,1,022,"SR-154 (SAN MARCOS PASS ROAD) W/B","STAGECOACH ROAD",300.00,W,N,A,-,Y,,,154,,,,,,W,N,4,0,1,2,A,-,03,22350,,N,C,C,A,A,H,-,D,D,0,,,,,Y,,D,22,0,0,1,0,0,0,0,0,0,"- ","- ",34.527149200439453,-119.83605194091797,"SANTA BARBARA",UNINCORPORATED,-119.83604431152344,34.52716064453125
91425564,2021,2021-03-11,9750,2021-03-04,0805,013267,,4,1,9,4200,0,1,3,,1,023,"RT 135","HARRIS GRADE ROAD",1100.00,N,N,A,-,Y,,,135,,,,,,,Y,4,0,1,1,A,-,08,22107,,N,E,I,A,A,H,-,A,D,0,,,,,Y,,A,01,0,0,1,0,0,0,0,0,0,"- ","- ",34.7681884765625,-120.42694091796875,"SANTA BARBARA",UNINCORPORATED,-120.42693328857422,34.768199920654297
91425585,2021,2021-03-11,9750,2021-01-19,2037,015514,,2,2,9,4200,0,3,5,,2,020,"GLEN CAIRON DRIVE","CHERRY AVENUE",250.00,E,N,A,-,N,,,,,,,,,,Y,3,0,1,2,A,-,21,22106,,F,G,B,E,A,H,-,C,D,0,Y,,,,Y,Y,D,22,0,1,0,0,1,0,0,0,0,"- ","- ",34.870201110839844,-120.42635345458984,"SANTA BARBARA",UNINCORPORATED,-120.42639923095703,34.870208740234375
91426991,2021,2021-03-15,9760,2021-03-03,0035,021531,,3,3,9,4200,0,3,5,,2,003,"GLEN ANNIE ROAD","SCE POWERLN SERVICE RD",100.00,S,N,A,-,N,,,,,,,,,,Y,3,0,1,1,A,-,08,22107,,N,E,I,A,A,H,-,D,D,0,,,,,Y,,A,01,0,1,0,0,0,0,0,0,0,"- ","- ",34.465740203857422,-119.88121032714844,"SANTA BARBARA",UNINCORPORATED,,
9142878,2020,2020-10-10,4200,2020-08-16,1636,3116,14,7,5,4,4214,0,0,0,,0,060,"PINE AV","THORNWOOD DR",232.00,N,N,A,-,N,,,,,,,,,,Y,3,0,2,2,A,-,01,23152,A,N,C,E,A,A,H,-,A,D,0,,,,,Y,Y,A,01,0,2,0,0,0,0,0,0,0,"- ","- ",,,"SANTA BARBARA",GOLETA,-119.82645416259766,34.431064605712891
91429025,2021,2021-03-17,9760,2021-03-06,2307,021531,,6,3,9,4200,0,3,5,,2,002,"CALLE REAL","ORCHARD PARK LANE",300.00,W,N,A,-,N,,,,,,,,,,Y,2,0,3,4,A,-,01,23152,A,N,C,C,A,A,H,-,C,D,0,,,,,Y,Y,D,22,1,0,2,0,0,0,0,0,0,"- ","- ",34.443099975585938,-119.81092834472656,"SANTA BARBARA",UNINCORPORATED,-119.81086730957031,34.443225860595703
91429125,2021,2021-03-17,9760,2021-03-12,0200,021061,,5,3,5,4203,0,1,2,,2,011,"US-101 N/B","HALEY ST",123.00,N,N,A,-,Y,,,101,,,,,,N,Y,3,0,2,1,A,-,01,23152,A,F,E,I,A,A,H,-,C,D,0,,,,,Y,Y,A,07,0,1,1,0,0,0,0,0,0,"- ","- ",34.412521362304688,-119.70070648193359,"SANTA BARBARA","SANTA BARBARA",-119.70073699951172,34.412342071533203
91429556,2021,2021-03-17,9750,2021-03-14,1220,015915,,7,1,9,4200,0,3,5,,2,020,"VIA DEL CARMEL","DON RICARDO PL",96.00,W,N,A,-,N,,,,,,,,,,N,2,0,1,2,A,-,05,21650,,N,H,G,A,A,H,-,A,D,0,,Y,,,Y,,L,04,1,0,0,0,0,0,1,0,0,"- ","- ",34.857349395751953,-120.41309356689453,"SANTA BARBARA",UNINCORPORATED,-120.41300201416016,34.85736083984375
91429895,2021,2021-03-18,9760,2021-03-17,0620,018019,,3,1,9,4200,0,3,5,,2,002,"PATTERSON AVE.","CATHEDRAL OAKS RD",0.00,,Y,A,-,N,,,,,,,,,,Y,4,0,1,2,A,-,17,21451,A,N,D,C,A,A,H,-,B,D,0,,,,,Y,,A,07,0,0,1,0,0,0,0,0,0,"- ","- ",34.453090667724609,-119.80815124511719,"SANTA BARBARA",UNINCORPORATED,-119.80819702148438,34.453025817871094
91434604,2021,2021-03-25,9755,2021-03-14,1630,017255,,7,2,9,4200,0,1,3,,2,041,"SR-246 E/B","RIVERVIEW DRIVE",4752.00,W,N,B,-,Y,,,246,,,,,,E,Y,2,0,1,1,A,-,08,22107,,N,E,I,A,A,H,-,A,D,0,,,,,Y,,A,01,1,0,0,0,0,0,0,0,0,"- ","- ",34.624259948730469,-120.22292327880859,"SANTA BARBARA",UNINCORPORATED,-120.22292327880859,34.624111175537109
9143790,2020,2020-10-13,4200,2020-08-18,0730,3116,14,2,5,4,4214,0,0,0,,0,050,"FAIRVIEW AV","BERKELEY RD",0.00,,Y,A,-,N,,,,,,,,,,N,4,0,1,2,A,-,17,21451,A,N,H,G,A,A,H,-,A,A,0,,Y,,,Y,,A,01,0,0,1,0,0,0,1,0,0,"- ","- ",,,"SANTA BARBARA",GOLETA,-119.83065795898438,34.446220397949219
91437942,2021,2021-03-29,9760,2021-03-20,2300,020908,,6,3,9,4200,0,3,5,,2,005,"DEL PLAYA DRIVE","CAMINO DEL SUR",175.00,E,N,A,-,N,,,,,,,,,,N,3,0,1,2,A,-,11,21954,A,F,G,B,E,A,H,-,C,D,0,Y,,,,Y,Y,N,60,0,1,0,0,1,0,0,0,0,"- ","- ",34.409751892089844,-119.86196136474609,"SANTA BARBARA",UNINCORPORATED,-119.86200714111328,34.409767150878906
91438555,2021,2021-03-29,9760,2021-03-19,0115,021061,,5,3,9,4200,0,1,2,,2,010,"US-101 N/B","EVANS AVE",2154.00,N,N,A,-,Y,,,101,,,,,,N,Y,4,0,1,1,A,-,01,23152,A,N,E,I,A,A,D,-,C,D,0,,,,,Y,Y,A,01,0,0,1,0,0,0,0,0,0,"- ","- ",34.421211242675781,-119.60884857177734,"SANTA BARBARA",UNINCORPORATED,-119.60887145996094,34.421115875244141
91439756,2021,2021-03-30,9750,2021-03-20,1230,016170,,6,1,9,4200,0,3,5,,2,030,"FOXEN CYN RD","SANTA MARIA MESA RD",1056.00,W,N,A,-,N,,,,,,,,,,N,4,0,1,1,A,-,03,22350,,N,F,A,A,A,H,-,A,D,0,,,Y,,Y,,C,02,0,0,1,0,0,0,0,0,1,"- ","- ",34.900970458984375,-120.31635284423828,"SANTA BARBARA",UNINCORPORATED,-120.3155517578125,34.898525238037109
91440923,2021,2021-04-01,9750,2021-03-25,1700,017616,,4,2,9,4200,0,1,2,,2,002,"US-101 N/B","UNION OIL",3168.00,S,N,A,-,Y,,,101,,,,,,N,Y,3,0,1,2,A,-,08,22107,,N,B,C,A,A,H,-,A,D,0,,,,Y,Y,,D,22,0,1,0,0,0,0,0,0,0,"- ","- ",34.836929321289062,-120.37087249755859,"SANTA BARBARA",UNINCORPORATED,-120.37088775634766,34.8369140625
91441822,2021,2021-04-02,9760,2021-03-25,2010,020423,,4,2,3,4205,0,1,2,,2,010,"US-101 N/B","SOUTH PADARO LN",750.00,S,N,A,-,Y,,,,,,,,,,Y,3,0,1,1,A,-,08,22107,,N,E,I,A,A,H,-,D,D,0,,,,,Y,,A,01,0,1,0,0,0,0,0,0,0,"- ","- ",34.409549713134766,-119.55095672607422,"SANTA BARBARA",CARPINTERIA,-119.58242797851562,34.416641235351562