CASE_ID,ACCIDENT_YEAR,PROC_DATE,JURIS,COLLISION_DATE,COLLISION_TIME,OFFICER_ID,REPORTING_DISTRICT,DAY_OF_WEEK,CHP_SHIFT,POPULATION,CNTY_CITY_LOC,SPECIAL_COND,BEAT_TYPE,CHP_BEAT_TYPE,CITY_DIVISION_LAPD,CHP_BEAT_CLASS,BEAT_NUMBER,PRIMARY_RD,SECONDARY_RD,DISTANCE,DIRECTION,INTERSECTION,WEATHER_1,WEATHER_2,STATE_HWY_IND,CALTRANS_COUNTY,CALTRANS_DISTRICT,STATE_ROUTE,ROUTE_SUFFIX,POSTMILE_PREFIX,POSTMILE,LOCATION_TYPE,RAMP_INTERSECTION,SIDE_OF_HWY,TOW_AWAY,COLLISION_SEVERITY,NUMBER_KILLED,NUMBER_INJURED,PARTY_COUNT,PRIMARY_COLL_FACTOR,PCF_CODE_OF_VIOL,PCF_VIOL_CATEGORY,PCF_VIOLATION,PCF_VIOL_SUBSECTION,HIT_AND_RUN,TYPE_OF_COLLISION,MVIW,PED_ACTION,ROAD_SURFACE,ROAD_COND_1,ROAD_COND_2,LIGHTING,CONTROL_DEVICE,CHP_ROAD_TYPE,PEDESTRIAN_ACCIDENT,BICYCLE_ACCIDENT,MOTORCYCLE_ACCIDENT,TRUCK_ACCIDENT,NOT_PRIVATE_PROPERTY,ALCOHOL_INVOLVED,STWD_VEHTYPE_AT_FAULT,CHP_VEHTYPE_AT_FAULT,COUNT_SEVERE_INJ,COUNT_VISIBLE_INJ,COUNT_COMPLAINT_PAIN,COUNT_PED_KILLED,COUNT_PED_INJURED,COUNT_BICYCLIST_KILLED,COUNT_BICYCLIST_INJURED,COUNT_MC_KILLED,COUNT_MC_INJURED,PRIMARY_RAMP,SECONDARY_RAMP,LATITUDE,LONGITUDE,COUNTY,CITY,POINT_X,POINT_Y
9155099,2020,2020-11-25,4203,2020-09-12,1745,24580,,6,5,5,4203,0,0,0,,0,005,"CALLE REAL","LAS POSITAS RD",91.00,W,N,B,-,N,,,,,,,,,,Y,3,0,2,2,A,-,03,22350,,N,C,C,A,A,H,-,A,A,0,,,,,Y,,A,01,0,2,0,0,0,0,0,0,0,"- ","- ",34.428600311279297,-119.73429870605469,"SANTA BARBARA","SANTA BARBARA",-119.73403930664062,34.428558349609375
91551711,2021,2021-08-23,9760,2021-08-18,0620,016739,,3,1,9,4200,0,1,3,,1,022,"SR-154 (SAN MARCOS PASS RD.)","E. CAMINO CIELO",2640.00,W,N,E,-,Y,,,154,,,,,,,Y,3,0,1,1,A,-,03,22350,,N,E,I,A,B,H,-,A,D,0,,,,,Y,,A,01,0,1,0,0,0,0,0,0,0,"- ","- ",34.515338897705078,-119.82775115966797,"SANTA BARBARA",UNINCORPORATED,-119.82770538330078,34.515438079833984
91553665,2021,2021-09-20,9760,2021-08-16,2225,022181,,1,3,5,4203,0,1,2,,2,011,"US-101 NB TO CARRILLO ST.","CARRILLO STREET",50.00,S,N,A,-,Y,,,101,,,,R,,N,N,3,0,1,3,A,-,03,22350,,M,C,C,A,A,H,-,C,A,0,,,,,Y,,D,22,0,1,0,0,0,0,0,0,0,"- ","- ",34.416488647460938,-119.70684051513672,"SANTA BARBARA","SANTA BARBARA",-119.70684051513672,34.416488647460938
91556759,2021,2021-08-27,9760,2021-08-20,1405,021061,,5,2,9,4200,0,3,5,,2,001,"VIA REAL","S. PADARO LN.",1540.00,W,N,A,-,N,,,,,,,,,,Y,3,0,2,2,A,-,09,21804,A,N,D,C,A,A,H,-,A,D,0,,,,,Y,,A,01,0,2,0,0,0,0,0,0,0,"- ","- ",34.413928985595703,-119.55660247802734,"SANTA BARBARA",UNINCORPORATED,-119.58787536621094,34.417678833007812
91556950,2021,2021-08-27,9750,2021-08-20,1355,016874,,5,1,9,4200,0,1,3,,1,021,"SR-135 S/B (ORCUTT EXPRESSWAY)","FOSTER ROAD",35.00,N,N,A,-,Y,,,135,,,,,,S,N,4,0,1,2,A,-,21,22106,,N,C,C,A,A,H,-,A,A,0,,,,,Y,,D,22,0,0,1,0,0,0,0,0,0,"- ","- ",34.883220672607422,-120.43672943115234,"SANTA BARBARA",UNINCORPORATED,-120.43666076660156,34.883220672607422
91561077,2021,2021-09-02,9750,2021-08-23,1315,015916,,1,1,9,4200,0,2,4,,1,024,"BRADLEY ROAD","LARCH AVENUE",0.00,,Y,A,-,N,,,,,,,,,,N,3,0,1,2,A,-,03,22350,,N,H,G,A,A,H,-,A,A,0,,Y,,,Y,,L,04,0,1,0,0,0,0,1,0,0,"- ","- ",34.886768341064453,-120.41880035400391,"SANTA BARBARA",UNINCORPORATED,-120.41864013671875,34.886844635009766
9156173,2020,2020-11-23,4204,2020-09-08,1550,90139,,2,5,5,4204,0,0,0,,0,,"MORRISON AV","SMITH ST",0.00,,Y,A,-,N,,,,,,,,,,,3,0,3,2,A,-,09,21804,A,N,D,C,A,A,H,-,A,D,0,,,,,Y,,A,07,0,1,2,0,0,0,0,0,0,"- ","- ",34.943328857421875,-120.44248199462891,"SANTA BARBARA","SANTA MARIA",-120.44264984130859,34.943199157714844
91562303,2021,2021-09-03,9760,2021-08-31,1405,020752,,2,2,9,4200,0,3,5,,2,002,"SOUTH TURNPIKE ROAD","US-101 NORTHBOUND FROM TURNPIKE ROAD",50.00,S,N,A,-,Y,,,,,,,,,,N,3,0,1,2,A,-,01,23152,A,N,C,C,A,A,H,-,A,A,0,,,,,Y,,A,01,0,1,0,0,0,0,0,0,0,"- ","- ",34.442798614501953,-119.789306640625,"SANTA BARBARA",UNINCORPORATED,-119.78942108154297,34.441413879394531
9156395,2020,2021-01-20,4203,2020-09-16,1136,25605,17,3,5,5,4203,0,0,0,,0,006,"SHORELINE DR","LA MARINA DR",380.00,E,N,B,-,N,,,,,,,,,,N,4,0,1,2,A,-,03,22350,,N,C,C,A,A,H,-,A,A,0,,,,,Y,,A,07,0,0,1,0,0,0,0,0,0,"- ","- ",34.399219512939453,-119.70323181152344,"SANTA BARBARA","SANTA BARBARA",-119.70245361328125,34.400150299072266
9156438,2020,2020-11-24,4203,2020-09-17,1659,25317,21,4,5,5,4203,0,0,0,,0,006,"W CARRILLO ST","SAN PASCUAL ST",83.00,E,N,A,-,N,,,,,,,,,,N,3,0,1,2,D,-,00,,,F,G,B,F,A,H,-,A,D,0,Y,,,,Y,,-,"- ",0,1,0,0,1,0,0,0,0,"- ","- ",34.415298461914062,-119.70890045166016,"SANTA BARBARA","SANTA BARBARA",-119.7088623046875,34.415256500244141
9156440,2020,2020-11-24,4203,2020-09-19,2218,24582,5,6,5,5,4203,0,0,0,,0,005,"CHAPALA ST","W LOS OLIVOS ST",0.00,,Y,A,-,N,,,,,,,,,,Y,4,0,2,2,A,-,01,23152,A,F,D,C,A,A,H,-,D,A,0,,,Y,,Y,Y,C,06,0,0,2,0,0,0,0,0,0,"- ","- ",34.431640625,-119.71839904785156,"SANTA BARBARA","SANTA BARBARA",-119.71836853027344,34.431648254394531
91567171,2021,2021-09-10,9760,2021-09-04,2240,021294,,6,3,9,4200,0,1,2,,1,040,"US-101 NB","GAVIOTA BEACH RD.",1932.00,S,N,A,-,Y,,,101,,,,,,N,Y,3,0,2,1,A,-,08,22107,,N,E,I,A,A,H,-,D,D,0,,,,,Y,,A,07,0,2,0,0,0,0,0,0,0,"- ","- ",34.473690032958984,-120.22470855712891,"SANTA BARBARA",UNINCORPORATED,-120.22472381591797,34.4736328125
91574058,2021,2021-09-20,9760,2021-09-12,1930,020965,,7,2,5,4203,0,1,2,,2,020,"US-101 S/B FROM LA CUMBRE RD","LA CUMBRE RD",620.00,S,N,A,-,Y,,,101,,,,R,,S,Y,3,0,1,2,A,-,03,22350,,N,C,C,A,A,H,-,D,D,0,,,,,Y,,A,01,0,1,0,0,0,0,0,0,0,"- ","- ",34.435081481933594,-119.75002288818359,"SANTA BARBARA","SANTA BARBARA",-119.75002288818359,34.435081481933594
91574890,2021,2021-09-20,9760,2021-09-14,1530,018786,,2,2,9,4200,0,3,5,,2,002,"CAMINO CORTO","ESTERO RD",100.00,S,N,A,-,N,,,,,,,,,,N,2,0,1,2,A,-,09,21804,A,N,D,G,A,A,H,-,A,D,0,,Y,,,Y,,L,04,1,0,0,0,0,0,1,0,0,"- ","- ",34.413238525390625,-119.86637115478516,"SANTA BARBARA",UNINCORPORATED,-119.86642456054688,34.413326263427734
91575490,2021,2021-09-21,9760,2021-09-17,1240,018019,,5,1,9,4200,0,1,2,,2,010,"US-101 (EL CAMINO REAL)","SAN YSIDRO RD.",533.00,S,N,A,-,Y,,,101,,,,,,,N,4,0,1,2,A,-,03,22350,,N,C,C,A,A,H,-,A,D,0,,,,,Y,,A,01,0,0,1,0,0,0,0,0,0,"- ","- ",34.421848297119141,-119.62979125976562,"SANTA BARBARA",UNINCORPORATED,-119.62980651855469,34.421798706054688
91576491,2021,2021-09-22,9755,2021-09-15,0005,020757,,3,3,9,4200,0,1,2,,2,004,"US-101 S/B","SANTA ROSA RD",7603.00,S,N,A,-,Y,,,101,,,,,,S,Y,4,0,1,1,A,-,08,22107,,N,E,J,A,A,H,-,D,D,0,,,,,Y,Y,A,01,0,0,1,0,0,0,0,0,0,"- ","- ",34.583339691162109,-120.19377899169922,"SANTA BARBARA",UNINCORPORATED,-120.19371795654297,34.583305358886719
91576729,2021,2021-09-22,9755,2021-09-20,0846,019292,,1,1,9,4200,0,1,3,,1,042,SR-154,"ARMOUR RANCH RD",2112.00,E,N,A,-,Y,,,154,,,,,,,Y,3,0,1,1,A,-,08,22107,,N,E,I,A,A,H,-,A,D,0,,,,,Y,,A,01,0,1,0,0,0,0,0,0,0,"- ","- ",34.587760925292969,-120.02374267578125,"SANTA BARBARA",UNINCORPORATED,-120.02375030517578,34.587886810302734
9157689,2020,2020-12-01,4204,2020-09-23,2004,90272,,3,5,5,4204,0,0,0,,0,002,BROADWAY,"CHAPEL ST",0.00,,Y,A,-,N,,,135,,,,,,,,4,0,2,2,A,-,03,22350,,M,C,C,A,A,H,-,C,D,0,,,,,Y,,A,01,0,0,2,0,0,0,0,0,0,"- ","- ",34.953151702880859,-120.43541717529297,"SANTA BARBARA","SANTA MARIA",-120.43580627441406,34.953163146972656
9157691,2020,2020-12-01,4204,2020-09-21,1824,90970,75,1,5,5,4204,0,0,0,,0,003,BROADWAY,"INGER DR",0.00,,Y,A,-,N,,,135,,,,,,,,4,0,2,2,A,-,09,21802,A,N,B,C,A,A,H,-,A,A,0,,,,,Y,,A,01,0,0,2,0,0,0,0,0,0,"- ","- ",34.926628112792969,-120.43598937988281,"SANTA BARBARA","SANTA MARIA",-120.43594360351562,34.926631927490234
91577255,2021,2021-09-23,9750,2021-09-20,2130,017307,,1,2,9,4200,0,1,3,,1,012,"SR-1 (CABRILLO HIGHWAY)","BLACK RD",13728.00,N,N,A,-,N,,,1,,,,,,,Y,2,0,2,1,A,-,08,22107,,N,F,A,A,A,H,-,D,D,0,,,,,Y,,A,07,2,0,0,0,0,0,0,0,0,"- ","- ",34.903831481933594,-120.53533172607422,"SANTA BARBARA",UNINCORPORATED,-120.53533935546875,34.903812408447266
91578992,2021,2021-09-24,9750,2021-09-19,1100,017705,,7,1,9,4200,0,3,5,,2,020,"ORCUTT HILL ROAD","E. RICE RANCH ROAD",1000.00,S,N,A,-,N,,,,,,,,,,N,3,0,1,1,A,-,08,22107,,N,E,I,A,A,H,-,A,D,0,,,Y,,Y,,C,02,0,1,0,0,0,0,0,0,1,"- ","- ",34.850090026855469,-120.42429351806641,"SANTA BARBARA",UNINCORPORATED,-120.428044,34.855497
9157943,2020,2020-12-16,4203,2020-10-07,1928,25317,14,3,5,5,4203,0,0,0,,0,002,"W MONTECITO ST","RANCHERIA ST",0.00,,Y,A,-,N,,,,,,,,,,N,3,0,1,2,A,-,10,21950,A,N,G,B,B,A,H,-,C,A,0,Y,,,,Y,,A,01,0,1,0,0,1,0,0,0,0,"- ","- ",34.409698486328125,-119.69860076904297,"SANTA BARBARA","SANTA BARBARA",-119.69854736328125,34.409660339355469
9157945,2020,2020-12-16,4203,2020-10-07,2108,23768,44,3,5,5,4203,0,0,0,,0,003,"COTA ST","LAGUNA ST",0.00,,Y,A,-,N,,,,,,,,,,N,4,0,1,2,D,-,00,,,N,H,G,A,A,H,-,C,A,0,,Y,,,Y,,-,"- ",0,0,1,0,0,0,1,0,0,"- ","- ",34.422000885009766,-119.69226837158203,"SANTA BARBARA","SANTA BARBARA",-119.69225311279297,34.422008514404297
91580127,2021,2021-09-27,9750,2021-05-31,1550,019397,,1,2,9,4200,0,3,5,,2,020,"BELL STREET","CAT CANYON ROAD",703.00,S,N,A,-,N,,,,,,,,,,Y,1,1,0,2,A,-,09,21804,A,N,D,C,A,A,H,-,A,D,0,,,Y,,Y,,A,01,0,0,0,0,0,0,0,1,0,"- ","- ",34.753311157226562,-120.29390716552734,"SANTA BARBARA",UNINCORPORATED,-120.29389190673828,34.753353118896484
91583030,2021,2021-09-29,9750,2021-09-12,1305,015514,,7,1,9,4200,0,3,5,,2,030,"MAIN STREET","DRESSLER AVE",3696.00,E,N,B,-,N,,,,,,,,,,Y,3,0,2,1,A,-,08,22107,,N,F,A,A,A,H,-,A,D,0,,,,Y,Y,,F,26,0,2,0,0,0,0,0,0,0,"- ","- ",34.952541351318359,-120.38369750976562,"SANTA BARBARA",UNINCORPORATED,-120.38359832763672,34.952594757080078
91583106,2021,2021-09-29,9755,2021-09-19,1627,018483,,7,2,9,4200,0,1,3,,2,041,SR-246,"MEADOWLARK ROAD",0.00,,Y,A,-,Y,,,246,,,,,,,Y,2,0,2,2,A,-,05,21752,D,N,B,D,A,A,H,-,A,A,0,,,Y,,Y,,C,02,1,0,1,0,0,0,0,0,2,"- ","- ",34.610591888427734,-120.06221008300781,"SANTA BARBARA",UNINCORPORATED,-120.06221008300781,34.610610961914062
91586697,2021,2021-10-04,9760,2021-09-26,1550,021283,,7,2,3,4205,0,1,2,,2,010,"US-101 N/B","SANTA YNEZ AVE.",1003.00,N,N,A,-,Y,,,101,,,,,,N,Y,3,0,4,4,A,-,03,22350,,N,C,C,A,A,D,-,A,D,0,,,,,Y,,D,22,0,2,2,0,0,0,0,0,0,"- ","- ",34.40338134765625,-119.52667236328125,"SANTA BARBARA",CARPINTERIA,-119.52666473388672,34.403400421142578
91587366,2021,2021-10-04,9760,2021-09-25,1047,018431,,6,1,9,4200,0,3,5,,2,002,"NOGAL DR.","NUECES DR.",0.00,,Y,B,-,N,,,,,,,,,,N,3,0,1,2,D,-,00,,,N,D,G,A,A,H,-,A,A,0,,Y,,,Y,,-,"- ",0,1,0,0,0,0,1,0,0,"- ","- ",34.436290740966797,-119.77111053466797,"SANTA BARBARA",UNINCORPORATED,-119.7711181640625,34.436321258544922
9158923,2020,2020-12-22,4203,2020-10-01,0813,24576,33,4,5,5,4203,0,0,0,,0,004,"MICHELTORENA ST","DE LA VINA ST",16.00,E,N,A,-,N,,,,,,,,,,Y,3,0,1,2,A,-,10,21950,A,N,G,B,B,-,H,-,A,A,0,Y,,,,Y,,D,22,0,1,0,0,1,0,0,0,0,"- ","- ",34.424049377441406,-119.71064758300781,"SANTA BARBARA","SANTA BARBARA",-119.71052551269531,34.424083709716797
9158927,2020,2020-11-16,4203,2020-09-30,0418,7897,,3,5,5,4203,0,0,0,,0,003,"E VICTORIA ST","GARDEN ST",209.00,W,N,A,-,N,,,,,,,,,,Y,3,0,1,4,-,-,"- ",,,N,B,E,A,-,H,-,D,A,0,,,,,Y,,A,01,0,1,0,0,0,0,0,0,0,"- ","- ",34.4273681640625,-119.70237731933594,"SANTA BARBARA","SANTA BARBARA",-119.70284271240234,34.427028656005859
91589453,2021,2021-10-06,9760,2021-10-04,0735,015669,,1,1,3,4205,0,1,2,,2,010,"US-101 N/B","BAILARD AVENUE",1584.00,S,N,A,-,Y,,,101,,,,,,N,N,4,0,1,2,A,-,03,22350,,N,C,C,A,A,H,-,A,D,0,,,,,Y,,A,01,0,0,1,0,0,0,0,0,0,"- ","- ",34.385189056396484,-119.48770904541016,"SANTA BARBARA",CARPINTERIA,-119.48770904541016,34.385185241699219
91589740,2021,2021-10-06,9750,2021-09-26,1435,017709,,7,2,9,4200,0,1,3,,1,064,SR-166,"ALISO CANYON RD",9504.00,W,N,A,-,Y,,,166,,,,,,,Y,3,0,2,2,A,-,08,22107,,N,B,C,A,A,H,-,A,D,0,,,,,Y,,A,01,0,1,1,0,0,0,0,0,0,"- ","- ",34.976871490478516,-119.75682830810547,"SANTA BARBARA",UNINCORPORATED,-119.7568359375,34.976860046386719
91589795,2021,2021-10-06,9750,2021-09-12,1036,015514,,7,1,9,4200,0,1,2,,2,001,"US-101 N/B FROM CLARK AVE","CLARK AVENUE",144.00,N,N,B,-,Y,,,101,,,,R,,N,Y,2,0,1,1,C,-,18,,,N,H,C,A,A,H,-,A,D,0,,,,,Y,,-,"- ",1,0,0,0,0,0,0,0,0,"- ","- ",34.865879058837891,-120.39563751220703,"SANTA BARBARA",UNINCORPORATED,-120.39563751220703,34.865879058837891
9159316,2020,2020-12-04,4204,2020-09-30,1830,90375,10,3,5,5,4204,0,0,0,,0,002,"COOK ST","RUSSELL AV",0.00,,Y,A,-,N,,,,,,,,,,Y,4,0,3,2,-,-,"- ",,A,N,D,C,A,A,H,-,A,A,0,,,,,Y,,A,01,0,0,3,0,0,0,0,0,0,"- ","- ",34.949428558349609,-120.45172119140625,"SANTA BARBARA","SANTA MARIA",-120.4515380859375,34.949611663818359
91594006,2021,2021-10-12,9750,2021-10-05,0800,016469,,2,1,9,4200,0,1,3,,1,011,SR-166,"RAY RD",2112.00,E,N,A,-,Y,,,166,,,,,,,Y,3,0,2,2,A,-,03,22350,,N,C,C,A,A,H,-,A,D,0,,,,,Y,,D,22,0,1,1,0,0,0,0,0,0,"- ","- ",34.955890655517578,-120.49581146240234,"SANTA BARBARA",UNINCORPORATED,-120.49581146240234,34.955810546875
91594489,2021,2021-10-12,9755,2021-10-03,1915,020473,,7,2,9,4200,0,1,2,,2,004,"US-101 N/B","GAVIOTA STATE BEACH RD.",2100.00,N,N,A,-,Y,,,101,,,,,,N,Y,2,0,1,2,A,-,01,23152,A,N,E,I,A,B,G,-,D,D,0,,,,,Y,Y,D,22,1,0,0,0,0,0,0,0,0,"- ","- ",34.484531402587891,-120.22978210449219,"SANTA BARBARA",UNINCORPORATED,-120.22977447509766,34.484527587890625
9159454,2020,2020-12-21,4203,2020-10-05,2027,25508,12,1,5,5,4203,0,0,0,,0,002,"GARDENT ST","CABRILLO BL",527.00,N,N,A,-,,,,,,,,,,,Y,4,0,1,1,A,-,01,23152,A,N,E,I,A,A,H,-,C,D,0,,,,,Y,Y,A,01,0,0,1,0,0,0,0,0,0,"- ","- ",34.412151336669922,-119.68228149414062,"SANTA BARBARA","SANTA BARBARA",,
91595375,2021,2021-10-13,9760,2021-10-11,0755,015669,,1,1,4,4214,0,1,2,,2,020,"US-101 S/B TO PATTERSON AVE.","PATTERSON AVENUE",100.00,N,N,A,-,Y,,,101,,,,R,,S,N,4,0,1,3,A,-,07,21658,A,N,B,C,A,A,H,-,A,A,0,,,,,Y,,A,01,0,0,1,0,0,0,0,0,0,"- ","- ",34.441448211669922,-119.80860900878906,"SANTA BARBARA",GOLETA,-119.80860900878906,34.441448211669922
91596076,2021,2021-10-14,9760,2021-10-03,1825,022547,,7,2,9,4200,0,3,5,,2,002,"PAINTED CAVE RD",SR-154,5280.00,N,N,A,-,N,,,,,,,,,,Y,3,0,2,2,A,-,01,23152,A,N,A,C,A,A,H,-,D,D,0,,,,,Y,Y,A,01,0,1,1,0,0,0,0,0,0,"- ","- ",34.492359161376953,-119.79012298583984,"SANTA BARBARA",UNINCORPORATED,-119.79076385498047,34.493309020996094
91599225,2021,2021-10-18,9760,2021-10-10,0722,018418,,7,1,9,4200,0,1,2,,2,010,"U.S. 101 S/B","SHEFFIELD DR",1000.00,S,N,F,-,Y,,,,,,,,,,Y,3,0,2,4,A,-,08,22107,,N,C,C,A,A,D,-,A,D,0,,,,,Y,,A,01,0,2,0,0,0,0,0,0,0,"- ","- ",34.421001434326172,-119.60919952392578,"SANTA BARBARA",UNINCORPORATED,,
91600662,2021,2021-10-19,9750,2021-10-11,0422,020510,,1,3,9,4200,0,3,5,,2,030,"DOMINION RD","ORCUTT GAREY ROAD",5650.00,N,N,E,-,N,,,,,,,,,,Y,3,0,1,1,A,-,03,22350,,N,E,J,A,A,C,-,D,D,0,,,,,Y,,D,22,0,1,0,0,0,0,0,0,0,"- ","- ",34.894950866699219,-120.34768676757812,"SANTA BARBARA",UNINCORPORATED,-120.34769439697266,34.895004272460938
91601801,2021,2021-10-20,9750,2021-10-02,2005,020549,,6,2,9,4200,0,1,3,,1,022,SR-1,"SOLOMON RD",415.00,S,N,E,-,Y,,,1,,,,,,,Y,4,0,1,2,A,-,01,23152,A,N,A,C,A,A,H,-,D,D,0,,,,,Y,Y,A,01,0,0,1,0,0,0,0,0,0,"- ","- ",34.870578765869141,-120.46695709228516,"SANTA BARBARA",UNINCORPORATED,-120.46698760986328,34.870540618896484
9160205,2020,2020-11-10,4203,2020-09-16,1710,24576,,3,5,5,4203,0,0,0,,0,006,"CLIFF DR","ALAN RD",12.00,W,N,A,-,N,,,,,,,,,,Y,2,0,2,2,A,-,11,21950,B,N,G,B,B,A,H,-,B,D,0,Y,,,,Y,,N,60,1,1,0,0,1,0,0,0,0,"- ","- ",34.403568267822266,-119.73625946044922,"SANTA BARBARA","SANTA BARBARA",-119.74073028564453,34.404880523681641
91602336,2021,2021-10-21,9760,2021-10-14,1550,018786,,4,2,9,4200,0,3,5,,2,005,"LOS CARNEROS ROAD","EL COLEGIO RD",150.00,N,N,A,-,N,,,,,,,,,,N,3,0,2,1,A,-,08,22107,,N,F,A,A,A,H,-,A,D,0,,,Y,,Y,,C,02,0,2,0,0,0,0,0,0,2,"- ","- ",34.418178558349609,-119.86026000976562,"SANTA BARBARA",UNINCORPORATED,-119.86065673828125,34.417713165283203
91603164,2021,2021-10-21,9755,2021-10-09,1837,020483,,6,2,9,4200,0,3,5,,2,050,"SANTA ROSA RD.",NONE,0.00,,Y,A,-,N,,,,,,,,,,Y,2,0,1,2,A,-,05,21752,A,N,A,C,A,A,H,-,B,D,0,,,,,Y,,A,07,1,0,0,0,0,0,0,0,0,"- ","- ",34.609928131103516,-120.36527252197266,"SANTA BARBARA",UNINCORPORATED,,
91603538,2021,2021-10-22,9760,2021-10-13,1705,020964,,3,2,9,4200,0,3,5,,2,005,"EMBARCADERO DEL MAR","PICASSO RD",0.00,,Y,A,-,N,,,,,,,,,,N,4,0,1,2,A,-,12,22450,A,N,D,G,A,A,H,-,A,A,0,,Y,,,Y,,-,"- ",0,0,1,0,0,0,1,0,0,"- ","- ",34.415130615234375,-119.85701751708984,"SANTA BARBARA",UNINCORPORATED,-119.85701751708984,34.41510009765625
91603767,2021,2021-10-22,9755,2021-10-13,1045,016999,,3,1,9,4200,0,1,3,,1,042,"SR-154 EASTBOUND","CACHUMA VLGE RD",306.00,W,N,A,-,Y,,,154,,,,,,E,Y,3,0,2,2,A,-,03,22350,,N,C,C,A,A,G,-,A,D,0,,,,Y,Y,,G,25,0,1,1,0,0,0,0,0,0,"- ","- ",34.585319519042969,-119.99714660644531,"SANTA BARBARA",UNINCORPORATED,-119.99715423583984,34.585262298583984
91605753,2021,2021-10-25,9760,2021-10-18,1514,021283,,1,2,9,4200,0,1,2,,2,010,"US-101 S/B","EUCALYPTUS LN.",2143.00,S,N,A,-,Y,,,101,,,,,,S,Y,3,0,2,3,A,-,03,22350,,N,C,C,A,A,D,-,A,D,0,,,,,Y,,A,07,0,2,0,0,0,0,0,0,0,"- ","- ",34.420799255371094,-119.6243896484375,"SANTA BARBARA",UNINCORPORATED,-119.6243896484375,34.420814514160156
91607657,2021,2021-10-27,9760,2021-10-19,1148,018418,,2,1,9,4200,0,1,3,,1,022,SR-154,"SAN ANTONIO CREEK ROAD",500.00,E,N,A,-,Y,,,154,,,,,,,Y,4,0,3,3,A,-,03,22350,,N,C,C,A,A,H,-,A,D,0,,,,,Y,,A,01,0,0,3,0,0,0,0,0,0,"- ","- ",34.468608856201172,-119.77236175537109,"SANTA BARBARA",UNINCORPORATED,-119.77236175537109,34.468605041503906
91607708,2021,2021-10-27,9760,2021-10-20,1002,018418,,3,1,9,4200,0,2,4,,1,021,"HOLLISTER AVE W/B","PUENTE DR",20.00,E,N,A,-,N,,,,,,,,,,Y,3,0,1,2,A,-,03,22350,,N,C,C,A,A,H,-,A,A,0,,,,,Y,,A,07,0,1,0,0,0,0,0,0,0,"- ","- ",34.437728881835938,-119.78363800048828,"SANTA BARBARA",UNINCORPORATED,-119.78367614746094,34.437583923339844
91607941,2021,2021-10-27,9760,2021-10-20,1710,022291,,3,2,9,4200,0,1,2,,2,010,"US-101 S/B","S. PADARO LANE",477.00,S,N,A,-,Y,,,101,,,,,,S,N,4,0,2,3,A,-,03,22350,,N,C,C,A,A,H,-,A,D,0,,,,,Y,,A,01,0,0,2,0,0,0,0,0,0,"- ","- ",34.409870147705078,-119.55180358886719,"SANTA BARBARA",UNINCORPORATED,-119.55181884765625,34.409839630126953
91611789,2021,2021-11-01,9760,2021-10-23,1140,018019,,6,1,5,4203,0,1,2,,2,011,"US-101 S/B TO MILPAS ST. (EL CAMINO REAL)","MILPAS ST.",311.00,N,N,A,-,Y,,,101,,,,R,,S,N,4,0,1,2,A,-,03,22350,,N,C,C,A,A,H,-,A,D,0,,,,,Y,,A,01,0,0,1,0,0,0,0,0,0,"- ","- ",34.420059204101562,-119.67803955078125,"SANTA BARBARA","SANTA BARBARA",-119.67803955078125,34.420059204101562
91615829,2021,2021-11-04,9760,2021-10-24,0215,022181,,7,3,9,4200,0,3,5,,2,005,"CORDOBA ROAD","EMBARCADERO DEL NORTE",100.00,W,N,A,-,N,,,,,,,,,,N,4,0,1,1,A,-,08,22107,,F,F,A,A,A,H,-,C,D,0,,,,,Y,,M,94,0,0,1,0,0,0,0,0,0,"- ","- ",34.413761138916016,-119.85562896728516,"SANTA BARBARA",UNINCORPORATED,-119.855712890625,34.413776397705078
91617294,2021,2021-11-05,9750,2021-10-26,0548,015514,,2,3,5,4204,0,1,2,,2,001,"US-101 N/B (CHP OFFICER LOREN D. SCRUGGS MEMORIAL","DONOVAN ROAD",2640.00,N,N,A,-,Y,,,101,,,,,,N,Y,4,0,1,1,A,-,01,23152,A,N,E,I,A,A,H,-,D,D,0,,,,,Y,Y,D,22,0,0,1,0,0,0,0,0,0,"- ","- ",34.975040435791016,-120.42726135253906,"SANTA BARBARA","SANTA MARIA",-120.42739105224609,34.974964141845703
91618136,2021,2021-11-08,9755,2021-10-31,0250,019292,,7,3,9,4200,0,1,3,,1,042,SR-154,"CACHUMA VILLAGE",4224.00,E,N,A,-,Y,,,154,,,,,,,Y,4,0,1,1,A,-,08,22107,,N,E,I,A,A,H,-,D,D,0,,,,,Y,,A,01,0,0,1,0,0,0,0,0,0,"- ","- ",34.579368591308594,-119.98706817626953,"SANTA BARBARA",UNINCORPORATED,-119.98703002929688,34.579486846923828