CASE_ID,ACCIDENT_YEAR,PROC_DATE,JURIS,COLLISION_DATE,COLLISION_TIME,OFFICER_ID,REPORTING_DISTRICT,DAY_OF_WEEK,CHP_SHIFT,POPULATION,CNTY_CITY_LOC,SPECIAL_COND,BEAT_TYPE,CHP_BEAT_TYPE,CITY_DIVISION_LAPD,CHP_BEAT_CLASS,BEAT_NUMBER,PRIMARY_RD,SECONDARY_RD,DISTANCE,DIRECTION,INTERSECTION,WEATHER_1,WEATHER_2,STATE_HWY_IND,CALTRANS_COUNTY,CALTRANS_DISTRICT,STATE_ROUTE,ROUTE_SUFFIX,POSTMILE_PREFIX,POSTMILE,LOCATION_TYPE,RAMP_INTERSECTION,SIDE_OF_HWY,TOW_AWAY,COLLISION_SEVERITY,NUMBER_KILLED,NUMBER_INJURED,PARTY_COUNT,PRIMARY_COLL_FACTOR,PCF_CODE_OF_VIOL,PCF_VIOL_CATEGORY,PCF_VIOLATION,PCF_VIOL_SUBSECTION,HIT_AND_RUN,TYPE_OF_COLLISION,MVIW,PED_ACTION,ROAD_SURFACE,ROAD_COND_1,ROAD_COND_2,LIGHTING,CONTROL_DEVICE,CHP_ROAD_TYPE,PEDESTRIAN_ACCIDENT,BICYCLE_ACCIDENT,MOTORCYCLE_ACCIDENT,TRUCK_ACCIDENT,NOT_PRIVATE_PROPERTY,ALCOHOL_INVOLVED,STWD_VEHTYPE_AT_FAULT,CHP_VEHTYPE_AT_FAULT,COUNT_SEVERE_INJ,COUNT_VISIBLE_INJ,COUNT_COMPLAINT_PAIN,COUNT_PED_KILLED,COUNT_PED_INJURED,COUNT_BICYCLIST_KILLED,COUNT_BICYCLIST_INJURED,COUNT_MC_KILLED,COUNT_MC_INJURED,PRIMARY_RAMP,SECONDARY_RAMP,LATITUDE,LONGITUDE,COUNTY,CITY,POINT_X,POINT_Y
91618344,2021,2021-11-08,9760,2021-10-29,0722,018431,,5,1,9,4200,0,1,2,,2,020,"US-101 S/B","PATTERSON AVE.",3100.00,S,N,A,-,Y,,,101,,,,,,S,Y,4,0,1,3,A,-,07,21658,A,M,B,C,A,A,H,-,A,D,0,,,,,Y,,A,01,0,0,1,0,0,0,0,0,0,"- ","- ",34.441600799560547,-119.79763031005859,"SANTA BARBARA",UNINCORPORATED,-119.79763031005859,34.441593170166016
91619084,2021,2021-11-08,9750,2021-11-02,1515,015916,,2,2,9,4200,0,1,3,,1,011,"SR-166 (W. MAIN STREET)","BONITA SCHOOL ROAD",2376.00,W,N,A,-,Y,,,,,,,,,,Y,3,0,1,2,A,-,03,22350,,N,C,C,A,A,H,-,A,D,0,,,,,Y,,A,01,0,1,0,0,0,0,0,0,0,"- ","- ",34.960250854492188,-120.50968933105469,"SANTA BARBARA",UNINCORPORATED,-120.51630401611328,34.957843780517578
91620117,2021,2021-11-09,9760,2021-11-05,1410,022291,,5,2,9,4200,0,1,2,,2,010,"US-101 N/B","EUCALYPTUS LN",3980.00,S,N,B,-,Y,,,101,,,,,,N,Y,4,0,1,2,A,-,03,22350,,N,C,C,A,A,D,-,A,D,0,,,,,Y,,A,01,0,0,1,0,0,0,0,0,0,"- ","- ",34.421428680419922,-119.617919921875,"SANTA BARBARA",UNINCORPORATED,-119.617919921875,34.421455383300781
91621776,2021,2021-11-10,9750,2021-10-30,0730,020511,,6,1,9,4200,0,1,3,,1,063,"SR-166 (CHP OFFICERS IRVINE & STOVALL MEMORIAL HIG","SIERRA MADRE RD",1320.00,E,N,A,-,Y,,,166,,,,,,,Y,2,0,1,2,A,-,03,22350,,N,C,C,A,A,G,-,B,D,0,,,Y,,Y,,C,02,1,0,0,0,0,0,0,0,1,"- ","- ",35.111240386962891,-120.08717346191406,"SANTA BARBARA",UNINCORPORATED,-120.087158203125,35.111286163330078
91626530,2021,2021-11-17,9750,2021-11-05,1300,016542,,5,1,9,4200,0,2,4,,1,024,"AMETHYST DRIVE","S. BRADLEY ROAD",0.00,,Y,A,-,N,,,,,,,,,,Y,3,0,3,2,A,-,09,21802,A,N,D,C,A,A,H,-,A,A,0,,,,,Y,,D,22,0,1,2,0,0,0,0,0,0,"- ","- ",34.871849060058594,-120.41886901855469,"SANTA BARBARA",UNINCORPORATED,-120.41879272460938,34.871902465820312
91627510,2021,2021-11-17,9750,2021-11-08,1642,015916,,1,2,9,4200,0,1,3,,1,011,"SR-166 (GUADALUPE OFFICER SAMUEL SANCHEZ MEMORIAL","BONITA SCHOOL ROAD",630.00,W,N,A,-,Y,,,166,,,,,,,Y,3,0,2,3,A,-,08,22107,,N,D,C,A,A,H,-,A,D,0,,,,,Y,,A,07,0,1,1,0,0,0,0,0,0,"- ","- ",34.957229614257812,-120.51059722900391,"SANTA BARBARA",UNINCORPORATED,-120.51060485839844,34.957202911376953
9163150,2020,2020-11-23,4203,2020-09-20,1530,25327,33,7,5,5,4203,0,0,0,,0,004,"DE LA VINA ST","W ANAPAMU ST",175.00,N,N,A,-,N,,,,,,,,,,N,3,0,1,2,D,-,00,,,F,G,B,E,A,H,-,A,D,0,Y,,,,Y,,-,"- ",0,1,0,0,1,0,0,0,0,"- ","- ",34.421501159667969,-119.70719909667969,"SANTA BARBARA","SANTA BARBARA",-119.70716857910156,34.421562194824219
9163151,2020,2020-11-23,4203,2020-09-24,2127,23781,53,4,5,5,4203,0,0,0,,0,005,"CALLE REAL","VISTA VALLEJO",0.00,,Y,A,-,N,,,,,,,,,,Y,4,0,1,1,A,-,01,23152,A,N,E,I,A,A,H,-,C,B,0,,,,,Y,Y,A,08,0,0,1,0,0,0,0,0,0,"- ","- ",34.430000305175781,-119.74179840087891,"SANTA BARBARA","SANTA BARBARA",-119.74186706542969,34.430141448974609
9163153,2020,2020-11-23,4203,2020-09-28,2246,25327,32,1,5,5,4203,0,0,0,,0,004,"DE LA VINA ST","W ANAPAMU ST",125.00,N,N,A,-,N,,,,,,,,,,Y,4,0,1,2,A,-,01,23153,A,N,C,E,A,A,H,-,C,D,0,,,,,Y,Y,A,01,0,0,1,0,0,0,0,0,0,"- ","- ",34.421459197998047,-119.70712280273438,"SANTA BARBARA","SANTA BARBARA",-119.70704650878906,34.421470642089844
91631571,2021,2021-11-22,9760,2021-11-12,1410,020964,,5,2,9,4200,0,1,3,,1,022,SR-154,"STAGECOACH ROAD",308.00,W,N,A,-,Y,,,154,,,,,,,Y,3,0,1,1,A,-,03,22350,,N,E,I,A,A,H,-,A,D,0,,,,Y,Y,,G,26,0,1,0,0,0,0,0,0,0,"- ","- ",34.523361206054688,-119.83167266845703,"SANTA BARBARA",UNINCORPORATED,-119.83170318603516,34.523323059082031
91632319,2021,2021-11-22,9755,2021-11-06,0445,021818,,6,3,4,4202,0,1,3,,1,051,SR-1,"JALAMA BEACH RD",8184.00,S,N,A,-,Y,,,,,,,,,,Y,4,0,1,1,C,-,18,,,N,H,H,A,A,H,-,D,D,0,,,,,Y,,-,"- ",0,0,1,0,0,0,0,0,0,"- ","- ",34.583629608154297,-120.38667297363281,"SANTA BARBARA",LOMPOC,-120.38670349121094,34.583671569824219
91633566,2021,2021-11-23,9755,2021-11-17,0730,016999,,3,1,9,4200,0,1,3,,2,041,SR-246,SR-154,1364.00,W,N,B,-,Y,,,,,,,,,,Y,4,0,1,2,A,-,09,21801,A,N,D,C,A,A,H,-,A,D,0,,,,,Y,,A,07,0,0,1,0,0,0,0,0,0,"- ","- ",34.613498687744141,-120.19962310791016,"SANTA BARBARA",UNINCORPORATED,-120.05487823486328,34.610031127929688
91634041,2021,2021-11-24,9760,2021-11-18,2300,022547,,4,3,9,4200,0,1,2,,1,040,"US-101 SB TO ARROYO HONDO VISTA POINT","ARROYO QUEMADA LN",4224.00,N,N,A,-,Y,,,101,,,,R,,S,Y,4,0,1,1,A,-,08,22107,,N,E,8,A,A,H,-,D,D,0,,,,,Y,,D,22,0,0,1,0,0,0,0,0,0,"- ","- ",34.474300384521484,-120.13990783691406,"SANTA BARBARA",UNINCORPORATED,-120.13990783691406,34.474300384521484
91634561,2021,2021-11-24,9760,2021-11-15,1257,019446,,1,1,9,4200,0,1,2,,2,010,"US-101 N/B","SHEFFIELD DRIVE",670.00,N,N,A,-,Y,,,101,,,,,,N,Y,3,0,2,2,A,-,07,21658,A,N,B,C,A,A,D,-,A,A,0,,,,,Y,,A,01,0,2,0,0,0,0,0,0,0,"- ","- ",34.421699523925781,-119.6160888671875,"SANTA BARBARA",UNINCORPORATED,-119.6160888671875,34.421684265136719
91636499,2021,2021-11-29,9760,2021-11-17,1318,018418,,3,1,9,4200,0,3,5,,2,005,"STORKE ROAD N/B","EL COLEGIO ROAD",25.00,N,N,A,-,N,,,,,,,,,,N,3,0,1,1,A,-,08,22107,,N,E,I,A,A,H,-,A,A,0,,,Y,,Y,,C,02,0,1,0,0,0,0,0,0,1,"- ","- ",34.417701721191406,-119.86972045898438,"SANTA BARBARA",UNINCORPORATED,-119.86978149414062,34.41741943359375
91639574,2021,2021-12-01,9750,2021-11-20,1920,016874,,6,2,9,4200,0,2,4,,1,024,"ORCUTT ROAD","CLARK AVENUE",325.00,S,N,A,-,N,,,,,,,,,,N,4,0,1,3,A,-,03,22350,,N,C,C,A,A,H,-,C,D,0,,,,,Y,,A,01,0,0,1,0,0,0,0,0,0,"- ","- ",34.864109039306641,-120.43569946289062,"SANTA BARBARA",UNINCORPORATED,-120.43563842773438,34.864223480224609
9164123,2020,2020-11-25,4200,2020-05-07,2020,3493,11,4,5,2,4212,0,0,0,,0,,"RT 246","SYCAMORE DR",24.00,W,N,A,-,Y,SB,5,246,-,R,25.260,H,-,E,Y,2,0,1,2,A,-,10,21950,A,N,G,B,B,A,H,-,C,A,0,Y,,,,Y,Y,A,01,1,0,0,0,1,0,0,0,0,"- ","- ",,,"SANTA BARBARA",BUELLTON,-120.20607757568359,34.618232727050781
91641923,2021,2021-12-03,9760,2021-11-21,1002,018418,,7,1,9,4200,0,3,5,,2,005,"CAMINO DEL SUR","EL COLEGIO RD",0.00,,Y,A,-,N,,,,,,,,,,N,4,0,1,2,A,-,09,21801,A,N,D,C,A,A,H,-,A,A,0,,,,,Y,,A,01,0,0,1,0,0,0,0,0,0,"- ","- ",34.417339324951172,-119.86251831054688,"SANTA BARBARA",UNINCORPORATED,-119.86254119873047,34.417312622070312
91644044,2021,2021-12-06,9760,2021-06-25,1725,018786,,5,2,5,4203,0,1,2,,2,020,"US-101 SOUTHBOUND","LAS POSITAS RD",1800.00,N,N,A,-,Y,,,101,,,,,,S,N,3,0,1,2,A,-,08,22107,,F,G,B,E,A,H,-,A,D,0,Y,,,,Y,,D,22,0,1,0,0,1,0,0,0,0,"- ","- ",34.428840637207031,-119.73966217041016,"SANTA BARBARA","SANTA BARBARA",-119.73964691162109,34.428874969482422
91644438,2021,2021-12-06,9760,2021-11-21,1625,020423,,7,2,9,4200,0,1,3,,1,022,SR-154,"SAN ANTONIO CREEK ROAD",0.00,,Y,A,-,Y,,,154,,,,,,,Y,4,0,1,2,A,-,09,21804,A,N,D,C,A,A,H,-,A,D,0,,,,,Y,,A,01,0,0,1,0,0,0,0,0,0,"- ","- ",34.469688415527344,-119.77525329589844,"SANTA BARBARA",UNINCORPORATED,-119.77525329589844,34.46966552734375
91645020,2021,2021-12-07,9760,2021-11-27,1345,022443,,6,1,9,4200,0,1,2,,2,010,"VIA REAL","S. PADARO LN.",0.00,,Y,A,-,N,,,,,,,,,,Y,4,0,1,2,A,-,09,21802,A,N,D,C,A,A,H,-,A,A,0,,,,,Y,,A,07,0,0,1,0,0,0,0,0,0,"- ","- ",34.411380767822266,-119.55232238769531,"SANTA BARBARA",UNINCORPORATED,-119.58285522460938,34.417629241943359
91645340,2021,2021-12-07,9760,2021-12-02,0148,022181,,4,3,4,4214,0,1,2,,1,030,"US-101 NB","WINCHESTER CANYON ROAD",500.00,S,N,E,-,Y,,,101,,,,,,N,Y,4,0,1,1,A,-,08,22107,,N,F,I,A,B,H,-,D,D,0,,,Y,,Y,,C,02,0,0,1,0,0,0,0,0,1,"- ","- ",34.432498931884766,-119.89875793457031,"SANTA BARBARA",GOLETA,-119.89875793457031,34.432472229003906
91646187,2021,2021-12-08,9755,2021-11-28,0130,020473,,7,3,9,4200,0,1,2,,2,004,"US-101 S/B","GAVIOTA PEAK FIRE RD.",2400.00,S,N,A,-,Y,,,101,,,,,,S,Y,3,0,1,1,A,-,01,23152,A,N,E,I,A,A,H,-,D,D,0,,,,,Y,Y,A,01,0,1,0,0,0,0,0,0,0,"- ","- ",34.498828887939453,-120.23069000244141,"SANTA BARBARA",UNINCORPORATED,-120.23075103759766,34.498870849609375
91646418,2021,2021-12-08,9750,2021-06-28,2146,020511,,1,2,9,4200,0,1,3,,1,022,"SR-1 N/B",SR-135,326.00,S,N,A,-,Y,,,1,,,,,,N,Y,1,1,0,1,A,-,01,23152,A,N,E,8,A,A,H,-,D,D,0,,,,,Y,Y,D,22,0,0,0,0,0,0,0,0,0,"- ","- ",34.800018310546875,-120.44342803955078,"SANTA BARBARA",UNINCORPORATED,-120.44352722167969,34.800094604492188
91648257,2021,2021-12-09,9755,2021-11-30,1415,018483,,2,2,9,4200,0,1,3,,1,042,"SR-154 W/B",SR-246,1500.00,W,N,A,-,N,,,154,,,,,,W,Y,3,0,1,2,A,-,21,22106,,N,D,C,A,A,H,-,A,D,0,,,,,Y,,A,01,0,1,0,0,0,0,0,0,0,"- ","- ",34.613391876220703,-120.05860137939453,"SANTA BARBARA",UNINCORPORATED,-120.05857849121094,34.613414764404297
91650474,2021,2021-12-13,9750,2021-11-20,1550,018616,,6,2,5,4204,0,1,2,,2,001,"US-101 NORTHBOUND","BETTERAVIA RD",100.00,S,N,A,-,Y,,,101,,,,,,N,Y,3,0,3,2,A,-,08,22107,,F,C,C,A,A,H,-,A,D,0,,,,,Y,,A,01,0,2,1,0,0,0,0,0,0,"- ","- ",34.923259735107422,-120.41783142089844,"SANTA BARBARA","SANTA MARIA",-120.41782379150391,34.923259735107422
91651984,2021,2021-12-14,9760,2021-12-13,1425,022291,,1,2,9,4200,0,1,3,,1,022,SR-154,"STAGECOACH ROAD",2538.00,E,N,B,C,Y,,,154,,,,,,,Y,4,0,1,1,A,-,03,22350,,N,E,I,A,B,H,-,A,D,0,,,,,Y,,D,22,0,0,1,0,0,0,0,0,0,"- ","- ",34.515830993652344,-119.82823181152344,"SANTA BARBARA",UNINCORPORATED,-119.82827758789062,34.515766143798828
91652665,2021,2021-12-15,9755,2021-12-03,1934,018483,,5,2,9,4200,0,1,3,,1,042,SR-154,"FIGUEROA MOUNTAIN RD",0.00,,Y,A,-,Y,,,154,,,,,,,Y,4,0,2,2,A,-,09,21802,A,N,D,C,A,A,B,-,D,A,0,,,,,Y,,A,07,0,0,2,0,0,0,0,0,0,"- ","- ",34.667789459228516,-120.114990234375,"SANTA BARBARA",UNINCORPORATED,-120.114990234375,34.667804718017578
91655206,2021,2021-12-17,9750,2021-12-07,0400,016542,,2,3,9,4200,0,1,2,,2,003,"US-101 S/B","ALISOS CANYON RD",8448.00,S,N,A,-,Y,,,101,,,,,,S,Y,2,0,1,1,A,-,08,22107,,N,E,I,A,A,H,-,D,D,0,,,,,Y,,A,01,1,0,0,0,0,0,0,0,0,"- ","- ",34.721908569335938,-120.20984649658203,"SANTA BARBARA",UNINCORPORATED,-120.20981597900391,34.721977233886719
91655215,2021,2021-12-17,9750,2021-12-08,0657,016469,,3,1,9,4200,0,1,3,,1,011,SR-166,"SIMAS RD",144.00,W,N,E,G,Y,,,166,,,,,,,N,4,0,1,4,A,-,03,22350,,N,C,C,A,B,H,-,A,A,0,,,,,Y,,A,07,0,0,1,0,0,0,0,0,0,"- ","- ",34.957359313964844,-120.558837890625,"SANTA BARBARA",UNINCORPORATED,-120.558837890625,34.957420349121094
91656498,2021,2021-12-20,9760,2021-12-16,1400,018786,,4,2,9,4200,0,3,5,,2,002,"TURNPIKE RD.","HOLLISTER AVENUE",8.00,N,N,C,-,N,,,,,,,,,,N,4,0,1,2,A,-,10,21950,A,N,G,B,B,B,H,-,A,A,0,Y,,,,Y,,A,01,0,0,1,0,1,0,0,0,0,"- ","- ",34.436630249023438,-119.78951263427734,"SANTA BARBARA",UNINCORPORATED,-119.78945159912109,34.436550140380859
91656588,2021,2021-12-20,9760,2021-12-07,0605,018418,,2,1,9,4200,0,1,2,,1,040,"U.S. 101 S/B","REFUGIO RD",2000.00,S,N,B,-,N,,,,,,,,,,Y,3,0,5,1,A,-,03,22350,,N,F,A,A,B,H,-,D,D,0,,,,,Y,,A,07,0,4,1,0,0,0,0,0,0,"- ","- ",34.464199066162109,-120.03929901123047,"SANTA BARBARA",UNINCORPORATED,-120.06912994384766,34.465488433837891
9165720,2020,2020-12-02,4203,2020-10-03,1413,1985,,6,5,5,4203,0,0,0,,0,004,"MISSION ST","RT 101",0.00,,Y,A,-,Y,SB,5,101,-,R,15.860,R,4,N,N,4,0,1,2,D,-,00,,,F,D,C,A,A,H,-,A,A,0,,,,,Y,,-,"- ",0,0,1,0,0,0,0,0,0,"- ",NO,34.425819396972656,-119.72026062011719,"SANTA BARBARA","SANTA BARBARA",-119.72219085693359,34.426048278808594
9165728,2020,2020-11-30,4204,2020-10-03,1954,90757,18,6,5,5,4204,0,0,0,,0,003,"STOWELL RD","RT 101",0.00,,Y,A,-,Y,SB,5,101,-,-,87.690,R,4,N,Y,3,0,2,3,A,-,09,21802,A,N,D,C,A,A,H,-,C,D,0,,,,,Y,Y,A,01,0,2,0,0,0,0,0,0,0,SO,"- ",34.938179016113281,-120.41635131835938,"SANTA BARBARA","SANTA MARIA",-120.417724609375,34.939605712890625
91658243,2021,2022-01-20,9750,2021-12-14,2125,016542,,2,2,9,4200,0,3,5,,2,030,"ROSEMARY RD","EAST JONES STREET",98.00,N,N,A,-,N,,,,,,,,,,Y,3,0,1,1,A,-,03,22350,,M,E,I,A,A,H,-,D,D,0,,,,,Y,,A,01,0,1,0,0,0,0,0,0,0,"- ","- ",34.945621490478516,-120.40042877197266,"SANTA BARBARA",UNINCORPORATED,-120.40043640136719,34.945301055908203
91662104,2021,2021-12-27,9760,2021-12-17,1135,019464,,5,1,5,4203,0,1,2,,2,011,"US-101 SOUTHBOUND","MISSION STREET U/C",800.00,N,N,A,-,Y,,,101,,,,,,S,Y,2,0,1,2,A,-,08,22107,,N,E,I,A,A,H,-,A,D,0,,,,,Y,,A,01,1,0,0,0,0,0,0,0,0,"- ","- ",34.425979614257812,-119.72299957275391,"SANTA BARBARA","SANTA BARBARA",-119.72298431396484,34.426063537597656
91662152,2021,2021-12-27,9750,2021-12-14,1400,019831,,2,2,9,4200,0,1,3,,1,022,"SR-1 (CABRILLO HIGHWAY)","SAN ANTONIO ROAD WEST",816.00,N,N,B,C,Y,,,1,,,,,,,Y,4,0,1,1,A,-,03,22350,,N,E,I,A,B,H,-,A,D,0,,,,,Y,,A,01,0,0,1,0,0,0,0,0,0,"- ","- ",34.775138854980469,-120.49342346191406,"SANTA BARBARA",UNINCORPORATED,-120.49342346191406,34.775123596191406
91662263,2021,2021-12-27,9755,2021-12-16,1415,021818,,4,2,9,4200,0,1,2,,2,004,"US101 N/B",SR-1,3750.00,S,N,C,-,Y,,,101,,,,,,N,Y,2,0,1,1,A,-,08,22107,,N,F,A,A,B,H,-,A,D,0,,,,,Y,,D,22,1,0,0,0,0,0,0,0,0,"- ","- ",34.499820709228516,-120.22987365722656,"SANTA BARBARA",UNINCORPORATED,-120.22983551025391,34.499782562255859
91662539,2021,2021-12-27,9760,2021-12-07,0655,017140,,2,1,9,4200,0,1,2,,2,010,"US-101 NORTHBOUND","NORTH PADARO LANE",2600.00,N,N,B,-,Y,,,101,,,,,,N,N,4,0,1,2,A,-,03,22350,,N,C,C,A,A,D,-,A,D,0,,,,,Y,,A,01,0,0,1,0,0,0,0,0,0,"- ","- ",34.418590545654297,-119.59114074707031,"SANTA BARBARA",UNINCORPORATED,-119.59113311767578,34.418601989746094
91663271,2021,2021-12-28,9760,2021-12-24,1300,022291,,5,1,9,4200,0,1,2,,2,020,"US-101 N/B TO PATTERSON AVENUE","PATTERSON AVENUE",15.00,S,N,A,-,Y,,,101,,,,R,,N,N,4,0,1,2,A,-,03,22350,,N,C,C,A,A,H,-,A,A,0,,,,,Y,,A,07,0,0,1,0,0,0,0,0,0,"- ","- ",34.442638397216797,-119.80815887451172,"SANTA BARBARA",UNINCORPORATED,-119.80815887451172,34.442638397216797
91666248,2021,2021-12-30,9760,2021-12-26,0455,021621,,7,3,9,4200,0,1,3,,1,022,SR-154,"SAN ANTONIO CREEK RD.",2200.00,E,N,B,-,Y,,,154,,,,,,,Y,3,0,1,1,C,-,18,,,N,E,9,A,B,H,-,D,D,0,,,,,Y,,-,"- ",0,1,0,0,0,0,0,0,0,"- ","- ",34.465259552001953,-119.77155303955078,"SANTA BARBARA",UNINCORPORATED,-119.77153015136719,34.465259552001953
91667284,2021,2021-12-31,9750,2021-12-25,1327,020549,,6,1,9,4200,0,1,2,,2,002,"US-101 SB","PALMER RD",5280.00,S,N,B,-,Y,,,101,,,,,,S,Y,3,0,1,1,A,-,08,22107,,N,F,A,A,A,H,-,A,D,0,,,,,Y,,A,07,0,1,0,0,0,0,0,0,0,"- ","- ",34.804821014404297,-120.34355163574219,"SANTA BARBARA",UNINCORPORATED,-120.3436279296875,34.804790496826172
91668465,2021,2022-01-03,9760,2021-12-27,2115,022228,,1,2,9,4200,0,1,3,,1,022,"RT 154","6284 NORTH SAN MARCOS PASS RD.",102.00,E,N,B,-,Y,,,154,,,,,,,Y,3,0,2,2,A,-,03,22350,,N,E,I,A,B,H,-,D,D,0,,,,,Y,,A,01,0,2,0,0,0,0,0,0,0,"- ","- ",34.516201019287109,-119.82887268066406,"SANTA BARBARA",UNINCORPORATED,-119.82878875732422,34.516262054443359
91668519,2021,2022-01-03,9760,2021-12-29,0745,018418,,3,1,9,4200,0,1,2,,1,030,"U.S. 101 S/B","DOS PUEBLOS CANYON RD",2640.00,S,N,A,-,Y,,,,,,,,,,Y,2,0,1,2,A,-,03,22350,,N,E,8,A,B,H,-,D,D,0,,,,,Y,,A,01,1,0,0,0,0,0,0,0,0,"- ","- ",34.443099975585938,-119.95298004150391,"SANTA BARBARA",UNINCORPORATED,-119.95279693603516,34.443130493164062
91668789,2021,2022-01-03,9750,2021-12-27,1147,016469,,1,1,9,4200,0,2,4,,1,024,"BRADLEY RD","BASQUE DR",68.00,N,N,B,-,N,,,,,,,,,,N,4,0,2,2,A,-,03,22350,,N,C,C,A,B,H,-,A,D,0,,,,,Y,,A,07,0,0,2,0,0,0,0,0,0,"- ","- ",34.87017822265625,-120.41889190673828,"SANTA BARBARA",UNINCORPORATED,-120.41876983642578,34.870006561279297
91670406,2021,2022-01-04,9755,2021-12-26,0848,019292,,7,1,9,4200,0,1,2,,2,004,"US-101 S/B",SR-1,8976.00,S,N,A,-,Y,,,101,,,,,,S,Y,4,0,1,1,A,-,03,22350,,N,E,I,A,B,H,-,A,D,0,,,,,Y,,D,22,0,0,1,0,0,0,0,0,0,"- ","- ",34.488430023193359,-120.22637939453125,"SANTA BARBARA",UNINCORPORATED,-120.22641754150391,34.488445281982422
91670998,2021,2022-01-05,9755,2021-12-26,0952,019292,,7,1,9,4200,0,1,2,,2,004,"US-101 N/B",SR-1,6336.00,N,N,A,-,Y,,,101,,,,,,N,Y,4,0,1,1,A,-,03,22350,,N,E,I,A,B,H,-,A,D,0,,,,,Y,,A,07,0,0,1,0,0,0,0,0,0,"- ","- ",34.520809173583984,-120.21282196044922,"SANTA BARBARA",UNINCORPORATED,-120.21276092529297,34.520755767822266
91671528,2021,2022-01-05,9755,2021-12-30,0738,018901,,4,1,9,4200,0,1,2,,2,004,US-101,"GAVIOTA STATE BEACH RD",1056.00,N,N,B,-,Y,,,101,,,,,,,Y,2,0,1,2,A,-,03,22350,,N,C,E,A,B,H,-,A,D,0,,,,Y,Y,,A,01,1,0,0,0,0,0,0,0,0,"- ","- ",34.483261108398438,-120.23061370849609,"SANTA BARBARA",UNINCORPORATED,-120.23048400878906,34.483238220214844
91674391,2022,2022-01-10,9755,2022-01-01,0120,020619,,6,3,9,4200,0,1,3,,1,042,SR-154,"PARADISE ROAD",1320.00,W,N,A,-,Y,SB,,154,,,21.282,H,,R,Y,3,0,1,2,A,-,03,22350,,N,C,2,A,A,C,-,D,D,0,,,,,Y,,A,01,0,1,0,0,0,0,0,0,0,"- ","- ",34.53607177734375,-119.86222839355469,"SANTA BARBARA",UNINCORPORATED,-119.86220550537109,34.536090850830078
9168099,2020,2020-11-10,4204,2020-09-27,1514,90343,,7,5,5,4204,0,0,0,,0,,"BLOSSER RD","SONYA LN",0.00,,Y,A,-,N,,,,,,,,,,Y,3,0,1,3,A,-,01,23152,A,F,D,C,A,A,H,-,A,D,0,,,,,Y,Y,A,01,0,1,0,0,0,0,0,0,0,"- ","- ",34.927150726318359,-120.45426940917969,"SANTA BARBARA","SANTA MARIA",-120.45401000976562,34.927879333496094
91682174,2022,2022-01-21,9750,2022-01-10,0935,016469,,1,1,9,4200,0,1,2,,2,002,"US-101 S/B","PALMER RD",528.00,S,N,A,-,Y,SB,,101,,,75.744,H,,L,Y,4,0,1,2,A,-,03,22350,,N,C,C,A,A,H,-,A,D,0,,,,Y,Y,,D,22,0,0,1,0,0,0,0,0,0,"- ","- ",34.790420532226562,-120.33088684082031,"SANTA BARBARA",UNINCORPORATED,-120.33087921142578,34.790435791015625
91682182,2022,2022-01-21,9760,2022-01-14,1827,021283,,5,2,9,4200,0,1,2,,2,010,US-101,"EVANS AVE.",2428.00,S,N,A,-,Y,SB,,101,,R,7.767,H,,R,Y,4,0,1,2,A,-,07,21658,A,N,B,C,A,A,H,-,A,D,0,,,,,Y,,D,22,0,0,1,0,0,0,0,0,0,"- ","- ",34.419231414794922,-119.59317016601562,"SANTA BARBARA",UNINCORPORATED,-119.59317016601562,34.419231414794922
91684519,2022,2022-01-25,9760,2022-01-22,1805,020752,,6,2,9,4200,0,3,5,,2,001,"OLIVE MILL RD","SPRING RD",370.00,S,N,A,-,N,,,,,,,,,,N,2,0,1,2,A,-,08,22107,,N,B,E,A,A,H,-,D,D,0,,Y,,,Y,,M,91,1,0,0,0,0,0,1,0,0,"- ","- ",34.418399810791016,-119.64012145996094,"SANTA BARBARA",UNINCORPORATED,-119.64012145996094,34.418781280517578
91686047,2022,2022-01-27,9755,2022-01-20,1230,016058,,4,1,9,4200,0,3,5,,2,050,"HARRIS GRADE","RUCKER ROAD",4752.00,N,N,A,-,N,,,,,,,,,,Y,3,0,1,1,A,-,21,22106,,N,F,A,A,A,D,-,A,A,0,,,Y,,Y,,-,"- ",0,1,0,0,0,0,0,0,1,"- ","- ",34.722251892089844,-120.43546295166016,"SANTA BARBARA",UNINCORPORATED,-120.43650054931641,34.723278045654297
91686386,2022,2022-01-27,9760,2022-01-15,1804,021283,,6,2,9,4200,0,1,2,,2,010,US-101,"SOUTH PADARO LANE",633.00,S,N,A,-,Y,SB,,101,,R,5.158,H,,R,Y,4,0,1,1,A,-,08,22107,,N,E,I,A,A,H,-,D,D,0,,,,,Y,,A,07,0,0,1,0,0,0,0,0,0,"- ","- ",34.409431457519531,-119.55133819580078,"SANTA BARBARA",UNINCORPORATED,-119.55116271972656,34.409603118896484