CASE_ID,ACCIDENT_YEAR,PROC_DATE,JURIS,COLLISION_DATE,COLLISION_TIME,OFFICER_ID,REPORTING_DISTRICT,DAY_OF_WEEK,CHP_SHIFT,POPULATION,CNTY_CITY_LOC,SPECIAL_COND,BEAT_TYPE,CHP_BEAT_TYPE,CITY_DIVISION_LAPD,CHP_BEAT_CLASS,BEAT_NUMBER,PRIMARY_RD,SECONDARY_RD,DISTANCE,DIRECTION,INTERSECTION,WEATHER_1,WEATHER_2,STATE_HWY_IND,CALTRANS_COUNTY,CALTRANS_DISTRICT,STATE_ROUTE,ROUTE_SUFFIX,POSTMILE_PREFIX,POSTMILE,LOCATION_TYPE,RAMP_INTERSECTION,SIDE_OF_HWY,TOW_AWAY,COLLISION_SEVERITY,NUMBER_KILLED,NUMBER_INJURED,PARTY_COUNT,PRIMARY_COLL_FACTOR,PCF_CODE_OF_VIOL,PCF_VIOL_CATEGORY,PCF_VIOLATION,PCF_VIOL_SUBSECTION,HIT_AND_RUN,TYPE_OF_COLLISION,MVIW,PED_ACTION,ROAD_SURFACE,ROAD_COND_1,ROAD_COND_2,LIGHTING,CONTROL_DEVICE,CHP_ROAD_TYPE,PEDESTRIAN_ACCIDENT,BICYCLE_ACCIDENT,MOTORCYCLE_ACCIDENT,TRUCK_ACCIDENT,NOT_PRIVATE_PROPERTY,ALCOHOL_INVOLVED,STWD_VEHTYPE_AT_FAULT,CHP_VEHTYPE_AT_FAULT,COUNT_SEVERE_INJ,COUNT_VISIBLE_INJ,COUNT_COMPLAINT_PAIN,COUNT_PED_KILLED,COUNT_PED_INJURED,COUNT_BICYCLIST_KILLED,COUNT_BICYCLIST_INJURED,COUNT_MC_KILLED,COUNT_MC_INJURED,PRIMARY_RAMP,SECONDARY_RAMP,LATITUDE,LONGITUDE,COUNTY,CITY,POINT_X,POINT_Y
91840639,2022,2022-08-15,9750,2022-08-02,1450,019831,,2,2,9,4200,0,1,2,,2,002,"US-101 SB","PALMER ROAD",4193.00,N,N,A,-,Y,SB,,101,,,76.481,H,,R,Y,4,0,1,1,A,-,08,22107,,N,F,A,A,A,H,-,A,D,0,,,,,Y,,A,07,0,0,1,0,0,0,0,0,0,"- ","- ",34.797950744628906,-120.33988189697266,"SANTA BARBARA",UNINCORPORATED,-120.33988952636719,34.797943115234375
91840984,2022,2022-08-16,9755,2022-08-08,2255,022749,,1,3,9,4200,0,1,3,,2,041,"SR-246 (MISSION DR) W/B","HILL HAVEN RD",1200.00,E,N,A,-,Y,SB,,246,,,30.863,H,,L,Y,3,0,1,1,A,-,03,22350,,N,E,I,A,A,H,-,D,D,0,,,,,Y,Y,A,07,0,1,0,0,0,0,0,0,0,"- ","- ",34.603660583496094,-120.11971282958984,"SANTA BARBARA",UNINCORPORATED,-120.11968231201172,34.603603363037109
9184202,2020,2020-12-14,4204,2020-10-23,1505,23000,023,5,5,5,4204,0,0,0,,0,003,"BRADLEY RD","CROSSROAD LN",0.00,,Y,A,-,,,,,,,,,,,,4,0,2,2,A,-,09,21804,A,N,D,C,A,A,H,-,A,A,0,,,,,Y,,A,07,0,0,2,0,0,0,0,0,0,"- ","- ",34.916538238525391,-120.42105865478516,"SANTA BARBARA","SANTA MARIA",-120.42121887207031,34.916568756103516
9184205,2020,2020-12-14,4204,2020-10-28,1832,90228,,3,5,5,4204,0,0,0,,0,002,"MILLER ST","BONNE ST",0.00,,Y,A,-,,,,,,,,,,,Y,4,0,1,2,A,-,01,23152,A,N,C,C,A,A,H,-,C,A,0,,,,,Y,Y,A,01,0,0,1,0,0,0,0,0,0,"- ","- ",34.946830749511719,-120.43170166015625,"SANTA BARBARA","SANTA MARIA",-120.43150329589844,34.946910858154297
91842413,2022,2022-08-17,9755,2022-08-15,0603,016988,,1,1,9,4200,0,1,3,,1,055,"N/B SR-1","MOUNTAIN VIEW BLVD",5808.00,S,N,E,-,Y,SB,,1,,R,27.659,H,,R,N,4,0,1,2,A,-,08,22107,,N,B,C,A,A,H,-,B,D,0,,,,,Y,,-,"- ",0,0,1,0,0,0,0,0,0,"- ","- ",34.725799560546875,-120.49571228027344,"SANTA BARBARA",UNINCORPORATED,-120.49575805664062,34.725765228271484
9184595,2020,2021-02-09,4203,2020-11-03,1100,23135,,2,5,5,4203,0,0,0,,0,002,"CASTILLO ST","RT 101",0.00,,Y,A,-,Y,SB,5,101,-,R,14.280,R,4,N,N,3,0,1,2,A,-,08,22100,A,N,H,G,A,B,H,-,A,A,0,,Y,,,Y,,A,01,0,1,0,0,0,0,1,0,0,"- ",SO,34.411918640136719,-119.69889068603516,"SANTA BARBARA","SANTA BARBARA",-119.70082092285156,34.412353515625
9184596,2020,2021-02-03,4203,2020-11-03,2101,25210,40,2,5,5,4203,0,0,0,,0,004,"HALEY ST","CHAPALA ST",0.00,,Y,A,-,N,,,,,,,,,,N,3,0,1,2,A,-,10,21950,A,N,G,B,B,A,H,-,C,A,0,Y,,,,Y,,A,01,0,1,0,0,1,0,0,0,0,"- ","- ",34.415679931640625,-119.69664001464844,"SANTA BARBARA","SANTA BARBARA",-119.69664764404297,34.415748596191406
9184599,2020,2021-02-03,4203,2020-11-03,1456,24576,31,2,5,5,4203,0,0,0,,0,004,"DE LA VINA ST","DE LA GUERRA ST",0.00,,Y,A,-,N,,,,,,,,,,Y,3,0,1,2,A,-,09,21802,A,N,D,C,A,A,H,-,A,A,0,,,Y,,Y,,A,01,0,1,0,0,0,0,0,0,1,"- ","- ",34.417488098144531,-119.70155334472656,"SANTA BARBARA","SANTA BARBARA",-119.70159149169922,34.41748046875
91846290,2022,2022-08-23,9755,2022-08-18,1459,018483,,4,2,9,4200,0,3,5,,2,040,"AIRPORT ROAD",SR-246,870.00,S,N,A,-,N,,,,,,,,,,Y,3,0,2,2,A,-,09,21804,A,N,D,C,A,A,H,-,A,D,0,,,,,Y,,A,01,0,2,0,0,0,0,0,0,0,"- ","- ",34.608211517333984,-120.06947326660156,"SANTA BARBARA",UNINCORPORATED,-120.0694580078125,34.608291625976562
91847048,2022,2022-08-23,9755,2022-08-19,0855,020226,,5,1,9,4200,0,3,5,,2,040,"CHALK HILL ROAD","BALLARD CANYON ROAD",95.00,S,N,B,-,N,,,,,,,,,,N,2,0,1,1,A,-,08,22107,,N,F,A,A,A,H,-,A,D,0,,Y,,,Y,,L,04,1,0,0,0,0,0,1,0,0,"- ","- ",34.611740112304688,-120.15308380126953,"SANTA BARBARA",UNINCORPORATED,-120.15305328369141,34.611759185791016
91848373,2022,2022-08-25,9755,2022-08-22,1301,016988,,1,1,9,4200,0,1,2,,2,004,"US 101 S/B TO SR-246 OFF-RAMP",SR-246,84.00,N,N,A,-,Y,,,,,,,,,,Y,3,0,1,2,A,-,03,22350,,N,C,C,A,A,H,-,A,A,0,,,,Y,Y,,A,07,0,1,0,0,0,0,0,0,0,"- ","- ",34.612998962402344,-120.19046783447266,"SANTA BARBARA",UNINCORPORATED,-120.19043731689453,34.611148834228516
91852926,2022,2022-08-30,9760,2022-08-22,1048,022926,,1,1,9,4200,0,1,2,,1,040,"US 101 N/B","MARIPOSA REINA",4224.00,S,N,E,-,Y,SB,,101,,,43.948,H,,R,Y,4,0,1,2,A,-,08,22107,,N,B,C,A,A,H,-,A,D,0,,,,Y,Y,,G,25,0,0,1,0,0,0,0,0,0,"- ","- ",34.47235107421875,-120.19168853759766,"SANTA BARBARA",UNINCORPORATED,-120.19169616699219,34.472312927246094
91854612,2021,2022-08-31,9755,2021-09-15,0516,021818,,3,3,9,4200,0,1,3,,1,053,"STATE ROUTE 246 EASTBOUND","RT 1",1015.00,E,N,A,-,Y,,,246,,,,,,E,N,1,1,0,2,A,-,11,21954,A,F,G,B,D,B,H,-,D,D,0,Y,,,,Y,,N,60,0,0,0,1,0,0,0,0,0,"- ","- ",34.642879486083984,-120.43305969238281,"SANTA BARBARA",UNINCORPORATED,-120.43309020996094,34.642929077148438
91855205,2022,2022-09-01,9750,2022-08-23,0535,017910,,2,3,9,4200,0,1,3,,1,021,SR-135,"UNION VALLEY PKY",0.00,,Y,B,-,Y,SB,,135,,,10.669,H,,R,Y,3,0,7,2,A,-,12,21453,A,N,A,C,A,A,H,-,C,A,0,,,,,Y,,A,07,0,4,3,0,0,0,0,0,0,"- ","- ",34.879589080810547,-120.43669128417969,"SANTA BARBARA",UNINCORPORATED,-120.4365234375,34.879589080810547
91855237,2022,2022-09-01,9750,2022-08-24,1530,013267,,3,2,9,4200,0,2,4,,1,024,"UNION VALLEY PARKWAY","RT 135",120.00,E,N,A,-,Y,,,,,,,,,,Y,3,0,1,4,A,-,03,22350,,N,C,C,A,A,H,-,A,A,0,,,,,Y,,A,07,0,1,0,0,0,0,0,0,0,"- ","- ",34.879749298095703,-120.43592071533203,"SANTA BARBARA",UNINCORPORATED,-120.436279296875,34.879547119140625
91855670,2022,2022-09-01,9750,2022-03-04,2059,020549,,5,2,9,4200,0,1,3,,1,021,"SR-135 S/B","UNION VALLEY PKY",1584.00,N,N,B,-,Y,SB,,135,,,10.374,H,,L,Y,1,1,2,2,A,-,01,23152,A,N,A,C,A,A,H,-,D,D,0,,,,,Y,,A,01,2,0,0,0,0,0,0,0,0,"- ","- ",34.875160217285156,-120.43668365478516,"SANTA BARBARA",UNINCORPORATED,-120.43671417236328,34.875160217285156
91857168,2022,2022-09-05,9755,2022-09-04,0950,020226,,7,1,9,4200,0,1,3,,1,042,"SR-154 (SAN MARCOS PASS RD) E/B","SANTA YNEZ STREET",3.00,E,N,A,-,Y,SB,,154,,R,3.872,H,,R,Y,3,0,1,2,A,-,05,21460,A,N,A,C,A,A,H,-,A,D,0,,,,,Y,,D,22,0,1,0,0,0,0,0,0,0,"- ","- ",34.658031463623047,-120.10173797607422,"SANTA BARBARA",UNINCORPORATED,-120.1016845703125,34.658061981201172
91857315,2022,2022-10-11,9760,2022-08-31,1455,018786,,3,2,4,4214,0,1,2,,1,030,"US-101 SOUTHBOUND","STORKE ROAD",2000.00,S,N,A,-,Y,SB,,101,,,24.292,H,,L,Y,4,0,1,2,D,-,00,,,N,C,C,A,A,H,-,A,D,0,,,,,Y,,-,"- ",0,0,1,0,0,0,0,0,0,"- ","- ",34.435718536376953,-119.86277008056641,"SANTA BARBARA",GOLETA,-119.86279296875,34.435794830322266
91857788,2022,2022-09-06,9750,2022-08-22,0439,020765,,1,3,9,4200,0,3,5,,2,010,"BETTERAVIA RD","BROWN RD",0.00,,Y,A,-,N,,,,,,,,,,N,4,0,1,2,A,-,12,22450,A,M,D,C,A,B,H,-,D,A,0,,,,,Y,,A,01,0,0,1,0,0,0,0,0,0,"- ","- ",34.935230255126953,-120.54647827148438,"SANTA BARBARA",UNINCORPORATED,-120.54643249511719,34.935199737548828
91857939,2022,2022-09-06,9760,2022-09-02,0700,021621,,5,1,9,4200,0,3,5,,2,002,"SANDSPIT RD",SR-217,320.00,E,N,A,-,N,,,,,,,,,,Y,3,0,1,1,A,-,01,23152,A,N,E,I,A,A,H,-,A,D,0,,,,,Y,Y,D,22,0,1,0,0,0,0,0,0,0,"- ","- ",34.417900085449219,-119.83222961425781,"SANTA BARBARA",UNINCORPORATED,-119.83232879638672,34.417919158935547
91860167,2022,2022-09-08,9750,2022-09-02,1617,020907,,5,2,9,4200,0,2,4,,1,024,"BRADLEY ST","UNION VALLEY PKY",350.00,N,N,A,-,N,,,,,,,,,,N,3,0,3,3,A,-,03,22350,,N,C,C,A,A,H,-,A,D,0,,,,,Y,,A,01,0,1,2,0,0,0,0,0,0,"- ","- ",34.880451202392578,-120.41871643066406,"SANTA BARBARA",UNINCORPORATED,-120.41871643066406,34.880321502685547
9186225,2020,2021-01-29,4203,2020-11-10,1812,3843,11,2,5,5,4203,0,0,0,,0,002,"S MILPAS ST","CALLE PUERTO VALLARTA",132.00,N,N,A,-,,,,,,,,,,,Y,4,0,1,2,A,-,03,22350,,N,C,C,A,A,H,-,B,A,0,,,,,Y,,A,01,0,0,1,0,0,0,0,0,0,"- ","- ",34.418468475341797,-119.67362213134766,"SANTA BARBARA","SANTA BARBARA",-119.67414093017578,34.418132781982422
91862705,2022,2022-09-12,9755,2022-08-30,1710,018483,,2,2,9,4200,0,1,3,,1,042,SR-154,"FIGUEROA MOUNTAIN ROAD",0.00,,Y,A,-,Y,SB,,154,,R,2.839,H,,R,Y,3,0,1,2,A,-,01,23152,A,N,D,C,A,A,H,-,A,A,0,,,,,Y,Y,A,01,0,1,0,0,0,0,0,0,0,"- ","- ",34.667800903320312,-120.114990234375,"SANTA BARBARA",UNINCORPORATED,-120.114990234375,34.667766571044922
91864165,2022,2022-09-14,9760,2022-09-08,1012,023019,,4,1,9,4200,0,3,5,,2,005,"CAMINO PESCADERO","EL COLEGIO ROAD",0.00,,Y,A,-,N,,,,,,,,,,N,3,0,1,2,A,-,10,21950,A,N,G,B,B,A,H,-,A,A,0,Y,,,,Y,,A,01,0,1,0,0,1,0,0,0,0,"- ","- ",34.417411804199219,-119.85881042480469,"SANTA BARBARA",UNINCORPORATED,-119.85868835449219,34.417285919189453
91865225,2022,2022-09-15,9760,2022-09-12,1705,020423,,1,2,3,4205,0,1,2,,2,010,"US-101 S/B","CASITAS PASS RD",2640.00,S,N,A,-,Y,SB,,101,,,2.122,H,,L,Y,4,0,1,3,A,-,03,22350,,N,D,C,A,A,H,-,A,D,0,,,Y,,Y,,C,02,0,0,1,0,0,0,0,0,1,"- ","- ",34.390979766845703,-119.50634002685547,"SANTA BARBARA",CARPINTERIA,-119.50636291503906,34.390949249267578
91868201,2022,2022-09-19,9755,2022-09-12,0555,018483,,1,3,9,4200,0,1,2,,2,004,"US-101 S/B","OLD COAST HIGHWAY",3000.00,N,N,B,-,N,,,,,,,,,,Y,4,0,1,1,C,-,18,,,N,E,H,A,A,H,-,B,D,0,,,,,Y,,-,"- ",0,0,1,0,0,0,0,0,0,"- ","- ",34.554248809814453,-120.19170379638672,"SANTA BARBARA",UNINCORPORATED,-120.19174194335938,34.554241180419922
9186867,2020,2021-02-05,4204,2020-11-08,1410,90970,14,7,5,5,4204,0,0,0,,0,002,"STOWELL RD","SPEED ST",0.00,,Y,A,-,N,,,,,,,,,,N,2,0,3,3,A,-,12,22450,A,N,D,C,A,A,H,-,A,A,0,,,,,Y,,A,01,2,1,0,0,0,0,0,0,0,"- ","- ",34.938438415527344,-120.43316650390625,"SANTA BARBARA","SANTA MARIA",-120.43318939208984,34.938491821289062
9186869,2020,2021-02-05,4204,2020-11-01,0802,90972,,7,5,5,4204,0,0,0,,0,,"ALVIN AV","MARY DR",12.00,E,N,A,-,N,,,,,,,,,,N,4,0,2,2,A,-,09,21802,A,F,D,C,A,A,H,-,A,D,0,,,Y,,Y,Y,-,99,0,0,2,0,0,0,0,0,2,"- ","- ",34.960441589355469,-120.44808197021484,"SANTA BARBARA","SANTA MARIA",-120.44795227050781,34.960548400878906
9186870,2020,2021-02-05,4204,2020-11-13,1052,91112,,5,5,5,4204,0,0,0,,0,,"ALVIN AV",BROADWAY,247.00,W,N,A,-,N,,,,,,,,,,Y,4,0,1,2,A,-,01,23152,A,M,B,E,A,A,H,-,C,A,0,,,,,Y,Y,A,01,0,0,1,0,0,0,0,0,0,"- ","- ",34.960498809814453,-120.43576049804688,"SANTA BARBARA","SANTA MARIA",-120.436555,34.960434999999997
9186871,2020,2021-02-05,4204,2020-11-19,1631,90343,,4,5,5,4204,0,0,0,,0,,"MILLER ST","CHURCH ST",0.00,,Y,A,-,N,,,,,,,,,,Y,3,0,3,2,A,-,09,21802,A,N,D,C,A,A,H,-,B,A,0,,,,,Y,,A,01,0,1,2,0,0,0,0,0,0,"- ","- ",34.951950073242188,-120.43154144287109,"SANTA BARBARA","SANTA MARIA",-120.43147277832031,34.952030181884766
9186875,2020,2021-02-05,4204,2020-11-13,1909,90342,10,5,5,5,4204,0,0,0,,0,002,"BLOSSER RD","BOONE ST",0.00,,Y,A,-,N,,,,,,,,,,N,4,0,1,2,A,-,03,22350,,F,C,C,A,A,H,-,C,D,0,,,,,Y,Y,-,99,0,0,1,0,0,0,0,0,0,"- ","- ",34.946781158447266,-120.45358276367188,"SANTA BARBARA","SANTA MARIA",-120.45381927490234,34.947509765625
91869127,2022,2022-09-20,9755,2022-09-19,0918,016988,,1,1,9,4200,0,1,2,,2,004,"S/B 101",SR-1,2640.00,N,N,C,-,Y,SB,,101,,R,49.810,H,,L,Y,4,0,2,1,A,-,03,22350,,N,E,I,A,B,H,-,A,D,0,,,,,Y,,-,"- ",0,0,2,0,0,0,0,0,0,"- ","- ",34.519569396972656,-120.21501159667969,"SANTA BARBARA",UNINCORPORATED,-120.21499633789062,34.519550323486328
91869715,2022,2022-09-21,9760,2022-09-19,0600,023019,,1,1,9,4200,0,2,4,,1,021,"HOLLISTER AVE","WALNUT LANE",0.00,,Y,B,-,N,,,,,,,,,,N,3,0,1,2,A,-,09,21453,B,N,D,G,A,A,H,-,C,A,0,,Y,,,Y,,A,01,0,1,0,0,0,0,1,0,0,"- ","- ",34.434761047363281,-119.80211639404297,"SANTA BARBARA",UNINCORPORATED,-119.80223846435547,34.434799194335938
91870265,2022,2022-09-21,9760,2022-09-21,0635,023019,,3,1,9,4200,0,3,5,,2,001,"SAN LEANDRO LANE","SAN YSIDRO ROAD",165.00,E,N,A,-,N,,,,,,,,,,N,4,0,2,2,A,-,09,21804,A,N,C,C,A,A,H,-,A,D,0,,,,,Y,,D,22,0,0,2,0,0,0,0,0,0,"- ","- ",34.424060821533203,-119.63101959228516,"SANTA BARBARA",UNINCORPORATED,-119.63099670410156,34.424041748046875
91871202,2022,2022-09-22,9760,2022-08-09,1310,017140,,2,1,5,4203,0,1,2,,2,011,"US-101 SOUTHBOUND TO GARDEN STREET","GARDEN STREET",40.00,N,N,A,-,Y,,,,,,,,,,Y,3,0,2,2,C,-,18,,,N,C,C,A,A,H,-,A,D,0,,,,,Y,,-,"- ",0,1,1,0,0,0,0,0,0,"- ","- ",34.417869567871094,-119.68955993652344,"SANTA BARBARA","SANTA BARBARA",-119.68955993652344,34.417869567871094
9187127,2020,2020-12-22,4204,2020-11-20,1252,90269,14,5,5,5,4204,0,0,0,,0,002,"STOWELL RD","BRADLEY RD",500.00,E,N,A,-,Y,SB,5,101,-,-,87.690,R,4,N,Y,4,0,1,2,A,-,03,22350,,N,C,C,A,A,H,-,A,D,0,,,,,Y,,A,07,0,0,1,0,0,0,0,0,0,"- ","- ",34.938278198242188,-120.41947174072266,"SANTA BARBARA","SANTA MARIA",-120.417724609375,34.939605712890625
9187131,2020,2021-01-28,4204,2020-11-07,0717,90972,,6,5,5,4204,0,0,0,,0,003,"STOWELL RD","HANSON WY",8.00,W,N,C,-,N,,,,,,,,,,,4,0,1,2,A,-,09,21802,A,N,B,C,A,B,H,-,A,D,0,,,,,Y,,-,,0,0,1,0,0,0,0,0,0,"- ","- ",34.938770294189453,-120.46150207519531,"SANTA BARBARA","SANTA MARIA",-120.46109771728516,34.938739776611328
91873154,2022,2022-09-26,9760,2022-09-22,0858,019385,,4,1,9,4200,0,1,2,,2,010,"US-101 NORTHBOUND","EVANS AVENUE",750.00,S,N,A,-,Y,SB,,101,,R,8.012,H,,R,N,4,0,1,2,A,-,08,22107,,N,C,C,A,A,H,-,A,D,0,,,Y,,Y,,C,02,0,0,1,0,0,0,0,0,1,"- ","- ",34.420280456542969,-119.59723663330078,"SANTA BARBARA",UNINCORPORATED,-119.59723663330078,34.420291900634766
91874669,2022,2022-09-27,9750,2022-09-19,1040,016469,,1,1,9,4200,0,1,3,,1,022,"SR-1 N/B","SAN ANTONIO RD",1056.00,N,N,B,C,Y,SB,,1,,M,33.179,H,,R,Y,4,0,1,2,A,-,07,21658,A,N,B,2,A,B,H,-,A,D,0,,,,Y,Y,,A,07,0,0,1,0,0,0,0,0,0,"- ","- ",34.776348114013672,-120.48390197753906,"SANTA BARBARA",UNINCORPORATED,-120.48392486572266,34.776386260986328
91874800,2022,2022-09-27,9755,2022-09-26,1120,018483,,1,1,9,4200,0,1,2,,2,004,"US-101 S/B",SR-154,1584.00,S,N,A,-,Y,SB,,101,,,62.411,H,,L,Y,4,0,1,2,A,-,08,22107,,N,B,C,A,A,H,-,A,D,0,,,,,Y,,A,01,0,0,1,0,0,0,0,0,0,"- ","- ",34.683620452880859,-120.15673828125,"SANTA BARBARA",UNINCORPORATED,-120.15677642822266,34.683624267578125
91875545,2022,2022-09-28,9750,2022-09-18,0348,020964,,7,3,9,4200,0,1,2,,2,001,"US-101 N/B","UNION VALLEY PKY",1056.00,N,N,B,-,Y,SB,,101,,,83.630,H,,R,Y,3,0,1,2,A,-,01,23152,A,N,B,C,A,A,H,-,D,D,0,,,,,Y,Y,A,01,0,1,0,0,0,0,0,0,0,"- ","- ",34.882419586181641,-120.41074371337891,"SANTA BARBARA",UNINCORPORATED,-120.41075897216797,34.882408142089844
91875625,2022,2022-09-28,9750,2022-09-27,2205,020510,,2,3,9,4200,0,1,3,,1,011,"SR-166 (W. MAIN STREET)","BLACK RD",3960.00,E,N,A,-,Y,SB,,166,,,5.590,H,,R,Y,2,0,1,1,A,-,08,22107,,N,E,I,A,B,H,-,D,D,0,,,,,Y,,A,07,1,0,0,0,0,0,0,0,0,"- ","- ",34.954448699951172,-120.47625732421875,"SANTA BARBARA",UNINCORPORATED,-120.47627258300781,34.954322814941406
91876130,2022,2022-09-29,9755,2022-09-23,1430,020619,,5,2,9,4200,0,1,3,,1,053,SR-246,"MISSION GATE RD",0.00,,Y,A,-,Y,SB,,246,,R,11.358,H,,R,Y,3,0,3,2,A,-,09,21804,A,N,D,C,A,A,H,-,A,A,0,,,,,Y,,A,07,0,2,1,0,0,0,0,0,0,"- ","- ",34.663589477539062,-120.42218780517578,"SANTA BARBARA",UNINCORPORATED,-120.42216491699219,34.663562774658203
91878743,2022,2022-09-30,9760,2022-09-24,0705,018019,,6,1,5,4203,0,1,2,,2,011,"US-101 N/B (EL CAMINO REAL)","MISSION ST.",178.00,S,N,B,-,Y,SB,,101,,R,15.700,H,,R,Y,3,0,1,1,A,-,08,22107,,N,E,8,A,A,H,-,B,D,0,,,,,Y,,A,01,0,1,0,0,0,0,0,0,0,"- ","- ",34.425140380859375,-119.71958160400391,"SANTA BARBARA","SANTA BARBARA",-119.71963500976562,34.425075531005859
91879300,2022,2022-09-30,9750,2022-09-23,1650,016874,,5,2,9,4200,0,1,2,,2,002,"US-101 N/B","PALMER ROAD",3960.00,N,N,A,-,Y,SB,,101,,,76.635,H,,R,N,3,0,1,2,A,-,08,22107,,N,B,C,A,A,H,-,A,D,0,,,Y,Y,Y,,-,"- ",0,1,0,0,0,0,0,0,1,"- ","- ",34.799900054931641,-120.34117889404297,"SANTA BARBARA",UNINCORPORATED,-120.34127044677734,34.799861907958984
91881105,2022,2022-10-04,9755,2022-09-28,1058,018483,,3,1,9,4200,0,3,5,,2,040,"FOXEN CANYON RD","ZACA STATION RD",1000.00,S,N,A,-,N,,,,,,,,,,N,3,0,1,1,A,-,08,22107,,N,E,I,A,A,H,-,A,D,0,,,,,Y,,-,"- ",0,1,0,0,0,0,0,0,0,"- ","- ",34.722721099853516,-120.13069152832031,"SANTA BARBARA",UNINCORPORATED,-120.13320159912109,34.724098205566406
9188257,2020,2020-12-07,4204,2020-10-03,0541,90880,012,6,5,5,4204,0,0,0,,0,002,"MAIN ST","COLLEGE DR",0.00,,Y,A,-,Y,SB,5,166,-,-,8.510,I,5,W,,2,0,1,2,A,-,11,21456,B,N,G,B,B,A,H,-,C,A,0,Y,,,,Y,,N,60,1,0,0,0,1,0,0,0,0,"- ","- ",34.952911376953125,-120.42484283447266,"SANTA BARBARA","SANTA MARIA",-120.42472839355469,34.953166961669922
91883414,2022,2022-10-05,9750,2022-07-02,2210,020511,,6,3,9,4200,0,1,3,,1,022,"SR-1 S/B","US AIR FORCE INSULATION ROAD C6",245.00,N,N,A,-,Y,SB,,1,,M,35.178,H,,L,Y,1,1,0,2,A,-,11,21956,A,N,G,B,D,A,H,-,D,D,0,Y,,,,Y,Y,N,60,0,0,0,1,0,0,0,0,0,"- ","- ",34.791530609130859,-120.45633697509766,"SANTA BARBARA",UNINCORPORATED,-120.45634460449219,34.791538238525391
91885416,2022,2022-10-07,9750,2022-10-03,0850,015514,,1,1,9,4200,0,1,3,,1,021,"SR-135 N/B","LAKEVIEW ROAD",0.00,,Y,A,-,Y,SB,,135,,,11.726,H,,R,Y,3,0,2,2,A,-,17,21451,A,N,D,C,A,A,D,-,A,A,0,,,,,Y,,D,22,0,1,1,0,0,0,0,0,0,"- ","- ",34.894451141357422,-120.43641662597656,"SANTA BARBARA",UNINCORPORATED,-120.43644714355469,34.894451141357422
91886667,2022,2022-10-10,9755,2022-10-04,1220,018483,,2,1,9,4200,0,1,3,,1,042,SR-154,"LAKEVIEW DRIVE",9504.00,E,N,A,-,Y,SB,,154,,,17.299,H,,R,Y,4,0,3,2,A,-,09,21801,A,N,D,C,A,A,H,-,A,D,0,,,,,Y,,D,22,0,0,3,0,0,0,0,0,0,"- ","- ",34.560611724853516,-119.91899108886719,"SANTA BARBARA",UNINCORPORATED,-119.91897583007812,34.560619354248047
91887254,2022,2022-10-11,9760,2022-09-29,2340,020528,,4,3,9,4200,0,3,5,,2,005,"PICASSO RD","EMBARCADERO DEL MAR",140.00,E,N,A,-,N,,,,,,,,,,N,3,0,2,2,A,-,09,21804,A,N,D,J,A,A,H,-,C,D,0,,,,,Y,Y,A,01,0,1,1,0,0,0,0,0,0,"- ","- ",34.415119171142578,-119.85652160644531,"SANTA BARBARA",UNINCORPORATED,-119.85655975341797,34.415096282958984
91887352,2022,2022-10-11,9760,2022-10-02,1515,021294,,7,2,9,4200,0,1,2,,2,010,US-101,"CRAVENS ROAD",64.00,N,N,A,-,Y,SB,,101,,,4.445,H,,R,Y,3,0,1,1,A,-,08,22107,,N,E,I,A,A,D,-,A,D,0,,,,,Y,Y,A,07,0,1,0,0,0,0,0,0,0,"- ","- ",34.405891418457031,-119.54019165039062,"SANTA BARBARA",UNINCORPORATED,-119.54018402099609,34.405918121337891
91888685,2022,2022-10-12,9760,2022-09-18,1715,018418,,7,2,9,4200,0,1,3,,1,014,"SR-192 (EAST VALLEY ROAD)","HODGES LANE",30.00,W,N,A,-,Y,SB,,192,,,8.922,H,,R,Y,3,0,1,1,A,-,01,23152,A,N,E,I,A,A,H,-,A,D,0,,,,,Y,Y,A,01,0,1,0,0,0,0,0,0,0,"- ","- ",34.436561584472656,-119.63044738769531,"SANTA BARBARA",UNINCORPORATED,-119.63046264648438,34.436531066894531
91889784,2022,2022-10-13,9750,2022-10-05,0742,017910,,3,1,9,4200,0,3,5,,2,020,"HARRIS GRADE RD",SR-135,3696.00,S,N,E,-,N,,,,,,,,,,Y,3,0,1,1,A,-,03,22350,,N,E,I,A,A,H,-,A,D,0,,,,,Y,,A,07,0,1,0,0,0,0,0,0,0,"- ","- ",34.756969451904297,-120.42704772949219,"SANTA BARBARA",UNINCORPORATED,-120.42747497558594,34.756904602050781