CASE_ID,ACCIDENT_YEAR,PROC_DATE,JURIS,COLLISION_DATE,COLLISION_TIME,OFFICER_ID,REPORTING_DISTRICT,DAY_OF_WEEK,CHP_SHIFT,POPULATION,CNTY_CITY_LOC,SPECIAL_COND,BEAT_TYPE,CHP_BEAT_TYPE,CITY_DIVISION_LAPD,CHP_BEAT_CLASS,BEAT_NUMBER,PRIMARY_RD,SECONDARY_RD,DISTANCE,DIRECTION,INTERSECTION,WEATHER_1,WEATHER_2,STATE_HWY_IND,CALTRANS_COUNTY,CALTRANS_DISTRICT,STATE_ROUTE,ROUTE_SUFFIX,POSTMILE_PREFIX,POSTMILE,LOCATION_TYPE,RAMP_INTERSECTION,SIDE_OF_HWY,TOW_AWAY,COLLISION_SEVERITY,NUMBER_KILLED,NUMBER_INJURED,PARTY_COUNT,PRIMARY_COLL_FACTOR,PCF_CODE_OF_VIOL,PCF_VIOL_CATEGORY,PCF_VIOLATION,PCF_VIOL_SUBSECTION,HIT_AND_RUN,TYPE_OF_COLLISION,MVIW,PED_ACTION,ROAD_SURFACE,ROAD_COND_1,ROAD_COND_2,LIGHTING,CONTROL_DEVICE,CHP_ROAD_TYPE,PEDESTRIAN_ACCIDENT,BICYCLE_ACCIDENT,MOTORCYCLE_ACCIDENT,TRUCK_ACCIDENT,NOT_PRIVATE_PROPERTY,ALCOHOL_INVOLVED,STWD_VEHTYPE_AT_FAULT,CHP_VEHTYPE_AT_FAULT,COUNT_SEVERE_INJ,COUNT_VISIBLE_INJ,COUNT_COMPLAINT_PAIN,COUNT_PED_KILLED,COUNT_PED_INJURED,COUNT_BICYCLIST_KILLED,COUNT_BICYCLIST_INJURED,COUNT_MC_KILLED,COUNT_MC_INJURED,PRIMARY_RAMP,SECONDARY_RAMP,LATITUDE,LONGITUDE,COUNTY,CITY,POINT_X,POINT_Y
92133182,2023,2023-08-01,9750,2023-07-28,1035,020765,,5,1,5,4204,0,1,2,,2,001,US-101,"MAIN STREET",1380.00,S,N,A,-,Y,SB,,101," "," ",88.346,H,,R,Y,3,0,1,1,A,-,08,22107,,N,E,I,A,A,H,-,A,D,0,,,,,Y,,-,"- ",0,1,0,0,0,0,0,0,0,"- ","- ",34.949100494384766,-120.41734313964844,"SANTA BARBARA","SANTA MARIA",-120.41742706298828,34.949104309082031
92133429,2023,2023-08-01,9760,2023-07-25,1402,023335,,2,2,5,4203,0,1,2,,2,020,"US 101 S/B","LAS POSITAS RD",300.00,N,N,A,-,Y,SB,,101," "," ",17.300,H,,L,Y,3,0,1,2,A,-,07,21658,A,N,C,C,A,A,H,-,A,A,0,,,Y,,Y,,A,01,0,1,0,0,0,0,0,0,1,"- ","- ",34.431880950927734,-119.74562835693359,"SANTA BARBARA","SANTA BARBARA",-119.74565124511719,34.431858062744141
92137809,2023,2023-08-07,9755,2023-07-30,1830,022601,,7,2,9,4200,0,3,5,,2,050,"SANTA ROSA ROAD",SR-1,3.50,E,N,A,-,N,,,,,,,,,,Y,3,0,1,1,A,-,08,22107,,N,E,I,A,A,H,-,A,D,0,,,,,Y,,D,22,0,1,0,0,0,0,0,0,0,"- ","- ",34.619228363037109,-120.42002105712891,"SANTA BARBARA",UNINCORPORATED,-120.42877197265625,34.621551513671875
92138917,2023,2023-08-08,9760,2023-08-06,1235,020965,,7,1,9,4200,0,1,2,,2,020,"US-101 N/B","EL SUENO RD",700.00,N,N,A,-,Y,SB,,101," "," ",19.066,H,,R,N,4,0,1,1,A,-,08,22107,,N,E,I,A,A,H,-,A,D,0,,,,,Y,,A,01,0,0,1,0,0,0,0,0,0,"- ","- ",34.441398620605469,-119.77178192138672,"SANTA BARBARA",UNINCORPORATED,-119.77178955078125,34.441364288330078
92139569,2023,2023-08-09,9750,2023-07-28,"30  ",022227,,5,3,9,4200,0,1,3,,1,062,"SR-166 (CUYAMA HIGHWAY)","MPM 26.00",99.00,W,N,A,-,Y,SB,,166," ",R,25.996,H,,R,Y,2,0,1,1,A,-,08,22107,,N,E,I,A,A,H,-,D,D,0,,,,,Y,,A,01,1,0,0,0,0,0,0,0,0,"- ","- ",35.036739349365234,-120.18218994140625,"SANTA BARBARA",UNINCORPORATED,-120.18221282958984,35.036762237548828
92141172,2023,2023-08-10,9760,2023-08-01,1020,015830,,2,1,5,4203,0,1,2,,2,011,"US-101 N/B","SALINAS ST",212.00,N,N,A,-,Y,SB,,101," "," ",12.147,H,,R,Y,4,0,1,1,A,-,08,22107,,N,E,I,A,A,H,-,A,D,0,,,,,Y,,A,01,0,0,1,0,0,0,0,0,0,"- ","- ",34.421150207519531,-119.66673278808594,"SANTA BARBARA","SANTA BARBARA",-119.66675567626953,34.421215057373047
92141762,2023,2023-08-11,9760,2023-08-10,"600 ",018019,,4,1,5,4203,0,1,2,,2,011,"US-101 N/B (EL CAMINO REAL)","OLIVE MILL RD",876.00,N,N,C,-,Y,SB,,101," "," ",10.710,H,,R,Y,4,0,1,1,A,-,03,22350,,N,E,8,A,B,H,-,D,D,0,,,,,Y,,A,01,0,0,1,0,0,0,0,0,0,"- ","- ",34.420009613037109,-119.64273834228516,"SANTA BARBARA","SANTA BARBARA",-119.64271545410156,34.419906616210938
92142021,2023,2023-08-11,9750,2023-08-06,2230,017910,,7,3,9,4200,0,1,2,,2,002,"US-101 S/B","UNION OIL",1584.00,N,N,A,-,Y,SB,,101," "," ",80.743,H,,L,Y,3,0,1,1,C,-,18,,,N,H,H,A,A,H,-,D,D,0,,,,,Y,,-,"- ",0,1,0,0,0,0,0,0,0,"- ","- ",34.848251342773438,-120.381591796875,"SANTA BARBARA",UNINCORPORATED,-120.38154602050781,34.848274230957031
92143015,2023,2023-08-14,9760,2023-08-12,1331,020965,,6,1,9,4200,0,1,2,,2,010,"US-101 S/B","SOUTH PADARO LANE",1650.00,N,N,A,-,Y,SB,,101," ",R,5.606,H,,L,Y,3,0,1,3,A,-,03,22350,,N,C,C,A,A,D,-,A,D,0,,,,,Y,,-,"- ",0,1,0,0,0,0,0,0,0,"- ","- ",34.413871765136719,-119.55716705322266,"SANTA BARBARA",UNINCORPORATED,-119.55715942382812,34.413875579833984
92143220,2023,2023-08-14,9755,2023-05-04,2358,023112,,4,3,9,4200,0,1,3,,2,041,"STATE ROUTE 246 WESTBOUND","CASINO DR",23.00,W,N,B,-,Y,SB,,246," "," ",32.819,H,,L,N,1,1,0,2,A,-,11,21954,A,N,G,B,D,B,H,-,C,A,0,Y,,,,Y,Y,N,60,0,0,0,1,0,0,0,0,0,"- ","- ",34.610088348388672,-120.08672332763672,"SANTA BARBARA",UNINCORPORATED,-120.08668518066406,34.610031127929688
92144076,2023,2023-08-15,9760,2023-08-04,2035,018786,,5,2,9,4200,0,3,5,,2,002,"LAS PERLAS DRIVE","TRACI DRIVE",0.00,,Y,A,-,N,,,,,,,,,,N,2,0,2,3,A,-,10,21952,,N,G,B,B,A,H,-,C,D,0,Y,,,,Y,,A,01,2,0,0,0,2,0,0,0,0,"- ","- ",34.450031280517578,-119.81080627441406,"SANTA BARBARA",UNINCORPORATED,-119.81085968017578,34.450027465820312
92145407,2023,2023-08-16,9755,2023-08-14,1840,020483,,1,2,9,4200,0,3,5,,2,050,"CENTRAL AVE.","ARTESIA AVE.",0.00,,Y,A,-,N,,,,,,,,,,Y,4,0,1,2,A,-,06,21750,A,N,D,C,A,A,H,-,A,A,0,,,,,Y,,A,07,0,0,1,0,0,0,0,0,0,"- ","- ",34.661590576171875,-120.52803802490234,"SANTA BARBARA",UNINCORPORATED,-120.52799987792969,34.661556243896484
92147587,2023,2023-08-18,9755,2023-08-15,"608 ",016988,,2,1,9,4200,0,3,5,,2,050,"PURISIMA RD","RUCKER RD",1056.00,E,N,E,-,N,,,,,,,,,,Y,3,0,1,1,A,-,08,22107,,N,F,A,A,A,H,-,D,D,0,,,,,Y,,A,01,0,1,0,0,0,0,0,0,0,"- ","- ",34.672561645507812,-120.43344879150391,"SANTA BARBARA",UNINCORPORATED,-120.43663787841797,34.673851013183594
9214876,2020,2021-02-08,4204,2020-12-31,1328,23000,020,4,5,5,4204,0,0,0,,0,003,"BATTLES RD","MCCLELLAND ST",0.00,,Y,A,-,N,,,,,,,,,,N,4,0,1,2,A,-,09,21804,A,N,D,C,A,A,H,-,A,D,0,,,,,Y,,A,01,0,0,1,0,0,0,0,0,0,"- ","- ",34.930400848388672,-120.43515014648438,"SANTA BARBARA","SANTA MARIA",-120.43489837646484,34.931468963623047
92148867,2023,2023-08-21,9760,2023-08-16,"30  ",022547,,3,3,5,4203,0,1,2,,2,020,"US-101 S/B",SR-154,315.00,S,N,A,-,Y,SB,,101," "," ",18.301,H,,L,Y,2,0,1,1,A,-,08,22107,,N,E,8,A,A,H,-,D,D,0,,,Y,,Y,,C,02,1,0,0,0,0,0,0,0,1,"- ","- ",34.441181182861328,-119.75884246826172,"SANTA BARBARA","SANTA BARBARA",-119.75884246826172,34.441150665283203
92148964,2023,2023-08-21,9755,2023-08-13,"255 ",023112,,7,3,9,4200,0,1,2,,2,004,"US-101 N/B",SR-1,5280.00,S,N,A,-,Y,SB,,101," "," ",47.892,H,,R,Y,4,0,1,1,A,-,08,22107,,N,E,I,A,A,H,-,D,D,0,,,,,Y,Y,A,07,0,0,1,0,0,0,0,0,0,"- ","- ",34.496578216552734,-120.23072814941406,"SANTA BARBARA",UNINCORPORATED,-120.2308349609375,34.496562957763672
9214947,2020,2021-02-10,4202,2020-12-18,1730,239,LOMPO,5,5,4,4202,0,0,0,,0,,"NORTH AV","A ST",487.00,W,N,A,-,N,,,,,,,,,,N,4,0,1,2,A,-,11,21954,A,N,G,B,D,A,H,-,C,D,0,Y,,,,Y,,N,60,0,0,1,0,1,0,0,0,0,"- ","- ",,,"SANTA BARBARA",LOMPOC,-120.45047760009766,34.653331756591797
92149604,2023,2023-08-29,9760,2023-08-10,"730 ",016739,,4,1,9,4200,0,1,3,,1,022,"SR-154 (SAN MARCOS PASS RD.)","SAN ANTONIO CREEK RD.",0.00,,Y,B,C,Y,SB,,154," "," ",29.831,H,,R,Y,4,0,1,2,A,-,03,22350,,N,B,C,A,B,H,-,A,D,0,,,,,Y,,A,07,0,0,1,0,0,0,0,0,0,"- ","- ",34.470088958740234,-119.77742767333984,"SANTA BARBARA",UNINCORPORATED,-119.77741241455078,34.470104217529297
92149643,2023,2023-08-22,9760,2023-08-19,2215,022291,,6,3,9,4200,0,1,3,,1,016,SR-150,SR-192,1031.00,E,N,A,-,Y,SB,,150," "," ",1.791,H,,R,N,3,0,1,1,A,-,01,23152,A,N,E,8,A,A,H,-,D,D,0,,,,,Y,Y,A,01,0,1,0,0,0,0,0,0,0,"- ","- ",34.392799377441406,-119.46025848388672,"SANTA BARBARA",UNINCORPORATED,-119.46028137207031,34.392837524414062
92151658,2023,2023-08-23,9760,2023-08-08,1105,016739,,2,1,9,4200,0,1,3,,1,014,"SR-192 (SYCAMORE CANYON RD.)","WESTMONT RD.",0.00,,Y,A,-,N,,,,,,,,,,Y,2,0,2,2,A,-,09,21801,A,N,H,G,A,A,H,-,A,D,0,,Y,,,Y,,A,01,1,1,0,0,0,0,1,0,0,"- ","- ",34.443191528320312,-119.66867828369141,"SANTA BARBARA",UNINCORPORATED,-119.66867065429688,34.443153381347656
92151708,2023,2023-08-23,9760,2023-08-06,"137 ",022291,,7,3,9,4200,0,1,2,,2,020,"US-101 N/B","TURNPIKE ROAD",4475.00,S,N,A,-,Y,SB,,101," "," ",19.214,H,,R,Y,3,0,4,2,A,-,01,23152,A,N,C,2,A,A,H,-,C,D,0,,,,,Y,Y,D,22,0,3,1,0,0,0,0,0,0,"- ","- ",34.441860198974609,-119.77436065673828,"SANTA BARBARA",UNINCORPORATED,-119.77436065673828,34.441852569580078
9215279,2021,2021-03-09,4204,2021-01-10,0257,91008,,7,5,5,4204,0,0,0,,0,,"A ST","CARMEN LN",0.00,,Y,A,-,,,,,,,,,,,Y,4,0,1,1,A,-,08,22107,,N,E,I,A,A,H,-,C,D,0,,,,,Y,,A,01,0,0,1,0,0,0,0,0,0,"- ","- ",34.924541473388672,-120.46385955810547,"SANTA BARBARA","SANTA MARIA",-120.46392059326172,34.924411773681641
9215493,2021,2021-03-11,4203,2021-01-12,1138,2058,42,2,5,5,4203,0,0,0,,0,003,"ANACAPA ST","VICTORIA ST",0.00,,Y,A,-,N,,,,,,,,,,N,4,0,1,2,A,-,10,21950,A,N,G,B,B,A,H,-,A,A,0,Y,,,,Y,,A,01,0,0,1,0,1,0,0,0,0,"- ","- ",34.425289154052734,-119.70465850830078,"SANTA BARBARA","SANTA BARBARA",-119.70454406738281,34.425430297851562
92157172,2023,2023-08-29,9760,2023-08-19,"755 ",018019,,6,1,5,4203,0,1,2,,2,011,"US-101 N/B (EL CAMINO REAL)","CABRILLO BLVD.",2692.00,S,N,A,-,Y,SB,,101," "," ",10.891,H,,R,Y,3,0,1,2,A,-,03,22350,,N,C,C,A,A,H,-,A,D,0,,,,,Y,,A,01,0,1,0,0,0,0,0,0,0,"- ","- ",34.420230865478516,-119.64584350585938,"SANTA BARBARA","SANTA BARBARA",-119.64585113525391,34.420200347900391
92157645,2023,2023-08-29,9760,2023-08-27,2335,023267,,7,3,9,4200,0,3,5,,2,003,"FAIRVIEW AVENUE","CUESTA VERDE",0.10,N,N,A,-,N,,,,,,,,,,N,4,0,1,1,A,-,08,22107,,N,E,I,A,A,H,-,D,D,0,,,,,Y,,A,01,0,0,1,0,0,0,0,0,0,"- ","- ",34.460411071777344,-119.83068084716797,"SANTA BARBARA",UNINCORPORATED,-119.83058929443359,34.458789825439453
92158201,2023,2023-08-30,9760,2023-08-18,2213,020528,,5,3,9,4200,0,1,2,,1,040,"US-101 NB","TAJIGUAS RANCH ROAD",1320.00,S,N,A,-,Y,SB,,101," "," ",42.424,H,,R,Y,4,0,1,1,A,-,08,22107,,N,E,I,A,A,H,-,D,D,0,,,,,Y,,A,01,0,0,1,0,0,0,0,0,0,"- ","- ",34.472328186035156,-120.16493988037109,"SANTA BARBARA",UNINCORPORATED,-120.16493988037109,34.472309112548828
92159559,2023,2023-08-31,9750,2023-08-23,"605 ",015854,,3,1,5,4204,0,1,2,,2,001,"US-101 S/B (EL CAMINO REAL)","STOWELL ROAD O/C",1584.00,S,N,B,-,Y,SB,,101," "," ",87.308,H,,L,Y,4,0,1,3,A,-,03,22350,,M,C,C,A,A,H,-,B,D,0,,,,,Y,,A,01,0,0,1,0,0,0,0,0,0,"- ","- ",34.934059143066406,-120.41797637939453,"SANTA BARBARA","SANTA MARIA",-120.41793823242188,34.934059143066406
92160857,2023,2023-09-01,9755,2023-08-31,1255,019292,,4,1,9,4200,0,1,3,,1,053,SR-246,"PURISIMA RD.",0.00,,Y,A,-,Y,SB,,246," "," ",12.266,H,,R,Y,3,0,1,1,A,-,03,22350,,N,E,8,A,A,H,-,A,D,0,,,Y,,Y,,C,02,0,1,0,0,0,0,0,0,1,"- ","- ",34.664688110351562,-120.40791320800781,"SANTA BARBARA",UNINCORPORATED,-120.40774536132812,34.664543151855469
92160960,2023,2023-09-01,9755,2023-08-27,"440 ",022601,,7,3,9,4200,0,1,2,,2,004,"US-101 S/B",SR-154,4900.00,N,N,E,-,Y,SB,,101," "," ",63.757,H,,L,Y,3,0,1,1,A,-,08,22107,,N,E,8,A,A,H,-,D,C,0,,,,,Y,,A,07,0,1,0,0,0,0,0,0,0,"- ","- ",34.699741363525391,-120.16634368896484,"SANTA BARBARA",UNINCORPORATED,-120.16628265380859,34.699783325195312
92162176,2023,2023-09-05,9760,2023-08-29,"550 ",023335,,2,3,9,4200,0,1,3,,1,022,"SR 154 EASTBOUND","SAN ANTONIO CREEK ROAD",6864.00,W,N,A,-,Y,SB,,154," "," ",28.682,H,,R,Y,4,0,2,2,A,-,05,21460,A,N,A,C,A,A,H,-,B,D,0,,,,,Y,,A,01,0,0,2,0,0,0,0,0,0,"- ","- ",34.481159210205078,-119.77210998535156,"SANTA BARBARA",UNINCORPORATED,-119.77208709716797,34.481163024902344
92162367,2023,2023-09-05,9760,2023-09-01,2138,022926,,5,2,9,4200,0,1,2,,1,040,"US-101 SB","REFUGIO RD",4403.00,S,N,A,-,Y,SB,,101," "," ",35.802,H,,L,Y,3,0,2,1,A,-,08,22107,,N,E,8,A,A,H,-,D,D,0,,,,,Y,,A,01,0,2,0,0,0,0,0,0,0,"- ","- ",34.462211608886719,-120.05512237548828,"SANTA BARBARA",UNINCORPORATED,-120.05512237548828,34.462211608886719
9216329,2021,2021-02-25,4202,2021-01-06,1955,18864,,3,5,4,4202,0,0,0,,0,,"N H ST","WEST CENTRAL AV",58.00,N,N,A,-,Y,SB,5,1,-,-,22.080,H,-,N,Y,4,0,2,2,A,-,01,23152,B,N,C,C,A,A,H,-,C,A,0,,,,,Y,Y,D,22,0,0,2,0,0,0,0,0,0,"- ","- ",,,"SANTA BARBARA",LOMPOC,-120.45762634277344,34.660980224609375
92164254,2023,2023-09-07,9760,2023-08-28,1835,023358,,1,2,9,4200,0,2,4,,2,024,"COUNTY RD","CALLE REAL",15.00,N,N,A,-,N,,,,,,,,,,N,4,0,1,2,A,-,05,21202,A,N,H,G,A,A,H,-,A,A,0,,Y,,,Y,,L,04,0,0,1,0,0,0,1,0,0,"- ","- ",34.442409515380859,-119.77616882324219,"SANTA BARBARA",UNINCORPORATED,-119.77606201171875,34.442329406738281
9216475,2021,2021-03-01,4204,2021-01-19,1300,23000,099,2,5,5,4204,0,0,0,,0,003,"UNION VALLEY PKWY","RT 135",0.00,,Y,A,-,Y,SB,5,135,-,-,10.670,I,6,S,Y,4,0,2,3,A,-,03,22350,,N,C,C,A,A,H,-,A,A,0,,,,,Y,,A,07,0,0,2,0,0,0,0,0,0,"- ","- ",34.879531860351562,-120.43675994873047,"SANTA BARBARA","SANTA MARIA",-120.43667602539062,34.879119873046875
92165632,2023,2023-09-08,9750,2023-09-01,1700,020907,,5,2,9,4200,0,3,5,,2,020,"BLACK RD.","SR-1 N/B",1800.00,N,N,A,-,N,,,,,,,,,,Y,3,0,1,2,A,-,03,22350,,N,C,C,A,A,H,-,B,D,0,,,,Y,Y,,D,22,0,1,0,0,0,0,0,0,0,"- ","- ",34.884479522705078,-120.49449920654297,"SANTA BARBARA",UNINCORPORATED,-120.49371337890625,34.885261535644531
92166856,2023,2023-09-11,9760,2023-09-02,1640,022485,,6,2,9,4200,0,3,5,,2,002,"SAN MARCOS RD","ANITA LN",0.00,,Y,A,-,N,,,,,,,,,,N,4,0,1,2,A,-,08,22107,,N,B,C,A,A,H,-,D,A,0,,,,,Y,,A,07,0,0,1,0,0,0,0,0,0,"- ","- ",34.431301116943359,-119.79592132568359,"SANTA BARBARA",UNINCORPORATED,-119.79592132568359,34.431388854980469
92166877,2023,2023-09-11,9760,2023-09-07,1418,022485,,4,2,9,4200,0,1,3,,1,022,SR-154,"PAINTED CAVE RD",5280.00,E,N,A,-,N,,,,,,,,,,N,4,0,1,2,A,-,17,23114,A,N,E,J,A,A,H,-,A,D,0,,,,,Y,,E,22,0,0,1,0,0,0,0,0,0,"- ","- ",34.489891052246094,-119.78247833251953,"SANTA BARBARA",UNINCORPORATED,-119.78246307373047,34.489913940429688
92167879,2023,2023-09-12,9750,2023-09-05,"800 ",020765,,2,1,9,4200,0,3,5,,2,020,"HUMMEL DRIVE","UNION VALLEY PARKWAY",0.00,,Y,A,-,N,,,,,,,,,,Y,3,0,2,2,A,-,12,22450,A,N,D,C,A,A,H,-,A,A,0,,,,,Y,,A,01,0,2,0,0,0,0,0,0,0,"- ","- ",34.879291534423828,-120.43003845214844,"SANTA BARBARA",UNINCORPORATED,-120.43011474609375,34.879318237304688
92169145,2023,2023-09-13,9750,2023-09-05,2340,020549,,2,3,9,4200,0,3,5,,2,020,"HARRIS GRADE RD",SR-135,10560.00,S,N,B,-,N,,,,,,,,,,Y,3,0,1,1,A,-,01,23152,A,N,E,I,A,A,H,-,D,D,0,,,,,Y,Y,D,22,0,1,0,0,0,0,0,0,0,"- ","- ",34.743968963623047,-120.43927764892578,"SANTA BARBARA",UNINCORPORATED,-120.43858337402344,34.744407653808594
92169189,2023,2023-09-13,9755,2023-09-11,1640,020483,,1,2,9,4200,0,3,5,,2,050,"HARRIS GRADE RD","RUCKER RD",6864.00,N,N,A,-,N,,,,,,,,,,Y,3,0,1,1,A,-,03,22350,,N,E,8,A,A,H,-,A,D,0,,,,,Y,,A,07,0,1,0,0,0,0,0,0,0,"- ","- ",34.72991943359375,-120.4429931640625,"SANTA BARBARA",UNINCORPORATED,-120.44034576416016,34.727447509765625
92172257,2023,2023-09-18,9760,2023-09-09,2500,022912,,6,4,9,4200,0,3,5,,2,005,"DEL PLAYA DR","CAMINO PESCADERO",200.00,E,N,A,-,N,,,,,,,,,,N,3,0,1,1,A,-,00,21221,,N,F,A,A,A,H,-,C,D,0,,,,,Y,Y,M,94,0,1,0,0,0,0,0,0,0,"- ","- ",34.409709930419922,-119.85820770263672,"SANTA BARBARA",UNINCORPORATED,-119.85805511474609,34.409671783447266
92172261,2023,2023-09-18,9760,2023-09-09,1835,023130,,6,2,9,4200,0,2,4,,1,021,"HOLLISTER AVE","MODOC RD",0.00,,Y,A,-,N,,,,,,,,,,N,3,0,1,2,D,-,00,,,N,H,G,A,A,H,-,A,D,0,,Y,,,Y,,-,"- ",0,1,0,0,0,0,1,0,0,"- ","- ",34.440158843994141,-119.77008819580078,"SANTA BARBARA",UNINCORPORATED,-119.77003479003906,34.440193176269531
92172493,2023,2023-09-18,9755,2023-09-09,2040,017378,,6,2,9,4200,0,1,3,,1,051,"RT 1","RT 101",25344.00,N,N,A,-,Y,SB,,1," ",R,3.225,H,,R,Y,3,0,1,2,A,-,01,23152,A,N,B,C,A,A,H,-,D,A,0,,,,,Y,Y,A,01,0,1,0,0,0,0,0,0,0,"- ","- ",34.522769927978516,-120.27897644042969,"SANTA BARBARA",UNINCORPORATED,-120.27897644042969,34.522796630859375
92172702,2023,2023-09-18,9760,2023-09-17,1515,020752,,7,2,9,4200,0,2,4,,1,021,"HOLLISTER AVENUE","SAN MARCOS ROAD",10.00,E,N,A,-,N,,,,,,,,,,Y,3,0,1,2,A,-,03,22350,,N,C,C,A,A,H,-,A,D,0,,,Y,,Y,,A,01,0,1,0,0,0,0,0,0,1,"- ","- ",34.435409545898438,-119.79596710205078,"SANTA BARBARA",UNINCORPORATED,-119.79613494873047,34.43536376953125
92173521,2023,2023-09-19,9750,2023-09-13,1325,020765,,3,1,9,4200,0,1,3,,1,021,"SR-135 S/B","GOODWIN RD",0.00,,Y,A,-,Y,SB,,135," "," ",12.070,H,,L,Y,3,0,5,3,A,-,12,21453,A,N,D,C,A,A,H,-,A,A,0,,,,,Y,,A,01,0,2,3,0,0,0,0,0,0,"- ","- ",34.899509429931641,-120.43614959716797,"SANTA BARBARA",UNINCORPORATED,-120.43614196777344,34.899509429931641
92174049,2023,2023-09-19,9760,2023-09-14,1520,023335,,4,2,5,4203,0,1,2,,2,020,"US-101 SOUTHBOUND","STATE STREET",500.00,N,N,A,-,Y,SB,,101," "," ",19.195,H,,L,Y,4,0,1,2,A,-,03,22350,,N,C,C,A,A,H,-,A,D,0,,,,,Y,,A,01,0,0,1,0,0,0,0,0,0,"- ","- ",34.441650390625,-119.77394866943359,"SANTA BARBARA","SANTA BARBARA",-119.77395629882812,34.441616058349609
92175079,2023,2023-09-20,9750,2023-09-15,1440,016874,,5,2,9,4200,0,1,3,,1,023,"SR1355 S/B","SAN ANTONIO RD",350.00,N,N,A,-,Y,SB,,135," ",M,9.682,H,,L,N,4,0,1,1,A,-,08,22107,,N,F,A,A,A,H,-,A,D,0,,,,,Y,,A,01,0,0,1,0,0,0,0,0,0,"- ","- ",34.773601531982422,-120.42941284179688,"SANTA BARBARA",UNINCORPORATED,-120.42947387695312,34.773578643798828
9217761,2021,2021-03-10,4200,2021-01-07,1250,4974,14,4,5,4,4214,0,0,0,,0,080,"HOLLISTER AV","STORKE RD",0.00,,Y,A,-,N,,,,,,,,,,Y,3,0,1,3,A,-,01,23152,F,M,D,C,A,A,H,-,A,A,0,,,,,Y,,A,01,0,1,0,0,0,0,0,0,0,"- ","- ",,,"SANTA BARBARA",GOLETA,-119.8697509765625,34.430103302001953
9217764,2021,2021-03-10,4203,2021-01-12,1150,25106,66,2,5,5,4203,0,0,0,,0,001,"MILPAS ST","ALPHONSE ST",50.00,N,N,A,-,N,,,,,,,,,,Y,3,0,1,3,A,-,04,21703,,N,C,C,A,A,H,-,A,D,0,,,,,Y,,A,01,0,1,0,0,0,0,0,0,0,"- ","- ",34.427799224853516,-119.68724060058594,"SANTA BARBARA","SANTA BARBARA",-119.68738555908203,34.427818298339844
9217767,2021,2021-03-12,4203,2021-01-21,1854,25605,,4,5,5,4203,0,0,0,,0,006,"CARRILLO ST","CHINO ST",0.00,,Y,A,-,N,,,,,,,,,,,2,0,1,2,D,-,00,,,N,H,G,A,A,H,-,C,D,0,,Y,,,Y,,-,"- ",1,0,0,0,0,0,1,0,0,"- ","- ",34.414669036865234,-119.712890625,"SANTA BARBARA","SANTA BARBARA",-119.71282196044922,34.414497375488281
9217784,2021,2021-03-12,4202,2021-01-15,1718,239,4202,5,5,4,4202,0,0,0,,0,,"PINE AV","D/E STREET ALLEY",0.00,,Y,A,-,N,,,,,,,,,,Y,4,0,1,2,A,-,09,21804,A,N,D,C,A,A,H,-,A,D,0,,,,,Y,,A,01,0,0,1,0,0,0,0,0,0,"- ","- ",,,"SANTA BARBARA",LOMPOC,-120.45394897460938,34.650161743164062
92181864,2023,2023-09-28,9755,2023-09-25,1512,020483,,1,2,9,4200,0,1,3,,1,055,"SR-1 S/B","SANTA LUCIA CANYON RD",60.00,S,N,A,-,Y,SB,,1," ",R,26.678,H,,L,Y,4,0,1,1,A,-,08,22107,,N,E,I,A,A,H,-,A,D,0,,,,,Y,,A,07,0,0,1,0,0,0,0,0,0,"- ","- ",34.71295166015625,-120.48908996582031,"SANTA BARBARA",UNINCORPORATED,-120.48912048339844,34.712944030761719
92186071,2023,2023-10-02,9760,2023-09-19,"715 ",022726,,2,1,9,4200,0,3,5,,2,002,"CALLE REAL","VIA LEE",10.00,W,N,A,-,N,,,,,,,,,,N,3,0,1,2,A,-,08,22107,,N,H,6,A,A,H,-,A,D,0,,Y,,,Y,,L,04,0,1,0,0,0,0,1,0,0,"- ","- ",34.442298889160156,-119.79235076904297,"SANTA BARBARA",UNINCORPORATED,-119.79228210449219,34.442394256591797
92186425,2023,2023-10-02,9750,2023-09-15,2125,016874,,5,2,5,4204,0,1,S,,2,901,"SR-135 (S. BROADWAY)","STOWELL ROAD",0.00,,Y,A,-,Y,SB,,135," "," ",14.783,H,,R,Y,3,0,2,2,A,-,09,21801,B,N,D,C,A,A,E,-,C,A,0,,,,,Y,,A,01,0,1,1,0,0,0,0,0,0,"- ","- ",34.938549041748047,-120.43612670898438,"SANTA BARBARA","SANTA MARIA",-120.43595123291016,34.938556671142578