CASE_ID,ACCIDENT_YEAR,PROC_DATE,JURIS,COLLISION_DATE,COLLISION_TIME,OFFICER_ID,REPORTING_DISTRICT,DAY_OF_WEEK,CHP_SHIFT,POPULATION,CNTY_CITY_LOC,SPECIAL_COND,BEAT_TYPE,CHP_BEAT_TYPE,CITY_DIVISION_LAPD,CHP_BEAT_CLASS,BEAT_NUMBER,PRIMARY_RD,SECONDARY_RD,DISTANCE,DIRECTION,INTERSECTION,WEATHER_1,WEATHER_2,STATE_HWY_IND,CALTRANS_COUNTY,CALTRANS_DISTRICT,STATE_ROUTE,ROUTE_SUFFIX,POSTMILE_PREFIX,POSTMILE,LOCATION_TYPE,RAMP_INTERSECTION,SIDE_OF_HWY,TOW_AWAY,COLLISION_SEVERITY,NUMBER_KILLED,NUMBER_INJURED,PARTY_COUNT,PRIMARY_COLL_FACTOR,PCF_CODE_OF_VIOL,PCF_VIOL_CATEGORY,PCF_VIOLATION,PCF_VIOL_SUBSECTION,HIT_AND_RUN,TYPE_OF_COLLISION,MVIW,PED_ACTION,ROAD_SURFACE,ROAD_COND_1,ROAD_COND_2,LIGHTING,CONTROL_DEVICE,CHP_ROAD_TYPE,PEDESTRIAN_ACCIDENT,BICYCLE_ACCIDENT,MOTORCYCLE_ACCIDENT,TRUCK_ACCIDENT,NOT_PRIVATE_PROPERTY,ALCOHOL_INVOLVED,STWD_VEHTYPE_AT_FAULT,CHP_VEHTYPE_AT_FAULT,COUNT_SEVERE_INJ,COUNT_VISIBLE_INJ,COUNT_COMPLAINT_PAIN,COUNT_PED_KILLED,COUNT_PED_INJURED,COUNT_BICYCLIST_KILLED,COUNT_BICYCLIST_INJURED,COUNT_MC_KILLED,COUNT_MC_INJURED,PRIMARY_RAMP,SECONDARY_RAMP,LATITUDE,LONGITUDE,COUNTY,CITY,POINT_X,POINT_Y
9229785,2021,2021-03-27,4204,2021-02-07,1728,90416,10,7,5,5,4204,0,0,0,,0,003,"STOWELL RD","BLOSSER RD",0.00,,Y,A,-,N,,,,,,,,,,Y,3,0,3,2,A,-,12,21453,A,N,D,C,A,A,H,-,A,A,0,,,,,Y,,A,07,0,1,2,0,0,0,0,0,0,"- ","- ",34.938030242919922,-120.45387268066406,"SANTA BARBARA","SANTA MARIA",-120.45389556884766,34.93878173828125
92299508,2024,2024-01-29,9760,2024-01-22,1500,023326,,1,2,9,4200,0,3,5,,2,005,"EMBARCADERO DEL MAR","PARDALL ROAD",0.00,,Y,B,-,N,,,,,,,,,,N,3,0,1,2,A,-,09,21802,A,N,H,G,A,B,H,-,A,A,0,,Y,,,Y,,A,07,0,1,0,0,0,0,1,0,0,"- ","- ",34.413131713867188,-119.85709381103516,"SANTA BARBARA",UNINCORPORATED,-119.85703277587891,34.413120269775391
92299766,2024,2024-03-12,9755,2024-01-18,"810 ",016988,,4,1,9,4200,0,1,3,,1,055,"SR-1 S/B","CONSTELLATION RD",2112.00,S,N,B,-,Y,SB,,1," ",R,24.566,H,,L,N,4,0,1,2,A,-,03,22350,,N,C,C,A,B,H,-,A,D,0,,,,,Y,,A,01,0,0,1,0,0,0,0,0,0,"- ","- ",34.694808959960938,-120.46034240722656,"SANTA BARBARA",UNINCORPORATED,-120.46035766601562,34.694789886474609
92300471,2024,2024-01-30,9750,2024-01-27,"645 ",023544,,6,1,9,4200,0,1,3,,1,011,"SR-166 (W. MAIN STREET)","BLACK ROAD",0.00,,Y,A,-,Y,SB,,166," "," ",4.818,H,,R,Y,4,0,1,2,A,-,09,21802,A,N,D,C,A,A,H,-,A,D,0,,,,,Y,,D,22,0,0,1,0,0,0,0,0,0,"- ","- ",34.955329895019531,-120.48960876464844,"SANTA BARBARA",UNINCORPORATED,-120.48960876464844,34.955356597900391
92300769,2024,2024-01-30,9750,2024-01-29,1617,020227,,1,2,9,4200,0,3,5,,2,030,"BETTERAVIA RD","US-101 NB ON/OFFRAMPS",191.00,E,N,A,-,Y,,,,,,,,,,N,4,0,1,3,A,-,21,22106,,N,C,C,A,A,H,-,B,A,0,,,,,Y,,D,22,0,0,1,0,0,0,0,0,0,"- ","- ",34.923660278320312,-120.41665649414062,"SANTA BARBARA",UNINCORPORATED,,
92301270,2024,2024-01-30,9760,2024-01-27,2344,022726,,6,3,9,4200,0,1,2,,1,030,"US-101 N/B","LAS VARAS CYN RD",1690.00,S,N,A,-,Y,SB,,101," "," ",30.725,H,,R,Y,3,0,1,1,A,-,08,22107,,N,E,8,A,A,H,-,D,D,0,,,,,Y,,A,01,0,1,0,0,0,0,0,0,0,"- ","- ",34.454189300537109,-119.96784210205078,"SANTA BARBARA",UNINCORPORATED,-119.96788787841797,34.454135894775391
92301732,2024,2024-01-31,9760,2024-01-23,1730,020423,,2,2,5,4203,0,1,2,,2,011,"US-101 N/B","CARRILLO ST",2112.00,N,N,A,-,Y,SB,,101," ",R,15.148,H,,R,Y,3,0,1,3,A,-,03,22350,,N,C,C,A,A,H,-,A,D,0,,,Y,,Y,,C,02,0,1,0,0,0,0,0,0,1,"- ","- ",34.419818878173828,-119.71240234375,"SANTA BARBARA","SANTA BARBARA",-119.71238708496094,34.419830322265625
92302556,2024,2024-02-01,9750,2024-01-26,1430,023429,,5,2,9,4200,0,3,5,,2,030,"CAT CANYON ROAD",US-101,5966.00,E,N,A,-,N,,,,,,,,,,N,4,0,1,1,A,-,03,22350,,N,F,A,A,A,H,-,A,D,0,,,Y,,Y,,C,02,0,0,1,0,0,0,0,0,1,"- ","- ",34.764900207519531,-120.27709197998047,"SANTA BARBARA",UNINCORPORATED,-120.28224945068359,34.765277862548828
92303209,2024,2024-02-01,9750,2024-01-31,1031,015854,,3,1,9,4200,0,1,3,,1,064,SR-166,"WASIOJA RD",12144.00,W,N,B,-,Y,SB,,166," "," ",56.142,H,,R,Y,3,0,1,2,A,-,05,21460,A,N,B,C,A,A,H,-,A,D,0,,,,,Y,,A,01,0,1,0,0,0,0,0,0,0,"- ","- ",34.999988555908203,-119.81880950927734,"SANTA BARBARA",UNINCORPORATED,-119.81881713867188,34.999969482421875
9230482,2021,2021-04-06,4203,2021-02-05,1249,24576,37,5,5,5,4203,0,0,0,,0,005,"CALLE REAL","TREASURE DR",21.00,N,N,A,-,N,,,,,,,,,,N,3,0,1,2,A,-,05,21650,1,N,D,G,A,A,H,-,A,A,0,,Y,,,Y,,L,04,0,1,0,0,0,0,1,0,0,"- ","- ",34.425941467285156,-119.72445678710938,"SANTA BARBARA","SANTA BARBARA",-119.72926330566406,34.427436828613281
9230485,2021,2021-04-06,4203,2021-02-10,1609,25596,6,3,5,5,4203,0,0,0,,0,006,"MEIGS RD","RICARDO AV",87.00,N,N,A,-,N,,,,,,,,,,N,3,0,1,1,C,-,18,,,N,E,I,A,A,H,-,A,D,0,,,,,Y,Y,-,"- ",0,1,0,0,0,0,0,0,0,"- ","- ",34.404361724853516,-119.72181701660156,"SANTA BARBARA","SANTA BARBARA",-119.72169494628906,34.404319763183594
9230487,2021,2021-04-06,4203,2021-02-12,2018,6972,,5,5,5,4203,0,0,0,,0,004,"W HALEY ST","DE LA VINA ST",51.00,W,N,A,-,N,,,,,,,,,,N,2,0,1,2,A,-,11,21954,A,N,G,B,D,A,H,-,C,D,0,Y,,,,Y,,N,60,1,0,0,0,1,0,0,0,0,"- ","- ",34.414321899414062,-119.69815063476562,"SANTA BARBARA","SANTA BARBARA",-119.69790649414062,34.414577484130859
9230491,2021,2021-04-06,4203,2021-02-02,2142,7897,46,2,5,5,4203,0,0,0,,0,003,"VICTORIA ST","CARMELITA AV",6.00,W,N,A,-,N,,,,,,,,,,Y,3,0,1,2,A,-,01,23152,A,M,B,E,A,A,H,-,C,D,0,,,,,Y,Y,A,07,0,1,0,0,0,0,0,0,0,"- ","- ",34.427898406982422,-119.70178985595703,"SANTA BARBARA","SANTA BARBARA",-119.7017822265625,34.428009033203125
92306505,2024,2024-02-06,9750,2024-01-30,1445,023544,,2,2,9,4200,0,1,3,,1,022,"SR-1 N/B (CABRILLO HIGHWAY)","SOLOMON ROAD",1267.00,N,N,A,-,N,,,,,,,,,,Y,4,0,1,2,A,-,09,21804,A,N,B,C,A,A,H,-,A,D,0,,,,Y,Y,,A,07,0,0,1,0,0,0,0,0,0,"- ","- ",34.872760772705078,-120.47248077392578,"SANTA BARBARA",UNINCORPORATED,-120.47248840332031,34.87274169921875
92307308,2024,2024-02-06,9755,2024-02-05,"600 ",019292,,1,1,9,4200,0,1,3,,1,051,SR-1,"JALAMA RD",8448.00,S,N,B,-,Y,SB,,1," "," ",13.320,H,,R,Y,4,0,1,1,C,-,18,,,N,E,J,A,B,H,-,B,D,0,,,,,Y,,-,"- ",0,0,1,0,0,0,0,0,0,"- ","- ",34.58306884765625,-120.3843994140625,"SANTA BARBARA",UNINCORPORATED,-120.38437652587891,34.583103179931641
92308383,2024,2024-02-16,9755,2024-01-30,2125,023530,,2,2,9,4200,0,1,3,,1,055,SR-1,"TIMBER LN",0.00,,Y,A,-,Y,SB,,1," ",M,29.365,H,,R,Y,4,0,2,2,A,-,01,23152,A,N,D,C,A,A,H,-,C,A,0,,,,,Y,Y,A,07,0,0,2,0,0,0,0,0,0,"- ","- ",34.744850158691406,-120.51483917236328,"SANTA BARBARA",UNINCORPORATED,-120.51472473144531,34.744926452636719
92309118,2024,2024-02-08,9755,2024-01-30,"635 ",016988,,2,1,9,4200,0,1,3,,1,051,"SR-1 N/B","RT 101",11616.00,N,N,A,-,Y,SB,,1," ",R,2.211,H,,R,Y,4,0,2,2,A,-,03,22350,,N,C,C,A,A,H,-,D,D,0,,,,,Y,,J,48,0,0,2,0,0,0,0,0,0,"- ","- ",34.518360137939453,-120.26216888427734,"SANTA BARBARA",UNINCORPORATED,-120.26219940185547,34.518291473388672
92309347,2024,2024-02-08,9755,2024-02-04,1330,018483,,7,1,9,4200,0,1,2,,2,004,"US-101 S/B",SR-1,7234.00,N,N,B,C,Y,SB,,101," ",R,50.221,H,,L,Y,4,0,1,1,A,-,03,22350,,N,E,I,A,B,H,-,A,D,0,,,,,Y,,A,01,0,0,1,0,0,0,0,0,0,"- ","- ",34.523490905761719,-120.209716796875,"SANTA BARBARA",UNINCORPORATED,-120.20974731445312,34.523551940917969
92309594,2024,2024-02-08,9755,2024-02-08,"730 ",019292,,4,1,9,4200,0,3,5,,2,050,"BURTON MESA BLVD","CONSTELLATION RD",0.00,,Y,A,-,N,,,,,,,,,,N,4,0,1,2,A,-,10,21950,A,N,G,B,B,B,H,-,A,A,0,Y,,,,Y,,A,01,0,0,1,0,1,0,0,0,0,"- ","- ",34.699470520019531,-120.46829986572266,"SANTA BARBARA",UNINCORPORATED,-120.46817779541016,34.699462890625
92311353,2024,2024-02-12,9760,2024-02-04,1514,023449,,7,2,4,4214,0,1,2,,2,020,"US-101 S/B","FAIRVIEW AVE",1320.00,S,N,C,-,Y,SB,,101," "," ",22.281,H,,L,Y,4,0,1,1,A,-,03,22350,,N,E,J,A,B,H,-,A,D,0,,,,,Y,,A,01,0,0,1,0,0,0,0,0,0,"- ","- ",34.439739227294922,-119.82795715332031,"SANTA BARBARA",GOLETA,-119.82798004150391,34.439865112304688
92312042,2023,2024-02-12,9755,2023-10-22,1712,020483,,7,2,9,4200,0,3,5,,2,050,"SANTA ROSA ROAD","US-101 S/B TO SANTA ROSA ROAD",4541.00,W,N,A,-,N,,,,,,,,,,Y,1,2,1,2,A,-,01,23152,A,N,A,C,A,A,H,-,A,D,0,,,,,Y,Y,D,22,1,0,0,0,0,0,0,0,0,"- ","- ",34.603401184082031,-120.20700836181641,"SANTA BARBARA",UNINCORPORATED,,
9231292,2020,2021-03-08,4204,2020-12-12,1109,90685,23,6,5,5,4204,0,0,0,,0,003,BROADWAY,"MCCOY LN",0.00,,Y,A,-,Y,SB,5,135,-,-,13.260,I,5,N,N,4,0,1,2,A,-,12,21453,A,N,B,G,A,A,H,-,A,A,0,,Y,,,Y,,L,04,0,0,1,0,0,0,1,0,0,"- ","- ",34.915599822998047,-120.43672180175781,"SANTA BARBARA","SANTA MARIA",-120.4359130859375,34.916671752929688
9231392,2021,2021-03-09,4200,2021-02-07,1600,4608,14,7,5,4,4214,0,0,0,,0,060,"S PATTERSON AV","OVERPASS RD",187.00,N,N,A,-,N,,,,,,,,,,N,4,0,1,2,A,-,08,22107,,M,B,C,A,A,H,-,A,D,0,,,,,Y,,-,99,0,0,1,0,0,0,0,0,0,"- ","- ",,,"SANTA BARBARA",GOLETA,-119.80863952636719,34.439594268798828
92316012,2024,2024-02-16,9755,2024-02-13,1320,016988,,2,1,9,4200,0,1,2,,2,004,"US-101 N/B","OLD COAST HIGHWAY",5808.00,S,N,A,-,Y,SB,,101," ",R,51.169,H,,R,Y,4,0,1,1,A,-,08,22107,,N,E,I,A,A,H,-,A,D,0,,,,,Y,,A,01,0,0,1,0,0,0,0,0,0,"- ","- ",34.529369354248047,-120.19641876220703,"SANTA BARBARA",UNINCORPORATED,-120.19650268554688,34.529380798339844
9231882,2021,2021-04-27,4200,2021-04-09,2055,3683,14,5,5,4,4214,0,0,0,,0,060,"WARD DR","RT 217",0.00,,Y,A,-,Y,SB,5,217,-,-,2.020,R,4,E,Y,3,0,4,2,A,-,12,22450,A,N,A,C,A,-,H,-,C,A,0,,,,,Y,,A,01,0,4,0,0,0,0,0,0,0,"- ",EF,,,"SANTA BARBARA",GOLETA,-119.82008361816406,34.43255615234375
9231884,2021,2021-04-27,4204,2021-04-06,1305,90269,4204,2,5,5,4204,0,0,0,,0,003,BROADWAY,"PLAZA DR",50.00,S,N,A,-,Y,SB,5,135,-,-,14.690,H,-,N,Y,4,0,1,2,A,-,03,22350,,N,C,C,A,A,H,-,A,A,0,,,,,Y,,D,22,0,0,1,0,0,0,0,0,0,"- ","- ",34.93743896484375,-120.43599700927734,"SANTA BARBARA","SANTA MARIA",-120.43592834472656,34.937225341796875
9231886,2021,2021-04-27,4204,2021-04-05,1311,90139,4204,1,5,5,4204,0,0,0,,0,,"MAIN ST","COLLEGE DR",45.00,W,N,A,-,Y,SB,5,166,-,-,8.500,H,-,E,N,4,0,1,2,A,-,21,22106,,N,C,C,A,A,H,-,A,A,0,,,,,Y,,A,07,0,0,1,0,0,0,0,0,0,"- ","- ",34.952911376953125,-120.42484283447266,"SANTA BARBARA","SANTA MARIA",-120.42488861083984,34.95306396484375
9231888,2021,2021-04-27,4204,2021-04-03,1530,90719,4204,6,5,5,4204,0,0,0,,0,001,BROADWAY,"TAYLOR ST",0.00,,Y,A,-,Y,SB,5,135,-,-,17.280,I,-,S,Y,4,0,1,2,A,-,12,21453,A,F,D,C,A,A,H,-,A,A,0,,,,,Y,,D,22,0,0,1,0,0,0,0,0,0,"- ","- ",34.973838806152344,-120.43451690673828,"SANTA BARBARA","SANTA MARIA",-120.43566131591797,34.974960327148438
9231889,2021,2021-04-27,4204,2021-04-04,1741,90342,10,7,5,5,4204,0,0,0,,0,002,"MAIN ST","WESTERN AV",182.00,W,N,A,-,Y,SB,5,166,-,-,7.040,H,-,W,Y,4,0,1,2,A,-,09,21804,A,N,A,C,A,A,H,-,A,D,0,,,,,Y,,A,01,0,0,1,0,0,0,0,0,0,"- ","- ",34.953048706054688,-120.44934844970703,"SANTA BARBARA","SANTA MARIA",-120.45082092285156,34.953342437744141
92319067,2024,2024-02-21,9760,2024-02-19,"722 ",021476,,1,1,9,4200,0,1,2,,2,010,"US-101 NORTHBOUND","SHEFFIELD DRIVE",1100.00,N,N,B,C,Y,SB,,101," "," ",9.227,H,,R,Y,4,0,1,1,A,-,03,22350,,N,E,8,A,B,D,-,A,D,0,,,,,Y,,A,07,0,0,1,0,0,0,0,0,0,"- ","- ",34.421398162841797,-119.61791229248047,"SANTA BARBARA",UNINCORPORATED,-119.617919921875,34.421455383300781
92319083,2024,2024-02-21,9760,2024-02-19,"420 ",023130,,1,3,9,4200,0,1,2,,1,030,"US-101 SOUTHBOUND","HOLLISTER AVENUE",898.00,N,N,B,C,Y,SB,,101," "," ",27.029,H,,L,N,3,0,1,1,A,-,03,22350,,N,F,A,A,B,H,-,D,D,0,,,,,Y,Y,A,01,0,1,0,0,0,0,0,0,0,"- ","- ",34.432468414306641,-119.90908050537109,"SANTA BARBARA",UNINCORPORATED,-119.90908050537109,34.432441711425781
92319378,2024,2024-02-21,9760,2024-02-20,"21  ",022291,,2,3,9,4200,0,1,2,,2,010,"US-101 SOUTHBOUND","N. PADARO LANE",3130.00,N,N,B,-,Y,SB,,101," ",R,7.737,H,,L,Y,4,0,2,1,A,-,03,22350,,N,E,8,A,B,D,-,C,D,0,,,,,Y,,A,01,0,0,2,0,0,0,0,0,0,"- ","- ",34.418861389160156,-119.59268951416016,"SANTA BARBARA",UNINCORPORATED,-119.5926513671875,34.418964385986328
92321859,2024,2024-02-23,9755,2024-02-19,1440,023547,,1,2,9,4200,0,1,2,,2,004,"US-101 S/B","ALISAL RD",2640.00,S,N,B,-,Y,SB,,101," ",R,50.251,H,,L,N,3,0,2,1,A,-,03,22350,,N,E,8,A,B,H,-,A,D,0,,,,,Y,,A,07,0,2,0,0,0,0,0,0,0,"- ","- ",34.523731231689453,-120.20926666259766,"SANTA BARBARA",UNINCORPORATED,-120.20925903320312,34.523700714111328
92324162,2024,2024-02-27,9760,2024-02-19,1305,022050,,1,1,9,4200,0,1,2,,2,020,"US-101 S/B TO TURNPIKE RD","TURNPIKE RD",85.00,N,N,B,-,Y,,,,,,,,,,N,4,0,2,3,A,-,03,22350,,N,C,C,A,B,H,-,A,D,0,,,,,Y,,A,01,0,0,2,0,0,0,0,0,0,"- ","- ",34.441921234130859,-119.78975677490234,"SANTA BARBARA",UNINCORPORATED,-119.78975677490234,34.441921234130859
92325189,2024,2024-02-28,9750,2024-02-20,"800 ",016170,,2,1,9,4200,0,2,4,,1,024,"CLARK AVE.","HARMONY LANE",0.00,,Y,A,-,N,,,,,,,,,,Y,4,0,1,2,A,-,09,21802,A,N,D,C,A,A,H,-,A,A,0,,,,,Y,,A,01,0,0,1,0,0,0,0,0,0,"- ","- ",34.865108489990234,-120.40608215332031,"SANTA BARBARA",UNINCORPORATED,-120.40606689453125,34.865074157714844
92325709,2024,2024-02-28,9760,2024-02-20,1617,023546,,2,2,5,4203,0,1,2,,2,011,"US-101 SOUTHBOUND","MILPAS ST",490.00,N,N,B,-,Y,SB,,101," "," ",12.852,H,,L,Y,4,0,1,2,A,-,03,22350,,N,C,C,A,A,H,-,A,D,0,,,,,Y,,D,22,0,0,1,0,0,0,0,0,0,"- ","- ",34.420131683349609,-119.67887878417969,"SANTA BARBARA","SANTA BARBARA",-119.67888641357422,34.420173645019531
9232638,2021,2021-04-08,4204,2021-02-16,2142,91006,04,2,5,5,4204,0,0,0,,0,001,"LINCOLN ST","FESLER ST",40.00,N,N,A,-,N,,,,,,,,,,Y,3,0,1,4,A,-,08,22107,,F,G,E,E,A,H,-,C,A,0,Y,,,,Y,,A,01,0,1,0,0,1,0,0,0,0,"- ","- ",34.956520080566406,-120.43727111816406,"SANTA BARBARA","SANTA MARIA",-120.43730926513672,34.956588745117188
92326891,2024,2024-02-29,9755,2024-02-27,"830 ",020483,,2,1,9,4200,0,1,3,,1,053,SR-246,"DOMINGOS RD.",1848.00,E,N,A,-,Y,SB,,246," ",R,21.201,H,,R,N,4,0,1,2,A,-,03,22350,,N,C,C,A,A,H,-,A,D,0,,,,,Y,,A,01,0,0,1,0,0,0,0,0,0,"- ","- ",34.627479553222656,-120.27230834960938,"SANTA BARBARA",UNINCORPORATED,-120.27236175537109,34.62738037109375
92327852,2024,2024-03-01,9760,2024-03-01,"622 ",021476,,5,1,9,4200,0,1,2,,1,040,"US-101 SOUTHBOUND","GAVIOTA BEACH ROAD",1485.00,S,N,B,C,Y,SB,,101," ",R,46.050,H,,L,Y,3,0,2,1,A,-,03,22350,,N,F,A,A,B,H,-,A,D,0,,,,,Y,,D,22,0,2,0,0,0,0,0,0,0,"- ","- ",34.474109649658203,-120.22628784179688,"SANTA BARBARA",UNINCORPORATED,-120.22626495361328,34.474140167236328
9232940,2021,2021-03-09,4203,2021-01-24,0946,8825,23,7,5,5,4203,0,0,0,,0,006,"SAN ANDRES","ISLAY ST",0.00,,Y,A,-,,,,,,,,,,,Y,4,0,1,2,D,-,00,,,N,D,C,A,A,H,-,A,A,0,,,,,Y,,-,"- ",0,0,1,0,0,0,0,0,0,"- ","- ",34.42156982421875,-119.72000122070312,"SANTA BARBARA","SANTA BARBARA",-119.72002410888672,34.421596527099609
92332133,2024,2024-03-07,9760,2024-03-01,1220,018786,,5,1,9,4200,0,3,5,,2,002,"STATE STREET","OLD MILL ROAD",200.00,E,N,C,-,N,,,,,,,,,,Y,4,0,1,2,A,-,09,21804,A,N,D,C,A,B,H,-,A,D,0,,,,,Y,,A,01,0,0,1,0,0,0,0,0,0,"- ","- ",34.440479278564453,-119.76358032226562,"SANTA BARBARA",UNINCORPORATED,,
92333314,2023,2024-03-08,9750,2023-12-25,"135 ",022227,,1,3,9,4200,0,1,3,,1,011,"SR-166 (W. MAIN STREET)","SIMAS ROAD",7219.00,E,N,A,-,Y,SB,,166," "," ",2.268,H,,R,Y,1,1,1,3,A,-,01,23152,A,N,A,C,A,A,H,-,D,D,0,,,,,Y,Y,A,01,1,0,0,0,0,0,0,0,0,"- ","- ",34.959640502929688,-120.53424072265625,"SANTA BARBARA",UNINCORPORATED,-120.53424072265625,34.959625244140625
9233443,2021,2021-04-08,4203,2021-02-20,1556,24576,65,6,5,5,4203,0,0,0,,0,001,"ALISOS ST","MONTECITO ST",0.00,,Y,A,-,N,,,,,,,,,,Y,3,0,3,2,A,-,09,21802,A,N,D,C,A,A,H,-,A,A,0,,,,,Y,,A,01,0,1,2,0,0,0,0,0,0,"- ","- ",34.425510406494141,-119.68168640136719,"SANTA BARBARA","SANTA BARBARA",-119.68167114257812,34.425514221191406
92334577,2024,2024-03-11,9760,2024-03-09,1145,022485,,6,1,9,4200,0,3,5,,2,002,"TURNPIKE RD","SAN SIMEON DR",0.00,,Y,A,-,N,,,,,,,,,,N,3,0,2,2,A,-,09,21802,A,N,D,C,A,A,H,-,A,D,0,,,,,Y,,A,01,0,1,1,0,0,0,0,0,0,"- ","- ",34.438121795654297,-119.78948974609375,"SANTA BARBARA",UNINCORPORATED,-119.78945922851562,34.438156127929688
92334912,2024,2024-03-11,9760,2024-03-02,"600 ",020423,,6,1,9,4200,0,1,2,,2,011,"US-101 S/B","GARDEN ST",1584.00,N,N,C,-,Y,SB,,101," "," ",13.767,H,,L,Y,3,0,1,1,A,-,03,22350,,N,E,I,A,B,H,-,B,D,0,,,,,Y,,A,07,0,1,0,0,0,0,0,0,0,"- ","- ",34.415340423583984,-119.692626953125,"SANTA BARBARA",UNINCORPORATED,-119.69269561767578,34.415386199951172
92335180,2024,2024-03-11,9750,2024-03-05,"747 ",017910,,2,1,9,4200,0,1,3,,1,021,"SR-135 S/B","UNION VALLEY PKY",30.00,N,N,A,-,Y,SB,,135," "," ",10.686,H,,L,Y,3,0,2,2,A,-,03,22350,,N,C,C,A,A,H,-,A,A,0,,,,,Y,,A,07,0,1,1,0,0,0,0,0,0,"- ","- ",34.87982177734375,-120.43672180175781,"SANTA BARBARA",UNINCORPORATED,-120.43667602539062,34.879817962646484
9233557,2020,2021-03-18,4202,2020-12-29,1347,230,4202,2,5,4,4202,0,0,0,,0,,"RT 1","COLLEGE AV",52.00,N,N,A,-,Y,SB,5,1,-,-,21.130,H,-,N,Y,3,0,3,3,A,-,03,22350,,N,C,C,A,A,H,-,A,D,0,,,,,Y,,A,07,0,1,2,0,0,0,0,0,0,"- ","- ",,,"SANTA BARBARA",LOMPOC,-120.45775604248047,34.647174835205078
92336534,2024,2024-03-12,9755,2024-03-01,1941,023530,,5,2,9,4200,0,1,3,,2,041,"SR-246 E/B","CASINO DRVIE",250.00,E,N,C,-,Y,SB,,246," "," ",32.895,H,,R,Y,3,0,1,3,A,-,01,23152,A,N,D,C,A,B,H,-,C,A,0,,,,,Y,Y,D,22,0,1,0,0,0,0,0,0,0,"- ","- ",34.610370635986328,-120.08545684814453,"SANTA BARBARA",UNINCORPORATED,-120.08546447753906,34.610378265380859
9233692,2021,2021-04-09,4202,2021-02-14,1027,15005,,7,5,4,4202,0,0,0,,0,,"V ST","CENTRAL AV",570.00,S,N,A,-,N,,,,,,,,,,Y,3,0,1,2,A,-,08,22107,,N,B,E,A,A,H,-,A,-,0,,,,,Y,,A,01,0,1,0,0,0,0,0,0,0,"- ","- ",,,"SANTA BARBARA",LOMPOC,-120.47568511962891,34.659759521484375
92337069,2024,2024-03-13,9755,2024-03-08,1540,023045,,5,2,9,4200,0,1,3,,1,042,"RT 154","EDISON STREET",264.00,E,N,A,-,Y,SB,,154," ",R,5.922,H,,R,N,4,0,1,2,A,-,03,22350,,N,C,C,A,A,H,-,A,A,0,,,,,Y,,A,01,0,0,1,0,0,0,0,0,0,"- ","- ",34.633739471435547,-120.08097839355469,"SANTA BARBARA",UNINCORPORATED,-120.08103179931641,34.633712768554688
92340367,2024,2024-03-18,9750,2024-03-11,1625,020511,,1,2,9,4200,0,1,3,,1,021,"SR-135 S/B (ORCUTT EXPRESSWAY)","SKYWAY DRIVE",300.00,N,N,A,-,Y,SB,,135," "," ",11.848,H,,L,Y,4,0,1,2,A,-,03,22350,,N,C,C,A,A,H,-,A,A,0,,,,,Y,,A,08,0,0,1,0,0,0,0,0,0,"- ","- ",34.896259307861328,-120.43659973144531,"SANTA BARBARA",UNINCORPORATED,-120.43656921386719,34.896259307861328
92341011,2024,2024-03-22,9760,2024-03-10,1655,023546,,7,2,5,4203,0,1,2,,2,011,"US-101 NORTHBOUND","MISSION STREET",1478.00,S,N,A,-,Y,SB,,101," ",R,15.454,H,,R,N,4,0,3,2,A,-,07,21658,A,N,C,C,A,A,H,-,A,D,0,,,,,Y,,A,08,0,0,3,0,0,0,0,0,0,"- ","- ",34.422760009765625,-119.71636962890625,"SANTA BARBARA","SANTA BARBARA",-119.71639251708984,34.422737121582031
92341069,2024,2024-03-18,9760,2024-03-10,2047,023122,,7,2,9,4200,0,3,5,,2,002,"SAN ANTONIO CREEK ROAD","VIA ORQUIDIA",455.00,S,N,A,-,N,,,,,,,,,,N,4,0,1,1,A,-,01,23152,A,N,E,I,A,A,H,-,C,D,0,,,,,Y,Y,A,07,0,0,1,0,0,0,0,0,0,"- ","- ",34.455989837646484,-119.78473663330078,"SANTA BARBARA",UNINCORPORATED,-119.78482055664062,34.456138610839844
92341709,2024,2024-03-19,9760,2024-03-12,2125,022547,,2,2,5,4203,0,1,2,,2,011,"US-101 N/B","CARRILLO ST.",898.00,N,N,A,-,Y,SB,,101," ",R,14.951,H,,R,N,4,0,1,2,A,-,07,21658,A,N,B,C,A,A,H,-,D,D,0,,,,,Y,,-,"- ",0,0,1,0,0,0,0,0,0,"- ","- ",34.417980194091797,-119.70977783203125,"SANTA BARBARA","SANTA BARBARA",-119.70980834960938,34.417953491210938
92342154,2024,2024-03-19,9755,2024-03-15,"427 ",023547,,5,3,9,4200,0,3,5,,2,040,"SAGUNTO ST","CUESTA ST",120.00,E,N,A,-,N,,,,,,,,,,Y,3,0,1,1,A,-,01,23152,F,N,E,8,A,A,H,-,C,D,0,,,,,Y,,A,01,0,1,0,0,0,0,0,0,0,"- ","- ",34.612430572509766,-120.08479309082031,"SANTA BARBARA",UNINCORPORATED,-120.08529663085938,34.612888336181641