CASE_ID,ACCIDENT_YEAR,PROC_DATE,JURIS,COLLISION_DATE,COLLISION_TIME,OFFICER_ID,REPORTING_DISTRICT,DAY_OF_WEEK,CHP_SHIFT,POPULATION,CNTY_CITY_LOC,SPECIAL_COND,BEAT_TYPE,CHP_BEAT_TYPE,CITY_DIVISION_LAPD,CHP_BEAT_CLASS,BEAT_NUMBER,PRIMARY_RD,SECONDARY_RD,DISTANCE,DIRECTION,INTERSECTION,WEATHER_1,WEATHER_2,STATE_HWY_IND,CALTRANS_COUNTY,CALTRANS_DISTRICT,STATE_ROUTE,ROUTE_SUFFIX,POSTMILE_PREFIX,POSTMILE,LOCATION_TYPE,RAMP_INTERSECTION,SIDE_OF_HWY,TOW_AWAY,COLLISION_SEVERITY,NUMBER_KILLED,NUMBER_INJURED,PARTY_COUNT,PRIMARY_COLL_FACTOR,PCF_CODE_OF_VIOL,PCF_VIOL_CATEGORY,PCF_VIOLATION,PCF_VIOL_SUBSECTION,HIT_AND_RUN,TYPE_OF_COLLISION,MVIW,PED_ACTION,ROAD_SURFACE,ROAD_COND_1,ROAD_COND_2,LIGHTING,CONTROL_DEVICE,CHP_ROAD_TYPE,PEDESTRIAN_ACCIDENT,BICYCLE_ACCIDENT,MOTORCYCLE_ACCIDENT,TRUCK_ACCIDENT,NOT_PRIVATE_PROPERTY,ALCOHOL_INVOLVED,STWD_VEHTYPE_AT_FAULT,CHP_VEHTYPE_AT_FAULT,COUNT_SEVERE_INJ,COUNT_VISIBLE_INJ,COUNT_COMPLAINT_PAIN,COUNT_PED_KILLED,COUNT_PED_INJURED,COUNT_BICYCLIST_KILLED,COUNT_BICYCLIST_INJURED,COUNT_MC_KILLED,COUNT_MC_INJURED,PRIMARY_RAMP,SECONDARY_RAMP,LATITUDE,LONGITUDE,COUNTY,CITY,POINT_X,POINT_Y
9432914,2022,2022-10-10,4200,2022-08-14,1015,5590,6,7,5,2,4212,0,0,0,,0,060,"RT 246","MCMURRAY RD",139.00,W,N,A,-,Y,SB,5,246,-,-,26.330,H,-,W,Y,4,0,2,3,A,-,09,21804,A,N,C,C,A,A,H,-,A,A,0,,,Y,,Y,,A,01,0,0,2,0,0,0,0,0,2,"- ","- ",,,"SANTA BARBARA",BUELLTON,-120.18941497802734,34.611854553222656
9433722,2022,2022-10-13,4203,2022-09-29,0947,22859,44,4,5,5,4203,0,0,0,,0,003,"ANACAPA ST","ORTEGA ST",130.00,S,N,A,-,N,,,,,,,,,,Y,4,0,1,2,A,-,08,22100,B,N,D,C,A,A,H,-,A,D,0,,,,,Y,,A,01,0,0,1,0,0,0,0,0,0,"- ","- ",34.419818878173828,-119.69696807861328,"SANTA BARBARA","SANTA BARBARA",-119.69655609130859,34.419544219970703
9434429,2022,2022-04-27,4200,2022-03-27,1626,3475,14,7,5,4,4214,0,0,0,,0,080,"STORKE RD","BOLLAY DR",22.00,S,N,B,-,N,,,,,,,,,,Y,3,0,2,2,A,-,09,21802,A,N,D,C,A,A,H,-,A,A,0,,,,,Y,,A,01,0,2,0,0,0,0,0,0,0,"- ","- ",,,"SANTA BARBARA",GOLETA,-119.86975860595703,34.428001403808594
94353426,2024,2024-08-14,9760,2024-08-06,1322,023913,,2,1,9,4200,0,1,3,,1,014,SR-192,"BARKER PASS RD",0.00,,Y,A,-,Y,SB,,192," "," ",6.711,H,,R,Y,3,0,1,2,A,-,09,21801,A,N,A,C,A,A,H,-,A,D,0,,,,,Y,,A,07,0,1,0,0,0,0,0,0,0,"- ","- ",34.441661834716797,-119.66367340087891,"SANTA BARBARA",UNINCORPORATED,-119.66366577148438,34.441669464111328
94354170,2024,2024-08-14,9750,2024-08-03,1800,022227,,6,2,9,4200,0,2,4,,1,024,"BRADLEY ROAD","PATTERSON ROAD",0.00,,Y,A,-,N,,,,,,,,,,Y,3,0,1,1,A,-,08,22107,,N,F,A,A,A,H,-,A,A,0,,,Y,,Y,,C,02,0,1,0,0,0,0,0,0,1,"- ","- ",34.868511199951172,-120.41887664794922,"SANTA BARBARA",UNINCORPORATED,-120.41880035400391,34.868572235107422
94354276,2024,2024-08-14,9750,2024-08-05,"500 ",020964,,1,3,9,4200,0,1,2,,2,002,"US-101 N/B (EL CAMINO REAL)","SOLOMON SUMMIT",2640.00,S,N,E,-,Y,SB,,101," "," ",77.810,H,,R,Y,4,0,2,2,A,-,03,22350,,N,C,C,A,A,H,-,D,D,0,,,,,Y,,D,22,0,0,2,0,0,0,0,0,0,"- ","- ",34.815959930419922,-120.34797668457031,"SANTA BARBARA",UNINCORPORATED,-120.34804534912109,34.815921783447266
9435691,2022,2022-04-28,4200,2022-03-24,0828,5343,14,4,5,3,4205,0,0,0,,0,040,"CATLIN CIR","CATLIN CIR 4429",0.00,,-,A,-,N,,,,,,,,,,N,3,0,1,2,A,-,04,21703,,N,B,C,A,A,H,-,A,D,0,,,Y,,Y,,A,01,0,1,0,0,0,0,0,0,1,"- ","- ",,,"SANTA BARBARA",CARPINTERIA,,
9435696,2022,2022-04-28,4202,2022-03-11,1018,230,4202,5,5,4,4202,0,0,0,,0,,"K ST","LAUREL AV",248.00,N,N,A,-,N,,,,,,,,,,Y,4,0,1,2,A,-,09,21804,A,N,D,C,A,A,H,-,A,D,0,,,,,Y,,A,07,0,0,1,0,0,0,0,0,0,"- ","- ",,,"SANTA BARBARA",LOMPOC,-120.46165466308594,34.64453125
94360515,2024,2024-08-19,9760,2024-08-15,1250,023267,,4,1,9,4200,0,3,5,,2,005,"CAMINO PESCADERO","CERVANTES ROAD",90.00,N,N,A,-,N,,,,,,,,,,N,3,0,1,2,A,-,08,22107,,N,H,G,A,A,H,-,A,D,0,,Y,,,Y,,-,"- ",0,1,0,0,0,0,1,0,0,"- ","- ",34.416728973388672,-119.85867309570312,"SANTA BARBARA",UNINCORPORATED,-119.85869598388672,34.41668701171875
94367317,2024,2024-08-23,9750,2024-08-14,1640,020549,,3,2,9,4200,0,1,3,,1,011,"SR-166 (W. MAIN STREET)","HANSON WAY",125.00,W,N,A,-,Y,SB,,166," "," ",6.494,H,,R,N,4,0,2,2,A,-,03,22350,,N,C,C,A,A,H,-,A,D,0,,,,,Y,,A,07,0,0,2,0,0,0,0,0,0,"- ","- ",34.953289031982422,-120.46063232421875,"SANTA BARBARA",UNINCORPORATED,-120.46063232421875,34.953296661376953
94368883,2024,2024-08-26,9760,2024-08-15,"714 ",023709,,4,1,9,4200,0,2,4,,1,021,"HOLLISTER AVENUE","TURNPIKE ROAD",0.00,,Y,A,-,N,,,,,,,,,,N,4,0,1,2,A,-,12,21453,A,N,D,C,A,A,H,-,A,A,0,,,,,Y,,-,"- ",0,0,1,0,0,0,0,0,0,"- ","- ",34.436550140380859,-119.78938293457031,"SANTA BARBARA",UNINCORPORATED,-119.78945159912109,34.436527252197266
94368941,2024,2024-08-26,9760,2024-08-12,1931,023828,,1,2,9,4200,0,1,2,,2,010,"US-101 NORTHBOUND","NORTH PARDARO LANE",652.00,S,N,A,-,Y,SB,,101," ",R,7.012,H,,R,Y,3,0,1,1,A,-,08,22107,,N,E,I,A,A,D,-,B,D,0,,,,,Y,,A,07,0,1,0,0,0,0,0,0,0,"- ","- ",34.416339874267578,-119.58048248291016,"SANTA BARBARA",UNINCORPORATED,-119.58049774169922,34.416271209716797
94369017,2024,2024-08-26,9760,2024-08-23,"945 ",023709,,5,1,9,4200,0,2,S,,2,904,"BATES RD","BATES RANCH RD",520.00,N,N,A,-,N,,,,,,,,,,N,4,0,1,1,C,-,18,,,N,H,J,A,A,H,-,A,B,0,,Y,,,Y,,-,"- ",0,0,1,0,0,0,1,0,0,"- ","- ",34.379001617431641,-119.47599029541016,"SANTA BARBARA",UNINCORPORATED,-119.47702026367188,34.379035949707031
94369057,2024,2024-08-26,9760,2024-08-23,1041,020965,,5,1,9,4200,0,1,2,,2,010,"HOT SPRINGS RD","SCHOOL HOUSE ROAD",30.00,N,N,A,-,N,,,,,,,,,,Y,4,0,1,2,A,-,03,22350,,N,C,C,A,A,H,-,A,D,0,,,,,Y,,A,07,0,0,1,0,0,0,0,0,0,"- ","- ",34.432510375976562,-119.640869140625,"SANTA BARBARA",UNINCORPORATED,-119.64085388183594,34.432533264160156
94369796,2024,2024-08-26,9750,2024-08-14,2026,020549,,3,2,9,4200,0,3,5,,2,020,"AUTO PARK DRIVE","PRESCOTT LANE",50.00,S,N,B,-,N,,,,,,,,,,N,4,0,2,3,A,-,08,22107,,N,G,B,E,A,H,-,C,D,0,Y,,,,Y,,A,07,0,0,2,0,2,0,0,0,0,"- ","- ",34.897529602050781,-120.43910217285156,"SANTA BARBARA",UNINCORPORATED,-120.43910980224609,34.8974609375
94372784,2024,2024-08-28,9760,2024-08-21,1725,023965,,3,2,5,4203,0,1,2,,2,020,"US-101 SOUTHBOUND",SR-154,1603.00,N,N,A,-,Y,SB,,101," "," ",18.699,H,,L,Y,3,0,1,4,A,-,03,22350,,N,C,C,A,A,H,-,A,D,0,,,,,Y,,A,01,0,1,0,0,0,0,0,0,0,"- ","- ",34.44097900390625,-119.76551055908203,"SANTA BARBARA","SANTA BARBARA",-119.7655029296875,34.440914154052734
94372813,2024,2024-08-28,9750,2024-08-16,2010,020549,,5,2,9,4200,0,1,3,,1,011,"SR-166 (W. MAIN STREET)","BLACK ROAD",2112.00,E,N,A,-,Y,SB,,166," "," ",5.282,H,,R,Y,3,0,1,2,A,-,08,22107,,N,B,C,A,A,H,-,D,D,0,,,,,Y,,D,22,0,1,0,0,0,0,0,0,0,"- ","- ",34.954738616943359,-120.48159790039062,"SANTA BARBARA",UNINCORPORATED,-120.48159790039062,34.954742431640625
94375876,2024,2024-08-29,9760,2024-08-18,1700,023546,,7,2,9,4200,0,1,2,,1,040,"US-101 N/B","REFUGIO ROAD",4594.00,N,N,A,-,Y,SB,,101," ",R,37.544,H,,R,Y,2,0,1,1,A,-,03,22350,,N,F,A,A,A,H,-,A,D,0,,,Y,,Y,,C,02,1,0,0,0,0,0,0,0,1,"- ","- ",34.461788177490234,-120.08357238769531,"SANTA BARBARA",UNINCORPORATED,-120.08357238769531,34.461803436279297
9437901,2022,2022-05-24,4200,2022-04-28,1436,1267,14,4,5,4,4214,0,0,0,,0,080,"GLEN ANNIE RD","CATHEDRAL OAKS RD",0.00,,Y,A,-,N,,,,,,,,,,Y,3,0,1,2,A,-,09,21801,A,N,A,C,A,A,-,-,A,A,0,,,,,Y,,A,01,0,1,0,0,0,0,0,0,0,"- ","- ",,,"SANTA BARBARA",GOLETA,-119.87452697753906,34.440841674804688
9437902,2022,2022-05-17,4200,2022-04-25,2013,5603,14,1,5,4,4214,0,0,0,,0,060,"S LOS CARNEROS RD","HOLLISTER AV",15.00,S,N,A,-,N,,,,,,,,,,N,4,0,1,2,A,-,03,22350,,N,C,C,A,A,H,-,C,A,0,,,,,Y,,A,01,0,0,1,0,0,0,0,0,0,"- ","- ",,,"SANTA BARBARA",GOLETA,-119.85974884033203,34.430377960205078
9437904,2022,2022-05-17,4200,2022-04-04,1310,3077,14,1,5,4,4214,0,0,0,,0,050,"CALLE REAL","FAIRVIEW AV",0.00,,Y,A,-,N,,,,,,,,,,N,3,0,1,2,A,-,17,21451,A,N,G,B,B,A,H,-,A,A,0,Y,,,,Y,,A,07,0,1,0,0,1,0,0,0,0,"- ","- ",,,"SANTA BARBARA",GOLETA,-119.83064270019531,34.441650390625
94381014,2024,2024-09-04,9760,2024-08-28,"515 ",023912,,3,3,9,4200,0,1,2,,1,040,"US-101 SOUTHBOUND","EL CAPITAN STATE BEACH RD",4752.00,N,N,F,-,Y,SB,,101," "," ",34.739,H,,L,Y,4,0,1,1,A,-,03,22350,,N,F,A,A,B,H,-,D,D,0,,,,,Y,,D,22,0,0,1,0,0,0,0,0,0,"- ","- ",34.464111328125,-120.03671264648438,"SANTA BARBARA",UNINCORPORATED,-120.03670501708984,34.464145660400391
94381080,2024,2024-09-04,9760,2024-09-02,1638,023913,,1,2,9,4200,0,1,2,,2,010,"US-101 S/B","OLIVE MILL RD",460.00,S,N,A,-,Y,SB,,101," "," ",10.436,H,,L,Y,4,0,3,2,A,-,03,22350,,N,C,C,A,A,D,-,A,D,0,,,,,Y,,A,01,0,0,3,0,0,0,0,0,0,"- ","- ",34.421501159667969,-119.63860321044922,"SANTA BARBARA",UNINCORPORATED,-119.63858032226562,34.421474456787109
94382328,2024,2024-09-05,9755,2024-08-29,"740 ",016988,,4,1,9,4200,0,1,3,,1,055,"SR-1 S/B","CONSTELLATION RD",1584.00,S,N,C,-,Y,SB,,1," ",R,24.402,H,,L,Y,4,0,1,1,A,-,03,22350,,N,F,A,A,B,H,-,A,D,0,,,,,Y,,A,07,0,0,1,0,0,0,0,0,0,"- ","- ",34.692951202392578,-120.4588623046875,"SANTA BARBARA",UNINCORPORATED,-120.45876312255859,34.692981719970703
94384153,2024,2024-09-06,9755,2024-09-01,"120 ",023530,,7,3,9,4200,0,1,3,,1,051,SR-1,"JALAMA RD",695.00,S,N,E,-,Y,SB,,1," "," ",14.874,H,,R,N,3,0,1,1,C,-,18,,,N,H,H,A,A,H,-,D,D,0,,,,,Y,,-,"- ",0,1,0,0,0,0,0,0,0,"- ","- ",34.587478637695312,-120.40808868408203,"SANTA BARBARA",UNINCORPORATED,-120.40810394287109,34.587478637695312
94385809,2024,2024-09-09,9750,2024-04-24,1755,020510,,3,2,9,4200,0,1,3,,1,012,"SR-1 (CABRILLO HWY)","BLACK ROAD",580.00,N,N,A,-,Y,SB,,1," "," ",41.912,H,,R,Y,1,1,0,3,A,-,01,23152,A,N,A,E,A,A,H,-,A,D,0,,,,,Y,Y,A,01,0,0,0,0,0,0,0,0,0,"- ","- ",34.882308959960938,-120.49880981445312,"SANTA BARBARA",UNINCORPORATED,-120.49883270263672,34.882286071777344
94385912,2024,2024-09-09,9760,2024-08-29,1805,023828,,4,2,4,4214,0,1,2,,1,030,"CALLE REAL","WINCHERSTER CANYON ROAD",23.00,E,N,A,-,N,,,,,,,,,,Y,4,0,1,1,A,-,01,23152,A,N,E,I,A,A,H,-,A,A,0,,,,,Y,Y,A,01,0,0,1,0,0,0,0,0,0,"- ","- ",34.432689666748047,-119.90033721923828,"SANTA BARBARA",GOLETA,-119.900390625,34.432636260986328
94385965,2024,2024-09-09,9750,2024-08-27,1452,017910,,2,2,9,4200,0,2,4,,1,024,"ORCUTT ROAD","VALLEY VIEW DRIVE",40.00,N,N,A,-,N,,,,,,,,,,N,3,0,1,2,A,-,08,22107,,N,B,4,A,A,H,-,A,D,0,,Y,,,Y,,L,04,0,1,0,0,0,0,1,0,0,"- ","- ",34.860469818115234,-120.43644714355469,"SANTA BARBARA",UNINCORPORATED,-120.43640899658203,34.860359191894531
94388458,2024,2024-09-10,9750,2024-08-29,"512 ",022227,,4,3,9,4200,0,3,5,,2,030,"FOXEN CANYON ROAD","DOMINION ROAD",1727.00,E,N,B,-,N,,,,,,,,,,Y,3,0,2,1,A,-,03,22350,,F,E,8,A,B,H,-,D,D,0,,,,,Y,,A,07,0,2,0,0,0,0,0,0,0,"- ","- ",34.908599853515625,-120.34131622314453,"SANTA BARBARA",UNINCORPORATED,-120.34187316894531,34.908561706542969
94391152,2024,2024-09-12,9750,2024-09-01,2335,022227,,7,3,9,4200,0,1,3,,1,011,"SR-166 (W. MAIN STREET)","RAY ROAD",1285.00,E,N,A,-,Y,SB,,166," "," ",4.327,H,,R,N,3,0,1,2,A,-,08,22107,,F,G,B,E,A,H,-,D,D,0,Y,,,,Y,Y,A,01,0,1,0,0,1,0,0,0,0,"- ","- ",34.956020355224609,-120.498291015625,"SANTA BARBARA",UNINCORPORATED,-120.498291015625,34.955989837646484
94396890,2024,2024-09-17,9755,2024-09-11,"734 ",019292,,3,1,9,4200,0,1,3,,1,055,SR-1,"SANTA LUCIA CANYON RD",0.00,,Y,B,-,Y,SB,,1," ",R,26.691,H,,R,Y,3,0,2,2,A,-,09,21802,A,N,D,D,A,A,H,-,A,A,0,,,,,Y,,A,01,0,1,1,0,0,0,0,0,0,"- ","- ",34.713180541992188,-120.48918914794922,"SANTA BARBARA",UNINCORPORATED,-120.48902893066406,34.713207244873047
94400410,2024,2024-09-19,9750,2024-09-09,1933,017910,,1,2,9,4200,0,3,5,,2,020,"CRESCENT AVENUE","PRINCETON DRIVE",210.00,E,N,A,-,N,,,,,,,,,,Y,3,0,1,2,A,-,08,22107,,N,C,E,A,A,H,-,C,D,0,,,,,Y,,A,01,0,1,0,0,0,0,0,0,0,"- ","- ",34.861648559570312,-120.42938995361328,"SANTA BARBARA",UNINCORPORATED,-120.42945098876953,34.861682891845703
9440102,2022,2022-05-11,4203,2022-04-04,1948,24079,43,1,5,5,4203,0,0,0,,0,003,"E COTA ST","SANTA BARBARA ST",0.00,,Y,A,-,N,,,,,,,,,,Y,4,0,1,2,A,-,01,23153,A,N,D,C,A,A,H,-,C,A,0,,,,,Y,Y,A,01,0,0,1,0,0,0,0,0,0,"- ","- ",34.419921875,-119.69455718994141,"SANTA BARBARA","SANTA BARBARA",-119.69450378417969,34.419887542724609
9440917,2022,2022-05-12,4203,2022-04-23,1225,9480,52,6,5,5,4203,0,0,0,,0,005,"STATE ST","ONTARE RD",174.00,E,N,A,-,N,,,,,,,,,,Y,3,0,1,2,A,-,08,22107,,N,D,G,A,A,H,-,A,A,0,,Y,,,Y,,A,07,0,1,0,0,0,0,1,0,0,"- ","- ",34.440319061279297,-119.74012756347656,"SANTA BARBARA","SANTA BARBARA",-119.73951721191406,34.440410614013672
9440920,2022,2022-05-12,4203,2022-04-18,0641,26223,28,1,5,5,4203,0,0,0,,0,006,"MODOC RD","LAS POSITAS RD",1250.00,N,N,A,-,N,,,,,,,,,,Y,4,0,1,1,A,-,08,22107,,N,E,I,A,A,H,-,A,A,0,,,,,Y,,A,01,0,0,1,0,0,0,0,0,0,"- ","- ",34.42742919921875,-119.73883056640625,"SANTA BARBARA","SANTA BARBARA",-119.73858642578125,34.427215576171875
94410121,2024,2024-09-27,9760,2024-09-16,"825 ",023727,,1,1,5,4203,0,3,5,,2,002,"TURNPIKE ROAD","CAMINO DE VIDA",0.00,,Y,A,-,N,,,,,,,,,,N,3,0,1,3,A,-,09,21801,A,N,H,6,A,A,H,-,A,D,0,,Y,,,Y,,A,01,0,1,0,0,0,0,1,0,0,"- ","- ",34.440639495849609,-119.78948974609375,"SANTA BARBARA","SANTA BARBARA",-119.7894287109375,34.440650939941406
94410141,2024,2024-09-27,9750,2024-09-16,"620 ",015514,,1,1,9,4200,0,1,3,,1,021,"SR-135 S/B (ORCUTT EXPRESSWAY)","E. FOSTER ROAD",66.00,S,N,B,-,Y,SB,,135," "," ",10.912,H,,L,N,4,0,1,2,A,-,03,22350,,N,C,C,A,A,H,-,A,A,0,,,,,Y,,A,01,0,0,1,0,0,0,0,0,0,"- ","- ",34.882831573486328,-120.43663787841797,"SANTA BARBARA",UNINCORPORATED,-120.43666076660156,34.882831573486328
9441042,2022,2022-05-17,4203,2022-04-19,1615,25508,53,2,5,5,4203,0,0,0,,0,005,"STATE ST","LAS POSITAS RD",422.00,W,N,A,-,N,,,,,,,,,,Y,4,0,1,2,A,-,08,22107,,N,H,G,A,A,H,-,A,D,0,,Y,,,Y,,A,01,0,0,1,0,0,0,1,0,0,"- ","- ",34.440311431884766,-119.73578643798828,"SANTA BARBARA","SANTA BARBARA",-119.73563385009766,34.440399169921875
94411556,2024,2024-09-30,9760,2024-09-19,1640,023886,,4,2,4,4214,0,1,2,,2,020,US-101,"FAIRVIEW AVE",3509.00,S,N,A,-,Y,SB,,101," "," ",21.838,H,,R,N,3,0,2,2,A,-,03,22350,,N,C,C,A,A,D,-,A,D,0,,,,,Y,,A,01,0,2,0,0,0,0,0,0,0,"- ","- ",34.440708160400391,-119.82034301757812,"SANTA BARBARA",GOLETA,-119.82033538818359,34.440681457519531
94411557,2024,2024-09-30,9760,2024-09-19,1925,023828,,4,2,9,4200,0,3,5,,2,005,"EMBARCADERO DEL NORTE","CORDOBA RD",0.00,,Y,A,-,N,,,,,,,,,,N,3,0,1,2,A,-,09,21802,A,N,D,C,A,A,H,-,C,A,0,,,,,Y,,A,01,0,1,0,0,0,0,0,0,0,"- ","- ",34.413780212402344,-119.85539245605469,"SANTA BARBARA",UNINCORPORATED,-119.85537719726562,34.413776397705078
94411763,2024,2024-09-30,9750,2024-09-18,1720,023495,,3,2,5,4204,0,1,2,,2,001,"US-101 N/B (EL CAMINO REAL)","DONOVAN ROAD O/C",1690.00,S,N,B,-,Y,SB,,101," "," ",89.364,H,,R,Y,4,0,2,3,A,-,08,22107,,N,B,2,A,A,H,-,A,D,0,,,,,Y,,A,01,0,0,2,0,0,0,0,0,0,"- ","- ",34.963428497314453,-120.42022705078125,"SANTA BARBARA","SANTA MARIA",-120.42026519775391,34.963413238525391
94411768,2024,2024-09-30,9750,2024-09-18,2146,023429,,3,2,9,4200,0,1,3,,1,011,"SR-166 (W. MAIN STREET)","BLACK ROAD",1300.00,W,N,A,-,Y,SB,,166," "," ",4.566,H,,R,Y,4,0,1,2,A,-,01,23152,A,N,C,C,A,A,D,-,C,A,0,,,,,Y,Y,A,01,0,0,1,0,0,0,0,0,0,"- ","- ",34.955661773681641,-120.49407196044922,"SANTA BARBARA",UNINCORPORATED,-120.49406433105469,34.955684661865234
94412024,2024,2024-09-30,9760,2024-09-19,1713,023913,,4,2,4,4214,0,1,2,,2,020,"US-101 N/B",SR-217,2150.00,N,N,A,-,Y,SB,,101," "," ",21.806,H,,R,N,4,0,2,2,A,-,03,22350,,N,C,C,A,A,D,-,A,D,0,,,,,Y,,D,22,0,0,2,0,0,0,0,0,0,"- ","- ",34.440799713134766,-119.81979370117188,"SANTA BARBARA",GOLETA,-119.81977844238281,34.44073486328125
94412033,2024,2024-09-30,9760,2024-09-25,"515 ",020423,,3,3,5,4203,0,1,2,,2,011,"US-101 S/B","MISSION ST",1625.00,S,N,C,-,Y,SB,,101," ",R,15.431,H,,L,N,4,0,1,1,A,-,08,22107,,N,E,I,A,B,H,-,C,D,0,,,,,Y,,A,07,0,0,1,0,0,0,0,0,0,"- ","- ",34.422351837158203,-119.71630096435547,"SANTA BARBARA","SANTA BARBARA",-119.71622467041016,34.42242431640625
94415083,2024,2024-10-01,9760,2024-08-25,1610,021476,,7,2,9,4200,0,3,5,,2,005,"DEL PLAYA DRIVE","CAMINO MAJORCA",105.00,E,N,A,-,N,,,,,,,,,,N,3,0,1,1,A,-,08,22107,,N,F,A,A,A,H,-,A,D,0,,Y,,,Y,,L,04,0,1,0,0,0,0,1,0,0,"- ","- ",34.409870147705078,-119.86917114257812,"SANTA BARBARA",UNINCORPORATED,-119.86919403076172,34.409904479980469
94415386,2024,2024-10-01,9760,2024-07-03,1625,023326,,3,2,9,4200,0,1,2,,2,010,"US-101 NORTHBOUND","SAN YSIDRO ROAD",1056.00,S,N,A,-,Y,SB,,101," "," ",9.858,H,,R,Y,1,1,0,4,A,-,03,22350,,F,B,C,A,A,D,-,A,D,0,,,Y,,Y,,C,02,0,0,0,0,0,0,0,1,0,"- ","- ",34.421680450439453,-119.62882995605469,"SANTA BARBARA",UNINCORPORATED,-119.62883758544922,34.421657562255859
94416112,2024,2024-10-02,9755,2024-09-21,"125 ",023956,,6,3,9,4200,0,1,S,,2,904,"SR-1 S/B","SAN ANTONIO RD WEST",885.00,S,N,A,-,Y,SB,,1," ",M,32.283,H,,L,Y,3,0,1,1,A,-,01,23152,A,N,E,I,A,A,H,-,E,D,0,,,,,Y,Y,A,01,0,1,0,0,0,0,0,0,0,"- ","- ",34.775279998779297,-120.49923706054688,"SANTA BARBARA",UNINCORPORATED,-120.49921417236328,34.775196075439453
94416145,2024,2024-10-02,9760,2024-10-01,"953 ",021476,,2,1,5,4203,0,1,2,,2,020,"US-101 SOUTHBOUND","LAS POSITAS ROAD",37.00,N,N,A,-,Y,SB,,101," "," ",16.569,H,,L,Y,4,0,1,3,A,-,03,22350,,N,C,C,A,A,H,-,A,D,0,,,,Y,Y,,G,25,0,0,1,0,0,0,0,0,0,"- ","- ",34.427940368652344,-119.73403167724609,"SANTA BARBARA","SANTA BARBARA",-119.73402404785156,34.427974700927734
94417426,2024,2024-10-03,9750,2024-09-20,"537 ",016469,,5,3,9,4200,0,3,5,,2,030,"BETTERAVIA ROAD","ROSEMARY ROAD",1584.00,W,N,A,-,N,,,,,,,,,,Y,2,0,2,2,A,-,08,22107,,N,A,C,A,A,H,-,D,D,0,,,,,Y,,A,07,1,1,0,0,0,0,0,0,0,"- ","- ",34.923801422119141,-120.4063720703125,"SANTA BARBARA",UNINCORPORATED,-120.40591430664062,34.923816680908203
94417845,2024,2024-10-03,9750,2024-09-22,1933,020121,,7,2,9,4200,0,2,4,,1,024,"ORCUTT ROAD","LAKEVIEW ROAD",0.00,,Y,A,-,Y,,,,,,,,,,Y,4,0,1,2,A,-,09,21802,A,N,D,C,A,A,H,-,C,D,0,,,,,Y,,A,01,0,0,1,0,0,0,0,0,0,"- ","- ",34.894508361816406,-120.43605041503906,"SANTA BARBARA",UNINCORPORATED,-120.43612670898438,34.894447326660156
94418248,2024,2024-10-03,9755,2024-10-02,"924 ",016988,,3,1,9,4200,0,1,2,,2,004,"US-101 S/B","AVENUE OF FLAGS",1584.00,N,N,A,-,Y,SB,,101," "," ",58.896,H,,L,N,4,0,1,1,C,-,18,,,N,B,I,A,A,H,-,A,D,0,,,,,Y,,-,"- ",0,0,1,0,0,0,0,0,0,"- ","- ",34.636310577392578,-120.18592834472656,"SANTA BARBARA",UNINCORPORATED,-120.18600463867188,34.636322021484375
94418664,2024,2024-10-03,9760,2024-09-25,1334,017140,,3,1,9,4200,0,1,2,,1,040,"US-101 SOUTHBOUND","ARROYO QUEMADA BRIDGE",20.00,N,N,A,-,Y,SB,,101," "," ",39.822,H,,L,Y,3,0,1,1,A,-,01,23152,G,N,E,8,A,A,H,-,A,D,0,,,,,Y,Y,A,01,0,1,0,0,0,0,0,0,0,"- ","- ",34.472091674804688,-120.11998748779297,"SANTA BARBARA",UNINCORPORATED,-120.1199951171875,34.472049713134766
94418714,2024,2024-10-04,9750,2024-09-21,1404,022930,,6,2,9,4200,0,1,3,,1,023,SR-135,"BELL STREET",0.00,,Y,A,-,Y,SB,,135," "," ",0.976,H,,R,Y,4,0,2,2,A,-,09,21802,A,N,D,C,A,A,H,-,A,A,0,,,,,Y,,A,07,0,0,2,0,0,0,0,0,0,"- ","- ",34.745349884033203,-120.28720855712891,"SANTA BARBARA",UNINCORPORATED,-120.28721618652344,34.745307922363281
94420432,2024,2024-10-07,9750,2024-09-21,1500,022930,,6,2,9,4200,0,1,3,,1,064,"SR-166 (CUYAMA HIGHWAY)","COTTONWOOD CANYON ROAD",2944.00,W,N,A,-,Y,SB,,166," ",R,51.240,H,,R,Y,3,0,2,1,A,-,01,23152,A,N,F,A,A,A,H,-,A,D,0,,,,,Y,Y,D,22,0,1,1,0,0,0,0,0,0,"- ","- ",35.038921356201172,-119.88529205322266,"SANTA BARBARA",UNINCORPORATED,-119.88515472412109,35.039024353027344