CASE_ID,ACCIDENT_YEAR,PROC_DATE,JURIS,COLLISION_DATE,COLLISION_TIME,OFFICER_ID,REPORTING_DISTRICT,DAY_OF_WEEK,CHP_SHIFT,POPULATION,CNTY_CITY_LOC,SPECIAL_COND,BEAT_TYPE,CHP_BEAT_TYPE,CITY_DIVISION_LAPD,CHP_BEAT_CLASS,BEAT_NUMBER,PRIMARY_RD,SECONDARY_RD,DISTANCE,DIRECTION,INTERSECTION,WEATHER_1,WEATHER_2,STATE_HWY_IND,CALTRANS_COUNTY,CALTRANS_DISTRICT,STATE_ROUTE,ROUTE_SUFFIX,POSTMILE_PREFIX,POSTMILE,LOCATION_TYPE,RAMP_INTERSECTION,SIDE_OF_HWY,TOW_AWAY,COLLISION_SEVERITY,NUMBER_KILLED,NUMBER_INJURED,PARTY_COUNT,PRIMARY_COLL_FACTOR,PCF_CODE_OF_VIOL,PCF_VIOL_CATEGORY,PCF_VIOLATION,PCF_VIOL_SUBSECTION,HIT_AND_RUN,TYPE_OF_COLLISION,MVIW,PED_ACTION,ROAD_SURFACE,ROAD_COND_1,ROAD_COND_2,LIGHTING,CONTROL_DEVICE,CHP_ROAD_TYPE,PEDESTRIAN_ACCIDENT,BICYCLE_ACCIDENT,MOTORCYCLE_ACCIDENT,TRUCK_ACCIDENT,NOT_PRIVATE_PROPERTY,ALCOHOL_INVOLVED,STWD_VEHTYPE_AT_FAULT,CHP_VEHTYPE_AT_FAULT,COUNT_SEVERE_INJ,COUNT_VISIBLE_INJ,COUNT_COMPLAINT_PAIN,COUNT_PED_KILLED,COUNT_PED_INJURED,COUNT_BICYCLIST_KILLED,COUNT_BICYCLIST_INJURED,COUNT_MC_KILLED,COUNT_MC_INJURED,PRIMARY_RAMP,SECONDARY_RAMP,LATITUDE,LONGITUDE,COUNTY,CITY,POINT_X,POINT_Y
94423659,2024,2024-10-08,9750,2024-01-13,1700,016874,,6,2,9,4200,0,1,3,,1,022,"SR-1 S/B (CABRILLO HIGHWAY)","GRACIOSA ROAD",3960.00,N,N,A,-,Y,SB,,1," ",R,32.501,H,,L,N,1,1,0,2,A,-,11,21956,A,N,G,B,E,A,H,-,A,D,0,Y,,,,Y,,N,60,0,0,0,1,0,0,0,0,0,"- ","- ",34.821128845214844,-120.45033264160156,"SANTA BARBARA",UNINCORPORATED,-120.45035552978516,34.821132659912109
94424568,2024,2024-10-09,9760,2024-09-28,"920 ",023730,,6,1,9,4200,0,1,3,,1,014,"SR-192 (CASITAS PASS RD)","LILLINGSTON CANYON RD",811.00,W,N,A,-,Y,SB,,192," "," ",18.917,H,,R,N,3,0,1,2,A,-,08,22107,,F,F,A,A,A,H,-,A,D,0,,Y,,,Y,,-,99,0,1,0,0,0,0,1,0,0,"- ","- ",34.402240753173828,-119.49031066894531,"SANTA BARBARA",UNINCORPORATED,-119.49032592773438,34.402217864990234
94425246,2024,2024-10-09,9760,2024-09-25,2035,023912,,3,2,9,4200,0,3,5,,2,002,"PARADISE RD","EL GAUCHO LN",1003.00,W,N,A,-,N,,,,,,,,,,Y,3,0,1,1,A,-,01,23152,A,N,E,8,A,A,H,-,D,D,0,,,,,Y,Y,D,22,0,1,0,0,0,0,0,0,0,"- ","- ",34.541618347167969,-119.78677368164062,"SANTA BARBARA",UNINCORPORATED,-119.78692626953125,34.541698455810547
94425323,2024,2024-10-09,9760,2024-09-30,1800,023965,,1,2,5,4203,0,1,2,,2,010,"US-101 SOUTHBOUND","EVANS AVENUE",2126.00,N,N,A,-,Y,SB,,101," "," ",8.693,H,,L,Y,3,0,1,2,A,-,03,22350,,N,C,C,A,A,D,-,A,D,0,,,,,Y,,A,01,0,1,0,0,0,0,0,0,0,"- ","- ",34.420970916748047,-119.60871124267578,"SANTA BARBARA","SANTA BARBARA",-119.60871887207031,34.420928955078125
94428427,2024,2024-10-11,9750,2024-10-01,1408,020121,,2,2,5,4204,0,2,S,,2,901,"W. COOK STREET","S. RAILROAD AVENUE",140.00,W,N,A,-,N,,,,,,,,,,N,3,0,1,2,A,-,08,22107,,N,D,C,A,A,H,-,A,D,0,,,,,Y,,A,01,0,1,0,0,0,0,0,0,0,"- ","- ",34.949569702148438,-120.44551849365234,"SANTA BARBARA","SANTA MARIA",-120.44538879394531,34.949550628662109
94428936,2024,2024-10-14,9750,2024-10-01,"605 ",015915,,2,1,9,4200,0,3,5,,2,030,"ALISOS CANYON ROAD",US-101,1056.00,E,N,A,-,N,,,,,,,,,,N,4,0,1,1,A,-,08,22107,,N,E,I,A,A,H,-,D,D,0,,,,,Y,,D,22,0,0,1,0,0,0,0,0,0,"- ","- ",34.735279083251953,-120.23590850830078,"SANTA BARBARA",UNINCORPORATED,-120.23597717285156,34.731468200683594
94428939,2024,2024-10-14,9750,2024-10-01,1255,015915,,2,1,9,4200,0,3,5,,2,030,"FOXEN CANYON ROAD","DOMINION ROAD",4224.00,W,N,A,-,N,,,,,,,,,,N,3,0,1,3,D,-,00,,,N,D,C,A,A,H,-,A,D,0,,,,Y,Y,,-,"- ",0,1,0,0,0,0,0,0,0,"- ","- ",34.92108154296875,-120.34799194335938,"SANTA BARBARA",UNINCORPORATED,-120.3482666015625,34.921649932861328
94428941,2024,2024-10-14,9750,2024-10-01,1700,016874,,2,2,9,4200,0,3,5,,2,030,"SANTA MARIA MESA ROAD","TEPUSQUET ROAD",250.00,S,N,A,-,N,,,,,,,,,,Y,3,0,1,1,A,-,01,23152,A,N,F,A,A,A,H,-,A,D,0,,,,,Y,Y,A,01,0,1,0,0,0,0,0,0,0,"- ","- ",34.866031646728516,-120.25199890136719,"SANTA BARBARA",UNINCORPORATED,-120.25192260742188,34.866138458251953
94429175,2024,2024-10-14,9760,2024-09-27,2120,023546,,5,2,9,4200,0,3,5,,2,002,"MAGNA VISTA ST","BAXTER STREET",50.00,S,N,A,-,N,,,,,,,,,,N,2,0,1,2,C,-,18,,,N,G,B,E,A,H,-,C,D,0,Y,,,,Y,Y,-,"- ",1,0,0,0,1,0,0,0,0,"- ","- ",34.434848785400391,-119.78684997558594,"SANTA BARBARA",UNINCORPORATED,-119.78679656982422,34.434913635253906
94429673,2024,2024-10-14,9760,2024-10-10,1550,020423,,4,2,9,4200,0,3,5,,2,003,"SABADO TARDE ROAD","CAMINO DEL SUR",570.00,W,N,A,-,N,,,,,,,,,,N,4,0,1,2,A,-,09,21804,A,N,H,G,A,A,H,-,A,D,0,,Y,,,Y,,L,04,0,0,1,0,0,0,1,0,0,"- ","- ",34.410449981689453,-119.86454010009766,"SANTA BARBARA",UNINCORPORATED,-119.86447906494141,34.410472869873047
94432334,2024,2024-10-15,9760,2024-10-08,1305,021294,,2,1,9,4200,0,3,5,,2,005,"CAMINO CORTO","ABREGO ROAD",0.00,,Y,A,-,N,,,,,,,,,,N,4,0,1,2,A,-,09,21804,A,M,H,G,A,A,H,-,A,D,0,,Y,,,Y,,L,04,0,0,1,0,0,0,1,0,0,"- ","- ",34.414508819580078,-119.8665771484375,"SANTA BARBARA",UNINCORPORATED,-119.86653900146484,34.414478302001953
94432862,2024,2024-10-16,9760,2024-10-09,2146,023965,,3,2,5,4203,0,3,5,,2,002,"STATE STREET","SR-154 (SAN MARCOS PASS ROAD)",180.00,E,N,A,-,N,,,,,,,,,,Y,3,0,1,2,A,-,08,22107,,N,D,C,A,A,H,-,C,D,0,,,,,Y,,A,01,0,1,0,0,0,0,0,0,0,"- ","- ",34.440269470214844,-119.75792694091797,"SANTA BARBARA","SANTA BARBARA",-119.75941467285156,34.440441131591797
94434273,2024,2024-10-17,9750,2024-10-05,"855 ",016170,,6,1,5,4204,0,1,2,,2,001,"US-101 S/B (EL CAMINO REAL)","STOWELL ROAD O/C",2640.00,S,N,A,-,Y,SB,,101," "," ",87.101,H,,L,Y,3,0,1,1,C,-,18,,,N,D,I,A,A,H,-,A,D,0,,,,,Y,,-,"- ",0,1,0,0,0,0,0,0,0,"- ","- ",34.931060791015625,-120.41787719726562,"SANTA BARBARA","SANTA MARIA",-120.41796112060547,34.931060791015625
94437212,2024,2024-10-21,9750,2024-10-08,1540,023495,,2,2,9,4200,0,3,5,,2,010,"BLACK ROAD","MAHONEY ROAD",0.00,,Y,B,-,N,,,,,,,,,,Y,3,0,3,2,A,-,09,21802,A,N,D,C,A,A,H,-,A,A,0,,,,,Y,,A,01,0,3,0,0,0,0,0,0,0,"- ","- ",34.909210205078125,-120.48960113525391,"SANTA BARBARA",UNINCORPORATED,-120.48958587646484,34.909164428710938
94437882,2024,2024-10-21,9750,2024-10-10,1330,023544,,4,1,9,4200,0,3,5,,2,030,"FOXEN CANYON ROAD","PHILBRIC ROAD",6600.00,E,N,A,-,N,,,,,,,,,,Y,4,0,1,1,A,-,08,22107,,N,F,A,A,A,H,-,A,D,0,,,,,Y,,A,07,0,0,1,0,0,0,0,0,0,"- ","- ",34.923118591308594,-120.3514404296875,"SANTA BARBARA",UNINCORPORATED,-120.35202026367188,34.92315673828125
94438431,2024,2024-10-21,9760,2024-10-18,1408,023886,,5,2,9,4200,0,1,2,,1,030,"US-101 SB","LOS CARNEROS ROAD",828.00,S,N,A,-,Y,SB,,101," "," ",23.638,H,,L,N,3,0,1,2,A,-,03,22350,,N,C,C,A,A,H,-,A,D,0,,,,,Y,,D,22,0,1,0,0,0,0,0,0,0,"- ","- ",34.437728881835938,-119.85012817382812,"SANTA BARBARA",UNINCORPORATED,-119.85012817382812,34.437759399414062
94438445,2024,2024-10-21,9760,2024-09-25,1725,023727,,3,2,9,4200,0,3,5,,2,002,"PATTERSON AVE","OAKSIDE WAY",0.00,,Y,A,-,N,,,,,,,,,,N,2,0,1,2,A,-,09,21804,A,N,D,G,A,A,H,-,A,D,0,,Y,,,Y,,L,04,1,0,0,0,0,0,1,0,0,"- ","- ",34.458160400390625,-119.81359100341797,"SANTA BARBARA",UNINCORPORATED,-119.81359100341797,34.458145141601562
94441228,2024,2024-10-23,9750,2024-10-11,1413,023429,,5,2,9,4200,0,3,5,,2,030,"TEPUSQUET ROAD","SANTA MARIA MESA ROAD",26294.00,N,N,A,-,N,,,,,,,,,,Y,3,0,1,1,A,-,08,22107,,N,H,H,A,A,H,-,A,D,0,,,,,Y,,D,22,0,1,0,0,0,0,0,0,0,"- ","- ",34.9287109375,-120.22109985351562,"SANTA BARBARA",UNINCORPORATED,-120.2216796875,34.930152893066406
94445987,2024,2024-10-25,9755,2024-10-17,1815,022601,,4,2,9,4200,0,1,2,,2,004,"US-101 N/B",SR-154,7920.00,S,N,A,-,Y,SB,,101," "," ",61.274,H,,R,Y,3,0,1,1,A,-,01,23152,A,N,E,I,A,A,H,-,A,A,0,,,,,Y,Y,D,22,0,1,0,0,0,0,0,0,0,"- ","- ",34.669208526611328,-120.16840362548828,"SANTA BARBARA",UNINCORPORATED,-120.16839599609375,34.669204711914062
94446015,2024,2024-10-25,9755,2024-10-18,2203,023976,,5,3,9,4200,0,1,3,,2,041,SR-246,"FRIENDSHIP LANE",180.00,E,N,A,-,Y,SB,,246," "," ",31.939,H,,R,Y,4,0,1,2,A,-,09,21801,A,N,D,C,A,A,H,-,C,D,0,,,,,Y,,D,22,0,0,1,0,0,0,0,0,0,"- ","- ",34.606658935546875,-120.10138702392578,"SANTA BARBARA",UNINCORPORATED,-120.10139465332031,34.606605529785156
94446069,2024,2024-10-25,9755,2024-10-16,"720 ",024035,,3,1,9,4200,0,3,5,,2,050,"PURISIMA RD","MISSION GATE RD",1320.00,W,N,B,-,N,,,,,,,,,,Y,4,0,1,2,A,-,09,21804,A,M,D,C,A,A,H,-,A,D,0,,,,,Y,,A,01,0,0,1,0,0,0,0,0,0,"- ","- ",34.671298980712891,-120.42790985107422,"SANTA BARBARA",UNINCORPORATED,-120.42530059814453,34.670368194580078
94447029,2024,2025-03-18,9760,2024-10-18,1434,023886,,5,2,9,4200,0,1,2,,1,040,"US-101 NB","REFUGIO STATE BEACH",2288.00,S,N,A,-,Y,SB,,101," ",R,36.216,H,,R,N,3,0,1,2,A,-,08,22107,,N,B,C,A,A,H,-,A,D,0,,,,,Y,,-,"- ",0,1,0,0,0,0,0,0,0,"- ","- ",34.463588714599609,-120.0621337890625,"SANTA BARBARA",UNINCORPORATED,-120.06212615966797,34.463588714599609
94448099,2024,2024-10-28,9760,2024-10-21,1645,023912,,1,2,4,4214,0,3,5,,2,005,"STORKE ROAD","EL COLEGIO ROAD",0.00,,Y,A,-,N,,,,,,,,,,N,4,0,2,2,A,-,03,22350,,N,C,C,A,A,H,-,A,A,0,,,,,Y,,A,07,0,0,2,0,0,0,0,0,0,"- ","- ",34.417549133300781,-119.86981201171875,"SANTA BARBARA",GOLETA,-119.86978912353516,34.417350769042969
94452103,2024,2024-10-31,9750,2024-10-22,"855 ",016170,,2,1,5,4204,0,1,2,,2,001,"US-101 N/B (EL CAMINO REAL)","STOWELL ROAD O/C",528.00,N,N,A,-,Y,SB,,101," "," ",87.889,H,,R,Y,4,0,1,2,A,-,03,22350,,N,C,C,A,A,H,-,A,D,0,,,,,Y,,A,01,0,0,1,0,0,0,0,0,0,"- ","- ",34.942470550537109,-120.41763305664062,"SANTA BARBARA","SANTA MARIA",-120.41767120361328,34.942470550537109
94455730,2024,2024-11-04,9750,2024-10-23,1610,017910,,3,2,9,4200,0,2,4,,1,024,"HILLVIEW ROAD","LAKEVIEW ROAD",0.00,,Y,A,-,N,,,,,,,,,,N,3,0,1,2,A,-,09,21802,A,N,D,C,A,A,H,-,A,A,0,,,,,Y,,A,08,0,1,0,0,0,0,0,0,0,"- ","- ",34.894519805908203,-120.42520141601562,"SANTA BARBARA",UNINCORPORATED,-120.42520904541016,34.894493103027344
94456334,2024,2024-11-04,9760,2024-10-25,1502,023828,,5,2,9,4200,0,2,4,,1,021,"HOLLISTER AVE","WALNUT LN",40.00,E,N,A,-,N,,,,,,,,,,N,4,0,1,2,A,-,01,23152,A,N,C,C,A,A,H,-,A,A,0,,,,,Y,Y,D,22,0,0,1,0,0,0,0,0,0,"- ","- ",34.434829711914062,-119.80245208740234,"SANTA BARBARA",UNINCORPORATED,-119.80210876464844,34.434795379638672
94456484,2024,2024-11-04,9760,2024-10-26,"340 ",023727,,6,3,5,4203,0,1,2,,2,011,"US-101 N/B","GARDEN ST",0.00,,Y,E,-,Y,SB,,101," "," ",13.495,H,,R,Y,3,0,1,1,A,-,08,22107,,M,E,I,A,B,H,-,C,D,0,,,,,Y,,A,01,0,1,0,0,0,0,0,0,0,"- ","- ",34.418281555175781,-119.68978881835938,"SANTA BARBARA","SANTA BARBARA",-119.68983459472656,34.418315887451172
94456774,2024,2024-11-04,9760,2024-11-02,"833 ",023886,,6,1,9,4200,0,1,2,,1,040,"US-101 S/B","REFUGIO STATE BEACH",4200.00,S,N,B,C,Y,SB,,101," "," ",35.792,H,,L,N,3,0,1,1,A,-,03,22350,,N,F,A,A,B,H,-,A,D,0,,,,,Y,,A,01,0,1,0,0,0,0,0,0,0,"- ","- ",34.462291717529297,-120.05496215820312,"SANTA BARBARA",UNINCORPORATED,-120.05494689941406,34.462226867675781
94456987,2024,2024-11-04,9755,2024-10-26,2000,023810,,6,2,9,4200,0,1,3,,1,042,"SR-154 W/B","PARADISE RD",1214.00,W,N,A,-,Y,SB,,154," "," ",21.372,H,,L,Y,2,0,3,2,A,-,08,22107,,N,D,2,A,A,H,-,D,D,0,,,,,Y,,A,01,1,1,1,0,0,0,0,0,0,"- ","- ",34.535171508789062,-119.86109924316406,"SANTA BARBARA",UNINCORPORATED,-119.86112213134766,34.535148620605469
94457202,2024,2024-11-04,9760,2024-10-19,1905,023449,,6,2,9,4200,0,1,2,,2,020,"TURNPIKE RD","US-101 N/B",0.00,,Y,A,-,Y,,,,,,,,,,Y,3,0,2,2,A,-,12,21453,A,N,D,C,A,A,H,-,C,A,0,,,,,Y,,A,01,0,1,1,0,0,0,0,0,0,"- ","- ",34.443008422851562,-119.78939056396484,"SANTA BARBARA",UNINCORPORATED,-119.78941345214844,34.442432403564453
94457630,2024,2024-11-04,9760,2024-11-04,1020,023965,,1,1,4,4214,0,2,4,,2,026,"CATHEDRAL OAKS RD","LORRAINE AVE",80.00,W,N,A,-,N,,,,,,,,,,Y,3,0,1,2,A,-,03,22350,,N,C,C,A,A,H,-,A,A,0,,,,,Y,,A,07,0,1,0,0,0,0,0,0,0,"- ","- ",34.44927978515625,-119.76889801025391,"SANTA BARBARA",GOLETA,-119.76885223388672,34.449306488037109
94458139,2024,2024-11-05,9760,2024-10-31,2220,023546,,4,3,9,4200,0,2,4,,2,026,"CATHEDRAL OAKS RD","KELLOGG AVE",0.00,,Y,A,-,N,,,,,,,,,,N,4,0,1,2,A,-,08,22101,D,N,B,C,A,A,H,-,C,A,0,,,,,Y,,A,07,0,0,1,0,0,0,0,0,0,"- ","- ",34.452968597412109,-119.81429290771484,"SANTA BARBARA",UNINCORPORATED,-119.81433868408203,34.452991485595703
94459983,2024,2024-11-06,9760,2024-10-30,2345,023912,,3,3,5,4203,0,1,2,,2,011,"US-101 SOUTHBOUND","MILPAS ST",40.00,N,N,A,-,Y,SB,,101," "," ",12.747,H,,L,Y,2,0,1,1,A,-,01,23152,A,N,E,I,A,A,H,-,C,D,0,,,Y,,Y,Y,C,02,1,0,0,0,0,0,0,0,1,"- ","- ",34.420059204101562,-119.67706298828125,"SANTA BARBARA","SANTA BARBARA",-119.67706298828125,34.420276641845703
94460057,2024,2024-11-06,9760,2024-11-04,1727,022926,,1,2,5,4203,0,1,2,,2,020,"US-101 NORTHBOUND","LAS POSITAS ROAD",417.00,N,N,A,-,Y,SB,,101," "," ",16.654,H,,R,N,3,0,2,2,A,-,03,22350,,N,C,C,A,A,H,-,B,D,0,,,,,Y,,A,01,0,2,0,0,0,0,0,0,0,"- ","- ",34.428279876708984,-119.73548889160156,"SANTA BARBARA","SANTA BARBARA",-119.73549652099609,34.428237915039062
94461693,2024,2024-11-07,9760,2024-11-06,1458,021476,,3,2,9,4200,0,3,5,,2,002,"LAS PALMAS DRIVE","VIA BENDITA",868.00,S,N,A,-,N,,,,,,,,,,N,3,0,1,1,A,-,08,22107,,N,F,A,A,A,H,-,A,A,0,,,Y,,Y,,C,02,0,1,0,0,0,0,0,0,1,"- ","- ",34.417438507080078,-119.77395629882812,"SANTA BARBARA",UNINCORPORATED,-119.77400970458984,34.417156219482422
94464506,2024,2024-11-11,9750,2024-11-01,1650,016874,,5,2,9,4200,0,2,4,,1,024,"S. BRADLEY ROAD","CRESTMONT DR",0.00,,Y,A,-,N,,,,,,,,,,Y,4,0,3,2,A,-,09,21804,A,N,D,C,A,A,H,-,A,A,0,,,,,Y,,D,22,0,0,3,0,0,0,0,0,0,"- ","- ",34.890098571777344,-120.42118072509766,"SANTA BARBARA",UNINCORPORATED,-120.42115783691406,34.890102386474609
94464508,2024,2024-11-11,9750,2024-11-04,1502,022227,,1,2,9,4200,0,3,5,,2,020,"WINTER RD","DICKSON DR",0.00,,Y,A,-,N,,,,,,,,,,N,4,0,1,2,A,-,21,22106,,N,H,G,A,A,H,-,A,A,0,,Y,,,Y,,A,07,0,0,1,0,0,0,1,0,0,"- ","- ",34.898128509521484,-120.4326171875,"SANTA BARBARA",UNINCORPORATED,-120.43251800537109,34.898128509521484
94465436,2024,2024-11-12,9760,2024-11-02,"834 ",023886,,6,1,9,4200,0,1,2,,1,040,"US-101 SB","REFUGIO STATE BEACH",4200.00,S,N,B,C,Y,SB,,101," "," ",35.817,H,,L,N,3,0,1,2,D,-,00,,,N,B,C,A,B,H,-,A,D,0,,,,,Y,,-,"- ",0,1,0,0,0,0,0,0,0,"- ","- ",34.462230682373047,-120.05538940429688,"SANTA BARBARA",UNINCORPORATED,-120.05538177490234,34.462188720703125
94466041,2024,2024-11-12,9760,2024-11-05,"830 ",017140,,2,1,3,4205,0,1,2,,2,010,"US-101 NORTHBOUND","SANTA MONICA ROAD",300.00,N,N,A,-,Y,SB,,101," "," ",3.951,H,,R,Y,4,0,3,4,A,-,03,22350,,N,C,C,A,D,H,-,A,D,0,,,,,Y,,A,01,0,0,3,0,0,0,0,0,0,"- ","- ",34.404369354248047,-119.53180694580078,"SANTA BARBARA",CARPINTERIA,-119.53180694580078,34.404373168945312
94466053,2024,2024-11-12,9760,2024-11-04,"835 ",023913,,1,1,9,4200,0,3,5,,2,001,"SIERRA VISTA ROAD","BARKER PASS ROAD",0.00,,Y,A,-,N,,,,,,,,,,N,2,0,1,2,A,-,09,21802,A,N,H,G,A,A,H,-,A,A,0,,Y,,,Y,,D,22,1,0,0,0,0,0,1,0,0,"- ","- ",34.4404296875,-119.66706085205078,"SANTA BARBARA",UNINCORPORATED,-119.66743469238281,34.439884185791016
9446635,2022,2022-06-06,4200,2022-04-29,0656,5592,14,5,5,4,4214,0,0,0,,0,050,"CATHEDRAL OAKS RD","N FAIRVIEW AV",491.00,E,N,A,-,N,,,,,,,,,,Y,3,0,1,1,A,-,08,22107,,N,E,I,A,A,H,-,B,D,0,,,,,Y,,A,01,0,1,0,0,0,0,0,0,0,"- ","- ",,,"SANTA BARBARA",GOLETA,-119.82908630371094,34.451366424560547
9446908,2022,2022-05-20,4200,2022-04-14,1737,3077,14,4,5,4,4214,0,0,0,,0,060,"HOLLISTER AV","WARD DR",290.00,W,N,A,-,N,,,,,,,,,,N,4,0,1,2,A,-,03,22350,,N,C,C,A,A,H,-,A,D,0,,,,,Y,,A,01,0,0,1,0,0,0,0,0,0,"- ","- ",,,"SANTA BARBARA",GOLETA,-119.81781005859375,34.435264587402344
94470240,2024,2024-11-14,9750,2024-11-01,"221 ",020121,,5,3,9,4200,0,1,3,,1,023,"SR-135 N/B","BELL STREET",10032.00,N,N,A,-,Y,SB,,135," "," ",2.860,H,,R,Y,2,0,2,1,A,-,01,23152,A,N,E,I,A,A,H,-,D,D,0,,,,,Y,Y,A,01,2,0,0,0,0,0,0,0,0,"- ","- ",34.752300262451172,-120.31874847412109,"SANTA BARBARA",UNINCORPORATED,-120.31876373291016,34.752243041992188
94471534,2024,2024-11-15,9755,2024-11-08,1748,023976,,5,2,9,4200,0,1,2,,2,004,US-101,"OLD COAST HWY",20.00,S,N,A,-,Y,SB,,101," ",R,52.388,H,,R,Y,3,0,1,1,A,-,08,22107,,N,E,I,A,A,H,-,D,D,0,,,,,Y,,-,"- ",0,1,0,0,0,0,0,0,0,"- ","- ",34.546199798583984,-120.193359375,"SANTA BARBARA",UNINCORPORATED,-120.19308471679688,34.546092987060547
94471894,2024,2024-11-18,9750,2024-11-13,2254,023429,,3,3,5,4204,0,1,2,,2,001,"US-101 N/B","ALVIN AVENUE OVERCROSSING",30.00,N,N,A,-,Y,SB,,101," "," ",89.142,H,,R,Y,3,0,2,3,A,-,01,23152,A,N,C,C,A,A,H,-,C,D,0,,,,,Y,Y,-,"- ",0,2,0,0,0,0,0,0,0,"- ","- ",34.960498809814453,-120.41851806640625,"SANTA BARBARA","SANTA MARIA",-120.41850280761719,34.960506439208984
94475287,2024,2024-11-19,9755,2024-09-30,1232,018483,,1,1,9,4200,0,1,2,,2,004,"UNITED STATES 101 NORTHBOUND",SR-154,4646.00,N,N,A,-,Y,SB,,101," "," ",63.635,H,,R,Y,1,1,1,1,A,-,08,22107,,N,E,I,A,A,H,-,A,D,0,,,,,Y,,A,01,1,0,0,0,0,0,0,0,0,"- ","- ",34.698871612548828,-120.16452789306641,"SANTA BARBARA",UNINCORPORATED,-120.16462707519531,34.698787689208984
9447587,2022,2022-10-06,4203,2022-09-09,0127,24079,14,5,5,5,4203,0,0,0,,0,002,"CASTILLOS ST","RT 101",15.00,N,N,A,-,Y,SB,5,101,-,R,14.341,R,4,S,Y,2,0,3,1,A,-,01,23152,A,N,E,I,A,B,H,-,C,A,0,,,,,Y,Y,A,01,1,1,1,0,0,0,0,0,0,"- ","- ",34.410198211669922,-119.69458770751953,"SANTA BARBARA","SANTA BARBARA",-119.70204162597656,34.412498474121094
94478748,2024,2024-11-21,9755,2024-11-17,2106,020226,,7,2,9,4200,0,1,3,,1,042,SR-154,"PRIVATE DRIVEWAY TO 4001 SR-154",435.00,W,N,A,-,Y,SB,,154," "," ",18.715,H,,R,Y,4,0,1,1,A,-,08,22107,,N,E,I,A,A,H,-,D,D,0,,,,,Y,,A,01,0,0,1,0,0,0,0,0,0,"- ","- ",34.548610687255859,-119.90184783935547,"SANTA BARBARA",UNINCORPORATED,-119.90186309814453,34.548572540283203
94478918,2024,2024-11-21,9750,2024-11-11,1330,022227,,1,1,9,4200,0,3,5,,2,030,"E. JONES STREET","ROSEMARY ROAD",700.00,W,N,B,-,N,,,,,,,,,,Y,3,0,3,1,A,-,08,22107,,N,E,I,A,A,H,-,A,D,0,,,,,Y,,A,01,0,2,1,0,0,0,0,0,0,"- ","- ",34.945358276367188,-120.40316772460938,"SANTA BARBARA",UNINCORPORATED,-120.40275573730469,34.945377349853516
9447992,2022,2022-09-20,4203,2022-08-30,1700,24079,62,2,5,5,4203,0,0,0,,0,001,"N MILPAS ST","YANONALI ST",17.00,N,N,A,-,N,,,,,,,,,,Y,4,0,1,2,A,-,03,22350,,N,C,C,A,A,H,-,A,A,0,,,,,Y,,A,07,0,0,1,0,0,0,0,0,0,"- ","- ",34.423488616943359,-119.68154907226562,"SANTA BARBARA","SANTA BARBARA",-119.6815185546875,34.423515319824219
9447993,2022,2022-09-20,4203,2022-08-20,1745,26222,61,6,5,5,4203,0,0,0,,0,001,"DE LA GUERRA ST","QUARANTINA ST",0.00,,Y,A,-,N,,,,,,,,,,Y,3,0,2,3,D,-,00,,,F,D,C,A,A,H,-,A,A,0,,,,,Y,,-,"- ",0,1,1,0,0,0,0,0,0,"- ","- ",34.424968719482422,-119.68659973144531,"SANTA BARBARA","SANTA BARBARA",-119.69145202636719,34.427017211914062
9447994,2022,2022-09-20,4203,2022-08-25,1826,26222,60,4,5,5,4203,0,0,0,,0,001,"E COTA ST","QUARANTINA ST",9.00,E,N,A,-,N,,,,,,,,,,,4,0,1,2,A,-,10,21950,C,N,H,G,B,A,H,-,B,A,0,Y,Y,,,Y,,L,04,0,0,1,0,1,0,0,0,0,"- ","- ",34.424018859863281,-119.68634796142578,"SANTA BARBARA","SANTA BARBARA",-119.68885040283203,34.425189971923828
94480780,2024,2024-11-22,9750,2024-11-13,"605 ",020511,,3,1,9,4200,0,2,4,,1,024,"CLARK AVE.","EL PORTAL ST.",0.00,,Y,A,-,N,,,,,,,,,,Y,4,0,1,2,A,-,08,22107,,N,D,2,A,A,B,D,D,D,0,,,,Y,Y,,F,24,0,0,1,0,0,0,0,0,0,"- ","- ",34.864971160888672,-120.42108917236328,"SANTA BARBARA",UNINCORPORATED,-120.42111206054688,34.865028381347656
94481176,2024,2024-11-25,9760,2024-11-14,2235,022291,,4,3,5,4203,0,1,2,,2,011,"US-101 N/B FROM CASTILLO STREET","CASTILLO STREET",26.00,N,N,A,-,Y,,,,,,,,,,N,4,0,1,2,A,-,03,22350,,N,C,C,A,A,H,-,C,D,0,,,,,Y,,A,07,0,0,1,0,0,0,0,0,0,"- ","- ",34.412590026855469,-119.70018005371094,"SANTA BARBARA","SANTA BARBARA",-119.6990966796875,34.412277221679688