CASE_ID,ACCIDENT_YEAR,PROC_DATE,JURIS,COLLISION_DATE,COLLISION_TIME,OFFICER_ID,REPORTING_DISTRICT,DAY_OF_WEEK,CHP_SHIFT,POPULATION,CNTY_CITY_LOC,SPECIAL_COND,BEAT_TYPE,CHP_BEAT_TYPE,CITY_DIVISION_LAPD,CHP_BEAT_CLASS,BEAT_NUMBER,PRIMARY_RD,SECONDARY_RD,DISTANCE,DIRECTION,INTERSECTION,WEATHER_1,WEATHER_2,STATE_HWY_IND,CALTRANS_COUNTY,CALTRANS_DISTRICT,STATE_ROUTE,ROUTE_SUFFIX,POSTMILE_PREFIX,POSTMILE,LOCATION_TYPE,RAMP_INTERSECTION,SIDE_OF_HWY,TOW_AWAY,COLLISION_SEVERITY,NUMBER_KILLED,NUMBER_INJURED,PARTY_COUNT,PRIMARY_COLL_FACTOR,PCF_CODE_OF_VIOL,PCF_VIOL_CATEGORY,PCF_VIOLATION,PCF_VIOL_SUBSECTION,HIT_AND_RUN,TYPE_OF_COLLISION,MVIW,PED_ACTION,ROAD_SURFACE,ROAD_COND_1,ROAD_COND_2,LIGHTING,CONTROL_DEVICE,CHP_ROAD_TYPE,PEDESTRIAN_ACCIDENT,BICYCLE_ACCIDENT,MOTORCYCLE_ACCIDENT,TRUCK_ACCIDENT,NOT_PRIVATE_PROPERTY,ALCOHOL_INVOLVED,STWD_VEHTYPE_AT_FAULT,CHP_VEHTYPE_AT_FAULT,COUNT_SEVERE_INJ,COUNT_VISIBLE_INJ,COUNT_COMPLAINT_PAIN,COUNT_PED_KILLED,COUNT_PED_INJURED,COUNT_BICYCLIST_KILLED,COUNT_BICYCLIST_INJURED,COUNT_MC_KILLED,COUNT_MC_INJURED,PRIMARY_RAMP,SECONDARY_RAMP,LATITUDE,LONGITUDE,COUNTY,CITY,POINT_X,POINT_Y
94987550,2025,2025-12-26,9750,2025-12-14,1205,024862,,7,1,9,4200,0,3,5,,2,020,"BRADLEY ROAD","CAMBRIA AVE",0.00,,Y,A,-,N,,,,,,,,,,Y,3,0,1,2,A,-,12,22450,A,N,D,C,A,A,H,-,A,A,0,,,,,Y,,A,01,0,1,0,0,0,0,0,0,0,"- ","- ",34.89080810546875,-120.42223358154297,"SANTA BARBARA",UNINCORPORATED,-120.42221832275391,34.890766143798828
94988874,2025,2025-12-29,9750,2025-12-02,"540 ",024808,,2,3,9,4200,0,3,5,,2,030,"PHILBRIC RD","STOWELL RD",2376.00,S,N,A,-,N,,,,,,,,,,Y,4,0,1,2,A,-,03,22350,,N,C,C,A,A,H,-,B,D,0,,,,,Y,,A,01,0,0,1,0,0,0,0,0,0,"- ","- ",34.930728912353516,-120.37393188476562,"SANTA BARBARA",UNINCORPORATED,-120.37361907958984,34.937919616699219
94989427,2025,2025-12-29,9760,2025-12-10,1103,024706,,3,1,4,4214,0,1,2,,2,020,"US-101 SOUTHBOUND","FAIRVIEW AVE",1356.00,S,N,A,-,Y,SB,,101," "," ",22.162,H,,L,N,4,0,1,2,A,-,08,22107,,F,B,C,A,A,H,-,A,D,0,,,,,Y,,A,08,0,0,1,0,0,0,0,0,0,"- ","- ",34.440040588378906,-119.82589721679688,"SANTA BARBARA",GOLETA,-119.82590484619141,34.440059661865234
94989913,2025,2025-12-29,9760,2025-12-24,"728 ",024789,,3,1,9,4200,0,1,2,,2,010,"US-101 SOUTHBOUND","EVANS AVE",72.00,S,N,C,-,Y,SB,,101," ",R,8.257,H,,L,Y,3,0,1,1,A,-,03,22350,,N,E,I,A,B,H,-,A,D,0,,,,,Y,Y,A,07,0,1,0,0,0,0,0,0,0,"- ","- ",34.421138763427734,-119.60135650634766,"SANTA BARBARA",UNINCORPORATED,-119.60135650634766,34.421146392822266
94991563,2025,2025-12-30,9760,2025-12-17,1750,024704,,3,2,4,4214,0,1,2,,2,020,"US-101 SOUTHBOUND","PATTERSON AVE",2948.00,N,N,A,-,Y,SB,,101," "," ",21.727,H,,L,N,4,0,2,2,A,-,03,22350,,N,C,C,A,A,H,-,C,D,0,,,,,Y,,D,22,0,0,2,0,0,0,0,0,0,"- ","- ",34.440731048583984,-119.81832885742188,"SANTA BARBARA",GOLETA,-119.81832885742188,34.440742492675781
94991854,2025,2025-12-30,9760,2025-12-25,1210,024871,,4,1,9,4200,0,1,2,,2,010,US-101,"SANTA CLAUS LANE",100.00,N,N,C,-,Y,SB,,101," ",R,5.425,H,,L,N,3,0,1,1,A,-,03,22350,,N,E,I,A,B,H,-,A,D,0,,,,,Y,,A,01,0,1,0,0,0,0,0,0,0,"- ","- ",34.411899566650391,-119.55500793457031,"SANTA BARBARA",UNINCORPORATED,-119.55486297607422,34.412036895751953
94992390,2025,2025-12-30,9760,2025-12-20,2038,024871,,6,2,4,4214,0,1,3,,2,027,"SR-217 E/B","HOLLISTER AVENUE",1000.00,W,N,A,-,Y,SB,,217," "," ",2.014,H,,R,N,2,0,1,2,A,-,00,21960,A,N,G,B,E,A,H,-,D,D,0,Y,,,,Y,,N,60,1,0,0,0,1,0,0,0,0,"- ","- ",34.432521820068359,-119.82008361816406,"SANTA BARBARA",GOLETA,-119.82011413574219,34.432537078857422
9499597,2022,2022-11-09,4203,2022-10-12,1550,6110,21,3,5,5,4203,0,0,0,,0,006,"SAN ANDRES ST","VICTORIA ST",186.00,S,N,B,-,N,,,,,,,,,,Y,4,0,1,2,A,-,09,21804,A,N,D,C,A,A,H,-,B,D,0,,,,,Y,,A,01,0,0,1,0,0,0,0,0,0,"- ","- ",34.416801452636719,-119.71369934082031,"SANTA BARBARA","SANTA BARBARA",-119.71316528320312,34.416572570800781
94996528,2025,2026-01-02,9755,2025-12-14,"646 ",020483,,7,1,9,4200,0,1,S,,2,904,US-101,"REFUGIO RD.",5280.00,N,N,B,-,Y,SB,,101," "," ",37.926,H,,R,Y,4,0,1,1,A,-,08,22107,,N,F,A,A,A,H,-,A,D,0,,,,,Y,,A,01,0,0,1,0,0,0,0,0,0,"- ","- ",34.461551666259766,-120.08937835693359,"SANTA BARBARA",UNINCORPORATED,-120.08937835693359,34.461669921875
94996772,2025,2026-01-02,9750,2025-12-10,2115,023544,,3,2,9,4200,0,1,3,,1,021,SR-135,"CLARK AVE",4224.00,S,N,A,-,Y,SB,,135," ",R,9.392,H,,R,Y,2,0,2,1,A,-,01,23152,A,N,E,I,A,A,H,-,D,D,0,,,,,Y,Y,A,01,2,0,0,0,0,0,0,0,0,"- ","- ",34.856380462646484,-120.44936370849609,"SANTA BARBARA",UNINCORPORATED,-120.44937896728516,34.856399536132812
9499983,2022,2022-09-30,4203,2022-09-15,0813,24079,44,4,5,5,4203,0,0,0,,0,003,"E DE LA GUERRA ST","SANTA BARBARA ST",168.00,W,N,A,-,N,,,,,,,,,,N,4,0,1,2,A,-,09,21804,A,N,D,C,A,A,H,-,A,D,0,,,,,Y,,A,01,0,0,1,0,0,0,0,0,0,"- ","- ",34.4228515625,-119.6959228515625,"SANTA BARBARA","SANTA BARBARA",-119.69762420654297,34.421531677246094
9499989,2022,2022-10-07,4203,2022-09-12,1043,2661,31,1,5,5,4203,0,0,0,,0,004,"DE LA VINA ST","ORTEGA ST",0.00,,Y,B,-,N,,,,,,,,,,N,3,0,2,2,A,-,09,21802,A,N,D,C,A,A,H,-,A,A,0,,,,,Y,,A,01,0,1,1,0,0,0,0,0,0,"- ","- ",34.414630889892578,-119.69571685791016,"SANTA BARBARA","SANTA BARBARA",-119.7003173828125,34.416538238525391
95008791,2025,2026-01-12,9760,2025-12-21,"227 ",024149,,7,3,9,4200,0,2,4,,1,021,"LA VENTA DR","CHILON WAY",40.00,W,N,A,-,N,,,,,,,,,,Y,3,0,1,2,A,-,08,22107,,N,B,E,A,A,H,-,E,D,0,,,,,Y,Y,A,01,0,1,0,0,0,0,0,0,0,"- ","- ",34.438140869140625,-119.78457641601562,"SANTA BARBARA",UNINCORPORATED,-119.78447723388672,34.438106536865234
95020183,2025,2026-01-20,9760,2025-12-29,"325 ",024706,,1,3,5,4203,0,1,S,,2,901,"E CABRILLO BLVD","US-101 NORTHBOUND",0.00,,Y,A,-,Y,SB,,101," "," ",11.401,H,,L,Y,3,0,1,1,A,-,01,23152,A,N,E,8,A,A,H,-,C,A,0,,,,,Y,Y,A,01,0,1,0,0,0,0,0,0,0,"- ","- ",34.422519683837891,-119.65493011474609,"SANTA BARBARA","SANTA BARBARA",-119.65497589111328,34.422405242919922
9502043,2022,2022-11-02,4200,2022-09-28,0951,5649,10,3,5,3,4205,0,0,0,,0,030,"CARPINTERIA AV","CARPINTERIA AV 5885",101.00,E,N,A,-,N,,,,,,,,,,Y,3,0,2,1,A,-,08,22107,,N,E,I,A,A,H,-,A,D,0,,,,,Y,,A,01,0,1,1,0,0,0,0,0,0,"- ","- ",,,"SANTA BARBARA",CARPINTERIA,,
95023372,2025,2026-01-21,9760,2025-12-23,1950,018786,,2,2,9,4200,0,1,2,,1,040,"US-101 SOUTHBOUND","EL CAPITAN STATE BEACH RD",4600.00,N,N,C,-,Y,SB,,101," "," ",34.762,H,,L,Y,4,0,1,1,A,-,08,22107,,N,F,A,A,B,H,-,D,D,0,,,,,Y,,D,22,0,0,1,0,0,0,0,0,0,"- ","- ",34.464118957519531,-120.037109375,"SANTA BARBARA",UNINCORPORATED,-120.03710174560547,34.464176177978516
95026154,2025,2026-01-23,9760,2025-12-30,1840,021294,,2,2,5,4203,0,1,2,,2,011,"US-101 NB","MISSION ST",875.00,S,N,A,-,Y,SB,,101," ",R,15.575,H,,R,Y,3,0,1,1,C,-,18,,,N,E,J,A,A,H,-,C,D,0,,,,,Y,,-,"- ",0,1,0,0,0,0,0,0,0,"- ","- ",34.42401123046875,-119.71787261962891,"SANTA BARBARA","SANTA BARBARA",-119.71798706054688,34.423900604248047
9502740,2022,2022-09-16,4203,2022-06-06,2500,2661,35,1,5,5,4203,0,0,0,,0,004,"DE LA VINA ST","PEDREGOSA ST",200.00,N,N,A,-,N,,,,,,,,,,N,4,0,1,2,A,-,21,22106,,N,G,B,E,A,H,-,A,D,0,Y,,,,Y,,A,01,0,0,1,0,1,0,0,0,0,"- ","- ",34.427871704101562,-119.71569061279297,"SANTA BARBARA","SANTA BARBARA",-119.71622467041016,34.428150177001953
95049423,2025,2026-02-09,9750,2025-11-28,1221,020964,,5,1,5,4204,0,1,2,,2,001,"US-101 S/B","STOWELL RD",1584.00,S,N,A,-,Y,SB,,101," "," ",87.296,H,,L,Y,1,1,0,1,A,-,08,22107,,N,E,I,A,A,H,-,A,D,0,,,,,Y,,A,01,0,0,0,0,0,0,0,0,0,"- ","- ",34.933879852294922,-120.41782379150391,"SANTA BARBARA","SANTA MARIA",-120.41793823242188,34.933879852294922
9507087,2022,2022-10-19,4203,2022-09-30,0257,24576,80,5,5,5,4203,0,0,0,,0,011,"HOLLISTER AV","AERO CAMINO",467.00,W,N,A,-,N,,,,,,,,,,,2,0,1,1,D,-,00,,,N,E,I,A,A,H,-,C,D,0,,,Y,,Y,,-,"- ",1,0,0,0,0,0,0,0,1,"- ","- ",34.431549072265625,-119.84336853027344,"SANTA BARBARA","SANTA BARBARA",-119.84990692138672,34.431106567382812
9507242,2022,2022-10-19,4203,2022-09-21,1539,24582,34,3,5,5,4203,0,0,0,,0,004,"STATE ST","W ISLAY ST",0.00,,Y,A,-,N,,,,,,,,,,N,3,0,1,2,D,-,00,,,F,H,G,A,A,H,-,A,A,0,,Y,,,Y,,-,"- ",0,1,0,0,0,0,1,0,0,"- ","- ",34.429008483886719,-119.71212768554688,"SANTA BARBARA","SANTA BARBARA",-119.712158203125,34.428977966308594
9507402,2022,2022-10-04,4203,2022-09-14,1726,26178,33,3,5,5,4203,0,0,0,,0,004,"CHAPALA ST","W MICHELTORENA ST",0.00,,Y,A,-,N,,,,,,,,,,Y,4,0,1,2,A,-,08,22107,,N,D,C,A,A,H,-,A,A,0,,,,,Y,,A,01,0,0,1,0,0,0,0,0,0,"- ","- ",34.423301696777344,-119.70464324951172,"SANTA BARBARA","SANTA BARBARA",-119.70944976806641,34.425144195556641
9508667,2022,2022-10-28,4203,2022-09-30,1823,6110,11,5,5,5,4203,0,0,0,,0,007,"HOLLISTER AV","ROBIN HILL RD",330.00,S,N,A,-,N,,,,,,,,,,Y,3,0,1,2,A,-,17,21209,A,N,C,G,A,A,H,-,B,D,0,,Y,,,Y,,D,22,0,1,0,0,0,0,1,0,0,"- ","- ",34.432209014892578,-119.83972930908203,"SANTA BARBARA","SANTA BARBARA",-119.84580230712891,34.431800842285156
9510013,2022,2022-12-21,4203,2022-11-16,1710,26416,443,3,5,5,4203,0,0,0,,0,003,"EAST ORTEGA ST","GARDEN ST",181.00,W,N,A,-,N,,,,,,,,,,Y,3,0,3,2,A,-,09,21801,A,N,D,C,A,A,H,-,C,D,0,,,,,Y,,A,01,0,2,1,0,0,0,0,0,0,"- ","- ",34.421440124511719,-119.69508361816406,"SANTA BARBARA","SANTA BARBARA",-119.69505310058594,34.421504974365234
9510452,2022,2023-01-04,4203,2022-11-21,1539,24079,43,1,5,5,4203,0,0,0,,0,003,"GARDEN ST","RT 101",24.00,S,N,A,-,Y,SB,5,101,-,-,13.357,R,4,S,N,4,0,1,2,A,-,03,22350,,N,C,C,A,A,H,-,A,A,0,,,,Y,Y,,F,26,0,0,1,0,0,0,0,0,0,"- ","- ",34.418170928955078,-119.68972778320312,"SANTA BARBARA","SANTA BARBARA",-119.68753814697266,34.419261932373047
9511236,2022,2023-01-31,4203,2022-12-23,1800,6535,12,5,5,5,4203,0,0,0,,0,002,"CABRILLO BL","GARDEN ST",0.00,,Y,A,-,N,,,,,,,,,,N,4,0,2,2,D,-,00,,,F,C,C,A,A,H,-,C,A,0,,,,,Y,,-,"- ",0,0,2,0,0,0,0,0,0,"- ","- ",34.412151336669922,-119.68228149414062,"SANTA BARBARA","SANTA BARBARA",-119.68682861328125,34.414279937744141
9512117,2022,2022-11-03,4202,2022-09-10,1906,80819,4202,6,5,4,4202,0,0,0,,0,,"E PINE AV","N D STREET",0.00,,N,A,-,N,,,,,,,,,,Y,3,0,2,2,A,-,01,23152,B,N,A,-,A,A,H,-,B,A,0,,,,,Y,Y,A,01,0,1,1,0,0,0,0,0,0,"- ","- ",,,"SANTA BARBARA",LOMPOC,-120.45268249511719,34.650154113769531
9512689,2022,2022-10-31,4202,2022-06-27,1225,80819,4202,1,5,4,4202,0,0,0,,0,,"D ST","LEMON ST",40.00,S,N,A,-,N,,,,,,,,,,Y,4,0,1,2,A,-,01,23152,F,N,C,E,A,A,H,-,A,D,0,,,,,Y,,A,01,0,0,1,0,0,0,0,0,0,"- ","- ",,,"SANTA BARBARA",LOMPOC,-120.45262908935547,34.652439117431641
9512758,2022,2022-11-09,4203,2022-10-15,1415,26677,43,6,5,5,4203,0,0,0,,0,003,"GARDEN ST","E HALEY ST",9.00,S,N,A,-,N,,,,,,,,,,N,4,0,1,2,D,-,00,,,N,H,G,A,A,H,-,A,A,0,,Y,,,Y,,-,"- ",0,0,1,0,0,0,1,0,0,"- ","- ",34.419059753417969,-119.69080352783203,"SANTA BARBARA","SANTA BARBARA",-119.69210052490234,34.419994354248047
9512987,2022,2022-11-18,4200,2022-09-28,1042,4344,6,3,5,2,4206,0,0,0,,0,010,"ALAMO PINTADO RD","OLD MISSION DR",0.00,,Y,A,-,N,,,,,,,,,,Y,4,0,1,2,A,-,12,22450,,N,D,C,A,A,H,-,A,D,0,,,,,Y,,A,01,0,0,1,0,0,0,0,0,0,"- ","- ",,,"SANTA BARBARA",SOLVANG,-120.12860107421875,34.599563598632812
9514261,2023,2024-03-01,4202,2023-12-01,2130,80850,4202,5,5,4,4202,0,0,0,,0,,"RT 1","WALNUT ST",0.00,,Y,A,-,Y,SB,5,1,-,-,20.640,I,5,S,Y,4,0,1,2,A,-,22,23123,A,N,D,C,A,A,H,-,C,A,0,,,,,Y,,A,01,0,0,1,0,0,0,0,0,0,"- ","- ",,,"SANTA BARBARA",LOMPOC,-120.45794677734375,34.640636444091797
9515201,2022,2022-12-23,4203,2022-11-10,1756,6110,31,4,5,5,4203,0,0,0,,0,004,"BATH ST","CARRILLOS ST",86.00,S,N,A,-,N,,,,,,,,,,Y,4,0,1,2,A,-,01,23152,A,N,C,C,A,A,H,-,C,A,0,,,,,Y,Y,A,01,0,0,1,0,0,0,0,0,0,"- ","- ",34.418350219726562,-119.70523071289062,"SANTA BARBARA","SANTA BARBARA",-119.70503234863281,34.418163299560547
9515658,2022,2022-11-30,4200,2022-10-10,1632,4444,14,1,5,4,4214,0,0,0,,0,060,"HOLLISTER AV","KELLOGG AV",275.00,E,N,A,-,N,,,,,,,,,,N,3,0,1,2,A,-,11,21950,B,N,G,B,D,A,H,-,A,D,0,Y,,,,Y,,N,60,0,1,0,0,1,0,0,0,0,"- ","- ",,,"SANTA BARBARA",GOLETA,-119.81965637207031,34.435615539550781
9517320,2022,2023-01-04,4203,2022-11-19,0857,26223,11,6,5,5,4203,0,0,0,,0,005,"FAIRVIEW RD","PLACENCIA ST",362.00,N,N,A,-,N,,,,,,,,,,N,4,0,1,2,A,-,08,22107,,N,H,G,A,A,H,-,A,D,0,,Y,,,Y,,L,04,0,0,1,0,0,0,1,0,0,"- ","- ",34.426658630371094,-119.83030700683594,"SANTA BARBARA","SANTA BARBARA",-119.83065795898438,34.427719116210938
9517420,2022,2023-01-31,4203,2022-12-02,2205,26482,40,5,5,5,4203,0,0,0,,0,004,"GUTIERREZ ST","STATE ST",0.00,,Y,C,-,N,,,,,,,,,,,4,0,1,2,A,-,10,21950,A,N,G,B,B,B,H,-,C,A,0,Y,,,,Y,,A,08,0,0,1,0,1,0,0,0,0,"- ","- ",34.413848876953125,-119.68962097167969,"SANTA BARBARA","SANTA BARBARA",-119.69422149658203,34.415874481201172
9518516,2023,2023-03-03,4203,2023-01-20,1055,25912,32,5,5,5,4203,0,0,0,,0,004,"DE LA VINA ST","CARRILLO ST",129.00,N,N,A,-,N,,,,,,,,,,N,4,0,1,2,A,-,09,21804,A,N,C,C,A,A,H,-,A,D,0,,,Y,,Y,,C,03,0,0,1,0,0,0,0,0,1,"- ","- ",34.419658660888672,-119.70452880859375,"SANTA BARBARA","SANTA BARBARA",-119.70446014404297,34.419582366943359
9518741,2023,2023-02-15,4203,2023-01-06,2014,6110,51,5,5,5,4203,0,0,0,,0,005,"FOOTHILL RD","SAN ROQUE RD",0.00,,Y,A,-,N,,,,,,,,,,N,3,0,1,1,A,-,01,23152,B,N,E,I,A,A,H,-,C,A,0,,,Y,,Y,Y,C,02,0,1,0,0,0,0,0,0,1,"- ","- ",34.447879791259766,-119.72792053222656,"SANTA BARBARA","SANTA BARBARA",-119.73325347900391,34.449337005615234
9520342,2022,2023-02-15,4202,2022-07-30,0149,239,LOMPO,6,5,4,4202,0,0,0,,0,,"RT 246","M ST",0.00,,Y,B,-,Y,SB,5,246,-,-,9.200,I,5,W,Y,1,1,0,2,A,-,01,23153,A,N,G,B,B,A,H,-,C,A,0,Y,,,,Y,Y,A,01,0,0,0,1,0,0,0,0,0,"- ","- ",,,"SANTA BARBARA",LOMPOC,-120.46424102783203,34.639087677001953
9520368,2022,2023-02-09,4202,2022-11-25,1749,230,4202,5,5,4,4202,0,0,0,,0,,"RT 144","CENTRAL AV",1102.00,N,N,A,-,Y,SB,5,1,-,-,22.290,H,-,N,Y,1,1,0,2,A,-,08,22107,,N,B,C,A,A,H,-,C,D,0,,,Y,,Y,,A,01,0,0,0,0,0,0,0,1,0,"- ","- ",,,"SANTA BARBARA",LOMPOC,-120.45766448974609,34.663993835449219
9521021,2022,2022-11-01,4203,2022-10-03,1110,24079,56,1,5,5,4203,0,0,0,,0,005,"STATE ST","CALLE REAL",282.00,E,N,A,-,N,,,,,,,,,,Y,4,0,1,2,D,-,00,,,N,A,C,A,A,H,-,A,D,0,,,,,Y,,-,"- ",0,0,1,0,0,0,0,0,0,"- ","- ",34.440498352050781,-119.75411224365234,"SANTA BARBARA","SANTA BARBARA",-119.75325012207031,34.440444946289062
9521111,2022,2022-11-04,4203,2022-09-30,0939,25912,36,5,5,5,4203,0,0,0,,0,005,"STATE ST","CONSTANCE AV",16.00,S,N,B,-,N,,,,,,,,,,,4,0,1,2,A,-,21,22106,,N,C,C,A,A,H,-,A,A,0,,,,,Y,,A,07,0,0,1,0,0,0,0,0,0,"- ","- ",34.436359405517578,-119.72218322753906,"SANTA BARBARA","SANTA BARBARA",-119.72227478027344,34.436393737792969
9523561,2022,2022-11-30,4203,2022-10-12,0800,24076,25,3,5,5,4203,0,0,0,,0,006,"MEIGS RD","RED ROSE WY",0.00,,Y,A,-,N,,,,,,,,,,Y,3,0,2,2,A,-,09,21802,A,N,D,C,A,A,H,-,A,A,0,,,,,Y,,A,07,0,1,1,0,0,0,0,0,0,"- ","- ",34.402400970458984,-119.72100067138672,"SANTA BARBARA","SANTA BARBARA",-119.72168731689453,34.402427673339844
9524336,2022,2022-12-28,4203,2022-11-28,1100,7897,32,1,5,5,4203,0,0,0,,0,004,"W CARRILLO ST","CASTILLO ST",205.00,E,N,A,-,N,,,,,,,,,,N,4,0,1,2,A,-,17,21228,A,N,D,C,A,A,H,-,A,A,0,,,,,Y,,M,94,0,0,1,0,0,0,0,0,0,"- ","- ",34.417320251464844,-119.70638275146484,"SANTA BARBARA","SANTA BARBARA",-119.70590209960938,34.417686462402344
9528029,2022,2022-11-28,4203,2022-10-26,1303,26222,43,3,5,5,4203,0,0,0,,0,003,"GARDEN ST","GUTIERREZ ST",202.00,N,N,A,-,N,,,,,,,,,,N,4,0,1,2,D,-,00,,,N,C,C,A,A,H,-,A,A,0,,,,,Y,,-,"- ",0,0,1,0,0,0,0,0,0,"- ","- ",34.419158935546875,-119.69135284423828,"SANTA BARBARA","SANTA BARBARA",-119.69129180908203,34.41943359375
9528444,2022,2022-11-17,4203,2022-10-17,0908,24079,35,1,5,5,4203,0,0,0,,0,004,"MISSION ST","CASTILLO ST",0.00,,Y,A,-,N,,,,,,,,,,Y,4,0,2,2,A,-,09,21801,A,N,D,C,A,A,H,-,A,A,0,,,,,Y,,A,01,0,0,2,0,0,0,0,0,0,"- ","- ",34.426521301269531,-119.71900939941406,"SANTA BARBARA","SANTA BARBARA",-119.71907806396484,34.426567077636719
9531787,2022,2022-11-21,4203,2022-10-19,0754,26223,48,3,5,5,4203,0,0,0,,0,003,"MISSION ST","ANACAPA ST",0.00,,Y,A,-,N,,,,,,,,,,Y,4,0,2,2,A,-,09,21802,A,N,D,D,A,A,H,-,A,A,0,,,,,Y,,A,07,0,0,2,0,0,0,0,0,0,"- ","- ",34.431911468505859,-119.71347045898438,"SANTA BARBARA","SANTA BARBARA",-119.71354675292969,34.431919097900391
9532862,2022,2023-01-24,4203,2022-11-17,1342,25912,55,4,5,5,4203,0,0,0,,0,005,"LA CUMBRE RD","CALLE REAL",0.00,,Y,A,-,N,,,,,,,,,,Y,4,0,1,3,A,-,08,22107,,N,D,C,A,A,H,-,A,A,0,,,,,Y,,A,01,0,0,1,0,0,0,0,0,0,"- ","- ",34.437309265136719,-119.75110626220703,"SANTA BARBARA","SANTA BARBARA",-119.75102996826172,34.437229156494141
9532925,2022,2022-12-12,4203,2022-11-12,1942,6535,12,6,5,5,4203,0,0,0,,0,002,"E YANONALI ST","GARDEN ST",700.00,E,N,A,-,N,,,,,,,,,,N,3,0,1,2,A,-,11,21954,A,N,G,B,E,A,H,-,C,D,0,Y,,,,Y,Y,N,60,0,1,0,0,1,0,0,0,0,"- ","- ",34.415191650390625,-119.68389129638672,"SANTA BARBARA","SANTA BARBARA",-119.68671417236328,34.418449401855469
9533272,2023,2023-02-17,4203,2023-01-01,"923 ",24802,47,7,5,5,4203,0,0,0,,0,003,"ANACAPA ST","VALERIO ST",0.00,,Y,A,-,N,,,,,,,,,,N,4,0,1,2,A,-,12,22450,A,N,D,C,A,A,H,-,A,A,0,,,,,Y,,A,01,0,0,1,0,0,0,0,0,0,"- ","- ",34.429119110107422,-119.70970153808594,"SANTA BARBARA","SANTA BARBARA",-119.709716796875,34.429103851318359
9534734,2022,2023-02-01,4200,2022-12-02,1314,3077,14,5,5,4,4214,0,0,0,,0,060,"HOLLISTER AV","MENTOR DR",33.00,E,N,C,-,N,,,,,,,,,,Y,4,0,1,2,A,-,03,22350,,F,C,C,A,B,H,-,A,D,0,,,,,Y,,-,99,0,0,1,0,0,0,0,0,0,"- ","- ",34.4351806640625,-119.81214904785156,"SANTA BARBARA",GOLETA,-119.81218719482422,34.435024261474609
9535190,2023,2023-02-15,4200,2023-01-20,1919,5595,14,5,5,4,4214,0,0,0,,0,060,"STORKE RD","MARKET PLACE DR",0.00,,Y,A,-,N,,,,,,,,,,N,4,0,1,2,A,-,09,21801,,N,D,C,A,A,H,-,C,A,0,,,,,Y,,A,07,0,0,1,0,0,0,0,0,0,"- ","- ",,,"SANTA BARBARA",GOLETA,-119.86978149414062,34.428661346435547
9535191,2023,2023-02-22,4200,2023-01-18,1811,3077,14,3,5,4,4214,0,0,0,,0,060,"HOLLISTER AV","PINE AV",0.00,,Y,A,-,N,,,,,,,,,,Y,4,0,2,2,A,-,12,21453,A,N,D,C,A,A,H,-,C,A,0,,,,,Y,,A,01,0,0,2,0,0,0,0,0,0,"- ","- ",,,"SANTA BARBARA",GOLETA,-119.82666015625,34.435855865478516
9537749,2022,2023-01-24,4200,2022-11-29,0913,3077,14,2,5,4,4214,0,0,0,,0,080,"STORKE RD","SANTA FELICIA DR",0.00,,Y,A,-,N,,,,,,,,,,Y,3,0,1,2,A,-,09,21802,A,N,D,C,A,A,H,-,A,A,0,,,,Y,Y,,G,27,0,1,0,0,0,0,0,0,0,"- ","- ",34.426670074462891,-119.86975860595703,"SANTA BARBARA",GOLETA,-119.86969757080078,34.426692962646484
9537821,2022,2023-01-11,4200,2022-12-09,0827,3475,14,5,5,4,4214,0,0,0,,0,050,"HOLLISTER AV","PINE AV",0.00,,Y,A,-,N,,,,,,,,,,N,3,0,1,2,A,-,10,21950,A,F,G,B,B,A,H,-,A,A,0,Y,,,,Y,,A,01,0,1,0,0,1,0,0,0,0,"- ","- ",,,"SANTA BARBARA",GOLETA,-119.82666015625,34.435855865478516
9538108,2022,2023-01-26,4200,2022-11-18,1554,3475,14,5,5,4,4214,0,0,0,,0,050,"CALLE REAL","FAIRVIEW AV",0.00,,Y,A,-,N,,,,,,,,,,Y,3,0,1,2,A,-,12,21453,A,F,D,C,A,A,H,-,A,A,0,,,,,Y,,A,01,0,1,0,0,0,0,0,0,0,"- ","- ",,,"SANTA BARBARA",GOLETA,-119.83064270019531,34.441650390625
9538984,2022,2023-01-23,4203,2022-12-10,1137,24582,32,6,5,5,4203,0,0,0,,0,004,"CARRILLO ST","CASTILLO ST",0.00,,Y,C,-,N,,,,,,,,,,Y,4,0,1,2,A,-,12,21453,A,N,D,C,A,B,H,-,A,A,0,,,,,Y,,A,07,0,0,1,0,0,0,0,0,0,"- ","- ",34.417320251464844,-119.70638275146484,"SANTA BARBARA","SANTA BARBARA",-119.70635223388672,34.417259216308594
9539291,2022,2023-01-27,4203,2022-12-29,2111,26178,33,4,5,5,4203,0,0,0,,0,004,"DE LA VINE ST","W MICHELTORENA ST",161.00,S,N,C,-,N,,,,,,,,,,Y,3,0,1,2,A,-,01,23152,B,N,B,E,A,B,H,-,C,A,0,,,,,Y,Y,A,01,0,1,0,0,0,0,0,0,0,"- ","- ",34.420490264892578,-119.71064758300781,"SANTA BARBARA","SANTA BARBARA",-119.71016693115234,34.423755645751953