CASE_ID,ACCIDENT_YEAR,PROC_DATE,JURIS,COLLISION_DATE,COLLISION_TIME,OFFICER_ID,REPORTING_DISTRICT,DAY_OF_WEEK,CHP_SHIFT,POPULATION,CNTY_CITY_LOC,SPECIAL_COND,BEAT_TYPE,CHP_BEAT_TYPE,CITY_DIVISION_LAPD,CHP_BEAT_CLASS,BEAT_NUMBER,PRIMARY_RD,SECONDARY_RD,DISTANCE,DIRECTION,INTERSECTION,WEATHER_1,WEATHER_2,STATE_HWY_IND,CALTRANS_COUNTY,CALTRANS_DISTRICT,STATE_ROUTE,ROUTE_SUFFIX,POSTMILE_PREFIX,POSTMILE,LOCATION_TYPE,RAMP_INTERSECTION,SIDE_OF_HWY,TOW_AWAY,COLLISION_SEVERITY,NUMBER_KILLED,NUMBER_INJURED,PARTY_COUNT,PRIMARY_COLL_FACTOR,PCF_CODE_OF_VIOL,PCF_VIOL_CATEGORY,PCF_VIOLATION,PCF_VIOL_SUBSECTION,HIT_AND_RUN,TYPE_OF_COLLISION,MVIW,PED_ACTION,ROAD_SURFACE,ROAD_COND_1,ROAD_COND_2,LIGHTING,CONTROL_DEVICE,CHP_ROAD_TYPE,PEDESTRIAN_ACCIDENT,BICYCLE_ACCIDENT,MOTORCYCLE_ACCIDENT,TRUCK_ACCIDENT,NOT_PRIVATE_PROPERTY,ALCOHOL_INVOLVED,STWD_VEHTYPE_AT_FAULT,CHP_VEHTYPE_AT_FAULT,COUNT_SEVERE_INJ,COUNT_VISIBLE_INJ,COUNT_COMPLAINT_PAIN,COUNT_PED_KILLED,COUNT_PED_INJURED,COUNT_BICYCLIST_KILLED,COUNT_BICYCLIST_INJURED,COUNT_MC_KILLED,COUNT_MC_INJURED,PRIMARY_RAMP,SECONDARY_RAMP,LATITUDE,LONGITUDE,COUNTY,CITY,POINT_X,POINT_Y
9795403,2025,2025-03-28,4203,2025-02-17,2009,25595,33,1,5,5,4203,0,0,0,,0,004,"BATH ST","MICHAELTORENA ST",0.00,,Y,A,-,N,,,,,,,,,,N,3,0,1,2,A,-,10,21950,A,F,G,B,B,A,H,-,C,A,0,Y,,,,Y,,A,08,0,1,0,0,1,0,0,0,0,"- ","- ",34.421218872070312,-119.70693969726562,"SANTA BARBARA","SANTA BARBARA",-119.71163940429688,34.423019409179688
9795404,2025,2025-03-28,4203,2025-02-24,1605,27560,55,1,5,5,4203,0,0,0,,0,005,"LA CUMBRE RD","CALLE REAL",0.00,,Y,A,-,N,,,,,,,,,,N,3,0,3,2,A,-,09,21801,A,N,D,C,A,A,H,-,A,A,0,,,,,Y,,A,01,0,2,1,0,0,0,0,0,0,"- ","- ",33.437221527099609,-119.75106048583984,"SANTA BARBARA","SANTA BARBARA",-119.75102996826172,34.437229156494141
9795784,2024,2025-03-25,4203,2024-12-30,"449 ",23094,80,1,5,5,4203,0,0,0,,0,005,"S FAIRVIEW AV","JAMES POWER RD",731.00,N,N,E,-,N,,,,,,,,,,Y,3,0,1,1,A,-,08,22107,,N,F,A,A,B,H,-,C,D,0,,,,,Y,,A,08,0,1,0,0,0,0,0,0,0,"- ","- ",34.431800842285156,-119.83059692382812,"SANTA BARBARA","SANTA BARBARA",,
9796063,2025,2025-03-26,4203,2025-02-26,2338,24837,80,3,5,5,4203,0,0,0,,0,005,"HOLLISTER AV","AERO CAMINO",525.00,W,N,A,-,N,,,,,,,,,,N,3,0,1,1,A,-,03,22350,,N,E,I,A,A,H,-,C,A,0,,,,,Y,,A,01,0,1,0,0,0,0,0,0,0,"- ","- ",34.431549072265625,-118.84336853027344,"SANTA BARBARA","SANTA BARBARA",-119.85009765625,34.431098937988281
9796064,2025,2025-03-26,4203,2025-02-21,1942,27209,38,5,5,5,4203,0,0,0,,0,005,"STATE ST","ALAMAR AV",200.00,S,N,A,-,N,,,,,,,,,,N,3,0,1,2,A,-,08,22107,,N,B,G,A,A,H,-,D,A,0,,Y,,,Y,,A,07,0,1,0,0,0,0,1,0,0,"- ","- ",,,"SANTA BARBARA","SANTA BARBARA",-119.72433471679688,34.438129425048828
9796977,2025,2025-04-10,4203,2025-03-28,1220,24431,33,5,5,5,4203,0,0,0,,0,004,"DE LA VINA ST","ARRELLAGA ST",271.00,S,N,A,-,N,,,,,,,,,,N,3,0,1,2,A,-,08,22107,,N,C,E,A,A,H,-,A,D,0,,,,,Y,,A,01,0,1,0,0,0,0,0,0,0,"- ","- ",34.424461364746094,-119.71109008789062,"SANTA BARBARA","SANTA BARBARA",-119.71118927001953,34.424503326416016
9796984,2025,2025-04-10,4203,2025-03-07,"255 ",25327,57,5,5,5,4203,0,0,0,,0,005,"NORTH ONTARE RD","FOOTHILL RD",0.00,,Y,A,-,N,,,,,,,,,,Y,4,0,1,1,A,-,01,23152,A,N,E,J,A,A,H,-,D,A,0,,,,,Y,Y,A,01,0,0,1,0,0,0,0,0,0,"- ","- ",34.450630187988281,-119.73792266845703,"SANTA BARBARA","SANTA BARBARA",-119.73794555664062,34.450504302978516
9797438,2025,2025-04-22,4203,2025-03-13,1529,24582,46,4,5,5,4203,0,0,0,,0,003,"SOLA ST","LAGUNA ST",20.00,E,N,A,-,N,,,,,,,,,,N,4,0,3,2,A,-,"- ",,,N,B,C,A,A,H,-,A,D,0,,,,,Y,,J,43,0,0,3,0,0,0,0,0,0,"- ","- ",34.429378509521484,-119.70246887207031,"SANTA BARBARA","SANTA BARBARA",-119.70242309570312,34.429542541503906
9799789,2025,2025-04-07,4202,2025-03-23,1041,8101,4202,7,5,4,4202,0,0,0,,0,,"A ST","CHESTNUT AV",0.00,,Y,A,-,N,,,,,,,,,,N,4,0,1,2,A,-,09,21802,,N,D,D,A,A,H,-,A,D,0,,,,,Y,,A,01,0,0,1,0,0,0,0,0,0,"- ","- ",,,"SANTA BARBARA",LOMPOC,-120.44898223876953,34.64215087890625
9800562,2025,2025-04-17,4203,2025-03-15,2329,23781,43,6,5,5,4203,0,0,0,,0,003,"GARDEN ST","E GUTIERREZ ST",100.00,S,N,A,-,Y,SB,5,101,-,-,13.611,R,4,N,Y,3,0,2,2,A,-,01,23152,A,N,D,D,A,A,H,-,D,A,0,,,,,Y,Y,A,07,0,2,0,0,0,0,0,0,0,"- ","- ",34.418590545654297,-119.69011688232422,"SANTA BARBARA","SANTA BARBARA",-119.69120025634766,34.417072296142578
9800771,2025,2025-05-16,4202,2025-04-01,2024,80940,LOMPO,2,5,4,4202,0,0,0,,0,,"OCEAN AV","7TH ST",60.00,E,N,C,-,Y,SB,5,1,-,-,19.530,I,5,S,N,3,0,1,1,A,-,03,22350,A,N,E,I,A,B,H,-,C,D,0,,,Y,,Y,,C,02,0,1,0,0,0,0,0,0,1,"- ","- ",,,"SANTA BARBARA",LOMPOC,-120.44031524658203,34.638889312744141
9800810,2025,2025-05-21,4200,2025-04-23,2001,5747,,3,5,2,4206,0,0,0,,0,,"MISSION DR","5TH ST",0.00,,Y,A,-,Y,SB,5,246,-,-,29.240,I,5,E,N,3,0,1,2,A,-,10,21950,A,N,G,B,B,A,H,-,C,A,0,Y,,Y,,Y,,-,"- ",0,1,0,0,1,0,0,0,0,"- ","- ",,,"SANTA BARBARA",SOLVANG,-120.14522552490234,34.596042633056641
9800976,2024,2025-04-11,4203,2024-10-28,1608,25974,31,1,5,5,4203,0,0,0,,0,004,"CARRILLO ST","CASTILLO ST",36.00,W,N,A,-,N,,,,,,,,,,N,3,0,1,2,A,-,03,22350,,N,D,G,A,A,H,-,A,D,0,,Y,,,Y,,L,04,0,1,0,0,0,0,1,0,0,"- ","- ",34.417320251464844,-119.70638275146484,"SANTA BARBARA","SANTA BARBARA",-119.70643615722656,34.417190551757812
9801859,2025,2025-04-17,4200,2025-03-10,2318,5469,14,1,5,4,4214,0,0,0,,0,080,"STORKE RD","MARKET PLACE DR",0.00,,Y,A,-,N,,,,,,,,,,Y,3,0,4,2,A,-,09,21801,A,N,D,C,A,A,H,-,C,A,0,,,,,Y,,A,01,0,4,0,0,0,0,0,0,0,"- ","- ",,,"SANTA BARBARA",GOLETA,-119.86978149414062,34.428661346435547
9803292,2025,2025-04-25,4203,2025-04-02,2017,25527,26,3,5,5,4203,0,0,0,,0,006,"LAS POSITAS RD","PORTESUELLO AV",22.00,S,N,A,-,N,,,,,,,,,,N,4,0,1,2,A,-,01,23152,A,N,C,C,A,A,H,-,C,A,0,,,,,Y,Y,A,01,0,0,1,0,0,0,0,0,0,"- ","- ",34.4180908203125,-119.74124908447266,"SANTA BARBARA","SANTA BARBARA",-119.74122619628906,34.418067932128906
9804034,2024,2025-04-28,4203,2024-12-20,1333,26909,12,5,5,5,4203,0,0,0,,0,002,"CABRILLO BL","CALLE CESAR CHAVEZ",360.00,W,N,A,-,N,,,,,,,,,,N,3,0,1,2,D,-,00,,,F,G,B,E,A,H,-,A,A,0,Y,Y,,,Y,,-,"- ",0,1,0,0,1,0,0,0,0,"- ","- ",34.415351867675781,-119.68061065673828,"SANTA BARBARA","SANTA BARBARA",-119.68154144287109,34.415241241455078
9804457,2025,2025-05-08,4203,2025-04-07,1256,6378,38,1,5,5,4203,0,0,0,,0,005,"STATE ST","W CALLE LAURELES",117.00,S,N,A,-,N,,,,,,,,,,N,4,0,1,2,A,-,09,21801,A,N,D,C,A,A,D,-,A,D,0,,,,,Y,,A,01,0,0,1,0,0,0,0,0,0,"- ","- ",34.440288543701172,-119.72776031494141,"SANTA BARBARA","SANTA BARBARA",-119.7281494140625,34.44036865234375
9804458,2025,2025-05-08,4203,2025-04-01,"909 ",24802,6,2,5,5,4203,0,0,0,,0,006,"CLIFF DR","OCEANO AV",381.00,S,N,A,-,N,,,,,,,,,,Y,3,0,1,2,A,-,09,21801,A,N,D,C,A,A,H,-,A,A,0,,,,,Y,,A,07,0,1,0,0,0,0,0,0,0,"- ","- ",34.404369354248047,-119.70568084716797,"SANTA BARBARA","SANTA BARBARA",-119.70654296875,34.403652191162109
9804668,2025,2025-05-12,4203,2025-04-07,1538,24079,62,1,5,5,4203,0,0,0,,0,001,"MILPAS ST","GUTIERREZ ST",0.00,,Y,A,-,N,,,,,,,,,,N,3,0,1,2,A,-,12,21453,A,N,D,C,A,A,H,-,A,A,0,,,,,Y,,D,22,0,1,0,0,0,0,0,0,0,"- ","- ",34.425411224365234,-119.68406677246094,"SANTA BARBARA","SANTA BARBARA",-119.68405914306641,34.425388336181641
9804998,2024,2025-04-30,4203,2024-11-15,1437,7897,28,5,5,5,4203,0,0,0,,0,006,"MODOC RD","LAS POSITAS RD",135.00,W,N,A,-,N,,,,,,,,,,N,3,0,1,1,C,-,18,,,N,F,A,A,A,H,-,A,A,0,,,,,Y,,-,"- ",0,1,0,0,0,0,0,0,0,"- ","- ",34.424648284912109,-119.73024749755859,"SANTA BARBARA","SANTA BARBARA",-119.73515319824219,34.426334381103516
9805001,2024,2025-04-30,4203,2024-11-19,1745,6378,48,2,5,5,4203,0,0,0,,0,001,"LASUEN RD","ALAMEDA PADRE SERRA",23.00,E,N,A,-,N,,,,,,,,,,N,4,0,1,1,A,-,08,22107,,N,E,I,A,A,H,-,C,D,0,,,Y,,Y,,C,02,0,0,1,0,0,0,0,0,1,"- ","- ",34.438251495361328,-119.70594787597656,"SANTA BARBARA","SANTA BARBARA",-119.70592498779297,34.438201904296875
9805002,2024,2025-04-30,4203,2024-11-23,"939 ",24582,14,6,5,5,4203,0,0,0,,0,002,"W MONTECITO ST","BATH ST",445.00,E,N,C,-,N,,,,,,,,,,N,2,0,1,1,C,-,18,,,N,F,A,A,B,H,-,A,D,0,,Y,,,Y,,-,"- ",1,0,0,0,0,0,1,0,0,"- ","- ",34.411701202392578,-119.69632720947266,"SANTA BARBARA","SANTA BARBARA",-119.69535064697266,34.412681579589844
9807021,2025,2025-05-28,4200,2025-04-27,2039,5751,14,7,5,4,4214,0,0,0,,0,060,"HOLLISTER AV","LOS CARNEROS RD",0.00,,Y,B,G,N,,,,,,,,,,Y,3,0,2,3,A,-,01,23152,,N,C,C,A,A,H,-,C,A,0,,,,,Y,Y,A,07,0,2,0,0,0,0,0,0,0,"- ","- ",,,"SANTA BARBARA",GOLETA,-119.85974884033203,34.430416107177734
9809933,2025,2025-05-22,4203,2025-04-15,2229,27541,14,2,5,5,4203,0,0,0,,0,002,"W MONTECITO ST","RANCHERIA ST",31.00,E,N,A,-,N,,,,,,,,,,Y,3,0,1,1,A,-,08,22107,,N,E,I,A,A,H,-,C,A,0,,,,,Y,,A,01,0,1,0,0,0,0,0,0,0,"- ","- ",34.407688140869141,-119.69412231445312,"SANTA BARBARA","SANTA BARBARA",-119.698486328125,34.409725189208984
9811248,2025,2025-07-24,4202,2025-05-29,1737,81060,4202,4,5,4,4202,0,0,0,,0,,"H ST","MAPLE AV",238.00,S,N,A,-,Y,SB,5,1,-,-,20.920,H,-,S,N,4,0,1,2,A,-,09,21804,A,N,D,C,A,A,H,-,A,D,0,,,,,Y,,D,22,0,0,1,0,0,0,0,0,0,"- ","- ",,,"SANTA BARBARA",LOMPOC,-120.45790100097656,34.644706726074219
9812932,2025,2025-11-26,4202,2025-10-06,1427,234,4202,1,5,4,4202,0,0,0,,0,,"H ST","BARTON AV",15.00,S,N,A,-,Y,SB,5,1,-,-,21.800,H,-,N,N,4,0,1,2,A,-,04,21703,,N,C,C,A,A,H,-,A,D,0,,,,,Y,,A,01,0,0,1,0,0,0,0,0,0,"- ","- ",,,"SANTA BARBARA",LOMPOC,-120.45755004882812,34.656986236572266
9816678,2025,2025-06-17,4202,2025-04-11,2037,80926,,5,5,4,4202,0,0,0,,0,,"W COLLEGE AV","N O ST",0.00,,Y,A,-,N,,,,,,,,,,N,4,0,1,2,D,-,00,,,N,D,C,A,A,-,-,B,A,0,,,,,Y,,-,"- ",0,0,1,0,0,0,0,0,0,"- ","- ",,,"SANTA BARBARA",LOMPOC,-120.46669006347656,34.647102355957031
9816800,2025,2025-06-20,4203,2025-05-13,"830 ",24079,24,2,5,5,4203,0,0,0,,0,006,"MODOC RD","OAK AV",175.00,W,N,A,-,N,,,,,,,,,,N,3,0,1,2,A,-,09,21804,A,N,H,G,A,A,H,-,A,D,0,,Y,,,Y,,A,01,0,1,0,0,0,0,1,0,0,"- ","- ",34.424339294433594,-119.72283935546875,"SANTA BARBARA","SANTA BARBARA",-119.72336578369141,34.424571990966797
9817078,2025,2025-06-12,4202,2025-05-01,2219,81042,4202,4,5,4,4202,0,0,0,,0,,"OCEAN AV","H ST",0.00,,Y,A,-,Y,SB,5,1,-,-,20.565,I,6,N,Y,4,0,3,2,A,-,03,22350,,N,C,C,A,A,H,-,C,A,0,,,,,Y,,A,01,0,0,3,0,0,0,0,0,0,"- ","- ",,,"SANTA BARBARA",LOMPOC,-120.4578857421875,34.638996124267578
9817790,2025,2025-06-16,4200,2025-05-19,1206,5829,10,1,5,3,4205,0,0,0,,0,040,"9TH ST","LINDEN AV",0.00,,Y,A,-,N,,,,,,,,,,N,2,0,2,3,A,-,10,21950,A,N,G,B,B,A,H,-,A,D,0,Y,,,,Y,,D,22,1,1,0,0,2,0,0,0,0,"- ","- ",,,"SANTA BARBARA",CARPINTERIA,-119.51914215087891,34.398307800292969
9817949,2025,2025-06-12,4202,2025-04-14,1444,81112,LOMPO,1,5,4,4202,0,0,0,,0,,"HARRIS GRADE RD","GARDENGATE LN",0.00,,Y,A,-,N,,,,,,,,,,N,4,0,1,2,A,-,09,21801,,N,D,C,A,A,H,-,A,D,0,,,,,Y,,A,01,0,0,1,0,0,0,0,0,0,"- ","- ",,,"SANTA BARBARA",LOMPOC,-120.45452117919922,34.680366516113281
9818107,2025,2025-08-25,4203,2025-07-13,"209 ",27211,41,7,5,5,4203,0,0,0,,0,004,"W ORTEGA ST","CHAPALA ST",15.00,W,N,A,-,N,,,,,,,,,,Y,4,0,1,2,A,-,01,23152,A,F,B,C,A,A,H,-,C,A,0,,,,,Y,Y,A,07,0,0,1,0,0,0,0,0,0,"- ","- ",34.415668487548828,-119.69457244873047,"SANTA BARBARA","SANTA BARBARA",-119.69921112060547,34.417598724365234
9818206,2025,2025-08-25,4200,2025-07-02,1514,5341,10,3,5,3,4205,0,0,0,,0,030,"CASITAS PASS RD","VIA REAL",45.00,S,N,A,-,N,,,,,,,,,,N,4,0,1,3,A,-,03,22350,,N,C,C,A,A,H,-,A,A,0,,,,,Y,,D,22,0,0,1,0,0,0,0,0,0,"- ","- ",,,"SANTA BARBARA",CARPINTERIA,-119.51127624511719,34.396957397460938
9818207,2025,2025-08-25,4203,2025-07-14,1232,26908,,1,5,5,4203,0,0,0,,0,,"FOOTHILL RD","ALAMAR AV",474.00,W,N,A,-,N,,,,,,,,,,Y,3,0,2,3,A,-,21,22106,,N,D,E,A,A,H,-,A,D,0,,,,,Y,,D,22,0,2,0,0,0,0,0,0,0,"- ","- ",34.445999145507812,-119.7239990234375,"SANTA BARBARA","SANTA BARBARA",-119.72615051269531,34.447280883789062
9819059,2025,2025-08-01,4200,2025-05-26,1436,5107,14,1,5,4,4214,0,0,0,,0,050,"FAIRVIEW AV","RT 101",0.00,,Y,A,-,Y,SB,5,101,-,-,22.710,R,1,S,N,3,0,2,2,A,-,09,21453,B,N,H,G,A,A,H,-,A,A,0,,Y,,,Y,,A,01,0,2,0,0,0,0,2,0,0,"- ",SF,,,"SANTA BARBARA",GOLETA,-119.83551025390625,34.439178466796875
9819594,2025,2025-08-25,4203,2025-07-18,1816,24431,16,5,5,5,4203,0,0,0,,0,006,"MEIGS RD","CLIFF DR",114.00,N,N,A,-,N,,,,,,,,,,N,4,0,1,2,A,-,08,22107,,F,B,C,A,A,H,-,A,D,0,,,,,Y,,A,01,0,0,1,0,0,0,0,0,0,"- ","- ",34.401931762695312,-119.72193145751953,"SANTA BARBARA","SANTA BARBARA",-119.72190093994141,34.402015686035156
9820367,2025,2025-08-01,4203,2025-01-31,1251,24582,51,5,5,5,4203,0,0,0,,0,005,"ALAMAR AV","CALLE NOGUERA",0.00,,Y,A,-,N,,,,,,,,,,Y,4,0,3,2,A,-,09,21802,A,N,D,C,A,A,H,-,A,A,0,,,,,Y,,A,01,0,0,3,0,0,0,0,0,0,"- ","- ",34.442920684814453,-119.7247314453125,"SANTA BARBARA","SANTA BARBARA",-119.7247314453125,34.442935943603516
9820495,2025,2025-10-02,4203,2025-09-03,1809,27681,48,3,5,5,4203,0,0,0,,0,003,"GARDEN ST","PEDREGOSA ST",0.00,,Y,A,-,N,,,,,,,,,,N,3,0,1,2,A,-,12,22450,,N,H,G,A,A,H,-,A,A,0,,Y,,,Y,,L,04,0,1,0,0,0,0,1,0,0,"- ","- ",34.431308746337891,-119.70506286621094,"SANTA BARBARA","SANTA BARBARA",-119.71002960205078,34.433090209960938
9821038,2025,2025-10-07,4203,2025-07-02,1021,24431,14,3,5,5,4203,0,0,0,,0,002,"CASTILLO ST","HALEY ST",300.00,S,N,A,-,N,,,,,,,,,,N,4,0,1,3,A,-,03,22350,,F,C,C,A,A,H,-,A,A,0,,,,,Y,,A,01,0,0,1,0,0,0,0,0,0,"- ","- ",34.412109375,-119.69918060302734,"SANTA BARBARA","SANTA BARBARA",-119.70069885253906,34.413127899169922
9821039,2025,2025-10-06,4203,2025-07-03,1642,24431,12,4,5,5,4203,0,0,0,,0,002,"ANACAPA ST","E MASON ST",92.00,S,N,A,-,N,,,,,,,,,,N,3,0,3,3,A,-,21,22106,,N,B,C,A,A,H,-,A,D,0,,,,,Y,,A,01,0,2,1,0,0,0,0,0,0,"- ","- ",34.413898468017578,-119.68901062011719,"SANTA BARBARA","SANTA BARBARA",-119.68901824951172,34.414028167724609
9822527,2025,2025-09-08,4200,2025-07-28,1140,5749,14,1,5,4,4214,0,0,0,,0,060,"HOLLISTER AV","WARD DR",22.00,N,N,A,-,N,,,,,,,,,,N,2,0,1,2,A,-,08,22107,,N,D,G,A,A,D,-,A,A,0,,Y,,,Y,,D,22,1,0,0,0,0,0,1,0,0,"- ","- ",,,"SANTA BARBARA",GOLETA,-119.81684875488281,34.435211181640625
9822753,2025,2025-09-16,4203,2025-08-18,1613,27851,31,1,5,5,4203,0,0,0,,0,004,"CASTILLO ST","CANON PERDIDO ST",0.00,,Y,A,-,N,,,,,,,,,,N,3,0,1,2,A,-,12,22450,,N,H,G,A,A,H,-,A,A,0,,Y,,,Y,,L,04,0,1,0,0,0,0,1,0,0,"- ","- ",34.414451599121094,-119.70050811767578,"SANTA BARBARA","SANTA BARBARA",-119.70507049560547,34.416305541992188
9823669,2025,2025-09-25,4202,2025-09-02,1552,80738,4202,2,5,4,4202,0,0,0,,0,,"PINE AV","2ND ST",0.00,,N,A,-,N,,,,,,,,,,N,4,0,1,2,A,-,09,21802,A,N,A,C,A,A,H,-,A,A,0,,,,,Y,,A,01,0,0,1,0,0,0,0,0,0,"- ","- ",,,"SANTA BARBARA",LOMPOC,-120.44635772705078,34.650100708007812
9823670,2025,2025-09-26,4202,2025-08-26,"551 ",80777,4202,2,5,4,4202,0,0,0,,0,,"A ST","PINE AV",20.00,N,N,A,-,N,,,,,,,,,,Y,2,0,2,2,A,-,12,22450,A,N,D,C,A,A,H,-,B,D,0,,,,,Y,,D,22,1,0,1,0,0,0,0,0,0,"- ","- ",,,"SANTA BARBARA",LOMPOC,-120.44889068603516,34.650173187255859
9823736,2025,2025-09-08,4203,2025-08-15,1619,24431,52,5,5,5,4203,0,0,0,,0,005,"STATE ST","TOYON DR",155.00,W,N,A,-,N,,,,,,,,,,N,4,0,1,2,A,-,08,22107,,N,H,G,A,A,H,-,A,D,0,,Y,,,Y,,A,07,0,0,1,0,0,0,1,0,0,"- ","- ",34.440338134765625,-119.73873901367188,"SANTA BARBARA","SANTA BARBARA",-119.73859405517578,34.440399169921875
9823737,2025,2025-09-08,4203,2025-08-15,1455,24431,55,5,5,5,4203,0,0,0,,0,005,"S LA CUMBRE RD","LA CUMBRE PLAZA LN",128.00,S,N,A,-,N,,,,,,,,,,N,4,0,1,2,A,-,09,21804,A,N,D,C,A,A,H,-,A,D,0,,,,,Y,,A,07,0,0,1,0,0,0,0,0,0,"- ","- ",34.438419342041016,-119.75057983398438,"SANTA BARBARA","SANTA BARBARA",-119.75066375732422,34.438510894775391
9823740,2025,2025-09-08,4203,2025-08-09,1616,25527,22,6,5,5,4203,0,0,0,,0,006,"W MICHELTORENA ST","SAN ANDRES ST",63.00,E,N,A,-,N,,,,,,,,,,N,3,0,1,2,A,-,08,22107,,N,H,G,A,A,H,-,A,D,0,,Y,,,Y,,A,07,0,1,0,0,0,0,1,0,0,"- ","- ",34.417068481445312,-119.71150207519531,"SANTA BARBARA","SANTA BARBARA",-119.71604156494141,34.418907165527344
9824030,2025,2025-09-25,4203,2025-08-29,1754,26414,80,5,5,5,4203,0,0,0,,0,011,"WILLIAM MOFFETT PL","JAMES FOWLER RD N",1175.00,S,N,A,-,N,,,,,,,,,,Y,3,0,3,1,A,-,08,22107,,N,E,I,A,A,H,-,A,A,0,,,,,Y,,A,01,0,3,0,0,0,0,0,0,0,"- ","- ",34.425651550292969,-119.83550262451172,"SANTA BARBARA","SANTA BARBARA",,
9824672,2025,2025-09-26,4203,2025-08-02,1102,24431,12,6,5,5,4203,0,0,0,,0,002,"GARDEN ST","RT 101",0.00,,Y,A,-,Y,SB,5,101,-,-,13.620,R,4,S,Y,3,0,1,2,A,-,12,21453,A,N,A,C,A,A,H,-,A,A,0,,,,,Y,,D,22,0,1,0,0,0,0,0,0,0,"- ","- ",34.417999267578125,-119.68950653076172,"SANTA BARBARA","SANTA BARBARA",-119.69113922119141,34.416862487792969
9825018,2025,2025-10-08,4203,2025-09-01,2125,25974,43,1,5,5,4203,0,0,0,,0,003,"E HALEY ST","LAGUNA ST",9.00,W,N,A,-,N,,,,,,,,,,,3,0,1,2,A,-,08,22100,B,N,B,C,A,A,H,-,C,A,0,,,,,Y,Y,A,01,0,1,0,0,0,0,0,0,0,"- ","- ",34.421051025390625,-119.69100952148438,"SANTA BARBARA","SANTA BARBARA",-119.69101715087891,34.421039581298828
9825443,2025,2025-09-04,4203,2025-08-16,1426,27408,31,6,5,5,4203,0,0,0,,0,004,"ORTEGA ST","BATH ST",0.00,,Y,A,-,N,,,,,,,,,,N,3,0,2,2,A,-,12,22450,,N,H,G,A,A,H,-,A,A,0,,Y,,,Y,,L,04,0,2,0,0,0,0,2,0,0,"- ","- ",34.415500640869141,-119.70144653320312,"SANTA BARBARA","SANTA BARBARA",-119.70137786865234,34.415523529052734
9825450,2025,2025-09-04,4203,2025-08-22,1110,24431,35,5,5,5,4203,0,0,0,,0,004,"MISSION ST","CASTILLO ST",0.00,,Y,A,-,N,,,,,,,,,,N,4,0,1,2,A,-,09,21801,A,N,D,C,A,A,H,-,A,A,0,,,,,Y,,A,01,0,0,1,0,0,0,0,0,0,"- ","- ",34.426521301269531,-119.71900939941406,"SANTA BARBARA","SANTA BARBARA",-119.71907806396484,34.426567077636719
9826105,2024,2025-06-18,4203,2024-11-07,1843,27324,33,4,5,5,4203,0,0,0,,0,004,"W SOLA ST","CASTILLO ST",11.00,E,N,A,-,N,,,,,,,,,,N,4,0,1,2,A,-,09,21802,A,N,H,G,A,A,H,-,B,A,0,,Y,,,Y,,A,07,0,0,1,0,0,0,1,0,0,"- ","- ",34.421009063720703,-119.71154022216797,"SANTA BARBARA","SANTA BARBARA",-119.71147918701172,34.421043395996094
9826111,2024,2025-06-18,4203,2024-11-03,1620,26178,56,7,5,5,4203,0,0,0,,0,005,"STATE ST","HITCHCOCK WY",137.00,W,N,A,-,N,,,,,,,,,,N,3,0,1,2,A,-,03,22350,,N,H,G,A,A,H,-,A,A,0,,Y,,,Y,,M,91,0,1,0,0,0,0,1,0,0,"- ","- ",34.439151763916016,-119.73932647705078,"SANTA BARBARA","SANTA BARBARA",-119.74490356445312,34.440391540527344
9826381,2025,2025-06-23,4203,2025-01-31,2120,24837,44,5,5,5,4203,0,0,0,,0,003,"SANTA BARBARA ST","COTA ST",0.00,,Y,A,-,N,,,,,,,,,,N,4,0,1,2,A,-,11,21453,D,N,G,B,B,A,H,-,C,A,0,Y,,,,Y,,N,60,0,0,1,0,1,0,0,0,0,"- ","- ",34.418998718261719,-119.69400024414062,"SANTA BARBARA","SANTA BARBARA",-119.69450378417969,34.419887542724609
9826933,2025,2025-07-21,4202,2025-06-06,"936 ",,4202,5,5,4,4202,0,0,0,,0,,"PINE AV","T ST",73.00,W,N,A,-,N,,,,,,,,,,N,4,0,2,2,A,-,09,21804,,N,C,C,A,A,H,-,A,D,0,,,,,Y,,A,01,0,0,2,0,0,0,0,0,0,"- ","- ",,,"SANTA BARBARA",LOMPOC,-120.47319030761719,34.650341033935547
9827407,2025,2025-07-24,4203,2025-07-04,1222,24582,14,5,5,5,4203,0,0,0,,0,002,"W MONTECITO ST","RANCHERIA ST",80.00,E,N,A,-,N,,,,,,,,,,Y,3,0,1,2,A,-,01,23152,A,F,C,C,A,A,H,-,A,A,0,,,,,Y,Y,D,22,0,1,0,0,0,0,0,0,0,"- ","- ",34.409618377685547,-119.69863128662109,"SANTA BARBARA","SANTA BARBARA",-119.69837951660156,34.409828186035156
9827874,2025,2025-06-18,4200,2025-05-03,1914,5335,14,6,5,4,4214,0,0,0,,0,080,"CALLE RD","BRANDON DR",216.00,W,N,A,-,N,,,,,,,,,,Y,3,0,1,3,A,-,01,23152,A,N,C,E,A,A,H,-,A,D,0,,,,,Y,Y,A,07,0,1,0,0,0,0,0,0,0,"- ","- ",,,"SANTA BARBARA",GOLETA,-119.891845703125,34.432838439941406
9828312,2025,2025-07-09,4203,2025-05-01,2238,27408,20,4,5,5,4203,0,0,0,,0,002,"W CARRILLO ST","SAN PASCUAL ST",68.00,E,N,A,-,N,,,,,,,,,,Y,4,0,1,2,A,-,08,22100,B,N,D,C,A,A,H,-,C,A,0,,,,,Y,,A,01,0,0,1,0,0,0,0,0,0,"- ","- ",34.413368225097656,-119.70452880859375,"SANTA BARBARA","SANTA BARBARA",-119.70890808105469,34.415233612060547