CASE_ID,ACCIDENT_YEAR,PROC_DATE,JURIS,COLLISION_DATE,COLLISION_TIME,OFFICER_ID,REPORTING_DISTRICT,DAY_OF_WEEK,CHP_SHIFT,POPULATION,CNTY_CITY_LOC,SPECIAL_COND,BEAT_TYPE,CHP_BEAT_TYPE,CITY_DIVISION_LAPD,CHP_BEAT_CLASS,BEAT_NUMBER,PRIMARY_RD,SECONDARY_RD,DISTANCE,DIRECTION,INTERSECTION,WEATHER_1,WEATHER_2,STATE_HWY_IND,CALTRANS_COUNTY,CALTRANS_DISTRICT,STATE_ROUTE,ROUTE_SUFFIX,POSTMILE_PREFIX,POSTMILE,LOCATION_TYPE,RAMP_INTERSECTION,SIDE_OF_HWY,TOW_AWAY,COLLISION_SEVERITY,NUMBER_KILLED,NUMBER_INJURED,PARTY_COUNT,PRIMARY_COLL_FACTOR,PCF_CODE_OF_VIOL,PCF_VIOL_CATEGORY,PCF_VIOLATION,PCF_VIOL_SUBSECTION,HIT_AND_RUN,TYPE_OF_COLLISION,MVIW,PED_ACTION,ROAD_SURFACE,ROAD_COND_1,ROAD_COND_2,LIGHTING,CONTROL_DEVICE,CHP_ROAD_TYPE,PEDESTRIAN_ACCIDENT,BICYCLE_ACCIDENT,MOTORCYCLE_ACCIDENT,TRUCK_ACCIDENT,NOT_PRIVATE_PROPERTY,ALCOHOL_INVOLVED,STWD_VEHTYPE_AT_FAULT,CHP_VEHTYPE_AT_FAULT,COUNT_SEVERE_INJ,COUNT_VISIBLE_INJ,COUNT_COMPLAINT_PAIN,COUNT_PED_KILLED,COUNT_PED_INJURED,COUNT_BICYCLIST_KILLED,COUNT_BICYCLIST_INJURED,COUNT_MC_KILLED,COUNT_MC_INJURED,PRIMARY_RAMP,SECONDARY_RAMP,LATITUDE,LONGITUDE,COUNTY,CITY,POINT_X,POINT_Y
6373192,2014,2014-06-24,4203,2014-01-17,1617,5751,,5,5,5,4203,0,0,0,,0,003,"E HALEY ST","SANTA BARBARA ST",0.00,,Y,A,-,N,,,,,,,,,,Y,3,0,2,2,A,-,12,21453,A,N,D,C,A,A,H,-,A,A,0,,,,,Y,,-,,0,1,1,0,0,0,0,0,0,"- ","- ",34.258299999999998,-119.41358,"SANTA BARBARA","SANTA BARBARA",-119.69322991999999,34.418960050000003
6376501,2014,2016-03-05,9760,2014-02-03,2133,018754,,1,2,5,4203,0,1,2,,2,011,"RT 101","DEPOT RD",645.00,N,N,A,-,Y,SB,5,101,-,-,10.750,H,-,S,Y,3,0,2,1,A,-,03,22350,,N,E,I,A,A,H,-,C,A,1,,,,,Y,,A,07,0,2,0,0,0,0,0,0,0,"- ","- ",34.411960000000001,-119.64349,"SANTA BARBARA","SANTA BARBARA",-119.64346179,34.419666309999997
6377252,2014,2014-06-12,4203,2014-02-25,1420,4732,,2,5,5,4203,0,0,0,,0,005,"STATE ST","ALAMAR AV",0.00,,Y,B,-,N,,,,,,,,,,Y,4,0,1,1,A,-,08,22107,,N,E,I,A,A,H,-,A,A,0,,,,,Y,,-,,0,0,1,0,0,0,0,0,0,"- ","- ",34.26182,-119.43294,"SANTA BARBARA","SANTA BARBARA",-119.72476989,34.438540029999999
6378243,2014,2014-06-16,4203,2014-02-03,1551,3140,,1,5,5,4203,0,0,0,,0,004,"CHAPALA ST","CANON PERDIDO ST",0.00,,Y,A,-,N,,,,,,,,,,Y,4,0,1,2,A,-,09,21801,A,N,A,C,A,A,H,-,A,A,0,,,,,Y,,-,,0,0,1,0,0,0,0,0,0,"- ","- ",34.251010000000001,-119.42063,"SANTA BARBARA","SANTA BARBARA",-119.70169997000001,34.419510039999999
6381859,2014,2014-06-18,9760,2014-02-10,1625,16739,,1,2,9,4200,0,3,5,,2,002,"VIA EL ENCANTADOR","ANITA LN",550.00,N,N,A,-,N,,,,,,,,,,N,4,0,1,2,A,-,21,22106,,N,G,B,F,A,H,-,A,D,0,Y,,,,Y,,A,07,0,0,1,0,1,0,0,0,0,"- ","- ",34.431939999999997,-119.79686,"SANTA BARBARA",UNINCORPORATED,-119.79684107,34.43286002
6381863,2014,2014-06-20,9760,2014-02-09,1700,018991,,7,2,9,4200,0,3,5,,2,002,"PARADISE RD","RT 154",36960.00,E,N,A,-,N,,,,,,,,,,Y,3,0,2,1,A,-,08,22107,,N,E,I,A,A,H,-,A,D,0,,,,,Y,Y,A,01,0,2,0,0,0,0,0,0,0,"- ","- ",34.544449999999998,-119.81632,"SANTA BARBARA",UNINCORPORATED,,
6388829,2014,2016-03-05,9760,2014-01-03,1235,018572,,5,1,5,4203,0,1,2,,2,020,"RT 101","STATE ST",50.00,N,N,A,-,Y,SB,5,101,-,-,18.120,H,-,S,N,4,0,1,3,A,-,07,21658,A,N,B,C,A,A,H,-,A,D,1,,,,,Y,,A,01,0,0,1,0,0,0,0,0,0,"- ","- ",34.440130000000003,-119.75572,"SANTA BARBARA","SANTA BARBARA",-119.75589856000001,34.440285209999999
6396488,2014,2014-06-24,4204,2014-02-18,0825,90246,02,2,5,5,4204,0,0,0,,0,001,"PREISKER LN",CEDAR,12.00,N,N,A,-,N,,,,,,,,,,Y,4,0,3,2,A,-,03,22350,,N,C,C,A,A,H,-,A,D,0,,,,,Y,,A,01,0,0,3,0,0,0,0,0,0,"- ","- ",,,"SANTA BARBARA","SANTA MARIA",-120.4352591,34.981132950000003
6396492,2014,2014-06-24,4204,2014-02-17,1340,22270,03,1,5,5,4204,0,0,0,,0,075,INGER,MCCLELLAND,0.00,,Y,A,-,N,,,,,,,,,,Y,4,0,1,2,A,-,09,21800,,N,D,C,A,A,H,-,A,D,0,,,,,Y,,-,,0,0,1,0,0,0,0,0,0,"- ","- ",,,"SANTA BARBARA","SANTA MARIA",-120.43375992,34.926560080000002
6398853,2014,2015-12-14,4203,2014-02-19,0941,2661,,3,5,5,4203,0,0,0,,0,005,"LAS POSITAS RD","CALLE REAL",280.00,N,N,A,-,N,,,,,,,,,,N,4,0,1,2,A,-,03,22350,,N,C,C,A,A,H,-,A,A,0,,,,,Y,,-,,0,0,1,0,0,0,0,0,0,"- ","- ",34.2545,-119.441,"SANTA BARBARA","SANTA BARBARA",-119.73365445,34.429354369999999
6398961,2014,2014-06-25,4203,2014-02-20,0849,2661,,4,5,5,4203,0,0,0,,0,005,"STATE ST","PUEBLO ST",226.00,N,N,A,-,N,,,,,,,,,,Y,4,0,2,3,A,-,05,21651,A,N,B,C,A,A,H,-,A,A,0,,,,,Y,,-,,0,0,2,0,0,0,0,0,0,"- ","- ",34.262,-119.438,"SANTA BARBARA","SANTA BARBARA",-119.71908438,34.43399788
6399023,2014,2014-06-24,4203,2014-02-20,1709,2661,,4,5,5,4203,0,0,0,,0,002,"CASTILLO ST","YANONALI ST",101.00,N,N,A,-,N,,,,,,,,,,Y,4,0,1,2,A,-,03,22350,,N,C,C,A,A,H,-,A,D,0,,,,,Y,,-,,0,0,1,0,0,0,0,0,0,"- ","- ",34.243400000000001,-119.4148,"SANTA BARBARA","SANTA BARBARA",-119.69644378,34.409950719999998
6401747,2014,2014-06-23,4202,2014-02-28,1055,22,LOMPO,5,5,4,4202,0,0,0,,0,,"CHESTNUT AV","D ST",0.00,,Y,C,-,N,,,,,,,,,,Y,4,0,1,2,A,-,09,21802,,N,D,C,A,B,H,-,A,D,0,,,,,Y,,A,01,0,0,1,0,0,0,0,0,0,"- ","- ",,,"SANTA BARBARA",LOMPOC,-120.45277994999999,34.642190110000001
6405221,2014,2016-03-05,9750,2014-03-19,1720,017379,,3,2,5,4204,0,1,2,,2,001,"RT 101","DONOVAN RD",850.00,S,N,A,-,Y,SB,5,101,-,-,89.530,H,-,N,Y,4,0,1,2,A,-,03,22350,,N,C,C,A,A,H,-,A,D,0,,,,,Y,,D,22,0,0,1,0,0,0,0,0,0,"- ","- ",34.96754,-120.42269,"SANTA BARBARA","SANTA MARIA",-120.42159114,34.965571910000001
6405225,2014,2014-06-25,9750,2014-03-19,1610,017379,,3,2,9,4200,0,3,5,,2,030,"PHILBRIC RD","E MAIN ST",25.00,S,N,A,-,N,,,,,,,,,,Y,4,0,1,2,A,-,05,21460,A,N,B,C,A,A,H,-,A,D,0,,,,,Y,,A,07,0,0,1,0,0,0,0,0,0,"- ","- ",34.945279999999997,-120.37376999999999,"SANTA BARBARA",UNINCORPORATED,-120.37366316000001,34.945071570000003
6405871,2014,2016-03-05,9760,2014-02-06,1430,17307,,4,2,5,4203,0,1,2,,2,011,"RT 101","GARDEN ST",1584.00,N,N,C,-,Y,SB,5,101,-,-,13.800,H,-,N,Y,3,0,2,4,A,-,03,22350,,N,C,C,A,B,H,-,A,D,1,,,,,Y,,A,08,0,1,1,0,0,0,0,0,0,"- ","- ",34.417520000000003,-119.69268,"SANTA BARBARA","SANTA BARBARA",-119.69333632,34.415060619999998
6410411,2014,2014-06-10,4204,2014-01-18,1834,18261,60,6,5,5,4204,0,0,0,,0,003,RAILROAD,MORRISON,865.00,S,N,A,-,N,,,,,,,,,,Y,3,0,1,2,A,-,01,23152,A,N,B,E,A,A,H,-,C,D,0,,,,,Y,Y,A,07,0,1,0,0,0,0,0,0,0,"- ","- ",,,"SANTA BARBARA","SANTA MARIA",-120.445527,34.940793999999997
6410499,2014,2016-01-14,4204,2014-01-31,1536,23601,57,5,5,5,4204,0,0,0,,0,002,BROADWAY,LIBERTY,0.00,,Y,A,-,Y,SB,5,135,-,-,14.820,I,5,S,N,4,0,2,2,A,-,08,21460,5,N,A,C,A,A,H,-,A,A,0,,,,,Y,,A,01,0,0,2,0,0,0,0,0,0,"- ","- ",,,"SANTA BARBARA","SANTA MARIA",-120.43608571,34.939115039999997
6410503,2014,2016-01-14,4204,2014-01-15,1132,22104,6203,3,5,5,4204,0,0,0,,0,WED,"RT 135",PERSHING,180.00,S,N,A,-,Y,SB,5,135,-,-,14.870,H,-,S,Y,4,0,1,2,A,-,03,22350,,N,C,C,A,A,H,-,A,A,0,,,,,Y,,A,07,0,0,1,0,0,0,0,0,0,"- ","- ",,,"SANTA BARBARA","SANTA MARIA",-120.43606803999999,34.939879779999998
6410550,2014,2014-06-11,4204,2014-01-03,1823,LOPEZ,069,5,5,5,4204,0,0,0,,0,003,STOWELL,NICHOLSON,0.00,,Y,A,-,N,,,,,,,,,,Y,4,0,1,2,A,-,09,21802,A,N,D,C,A,A,H,-,C,D,0,,,,,Y,,-,,0,0,1,0,0,0,0,0,0,"- ","- ",,,"SANTA BARBARA","SANTA MARIA",-120.41614996,34.938300060000003
6411017,2014,2016-01-06,9760,2014-02-23,1538,18991,,7,2,9,4200,0,1,2,,2,010,"RT 101","SOUTH PADARO LN",500.00,N,N,A,-,Y,SB,5,101,-,R,5.400,H,-,S,N,4,0,1,2,A,-,03,22350,,N,C,C,A,A,H,-,A,D,1,,,,,Y,,A,01,0,0,1,0,0,0,0,0,0,"- ","- ",34.411920000000002,-119.55461,"SANTA BARBARA",UNINCORPORATED,-119.55452093,34.41178661
6412477,2014,2016-03-05,9750,2014-03-13,0725,13766,,4,1,9,4200,0,1,2,,2,001,"RT 101","BETTERAVIA RD",2640.00,N,N,A,-,Y,SB,5,101,-,-,87.090,H,-,S,Y,4,0,1,2,A,-,07,21658,A,N,B,C,A,A,H,-,A,D,0,,,,,Y,,D,22,0,0,1,0,0,0,0,0,0,"- ","- ",34.931669999999997,-120.41803,"SANTA BARBARA",UNINCORPORATED,-120.41796198999999,34.930883229999999
6414392,2014,2016-01-11,9750,2014-03-05,1257,018009,,3,1,9,4200,0,1,3,,1,022,"RT 1","RT 135",4224.00,S,N,A,-,Y,SB,5,1,-,M,35.360,H,-,S,Y,3,0,2,1,A,-,08,22107,,N,E,I,A,A,H,-,A,D,0,,,,,Y,,A,01,0,1,1,0,0,0,0,0,0,"- ","- ",34.793430000000001,-120.45274000000001,"SANTA BARBARA",UNINCORPORATED,-120.45370017,34.792831700000001
6414789,2014,2014-06-26,4204,2014-03-16,2145,90241,60,7,5,5,4204,0,0,0,,0,001,BLOSSER,STOWELL,40.00,N,N,A,-,N,,,,,,,,,,N,4,0,1,2,A,-,03,22350,,F,C,C,A,A,H,-,C,A,0,,,,,Y,Y,D,22,0,0,1,0,0,0,0,0,0,"- ","- ",,,"SANTA BARBARA","SANTA MARIA",-120.4539,34.938889869999997
6418954,2014,2014-06-23,4202,2014-03-19,1017,292,,3,5,4,4202,0,0,0,,0,,"LEMON AV","D ST",24.00,W,N,A,-,N,,,,,,,,,,Y,4,0,1,2,A,-,03,22350,,N,C,E,A,A,H,-,A,A,0,,,,,Y,,A,01,0,0,1,0,0,0,0,0,0,"- ","- ",,,"SANTA BARBARA",LOMPOC,-120.45270977,34.652550939999998
6419681,2014,2014-06-13,4204,2014-02-01,1654,90228,75,6,5,5,4204,0,0,0,,0,003,BROADWAY,NEWLOVE,12.00,S,N,A,-,N,,,,,,,,,,N,2,0,1,2,A,-,11,21950,B,N,G,B,B,A,H,-,A,A,0,Y,,,,Y,,N,60,1,0,0,0,1,0,0,0,0,"- ","- ",,,"SANTA BARBARA","SANTA MARIA",-120.43593799999999,34.929828999999998
6419689,2014,2016-01-14,4204,2014-02-05,1511,22807,33,3,5,5,4204,0,0,0,,0,002,"MAIN ST",DEPOT,0.00,,Y,B,-,Y,SB,5,166,-,-,7.420,I,5,W,N,4,0,1,2,A,-,08,22107,,N,B,C,A,A,H,-,A,A,0,,,,,Y,,A,01,0,0,1,0,0,0,0,0,0,"- ","- ",,,"SANTA BARBARA","SANTA MARIA",-120.44396162,34.953286820000002
6419921,2014,2016-03-05,9760,2014-03-12,1924,018431,,3,2,9,4200,0,1,2,,2,010,"RT 101","SANTA CLAUS LN",2376.00,S,N,A,-,Y,SB,5,101,-,R,4.870,H,-,S,Y,3,0,2,2,A,-,07,21658,A,N,B,C,A,A,H,-,C,D,1,,,,Y,Y,,A,01,0,2,0,0,0,0,0,0,0,"- ","- ",34.40645,-119.54662,"SANTA BARBARA",UNINCORPORATED,-119.54716093,34.406632590000001
6419967,2014,2014-06-13,9750,2014-02-04,0735,014449,,2,1,9,4200,0,3,5,,2,010,"BETTERAVIA RD","BROWN RD",0.00,,Y,B,-,N,,,,,,,,,,Y,4,0,3,2,A,-,09,21801,A,M,A,C,A,A,H,-,A,D,0,,,,,Y,,A,01,0,0,3,0,0,0,0,0,0,"- ","- ",34.935110000000002,-120.54652,"SANTA BARBARA",UNINCORPORATED,-120.54642995,34.935200080000001
6420569,2014,2016-01-14,4204,2014-02-17,1142,23601,88,1,5,5,4204,0,0,0,,0,003,"RT 135","MILLER ST",0.00,,Y,A,-,Y,SB,5,135,-,-,12.740,H,-,N,Y,4,0,1,2,A,-,04,21703,,N,C,C,A,A,H,-,A,A,0,,,,,Y,,A,01,0,0,1,0,0,0,0,0,0,"- ","- ",,,"SANTA BARBARA","SANTA MARIA",-120.43586162,34.90909782
6420581,2014,2014-06-07,4204,2014-02-18,0709,22104,72,2,5,5,4204,0,0,0,,0,003,"BLOSSER RD","SONYA LN",0.00,,Y,B,-,N,,,,,,,,,,Y,2,0,4,2,A,-,09,21802,A,N,D,C,A,A,H,-,A,A,0,,,,,Y,,A,01,1,0,3,0,0,0,0,0,0,"- ","- ",,,"SANTA BARBARA","SANTA MARIA",-120.45400988,34.927880020000003
6420597,2014,2016-01-14,4204,2014-02-25,1322,90246,67,2,5,5,4204,0,0,0,,0,003,"SOUTH BROADWAY",ENOS,357.00,N,N,A,-,Y,SB,5,135,-,-,14.540,H,-,S,N,2,0,1,2,A,-,03,22350,,N,C,C,A,A,H,-,A,A,0,,,Y,,Y,,C,02,1,0,0,0,0,0,0,0,1,"- ","- ",,,"SANTA BARBARA","SANTA MARIA",-120.43612844,34.935106879999999
6420613,2014,2014-06-07,4204,2014-02-26,1007,23656,,3,5,5,4204,0,0,0,,0,,"ALVIN AV",LINCOLN,0.00,,Y,C,-,N,,,,,,,,,,N,4,0,1,2,A,-,12,22450,A,N,D,G,A,B,H,-,A,A,0,,Y,,,Y,,L,04,0,0,1,0,0,0,1,0,0,"- ","- ",,,"SANTA BARBARA","SANTA MARIA",-120.43725997,34.960450010000002
6420622,2014,2016-01-14,4204,2014-02-12,2242,20894,91,3,5,5,4204,0,0,0,,0,003,"RT 135","WALLER LN",423.00,N,N,A,-,Y,SB,5,135,-,-,12.560,H,-,N,N,2,0,1,2,D,-,00,,,F,B,G,A,A,H,-,D,D,0,,Y,,,Y,,-,"- ",1,0,0,0,0,0,1,0,0,"- ","- ",,,"SANTA BARBARA","SANTA MARIA",-120.4358579,34.906534229999998
6421027,2014,2014-06-24,9750,2014-03-15,1205,14820,,6,1,9,4200,0,2,4,,1,024,"CLARK AV","HARMONY LN",87.00,E,N,A,-,N,,,,,,,,,,N,3,0,1,1,A,-,01,21200,5,N,H,A,A,A,H,-,A,D,0,,Y,,,Y,Y,L,04,0,1,0,0,0,0,1,0,0,"- ","- ",34.86497,-120.40567,"SANTA BARBARA",UNINCORPORATED,-120.40578008,34.865070000000003
6421123,2014,2014-07-03,4203,2014-03-11,1711,2661,,2,5,5,4203,0,0,0,,0,003,"ALTA VISTA RD","SOLA ST",30.00,S,N,A,-,N,,,,,,,,,,N,2,0,1,1,A,-,08,22107,,N,F,J,A,A,H,-,A,A,0,,Y,,,Y,,L,04,1,0,0,0,0,0,1,0,0,"- ","- ",34.255699999999997,-119.4156,"SANTA BARBARA","SANTA BARBARA",-119.6990251,34.432585840000002
6423035,2014,2014-06-13,9750,2014-02-09,2155,018009,,7,2,9,4200,0,2,4,,2,040,"BULL CANYON RD","DONOVAN RD",573.00,N,N,A,-,N,,,,,,,,,,Y,3,0,2,1,A,-,08,22107,,N,E,I,A,A,H,-,D,D,0,,,,,Y,,A,01,0,1,1,0,0,0,0,0,0,"- ","- ",34.968020000000003,-120.40437,"SANTA BARBARA",UNINCORPORATED,-120.40395811,34.968896219999998
6425588,2014,2014-06-24,4202,2014-02-26,1724,291,,3,5,4,4202,0,0,0,,0,,"CENTRAL AV","RT 1",602.00,E,N,C,-,N,,,,,,,,,,Y,4,0,1,2,A,-,09,21804,A,N,D,C,A,B,H,-,A,A,0,,,,,Y,,A,08,0,0,1,0,0,0,0,0,0,"- ","- ",,,"SANTA BARBARA",LOMPOC,-120.45769,34.660769999999999
6428583,2014,2016-03-05,9760,2014-02-21,1905,19387,,5,2,9,4200,0,1,2,,2,010,"RT 101","SOUTH PADARO LN",200.00,S,N,A,-,Y,SB,5,101,-,R,7.140,H,-,S,Y,3,0,3,2,A,-,03,22350,,N,C,C,A,A,H,-,D,D,1,,,,,Y,,A,01,0,1,2,0,0,0,0,0,0,"- ","- ",34.410400000000003,-119.55240000000001,"SANTA BARBARA",UNINCORPORATED,-119.58262713000001,34.416509339999998
6428587,2014,2016-03-05,9760,2014-02-24,0830,17140,,1,1,3,4205,0,1,2,,2,010,"RT 101","CASITAS PASS RD",2112.00,S,N,A,-,Y,SB,5,101,-,-,2.240,H,-,N,Y,3,0,1,1,A,-,08,22107,,N,E,I,A,A,H,-,A,D,1,,,,,Y,,A,01,0,1,0,0,0,0,0,0,0,"- ","- ",34.392220000000002,-119.50793,"SANTA BARBARA",CARPINTERIA,-119.50760284,34.391907029999999
6428599,2014,2016-03-05,9760,2014-02-23,0600,18572,,7,1,5,4203,0,1,2,,2,011,"RT 101","CASTILLO ST",300.00,N,N,A,-,Y,SB,5,101,-,R,14.280,H,-,N,Y,3,0,2,1,A,-,08,22107,,N,E,I,A,A,H,-,B,D,1,,,,,Y,,A,01,0,2,0,0,0,0,0,0,0,FR,"- ",34.412550000000003,-119.70113000000001,"SANTA BARBARA","SANTA BARBARA",-119.70082444000001,34.412355300000002
6433261,2014,2014-06-23,9760,2014-02-27,1212,18991,,4,1,9,4200,0,3,5,,2,001,"SHEPARD MESA LN","RT 192",1610.00,E,N,B,-,N,,,,,,,,,,Y,3,0,1,2,A,-,05,21460,A,N,B,C,A,A,H,-,A,D,0,,,,,Y,,A,07,0,1,0,0,0,0,0,0,0,"- ","- ",34.394460000000002,-119.47006,"SANTA BARBARA",UNINCORPORATED,,
6439566,2014,2014-07-16,4203,2014-03-14,2345,5751,,5,5,5,4203,0,0,0,,0,003,"STATE ST","VALARIO ST",72.00,N,N,A,-,N,,,,,,,,,,Y,4,0,1,2,A,-,01,23153,A,N,C,C,A,A,H,-,C,A,0,,,,,Y,Y,-,,0,0,1,0,0,0,0,0,0,"- ","- ",34.254190000000001,-119.42406,"SANTA BARBARA","SANTA BARBARA",-119.71102827999999,34.428161369999998
6442415,2014,2016-03-05,9760,2014-03-18,1300,17307,,2,1,3,4205,0,1,2,,2,010,"RT 101","SOUTH PADARO LN",1544.00,S,N,A,-,Y,SB,5,101,-,R,4.770,H,-,S,Y,3,0,1,1,A,-,01,23152,E,N,E,I,A,A,H,-,A,D,1,,,,,Y,,A,01,0,1,0,0,0,0,0,0,0,"- ","- ",34.407179999999997,-119.54833000000001,"SANTA BARBARA",CARPINTERIA,-119.54553075,34.406074850000003
6442439,2014,2016-03-05,9760,2014-03-14,1935,19831,,5,2,9,4200,0,3,5,,2,002,"TURNPIKE RD","RT 101",0.00,,Y,A,-,Y,SB,5,101,-,-,20.260,R,4,S,N,4,0,1,2,A,-,09,21453,B,N,D,C,A,A,H,-,C,A,1,,,,,Y,,A,01,0,0,1,0,0,0,0,0,0,"- ","- ",34.441870000000002,-119.78945,"SANTA BARBARA",UNINCORPORATED,-119.79280885999999,34.44186681
6442447,2014,2014-07-02,9760,2014-03-31,1650,17307,,1,2,9,4200,0,3,5,,2,005,"EMBARCADERO DEL NORTE","PICASSO LN",30.00,S,N,A,-,N,,,,,,,,,,N,4,0,1,2,A,-,03,22350,,N,C,C,A,A,H,-,A,D,0,,,,,Y,,A,01,0,0,1,0,0,0,0,0,0,"- ","- ",34.414990000000003,-119.85529,"SANTA BARBARA",UNINCORPORATED,-119.85538253,34.41500765
6444285,2014,2014-07-07,4203,2014-03-26,0829,2661,,3,5,5,4203,0,0,0,,0,006,"SAN ANDRES ST","VALERIE ST",119.00,S,N,A,-,N,,,,,,,,,,Y,4,0,2,2,A,-,09,21804,A,N,B,C,A,A,H,-,A,D,0,,,,,Y,,-,,0,0,2,0,0,0,0,0,0,"- ","- ",34.251300000000001,-119.43600000000001,"SANTA BARBARA","SANTA BARBARA",-119.718425,34.420411999999999
6445111,2014,2014-07-10,4202,2014-03-25,2030,239,LOMPO,2,5,4,4202,0,0,0,,0,007,"G ST","PINE AV",0.00,,Y,B,C,N,,,,,,,,,,N,3,0,1,2,A,-,10,21950,A,N,G,B,B,B,H,-,C,A,0,Y,,,,Y,,A,01,0,1,0,0,1,0,0,0,0,"- ","- ",,,"SANTA BARBARA",LOMPOC,-120.45644998,34.650180030000001
6446292,2014,2014-07-02,4203,2014-03-26,1242,2520,,3,5,5,4203,0,0,0,,0,006,"SAN ANDRES ST","MICHELTORENA ST",0.00,,Y,B,-,N,,,,,,,,,,N,4,0,1,2,A,-,12,21453,A,N,D,G,A,-,H,-,A,A,0,,Y,,,Y,,-,,0,0,1,0,0,0,1,0,0,"- ","- ",34.502800000000001,-119.4258,"SANTA BARBARA","SANTA BARBARA",-119.71617997,34.418780060000003
6446654,2014,2016-01-14,4204,2014-02-27,2321,20894,05,4,5,5,4204,0,0,0,,0,001,"RT 135",ROEMER,75.00,N,N,C,-,Y,SB,5,135,-,-,17.350,H,-,S,N,2,0,1,2,A,-,03,22350,,F,C,G,A,B,H,-,C,D,0,,Y,,,Y,,A,01,1,0,0,0,0,0,1,0,0,"- ","- ",,,"SANTA BARBARA","SANTA MARIA",-120.43563841,34.976130159999997
6446755,2014,2014-07-03,4204,2014-03-14,2050,90239,027,5,5,5,4204,0,0,0,,0,001,"ALVIN AV",MILLER,0.00,,Y,A,-,N,,,,,,,,,,N,4,0,1,2,A,-,10,21950,A,F,G,B,B,A,H,-,C,A,0,Y,,,,Y,,-,,0,0,1,0,1,0,0,0,0,"- ","- ",,,"SANTA BARBARA","SANTA MARIA",-120.43132989999999,34.960420020000001
6447676,2014,2016-04-05,4204,2014-04-07,1129,23397,16,1,5,5,4204,0,0,0,,0,001,BROADWAY,ORCHARD,150.00,N,N,A,-,Y,SB,5,135,-,-,13.690,H,-,S,Y,4,0,1,2,A,-,03,22350,,N,C,C,A,A,H,-,A,D,0,,,,,Y,,A,01,0,0,1,0,0,0,0,0,0,"- ","- ",,,"SANTA BARBARA","SANTA MARIA",-120.43614651,34.923039490000001
6453484,2014,2014-07-15,4202,2014-04-29,1617,292,,2,5,4,4202,0,0,0,,0,,"COLLEGE AV","H ST",85.00,W,N,A,-,N,,,,,,,,,,N,4,0,1,2,D,-,00,,,N,C,C,A,A,H,-,A,A,0,,,,,Y,,-,"- ",0,0,1,0,0,0,0,0,0,"- ","- ",,,"SANTA BARBARA",LOMPOC,-120.45806235000001,34.647018180000003
6453925,2014,2016-03-05,9755,2014-03-23,0427,019800,,7,3,9,4200,0,1,3,,1,042,"RT 154","CACHUMA VILLAGE",528.00,E,N,A,-,Y,SB,5,154,-,-,14.800,H,-,E,Y,4,0,3,3,A,-,01,23152,A,N,B,C,A,A,H,-,D,D,0,,,,,Y,Y,E,22,0,0,3,0,0,0,0,0,0,"- ","- ",34.56832,-120.34829000000001,"SANTA BARBARA",UNINCORPORATED,-119.95711971999999,34.573262769999999
6453929,2014,2016-04-04,9755,2014-04-09,1610,012436,,3,2,9,4200,0,1,2,,2,004,"RT 101","NOJOQUI  CREEK BRIDGE",528.00,N,N,A,-,Y,SB,5,101,-,-,55.670,H,-,N,Y,4,0,1,2,A,-,07,21658,A,N,B,C,A,A,H,-,A,D,1,,,,,Y,,B,07,0,0,1,0,0,0,0,0,0,"- ","- ",34.593510000000002,-120.19392000000001,"SANTA BARBARA",UNINCORPORATED,-120.19352348,34.591718780000001
6457176,2014,2014-07-10,4203,2014-04-19,0936,5618,,6,5,5,4203,0,0,0,,0,001,"S SALINAS ST","CLIFTON ST",93.00,N,N,A,-,N,,,,,,,,,,N,4,0,1,2,A,-,01,23152,A,M,-,E,A,A,H,-,A,A,0,,,,,Y,Y,A,01,0,0,1,0,0,0,0,0,0,"- ","- ",34.253120000000003,-119.42022,"SANTA BARBARA","SANTA BARBARA",-119.67306488,34.426635279999999
6459173,2014,2014-07-14,9760,2014-04-19,1350,017603,,6,1,9,4200,0,3,5,,2,002,"ROBLE DR","LLANO AV",1056.00,S,N,A,-,N,,,,,,,,,,Y,3,0,4,1,A,-,03,22350,,N,E,I,A,A,H,-,A,D,0,,,,,Y,,A,01,0,1,3,0,0,0,0,0,0,"- ","- ",34.385280000000002,-119.48804,"SANTA BARBARA",UNINCORPORATED,-119.77203,34.412880000000001
6461908,2014,2016-04-05,4204,2014-04-03,1056,23000,27,4,5,5,4204,0,0,0,,0,001,BROADWAY,TUNNELL,0.00,,Y,A,-,Y,SB,5,135,-,-,816.070,H,-,S,N,4,0,1,2,A,-,03,22350,,N,C,C,A,A,H,-,A,D,0,,,,,Y,,D,22,0,0,1,0,0,0,0,0,0,"- ","- ",,,"SANTA BARBARA","SANTA MARIA",,
6467659,2014,2014-07-22,4203,2014-04-02,2215,3433,,3,5,5,4203,0,0,0,,0,003,"E GUTIERREZ ST","STATE ST",0.00,,Y,A,-,N,,,,,,,,,,N,3,0,1,2,A,-,10,21950,A,N,G,B,B,A,H,-,C,A,0,Y,,,,Y,Y,A,01,0,1,0,0,1,0,0,0,0,"- ","- ",34.245699999999999,-119.41391,"SANTA BARBARA","SANTA BARBARA",-119.69421991,34.415870050000002
6467788,2014,2016-04-04,9760,2014-04-16,1746,18754,,3,2,5,4203,0,1,2,,2,011,"RT 101","LOS PATOS WY",500.00,N,N,A,-,Y,SB,5,101,-,-,16.640,H,-,S,Y,3,0,1,1,A,-,03,22350,,N,E,I,A,A,H,-,A,D,1,,,Y,,Y,,C,02,0,1,0,0,0,0,0,0,1,"- ","- ",34.422609999999999,-119.66094,"SANTA BARBARA","SANTA BARBARA",-119.73522766000001,34.428084949999999
6468440,2014,2016-04-05,4204,2014-05-01,2244,90322,57,4,5,5,4204,0,0,0,,0,002,BROADWAY,"STOWELL RD",0.00,,Y,A,-,Y,SB,5,135,-,-,14.790,H,-,S,Y,4,0,1,2,A,-,03,22350,,F,C,C,A,A,H,-,C,D,0,,,,,Y,,A,01,0,0,1,0,0,0,0,0,0,"- ","- ",,,"SANTA BARBARA","SANTA MARIA",-120.43609558999999,34.93865546
6468982,2014,2016-04-04,9760,2014-04-16,0935,16739,,3,1,9,4200,0,1,2,,2,020,"RT 101","PATTERSON AV",8.00,S,N,A,-,Y,SB,5,101,-,-,21.060,R,1,N,N,4,0,2,2,A,-,21,22106,,N,C,C,A,A,H,-,A,A,1,,,,,Y,,D,22,0,0,2,0,0,0,0,0,0,TO,"- ",34.44258,-119.80802,"SANTA BARBARA",UNINCORPORATED,-119.80674659,34.441862720000003