CASE_ID,ACCIDENT_YEAR,PROC_DATE,JURIS,COLLISION_DATE,COLLISION_TIME,OFFICER_ID,REPORTING_DISTRICT,DAY_OF_WEEK,CHP_SHIFT,POPULATION,CNTY_CITY_LOC,SPECIAL_COND,BEAT_TYPE,CHP_BEAT_TYPE,CITY_DIVISION_LAPD,CHP_BEAT_CLASS,BEAT_NUMBER,PRIMARY_RD,SECONDARY_RD,DISTANCE,DIRECTION,INTERSECTION,WEATHER_1,WEATHER_2,STATE_HWY_IND,CALTRANS_COUNTY,CALTRANS_DISTRICT,STATE_ROUTE,ROUTE_SUFFIX,POSTMILE_PREFIX,POSTMILE,LOCATION_TYPE,RAMP_INTERSECTION,SIDE_OF_HWY,TOW_AWAY,COLLISION_SEVERITY,NUMBER_KILLED,NUMBER_INJURED,PARTY_COUNT,PRIMARY_COLL_FACTOR,PCF_CODE_OF_VIOL,PCF_VIOL_CATEGORY,PCF_VIOLATION,PCF_VIOL_SUBSECTION,HIT_AND_RUN,TYPE_OF_COLLISION,MVIW,PED_ACTION,ROAD_SURFACE,ROAD_COND_1,ROAD_COND_2,LIGHTING,CONTROL_DEVICE,CHP_ROAD_TYPE,PEDESTRIAN_ACCIDENT,BICYCLE_ACCIDENT,MOTORCYCLE_ACCIDENT,TRUCK_ACCIDENT,NOT_PRIVATE_PROPERTY,ALCOHOL_INVOLVED,STWD_VEHTYPE_AT_FAULT,CHP_VEHTYPE_AT_FAULT,COUNT_SEVERE_INJ,COUNT_VISIBLE_INJ,COUNT_COMPLAINT_PAIN,COUNT_PED_KILLED,COUNT_PED_INJURED,COUNT_BICYCLIST_KILLED,COUNT_BICYCLIST_INJURED,COUNT_MC_KILLED,COUNT_MC_INJURED,PRIMARY_RAMP,SECONDARY_RAMP,LATITUDE,LONGITUDE,COUNTY,CITY,POINT_X,POINT_Y
6799733,2015,2016-10-03,4202,2015-01-20,1142,292,,2,5,4,4202,0,0,0,,0,,"H ST","PINE AV",128.00,N,N,A,-,Y,SB,5,1,-,-,21.360,H,-,S,N,4,0,1,2,A,-,21,22106,,N,C,C,A,A,H,-,A,A,0,,,Y,,Y,,A,01,0,0,1,0,0,0,0,0,1,"- ","- ",,,"SANTA BARBARA",LOMPOC,-120.4578276,34.650516600000003
6801964,2015,2015-02-18,4204,2015-01-16,1802,23028,79,5,5,5,4204,0,0,0,,0,003,"BETTERAVIA RD","A ST",0.00,,Y,A,-,N,,,,,,,,,,Y,4,0,1,2,A,-,09,21801,A,N,A,C,A,A,H,-,C,A,0,,,,,Y,,A,01,0,0,1,0,0,0,0,0,0,"- ","- ",,,"SANTA BARBARA","SANTA MARIA",-120.46400991,34.920770040000001
6804814,2015,2015-03-09,4200,2015-01-05,0751,3683,14,1,5,4,4214,0,0,0,,0,060,"STORKE RD","WHITTIER DR",0.00,,Y,A,-,N,,,,,,,,,,N,4,0,1,1,A,-,03,22350,,N,F,A,A,A,H,-,A,A,0,,,Y,,Y,,C,02,0,0,1,0,0,0,0,0,1,"- ","- ",,,"SANTA BARBARA",GOLETA,-119.86978989000001,34.422460049999998
6807539,2015,2016-09-08,4200,2015-01-26,0819,3934,11,1,5,2,4212,0,0,0,,0,,"RT 246","SYCAMORE DR",0.00,,Y,A,-,Y,SB,5,246,-,R,25.273,H,-,W,Y,3,0,2,2,A,-,09,21804,A,N,D,C,A,A,H,-,A,D,0,,,,,Y,,A,01,0,1,1,0,0,0,0,0,0,"- ","- ",,,"SANTA BARBARA",BUELLTON,-120.20580855999999,34.618260800000002
6809492,2015,2015-03-04,4202,2015-01-31,1624,274,,6,5,4,4202,0,0,0,,0,,"V ST","CENTRAL AV",445.00,S,N,A,-,N,,,,,,,,,,Y,4,0,2,2,A,-,03,22350,,N,C,C,A,A,H,-,A,D,0,,,,,Y,,D,22,0,0,2,0,0,0,0,0,0,"- ","- ",,,"SANTA BARBARA",LOMPOC,-120.47524266000001,34.659769939999997
6809961,2015,2015-03-05,4203,2015-01-23,1344,2661,,5,5,5,4203,0,0,0,,0,002,"CABRILLO BL","CHAPALA ST",0.00,,Y,A,-,N,,,,,,,,,,N,4,0,1,2,A,-,08,22100,A,N,B,G,A,A,H,-,A,A,0,,Y,,,Y,,-,,0,0,1,0,0,0,1,0,0,"- ","- ",34.243899999999996,-119.4126,"SANTA BARBARA","SANTA BARBARA",-119.69032991,34.411190060000003
6812235,2015,2016-09-13,9760,2015-01-27,2155,18431,,2,2,9,4200,0,1,3,,1,014,"RT 192","MOORE RD",0.00,,Y,A,-,Y,SB,5,192,-,-,9.360,I,5,W,Y,3,0,1,1,A,-,01,23152,A,N,E,I,A,A,H,-,D,D,0,,,,,Y,Y,A,01,0,1,0,0,0,0,0,0,0,"- ","- ",34.438569999999999,-119.62452,"SANTA BARBARA",UNINCORPORATED,-119.62454015,34.438852179999998
6812629,2015,2016-10-28,9750,2015-02-06,1620,16714,,5,2,5,4204,0,1,2,,2,001,"RT 101","DONOVAN RD",560.00,N,N,A,-,Y,SB,5,101,-,-,89.920,R,2,S,Y,3,0,1,1,A,-,01,23152,A,M,E,I,A,A,H,-,A,D,0,,,,,Y,Y,A,01,0,1,0,0,0,0,0,0,0,TO,"- ",34.969299999999997,-120.42474,"SANTA BARBARA","SANTA MARIA",-120.42494146,34.970619360000001
6813317,2015,2016-09-13,9760,2015-01-27,0430,015658,,2,3,9,4200,0,1,3,,1,022,"RT 154","SAN ANTONIO CREEK RD",6864.00,W,N,B,-,Y,SB,5,154,-,-,28.660,H,-,E,Y,4,0,1,1,A,-,17,21662,,N,E,I,A,B,H,-,D,D,0,,,,,Y,,A,01,0,0,1,0,0,0,0,0,0,"- ","- ",34.476430000000001,-119.76951,"SANTA BARBARA",UNINCORPORATED,-119.77218427,34.481447729999999
6813333,2015,2016-10-28,9760,2015-01-21,0730,018490,,3,1,9,4200,0,1,2,,2,010,"RT 101","CASITAS PASS RD",1000.00,S,N,A,-,Y,SB,5,101,-,-,17.830,H,-,N,Y,4,0,1,2,A,-,03,22350,,N,C,C,A,A,H,-,A,D,1,,,,,Y,,A,01,0,0,1,0,0,0,0,0,0,"- ","- ",34.393900000000002,-119.50941,"SANTA BARBARA",UNINCORPORATED,-119.75213044,34.437375959999997
6815655,2015,2015-03-18,4204,2015-02-02,1641,90268,89,1,5,5,4204,0,0,0,,0,003,MILLER,"SAN YSIDRO ST",0.00,,Y,A,-,N,,,,,,,,,,N,4,0,1,2,A,-,10,21950,A,N,G,B,B,A,H,-,A,A,0,Y,,,,Y,,D,22,0,0,1,0,1,0,0,0,0,"- ","- ",,,"SANTA BARBARA","SANTA MARIA",-120.43156986,34.912790020000003
6815684,2015,2015-03-05,4204,2015-01-25,1815,90338,,7,5,5,4204,0,0,0,,0,003,"BLOSSER RD","BATTLES RD",0.00,,Y,A,-,N,,,,,,,,,,N,4,0,1,2,A,-,03,22350,,F,C,C,A,A,H,-,A,A,0,,,,,Y,,A,07,0,0,1,0,0,0,0,0,0,"- ","- ",,,"SANTA BARBARA","SANTA MARIA",-120.45396992000001,34.931590040000003
6815898,2015,2016-10-28,4204,2015-02-02,1158,90277,17,1,5,5,4204,0,0,0,,0,001,DONOVAN,"RT 101",0.00,,Y,A,-,Y,SB,5,101,-,-,89.690,H,-,S,N,4,0,1,2,A,-,01,23152,B,N,C,C,A,A,H,-,A,A,0,,,,,Y,Y,A,01,0,0,1,0,0,0,0,0,0,"- ",SO,,,"SANTA BARBARA","SANTA MARIA",-120.42313355,34.967660379999998
6817096,2015,2015-03-02,4203,2015-01-30,1856,6983,,5,5,5,4203,0,0,0,,0,003,"VICTORIA ST","ANAPAMU ST",210.00,E,N,A,-,N,,,,,,,,,,Y,3,0,2,2,A,-,03,22350,,N,C,C,A,A,H,-,C,A,0,,,,,Y,,-,,0,1,1,0,0,0,0,0,0,"- ","- ",34.243099999999998,-119.36579999999999,"SANTA BARBARA","SANTA BARBARA",,
6818793,2015,2016-04-13,9750,2015-02-10,1740,014753,,2,2,9,4200,0,3,5,,2,020,"HARRIS GRADE RD","RT 135",6864.00,S,N,A,-,N,,,,,,,,,,Y,3,0,1,1,A,-,08,22107,,N,E,I,A,A,H,-,B,D,0,,,,,Y,,A,01,0,1,0,0,0,0,0,0,0,"- ","- ",34.751739999999998,-120.43438999999999,"SANTA BARBARA",UNINCORPORATED,-120.43341887,34.753272119999998
6820610,2015,2015-03-11,4202,2015-02-10,1428,239,LOMPO,2,5,4,4202,0,0,0,,0,013,"O ST","CYPRESS AV",0.00,,Y,A,-,N,,,,,,,,,,Y,3,0,2,2,A,-,03,22350,,M,C,C,A,A,H,-,A,A,0,,,,,Y,,A,07,0,1,1,0,0,0,0,0,0,"- ","- ",,,"SANTA BARBARA",LOMPOC,-120.46680992,34.637370050000001
6820745,2015,2016-10-28,9760,2015-01-30,1930,020323,,5,2,4,4214,0,1,2,,1,030,"RT 101","GLENN ANNIE RD",726.00,S,N,A,-,Y,SB,5,101,-,-,24.620,H,-,S,Y,3,0,1,2,A,-,01,23152,A,N,E,I,A,A,H,-,D,D,1,,,,,Y,Y,A,01,0,1,0,0,0,0,0,0,0,"- ","- ",34.436450000000001,-119.85954,"SANTA BARBARA",GOLETA,-119.86835422999999,34.434767630000003
6822081,2015,2015-02-26,4200,2015-01-23,1853,3116,14,5,5,4,4214,0,0,0,,0,050,"CALLE REAL","LA PATERA LN",0.00,,Y,A,-,N,,,,,,,,,,Y,3,0,1,2,A,-,09,21802,A,N,D,C,A,A,H,-,C,A,0,,,,,Y,,A,01,0,1,0,0,0,0,0,0,0,"- ","- ",,,"SANTA BARBARA",GOLETA,-119.84280991,34.438780100000002
6826328,2015,2015-03-16,4200,2015-02-13,0920,3116,14,5,5,4,4214,0,0,0,,0,060,"S FAIRVIEW AV OVERPASS","S FAIRVIEW AV",0.00,,Y,A,-,N,,,,,,,,,,Y,3,0,2,2,A,-,09,21801,A,N,D,C,A,A,H,-,A,A,0,,,,,Y,,A,08,0,2,0,0,0,0,0,0,0,"- ","- ",,,"SANTA BARBARA",GOLETA,,
6829034,2015,2015-03-18,9750,2015-02-20,0720,013267,,5,1,9,4200,0,2,4,,1,024,"BRADLEY RD","UNION VALLEY PKWY",400.00,N,N,B,-,N,,,,,,,,,,N,3,0,2,2,A,-,03,22350,,N,C,C,A,A,H,-,A,D,0,,,,,Y,,A,07,0,1,1,0,0,0,0,0,0,"- ","- ",34.87997,-120.41862,"SANTA BARBARA",UNINCORPORATED,-120.41871687,34.880458429999997
6831608,2015,2016-02-16,4203,2015-02-20,2043,7774,,5,5,5,4203,0,0,0,,0,005,"LAS POSITAS RD","CALLE REAL",0.00,,Y,A,-,N,,,,,,,,,,Y,3,0,4,2,A,-,12,21453,A,N,D,D,A,A,H,-,C,A,0,,,,,Y,,-,,0,1,3,0,0,0,0,0,0,"- ","- ",34.254280000000001,-119.44019,"SANTA BARBARA","SANTA BARBARA",-119.73373986999999,34.428590020000001
6831632,2015,2015-03-27,4203,2015-02-19,1913,4,4203,4,5,5,4203,0,0,0,,0,004,"W MICHELTORENA ST","CHAPALA ST",0.00,,Y,A,-,N,,,,,,,,,,N,3,0,1,2,A,-,09,21801,A,N,A,C,A,A,H,-,C,A,0,,,,,Y,,-,,0,1,0,0,0,0,0,0,0,"- ","- ",34.252899999999997,-119.4233,"SANTA BARBARA","SANTA BARBARA",-119.70944995000001,34.425140079999998
6834290,2014,2015-03-16,9760,2014-11-20,2100,017314,,4,2,9,4200,0,1,3,,1,022,"RT 154","EAST CAMINO CIELO",1584.00,E,N,F,-,Y,,,154,,,,,,,Y,3,0,1,1,C,-,18,,,N,E,I,A,B,H,-,D,D,0,,,,,Y,,-,"- ",0,1,0,0,0,0,0,0,0,"- ","- ",34.51437,-119.82550000000001,"SANTA BARBARA",UNINCORPORATED,-119.82542289,34.514465420000001
6834293,2014,2016-06-22,9760,2014-11-07,1710,020029,9760,5,2,9,4200,0,1,2,,2,011,"RT 101","GARDEN ST",200.00,N,N,A,-,Y,SB,5,101,-,-,13.540,H,-,S,Y,4,0,1,3,A,-,03,22350,,N,C,C,A,A,H,-,C,D,1,,,,,Y,,D,22,0,0,1,0,0,0,0,0,0,"- ","- ",34.416910000000001,-119.68876,"SANTA BARBARA",UNINCORPORATED,-119.69023275000001,34.417695620000003
6834294,2014,2016-06-22,9760,2014-11-03,0915,018490,,1,1,9,4200,0,1,2,,2,010,"RT 101","SANTA CLAUS LN",3960.00,S,N,A,-,Y,SB,5,101,-,-,4.530,H,-,N,Y,4,0,2,2,C,-,18,,,N,E,J,A,A,H,-,A,D,1,,,,,Y,,-,"- ",0,0,2,0,0,0,0,0,0,"- ","- ",34.405970000000003,-119.54026,"SANTA BARBARA",UNINCORPORATED,-119.54134483999999,34.40596773
6834671,2015,2015-03-05,4204,2015-01-23,1518,90081,04,5,5,5,4204,0,0,0,,0,001,TAYLOR,CURRYER,381.00,W,N,A,-,N,,,,,,,,,,N,4,0,1,2,A,-,09,21804,A,N,D,C,A,A,H,-,A,A,0,,,,,Y,,A,07,0,0,1,0,0,0,0,0,0,"- ","- ",,,"SANTA BARBARA","SANTA MARIA",-120.44196132,34.975030009999998
6835101,2015,2016-02-17,4203,2015-02-12,1220,9420,,4,5,5,4203,0,0,0,,0,005,"S LA CUMBRE RD","CALLE REAL",0.00,,Y,A,-,N,,,,,,,,,,Y,4,0,1,2,A,-,09,21801,A,N,A,C,A,A,H,-,A,A,0,,,,,Y,,-,,0,0,1,0,0,0,0,0,0,"- ","- ",34.261369999999999,-119.45,"SANTA BARBARA","SANTA BARBARA",-119.75102995,34.437230100000001
6835745,2014,2016-06-22,9760,2014-11-28,0755,019831,,5,1,5,4203,0,1,2,,2,011,"RT 101","MILPAS ST",310.00,S,N,A,-,Y,SB,5,101,-,-,12.560,H,-,N,Y,3,0,2,1,A,-,08,22107,,N,E,I,A,A,H,-,A,D,1,,,,,Y,,A,01,0,1,1,0,0,0,0,0,0,TO,"- ",,,"SANTA BARBARA","SANTA BARBARA",-119.67396342000001,34.42007031
6835751,2014,2016-06-22,9760,2014-11-18,1130,012263,,2,1,5,4203,0,1,2,,2,011,"RT 101","LAS POSITAS RD",1198.00,S,N,B,-,Y,SB,5,101,-,-,16.320,R,1,S,Y,4,0,1,2,A,-,03,22350,,N,C,C,A,A,H,-,A,D,1,,,,,Y,,A,01,0,0,1,0,0,0,0,0,0,TO,"- ",,,"SANTA BARBARA","SANTA BARBARA",-119.72973184,34.427162189999997
6836836,2015,2015-03-18,4200,2015-02-12,0832,3683,14,4,5,4,4214,0,0,0,,0,080,"GLENN ANNIE RD","CATHEDRAL OAKS RD",219.00,S,N,A,-,N,,,,,,,,,,Y,4,0,3,3,A,-,03,22350,,N,C,C,A,A,H,-,A,D,0,,,,,Y,,A,07,0,0,3,0,0,0,0,0,0,"- ","- ",,,"SANTA BARBARA",GOLETA,-119.87419957,34.440304679999997
6836852,2015,2016-10-28,9760,2015-02-17,0855,015658,,2,1,9,4200,0,3,5,,2,004,"REFUGIO RD","RT 101",0.00,,Y,B,-,Y,SB,5,101,-,R,36.888,R,4,N,Y,3,0,1,2,A,-,09,21801,A,N,A,C,A,A,H,-,A,D,1,,,,,Y,,D,22,0,1,0,0,0,0,0,0,0,"- ",NF,34.466050000000003,-120.06907,"SANTA BARBARA",UNINCORPORATED,-120.07319902,34.464968480000003
6836864,2015,2016-10-28,9760,2015-02-09,1630,12518,,1,2,9,4200,0,1,2,,2,020,"RT 101","SAN JOSE CREEK",80.00,S,N,A,-,Y,SB,5,101,-,-,21.600,H,-,N,Y,3,0,1,2,A,-,07,21658,A,N,B,C,A,A,H,-,A,D,1,,,,Y,Y,,A,01,0,1,0,0,0,0,0,0,0,"- ","- ",34.441130000000001,-119.81646000000001,"SANTA BARBARA",UNINCORPORATED,-119.81617747999999,34.441079809999998
6837067,2015,2015-03-16,9760,2015-02-13,2225,20908,,5,3,9,4200,0,3,5,,2,002,"PATTERSON AV","CALLE REAL",0.00,,Y,A,-,N,,,,,,,,,,Y,4,0,1,2,A,-,09,21453,C,N,A,C,A,A,H,-,C,A,0,,,,,Y,,A,08,0,0,1,0,0,0,0,0,0,"- ","- ",34.443640000000002,-119.80844,"SANTA BARBARA",UNINCORPORATED,-119.80817,34.443630059999997
6837071,2015,2016-02-17,9760,2015-02-19,1910,17314,,4,2,9,4200,0,3,5,,2,005,"EMBARCADERO DEL MAR","PICASSO RD",0.00,,Y,A,-,N,,,,,,,,,,N,4,0,1,2,A,-,12,22450,A,N,D,C,A,A,H,-,E,D,0,,Y,,,Y,,L,04,0,0,1,0,0,0,1,0,0,"- ","- ",34.41516,-119.85718,"SANTA BARBARA",UNINCORPORATED,-119.85701994999999,34.415100099999997
6837708,2015,2016-09-13,4204,2015-02-13,1428,23471,75,5,5,5,4204,0,0,0,,0,003,BROADWAY,"NEWLOVE DR",0.00,,Y,A,-,Y,SB,5,135,-,-,14.170,I,5,S,N,4,0,1,2,A,-,12,21453,A,N,-,C,A,A,H,-,A,A,0,,,,,Y,,A,01,0,0,1,0,0,0,0,0,0,"- ","- ",,,"SANTA BARBARA","SANTA MARIA",-120.43612562,34.92988682
6838043,2014,2016-06-22,9750,2014-11-18,2136,,,2,2,5,4204,0,1,2,,2,001,"RT 101","MAIN ST",200.00,N,N,A,-,Y,SB,5,101,-,-,88.670,H,-,S,Y,3,0,1,2,A,-,01,23152,E,N,C,C,A,A,H,-,C,D,0,,,Y,,Y,,C,02,0,1,0,0,0,0,0,0,1,"- ","- ",34.955460000000002,-120.41750999999999,"SANTA BARBARA","SANTA MARIA",-120.41733571,34.953805559999999
6839922,2015,2015-03-21,4203,2015-03-04,1927,3597,,3,5,5,4203,0,0,0,,0,006,"SAN ANDRES ST","VICTORIA ST",45.00,S,N,A,-,N,,,,,,,,,,Y,4,0,1,2,A,-,08,22107,,N,C,E,A,A,H,-,C,D,0,,,,,Y,Y,-,,0,0,1,0,0,0,0,0,0,"- ","- ",34.253149999999998,-119.42026,"SANTA BARBARA","SANTA BARBARA",-119.71351803,34.416828410000001
6839938,2015,2015-04-07,4203,2015-03-03,2246,2661,,2,5,5,4203,0,0,0,,0,001,"CACIQUE ST","MILPAS ST",135.00,W,N,A,-,N,,,,,,,,,,Y,3,0,1,2,A,-,09,21801,A,N,D,C,A,A,H,-,A,D,0,,,,,Y,,-,"- ",0,1,0,0,0,0,0,0,0,"- ","- ",34.258000000000003,-119.4037,"SANTA BARBARA","SANTA BARBARA",-119.67663702,34.419485719999997
6840372,2015,2016-09-13,9755,2015-03-10,0605,15973,,2,1,9,4200,0,1,3,,1,042,"RT 154","ZACA STATION RD",200.00,W,N,B,-,Y,SB,5,154,-,R,0.170,H,-,W,Y,4,0,1,1,A,-,08,22107,,N,F,A,A,A,H,-,C,D,0,,,,,Y,,D,22,0,0,1,0,0,0,0,0,0,"- ","- ",34.687559999999998,-120.35641,"SANTA BARBARA",UNINCORPORATED,-120.15596253,34.687358420000002
6843512,2014,2015-03-25,9760,2014-12-17,0955,015658,,3,1,9,4200,0,2,4,,2,024,"CALLE REAL","EL SUENO RD",0.00,,Y,A,-,N,,,,,,,,,,Y,3,0,1,2,A,-,09,21800,C,N,D,C,A,A,H,-,A,A,0,,,Y,,Y,,A,01,0,1,0,0,0,0,0,0,1,"- ","- ",34.441450000000003,-119.76952,"SANTA BARBARA",UNINCORPORATED,-119.76934986000001,34.441500099999999
6843550,2014,2016-06-22,9760,2014-10-31,2145,19656,,5,2,5,4203,0,1,2,,2,011,"RT 101","OLIVE MILL RD",1100.00,N,N,C,-,Y,SB,5,101,-,-,10.750,H,-,S,Y,4,0,1,2,A,-,03,22350,,N,B,C,A,B,F,-,D,D,1,,,,,Y,,A,07,0,0,1,0,0,0,0,0,0,"- ","- ",34.419469999999997,-119.6442,"SANTA BARBARA","SANTA BARBARA",-119.64346179,34.419666309999997
6843558,2014,2015-03-25,9760,2014-10-19,2030,18995,,7,2,9,4200,0,3,5,,2,005,"EL COLEGIO RD","EMBARCADERO DEL NORTE",0.00,,Y,A,-,N,,,,,,,,,,N,2,0,1,2,A,-,05,21650,,N,D,G,A,A,H,-,C,A,0,,Y,,,Y,,L,04,1,0,0,0,0,0,1,0,0,"- ","- ",34.41733,-119.85871,"SANTA BARBARA",UNINCORPORATED,-119.85535998,34.417390089999998
6847166,2014,2015-04-08,9760,2014-12-04,1533,018490,,4,2,9,4200,0,3,5,,2,001,"SAN YSIDRO RD","LA VEREDA RD",0.00,,Y,A,-,N,,,,,,,,,,N,2,0,1,2,A,-,09,21802,A,N,D,G,A,A,H,-,A,A,0,,Y,,,Y,,A,07,1,0,0,0,0,0,1,0,0,"- ","- ",34.425040000000003,-119.63164999999999,"SANTA BARBARA",UNINCORPORATED,-119.6315599,34.425080059999999
6847182,2014,2015-04-08,9760,2014-12-10,1855,017097,,3,2,9,4200,0,3,5,,2,005,"CAMINO DEL SUR","PASADO RD",0.00,,Y,A,-,N,,,,,,,,,,N,3,0,1,2,A,-,09,21801,A,N,A,G,A,A,H,-,C,D,0,,Y,,,Y,,A,01,0,1,0,0,0,0,1,0,0,"- ","- ",34.411740000000002,-119.86259,"SANTA BARBARA",UNINCORPORATED,-119.86257998000001,34.411700099999997
6847834,2015,2016-02-17,4203,2015-03-13,0745,0394,4203,5,5,5,4203,0,0,0,,0,001,"MOUNTAIN DR","HILLCREST RD",0.00,,Y,A,-,N,,,,,,,,,,Y,4,0,1,2,A,-,09,21801,A,N,D,C,A,A,H,-,A,A,0,,,,,Y,,-,,0,0,1,0,0,0,0,0,0,"- ","- ",34.264429999999997,-119.41419,"SANTA BARBARA","SANTA BARBARA",-119.69504987000001,34.445640060000002
6848873,2015,2015-03-21,4204,2015-03-07,0913,90139,32,6,5,5,4204,0,0,0,,0,002,"BLOSSER RD",FESLER,0.00,,Y,A,-,N,,,,,,,,,,Y,4,0,1,1,A,-,01,23152,E,N,E,I,A,A,H,-,A,D,0,,,,,Y,,A,01,0,0,1,0,0,0,0,0,0,"- ","- ",,,"SANTA BARBARA","SANTA MARIA",-120.45355988,34.95696006
6849221,2015,2015-09-21,4203,2015-03-10,1653,5739,,2,5,5,4203,0,0,0,,0,004,"ARRELLAGA ST","DE LA VINA ST",0.00,,Y,A,-,N,,,,,,,,,,Y,3,0,1,2,A,-,12,22450,,N,D,C,A,A,H,-,A,A,0,,,,,Y,,A,01,0,1,0,0,0,0,0,0,0,"- ","- ",34.252969999999998,-119.42425,"SANTA BARBARA","SANTA BARBARA",-119.71186991,34.42499007
6849485,2015,2016-10-03,4202,2015-02-13,1745,232,,5,5,4,4202,0,0,0,,0,,"RT 1","COLLEGE AV",232.00,N,N,A,-,Y,SB,5,1,-,-,21.160,H,-,N,N,4,0,1,2,A,-,03,22350,,F,D,C,A,A,H,-,A,D,0,,,,,Y,,A,01,0,0,1,0,0,0,0,0,0,"- ","- ",,,"SANTA BARBARA",LOMPOC,-120.45775037999999,34.647611509999997
6849505,2015,2015-03-26,4202,2015-01-04,1835,,LOMPO,7,5,4,4202,0,0,0,,0,,"OLIVE AV","SKYVIEW DR",0.00,,Y,A,-,N,,,,,,,,,,Y,4,0,2,2,A,-,01,23152,B,N,A,C,A,A,H,-,C,D,0,,,,,Y,Y,D,22,0,0,2,0,0,0,0,0,0,"- ","- ",,,"SANTA BARBARA",LOMPOC,-120.44368987,34.634000059999998
6849796,2015,2016-10-28,4203,2015-02-17,1307,6700,14,2,5,5,4203,0,0,0,,0,002,"CASTILLO ST","RT 101",75.00,N,N,A,B,Y,SB,5,101,-,R,14.187,I,6,S,N,3,0,1,1,B,-,22,,,N,H,A,A,B,A,G,A,A,0,,Y,,,Y,,-,"- ",0,1,0,0,0,0,1,0,0,"- ",SF,34.244349999999997,-119.41569,"SANTA BARBARA","SANTA BARBARA",-119.69887180000001,34.412150689999997
6854609,2015,2015-05-15,9750,2015-02-22,2038,16874,,7,2,9,4200,0,1,2,,2,002,"RT 101","SOLOMON SUMMIT",2112.00,S,N,B,C,Y,SB,5,101,-,-,78.220,H,-,N,Y,1,1,1,1,A,-,01,23152,A,N,F,A,A,B,H,-,D,D,1,,,,,Y,Y,A,07,1,0,0,0,0,0,0,0,0,"- ","- ",34.820700000000002,-120.35330999999999,"SANTA BARBARA",UNINCORPORATED,-120.35310155000001,34.82044294
6855936,2015,2015-05-04,9760,2015-03-02,1440,16739,,1,2,9,4200,0,3,5,,2,005,"EL COLEGIO RD","CAMINO DEL SUR",305.00,E,N,A,-,N,,,,,,,,,,Y,4,0,1,2,A,-,07,21658,A,N,C,C,A,A,H,-,A,D,0,,,,,Y,,A,07,0,0,1,0,0,0,0,0,0,"- ","- ",34.417270000000002,-119.86178,"SANTA BARBARA",UNINCORPORATED,-119.86152939,34.417310000000001
6855946,2015,2015-03-30,9760,2015-03-09,1757,018754,,1,2,9,4200,0,2,4,,1,021,"HOLLISTER AV","SAN MARCOS RD",20.00,E,N,A,-,N,,,,,,,,,,N,4,0,1,3,A,-,03,22350,,N,C,C,A,A,H,-,A,A,0,,,,,Y,,D,22,0,0,1,0,0,0,0,0,0,"- ","- ",34.435560000000002,-119.79606,"SANTA BARBARA",UNINCORPORATED,-119.79610502,34.435370829999997
6860495,2015,2015-04-03,4204,2015-03-15,1643,90242,17,7,5,5,4204,0,0,0,,0,001,"COLLEGE DR","MCELHANY AV",0.00,,Y,A,-,N,,,,,,,,,,Y,4,0,1,2,A,-,09,21802,A,N,D,C,A,A,H,-,A,D,0,,,,,Y,,A,01,0,0,1,0,0,0,0,0,0,"- ","- ",,,"SANTA BARBARA","SANTA MARIA",-120.42490997,34.96293008
6860664,2015,2015-03-27,9750,2015-03-03,1810,016354,,2,2,9,4200,0,2,4,,1,024,"BRADLEY RD","PATTERSON RD",120.00,N,N,A,-,N,,,,,,,,,,,3,0,2,3,A,-,03,22350,,N,C,C,A,A,H,-,C,D,0,,,,,Y,,A,01,0,1,1,0,0,0,0,0,0,"- ","- ",34.86909,-120.41875,"SANTA BARBARA",UNINCORPORATED,-120.41879283999999,34.868899550000002
6860794,2015,2015-03-26,9760,2015-02-23,0805,012263,,1,1,9,4200,0,3,5,,2,002,"CALLE REAL","EL SUENO RD",503.00,E,N,B,-,N,,,,,,,,,,Y,4,0,1,2,A,-,03,22350,,N,C,C,A,A,H,-,A,D,0,,,,,Y,,A,01,0,0,1,0,0,0,0,0,0,"- ","- ",34.441380000000002,-119.76793000000001,"SANTA BARBARA",UNINCORPORATED,-119.76771769,34.441243970000002
6862464,2015,2016-09-13,9760,2015-03-03,0310,17314,,2,3,9,4200,0,1,3,,1,022,"RT 154","SAN ANTONIO CREEK RD",528.00,W,N,B,-,Y,SB,5,154,-,-,29.860,H,-,E,Y,3,0,1,1,A,-,01,23152,E,N,E,I,A,A,H,-,A,D,0,,,,,Y,,A,07,0,1,0,0,0,0,0,0,0,"- ","- ",34.469900000000003,-119.77688000000001,"SANTA BARBARA",UNINCORPORATED,-119.77682369,34.469832789999998
6863643,2015,2016-10-03,9750,2015-03-14,1134,16354,,6,1,9,4200,0,1,3,,1,022,"RT 1","SAN ANTONIO RD WEST",5808.00,N,N,A,-,Y,SB,5,1,-,R,33.460,H,-,S,Y,4,0,1,1,A,-,08,22107,,N,F,A,A,A,H,-,A,D,1,,,,,Y,,A,01,0,0,1,0,0,0,0,0,0,"- ","- ",34.779679999999999,-120.47029999999999,"SANTA BARBARA",UNINCORPORATED,-120.45139888999999,34.834956310000003
6863647,2015,2016-09-08,9755,2015-03-24,1955,17967,,2,2,9,4200,0,1,3,,2,041,"RT 246","AMBER FARMS RD",0.00,,Y,A,-,Y,SB,5,246,-,-,32.520,H,-,E,Y,4,0,1,2,A,-,03,22350,,N,C,C,A,A,H,-,D,D,0,,,,,Y,,A,07,0,0,1,0,0,0,0,0,0,"- ","- ",34.608080000000001,-120.09133,"SANTA BARBARA",UNINCORPORATED,-120.09136588,34.608028959999999
6863684,2015,2015-04-07,4202,2015-03-12,1749,238,,4,5,4,4202,0,0,0,,0,,"7TH ST","BERKELEY DR",0.00,,Y,A,-,N,,,,,,,,,,N,4,0,1,2,A,-,11,21950,B,N,G,B,B,A,H,-,A,A,0,Y,,,,Y,,N,60,0,0,1,0,1,0,0,0,0,"- ","- ",,,"SANTA BARBARA",LOMPOC,-120.44031993,34.637430039999998