CASE_ID,ACCIDENT_YEAR,PROC_DATE,JURIS,COLLISION_DATE,COLLISION_TIME,OFFICER_ID,REPORTING_DISTRICT,DAY_OF_WEEK,CHP_SHIFT,POPULATION,CNTY_CITY_LOC,SPECIAL_COND,BEAT_TYPE,CHP_BEAT_TYPE,CITY_DIVISION_LAPD,CHP_BEAT_CLASS,BEAT_NUMBER,PRIMARY_RD,SECONDARY_RD,DISTANCE,DIRECTION,INTERSECTION,WEATHER_1,WEATHER_2,STATE_HWY_IND,CALTRANS_COUNTY,CALTRANS_DISTRICT,STATE_ROUTE,ROUTE_SUFFIX,POSTMILE_PREFIX,POSTMILE,LOCATION_TYPE,RAMP_INTERSECTION,SIDE_OF_HWY,TOW_AWAY,COLLISION_SEVERITY,NUMBER_KILLED,NUMBER_INJURED,PARTY_COUNT,PRIMARY_COLL_FACTOR,PCF_CODE_OF_VIOL,PCF_VIOL_CATEGORY,PCF_VIOLATION,PCF_VIOL_SUBSECTION,HIT_AND_RUN,TYPE_OF_COLLISION,MVIW,PED_ACTION,ROAD_SURFACE,ROAD_COND_1,ROAD_COND_2,LIGHTING,CONTROL_DEVICE,CHP_ROAD_TYPE,PEDESTRIAN_ACCIDENT,BICYCLE_ACCIDENT,MOTORCYCLE_ACCIDENT,TRUCK_ACCIDENT,NOT_PRIVATE_PROPERTY,ALCOHOL_INVOLVED,STWD_VEHTYPE_AT_FAULT,CHP_VEHTYPE_AT_FAULT,COUNT_SEVERE_INJ,COUNT_VISIBLE_INJ,COUNT_COMPLAINT_PAIN,COUNT_PED_KILLED,COUNT_PED_INJURED,COUNT_BICYCLIST_KILLED,COUNT_BICYCLIST_INJURED,COUNT_MC_KILLED,COUNT_MC_INJURED,PRIMARY_RAMP,SECONDARY_RAMP,LATITUDE,LONGITUDE,COUNTY,CITY,POINT_X,POINT_Y
82143762,2023,2023-08-15,4204,2023-07-26,1539,90374,20,3,5,5,4204,0,0,0,,0,003,"BETTERAVIA RD","BRADLEY RD (E)",0.00,,Y,A,-,N,,,,,,,,,,N,4,0,1,2,A,-,03,22350,,N,C,C,A,A,H,-,A,A,0,,,,,Y,,A,07,0,0,1,0,0,0,0,0,0,"- ","- ",34.922199249267578,-120.42030334472656,"SANTA BARBARA","SANTA MARIA",-120.42207336425781,34.923744201660156
82143765,2023,2023-08-15,4204,2023-07-29,2305,91404,,6,5,5,4204,0,0,0,,0,002,BROADWAY,"BETTERAVIA RD",0.00,,Y,A,-,N,,,,,,,,,,Y,3,0,1,2,A,-,01,23152,A,N,C,C,A,A,H,-,C,A,0,,,,,Y,Y,A,01,0,1,0,0,0,0,0,0,0,"- ","- ",34.920860290527344,-120.43614959716797,"SANTA BARBARA","SANTA MARIA",-120.43612670898438,34.92083740234375
82152035,2023,2023-08-24,4204,2023-08-06,2148,90343,,7,5,5,4204,0,0,0,,0,,"SONYA LN","WESTGATE RD",0.00,,Y,A,-,N,,,,,,,,,,Y,3,0,1,1,A,-,01,23152,A,N,E,I,A,A,H,-,C,A,0,,,,,Y,Y,A,01,0,1,0,0,0,0,0,0,0,"- ","- ",34.928108215332031,-120.45831298828125,"SANTA BARBARA","SANTA MARIA",-120.45867156982422,34.927974700927734
82165334,2023,2023-09-08,4204,2023-08-18,2127,91405,17,5,5,5,4204,0,0,0,,0,003,"BLOSSER RD","SONYA LN",0.00,,Y,A,-,N,,,,,,,,,,Y,3,0,2,2,A,-,09,21802,A,N,D,C,A,A,H,-,C,A,0,,,,,Y,,A,01,0,1,1,0,0,0,0,0,0,"- ","- ",34.927940368652344,-120.45362091064453,"SANTA BARBARA","SANTA MARIA",-120.45401000976562,34.927883148193359
82169768,2023,2023-09-14,4204,2023-08-26,"102 ",91008,16,6,5,5,4204,0,0,0,,0,003,"BATTLES RD","A ST",0.00,,Y,A,-,N,,,,,,,,,,Y,3,0,1,1,A,-,03,22350,,F,E,I,A,A,H,-,C,A,0,,,,,Y,,A,01,0,1,0,0,0,0,0,0,0,"- ","- ",34.931850433349609,-120.46349334716797,"SANTA BARBARA","SANTA MARIA",-120.46388244628906,34.931800842285156
82174527,2023,2023-09-20,4204,2023-08-26,1405,91329,004,6,5,5,4204,0,0,0,,0,001,"ROSALIND DR","MCELHANY AVE",85.00,N,N,A,-,N,,,,,,,,,,N,4,0,1,2,A,-,03,22350,,N,C,E,A,A,H,-,A,D,0,,,,,Y,,A,01,0,0,1,0,0,0,0,0,0,"- ","- ",34.961448669433594,-120.44190216064453,"SANTA BARBARA","SANTA MARIA",-120.44253540039062,34.962642669677734
82186774,2023,2023-10-02,4204,2023-09-10,1410,91404,011,7,5,5,4204,0,0,0,,0,002,BROADWAY,"COOK ST",338.00,S,N,A,-,N,,,,,,,,,,N,3,0,1,2,A,-,03,22350,,N,C,C,A,A,H,-,A,A,0,,,Y,,Y,,A,01,0,1,0,0,0,0,0,0,1,"- ","- ",34.949848175048828,-120.43598175048828,"SANTA BARBARA","SANTA MARIA",-120.43598937988281,34.949851989746094
82189915,2023,2023-10-04,4204,2023-09-12,"928 ",22113,20,2,5,5,4204,0,0,0,,0,003,BROADWAY,"INGER DR",0.00,,Y,A,-,Y,SB,,135," "," ",13.951,H,,R,Y,4,0,1,2,A,-,09,21802,A,F,D,C,A,A,H,-,A,A,0,,,,,Y,,D,22,0,0,1,0,0,0,0,0,0,"- ","- ",34.926628112792969,-120.43598937988281,"SANTA BARBARA","SANTA MARIA",-120.43594360351562,34.926631927490234
82191617,2023,2023-10-05,4204,2023-09-15,"904 ",90415,11,5,5,5,4204,0,0,0,,0,002,BROADWAY,"MILL ST",0.00,,Y,B,-,Y,SB,,135," "," ",15.933,H,,R,N,3,0,1,2,A,-,03,22350,,N,G,B,B,A,H,-,A,A,0,Y,,,,Y,,A,08,0,1,0,0,1,0,0,0,0,"- ","- ",34.955379486083984,-120.43576812744141,"SANTA BARBARA","SANTA MARIA",-120.43577575683594,34.955379486083984
82193728,2023,2023-10-09,4204,2023-09-14,2300,90755,11,4,5,5,4204,0,0,0,,0,002,"STOWELL RD","THORNBURG ST",0.00,,Y,A,-,N,,,,,,,,,,N,3,0,1,2,A,-,08,22107,,F,B,C,A,A,H,-,C,D,0,,,Y,,Y,,A,01,0,1,0,0,0,0,0,0,1,"- ","- ",34.938640594482422,-120.44024658203125,"SANTA BARBARA","SANTA MARIA",-120.44028472900391,34.938556671142578
82205145,2023,2023-10-23,4200,2023-10-03,"906 ",4950,14,2,5,4,4214,0,0,0,,0,080,"GLEN ANNIE RD","CATHEDRAL OAKS RD",536.00,S,N,A,-,N,,,,,,,,,,Y,4,0,1,2,A,-,03,22350,,N,C,C,A,A,H,-,A,D,0,,,,,Y,,A,07,0,0,1,0,0,0,0,0,0,"- ","- ",,,"SANTA BARBARA",GOLETA,-119.87371826171875,34.439533233642578
82223867,2023,2023-10-31,4204,2023-10-11,"150 ",90415,10,3,5,5,4204,0,0,0,,0,002,"RAILROAD AVE","PERSHING ST",50.00,S,N,A,-,N,,,,,,,,,,N,3,0,1,2,A,-,11,21950,B,N,G,B,D,A,H,-,A,A,0,Y,,,,Y,,N,60,0,1,0,0,1,0,0,0,0,"- ","- ",34.941188812255859,-120.44541168212891,"SANTA BARBARA","SANTA MARIA",-120.44552612304688,34.940841674804688
82226182,2023,2023-11-03,4204,2023-10-16,1854,91519,12,1,5,5,4204,0,0,0,,0,002,"MILLER ST","COOK ST",0.00,,Y,A,-,N,,,,,,,,,,N,3,0,1,2,A,-,11,21954,A,N,G,B,D,A,H,-,C,A,0,Y,,,,Y,,N,60,0,1,0,0,1,0,0,0,0,"- ","- ",34.948688507080078,-120.43121337890625,"SANTA BARBARA","SANTA MARIA",-120.43147277832031,34.94989013671875
82230736,2023,2023-11-08,4204,2023-10-21,1019,91452,,6,5,5,4204,0,0,0,,0,003,"BETTERAVIA RD","H101 BETTERAVIA RD OFF (W)",0.00,,Y,A,-,N,,,,,,,,,,Y,3,0,1,2,D,-,00,,,N,D,C,A,A,H,-,A,D,0,,,,,Y,,-,"- ",0,1,0,0,0,0,0,0,0,"- ","- ",34.923561096191406,-120.41944122314453,"SANTA BARBARA","SANTA MARIA",-120.43612670898438,34.92083740234375
82233318,2023,2023-11-13,4200,2023-10-30,1140,4615,14,1,5,4,4214,0,0,0,,0,060,"LOS CARNEROS RD","KARL STORZ DR",66.00,E,N,A,-,N,,,,,,,,,,Y,4,0,2,2,A,-,03,22350,,N,C,C,A,A,H,-,A,A,0,,,,,Y,,A,01,0,0,2,0,0,0,0,0,0,"- ","- ",,,"SANTA BARBARA",GOLETA,,
82235293,2023,2023-11-14,4204,2023-10-27,"758 ",90415,,5,5,5,4204,0,0,0,,0,003,BROADWAY,"WALLER LN",0.00,,Y,A,-,Y,,,,,,,,,,N,4,0,1,2,A,-,03,22350,,N,C,C,A,A,H,-,A,A,0,,,,,Y,,D,22,0,0,1,0,0,0,0,0,0,"- ","- ",34.905391693115234,-120.43644714355469,"SANTA BARBARA","SANTA MARIA",-120.43600463867188,34.905403137207031
82235298,2023,2023-11-14,4204,2023-10-29,1534,91364,4204,7,5,5,4204,0,0,0,,0,003,BROADWAY,"ENOS DR",40.00,N,N,A,-,Y,SB,,135," "," ",14.391,H,,R,N,3,0,1,2,A,-,08,22107,,N,B,G,A,A,H,-,A,D,0,,Y,,,Y,,A,01,0,1,0,0,0,0,1,0,0,"- ","- ",34.933029174804688,-120.43621063232422,"SANTA BARBARA","SANTA MARIA",-120.43592834472656,34.933029174804688
82244670,2023,2023-11-27,4200,2023-11-15,"806 ",4950,14,3,5,4,4214,0,0,0,,0,080,"STORKE RD","STORKE PLAZA",250.00,N,N,A,-,N,,,,,,,,,,Y,4,0,1,2,A,-,03,22350,,N,C,C,A,A,H,-,A,D,0,,,,,Y,,A,01,0,0,1,0,0,0,0,0,0,"- ","- ",,,"SANTA BARBARA",GOLETA,,
82250623,2023,2023-12-04,4204,2023-11-15,1641,22113,,3,5,5,4204,0,0,0,,0,002,"MILLER ST","MAIN ST",50.00,S,N,C,-,Y,SB,,166," "," ",8.130,H,,R,Y,4,0,1,1,A,-,08,22107,,N,E,I,A,B,H,-,A,A,0,,,,,Y,,D,23,0,0,1,0,0,0,0,0,0,"- ","- ",34.953079223632812,-120.43148040771484,"SANTA BARBARA","SANTA MARIA",-120.43148040771484,34.953098297119141
82253700,2023,2023-12-06,4204,2023-09-03,1800,91401,,7,5,5,4204,0,0,0,,0,003,"BATTLES RD","THORNBURG ST (W)",0.00,,Y,A,-,N,,,,,,,,,,N,4,0,1,2,A,-,10,21950,A,F,G,B,B,A,H,-,A,D,0,Y,,,,Y,,A,01,0,0,1,0,1,0,0,0,0,"- ","- ",34.930580139160156,-120.44077301025391,"SANTA BARBARA","SANTA MARIA",-120.44049072265625,34.931537628173828
82260401,2023,2023-12-13,4200,2023-11-13,1637,3077,14,1,5,4,4214,0,0,0,,0,080,"MATHILDA DR","STREHLE LN",419.00,N,N,A,-,N,,,,,,,,,,N,3,0,1,2,A,-,09,21804,A,N,A,C,A,A,H,-,A,D,0,,,,,Y,,A,01,0,1,0,0,0,0,0,0,0,"- ","- ",,,"SANTA BARBARA",GOLETA,-119.88661193847656,34.426509857177734
82264244,2023,2023-12-18,4200,2023-12-01,1444,3077,14,5,5,4,4214,0,0,0,,0,060,"PATTERSON AVE","RT 101/RT 217 SBOFF/R",0.00,,Y,A,-,Y,,,,,,,,,,N,3,0,1,2,A,-,05,21650,1,N,H,G,A,A,H,-,A,A,0,,Y,,,Y,,L,04,0,1,0,0,0,0,1,0,0,"- ","- ",,,"SANTA BARBARA",GOLETA,,
82270458,2023,2023-12-26,4200,2023-12-14,1640,4615,14,4,5,4,4214,0,0,0,,0,060,"BOLLAY DR","STORKE RD",0.00,,Y,A,-,N,,,,,,,,,,Y,4,0,2,2,A,-,09,21802,A,N,D,C,A,A,H,-,B,A,0,,,,,Y,,A,07,0,0,2,0,0,0,0,0,0,"- ","- ",34.428009033203125,-119.86956787109375,"SANTA BARBARA",GOLETA,-119.86975860595703,34.428058624267578
82271858,2023,2023-12-27,4204,2023-12-01,2351,91401,,5,5,5,4204,0,0,0,,0,002,BROADWAY,"DONOVAN RD",150.00,N,N,A,-,N,,,,,,,,,,Y,3,0,1,2,A,-,03,22350,,N,C,C,A,A,H,-,C,D,0,,,,Y,Y,Y,A,07,0,1,0,0,0,0,0,0,0,"- ","- ",34.966629028320312,-120.43482208251953,"SANTA BARBARA","SANTA MARIA",-120.43563079833984,34.966644287109375
82271865,2023,2023-12-27,4204,2023-12-12,1621,90363,22,2,5,5,4204,0,0,0,,0,003,BROADWAY,"MCCOY LN",0.00,,Y,A,-,Y,,,,,,,,,,Y,4,0,1,2,A,-,03,22350,,N,C,C,A,A,H,-,A,A,0,,,,,Y,,A,01,0,0,1,0,0,0,0,0,0,"- ","- ",34.915599822998047,-120.43672180175781,"SANTA BARBARA","SANTA MARIA",-120.43608856201172,34.916671752929688
82277605,2023,2024-01-03,4204,2023-12-16,1954,91255,,6,5,5,4204,0,0,0,,0,002,BROADWAY,"MORRISON AVE",0.00,,Y,A,-,N,,,,,,,,,,Y,3,0,2,3,A,-,01,23152,A,N,C,C,A,A,H,-,A,A,0,,,,,Y,Y,D,23,0,2,0,0,0,0,0,0,0,"- ","- ",34.943080902099609,-120.43580627441406,"SANTA BARBARA","SANTA MARIA",-120.43598937988281,34.943111419677734
82282512,2023,2024-01-09,4204,2023-12-04,1429,23471,,1,5,5,4204,0,0,0,,0,001,"DONOVAN RD","H101 DONOVAN RD ON (1)",0.00,,Y,A,-,N,,,,,,,,,,N,4,0,2,2,A,-,21,22106,,N,C,C,A,A,H,-,A,A,0,,,,,Y,Y,A,01,0,0,2,0,0,0,0,0,0,"- ","- ",34.967990875244141,-120.42072296142578,"SANTA BARBARA","SANTA MARIA",-120.43566131591797,34.967700958251953
82286808,2023,2024-01-15,4200,2023-09-25,1545,3077,,1,5,4,4214,0,0,0,,0,060,"LOS CARNEROS RD","RT 101 NBON/R",32.00,N,N,A,-,N,,,,,,,,,,N,4,0,2,2,A,-,03,22350,,N,C,C,A,A,H,-,A,A,0,,,,,Y,,A,01,0,0,2,0,0,0,0,0,0,"- ","- ",,,"SANTA BARBARA",GOLETA,,
82307426,2024,2024-02-07,4200,2024-01-16,1309,5329,,2,5,4,4214,0,0,0,,0,080,"STORKE RD","RT 101 SBOFF/R",0.00,,Y,A,-,Y,,,,,,,,,,N,3,0,1,2,A,-,05,21650,1,N,H,G,A,A,H,-,A,A,0,,Y,,,Y,,L,04,0,1,0,0,0,0,1,0,0,"- ","- ",,,"SANTA BARBARA",GOLETA,,
82309912,2024,2024-02-09,4204,2024-01-10,2000,90718,4204,3,5,5,4204,0,0,0,,0,002,"BOONE ST","ELIZABETH ST",45.00,E,N,A,-,N,,,,,,,,,,Y,4,0,1,2,A,-,08,22107,,N,B,E,A,A,H,-,C,D,0,,,,,Y,,D,22,0,0,1,0,0,0,0,0,0,"- ","- ",34.946769714355469,-120.42871856689453,"SANTA BARBARA","SANTA MARIA",-120.42838287353516,34.946891784667969
82328126,2024,2024-03-04,4204,2024-02-12,1530,23471,,1,5,5,4204,0,0,0,,0,003,"STOWELL RD","HANSON WAY",0.00,,Y,A,-,N,,,,,,,,,,N,3,0,1,2,A,-,08,22107,,N,B,C,A,A,H,-,A,D,0,,,,,Y,,-,99,0,1,0,0,0,0,0,0,0,"- ","- ",34.938770294189453,-120.46150207519531,"SANTA BARBARA","SANTA MARIA",-120.46107482910156,34.938739776611328
82328247,2024,2024-03-04,4200,2024-02-19,1401,5329,14,1,5,4,4214,0,0,0,,0,060,"LOS CARNEROS RD","DISCOVERY DR",517.00,N,N,B,-,N,,,,,,,,,,Y,4,0,2,2,A,-,03,22350,,N,C,C,A,B,H,-,A,A,0,,,,,Y,,A,01,0,0,2,0,0,0,0,0,0,"- ","- ",,,"SANTA BARBARA",GOLETA,-119.85976409912109,34.426750183105469
82334019,2024,2024-03-11,4204,2024-02-22,"817 ",22113,,4,5,5,4204,0,0,0,,0,003,"SKYWAY DR","FAIRWAY DR",0.00,,Y,A,-,N,,,,,,,,,,N,4,0,1,2,A,-,03,22350,,N,C,C,A,A,H,-,A,A,0,,,,,Y,,A,07,0,0,1,0,0,0,0,0,0,"- ","- ",,,"SANTA BARBARA","SANTA MARIA",-120.45417022705078,34.913429260253906
82339877,2024,2024-03-18,4204,2024-03-01,1241,90267,,5,5,5,4204,0,0,0,,0,001,"DONOVAN RD","COLLEGE DR",0.00,,Y,C,-,N,,,,,,,,,,N,4,0,1,2,A,-,12,21453,A,N,D,C,A,B,H,-,A,A,0,,,,Y,Y,,F,26,0,0,1,0,0,0,0,0,0,"- ","- ",34.967521667480469,-120.42545318603516,"SANTA BARBARA","SANTA MARIA",-120.42565155029297,34.967674255371094
82342549,2024,2024-03-20,4204,2024-02-25,2010,91313,,7,5,5,4204,0,0,0,,0,003,"BLOSSER RD","LA BREA AVE",205.00,N,N,A,-,N,,,,,,,,,,N,4,0,1,1,A,-,01,23152,G,N,E,I,A,A,H,-,C,D,0,,,,,Y,,A,01,0,0,1,0,0,0,0,0,0,"- ","- ",34.934478759765625,-120.45400238037109,"SANTA BARBARA","SANTA MARIA",-120.45393371582031,34.935764312744141
82345265,2024,2024-03-25,4204,2024-03-07,1720,91249,,4,5,5,4204,0,0,0,,0,,"MAIN ST","CONCEPCION AVE",0.00,,Y,A,-,N,,,,,,,,,,N,3,0,1,2,A,-,12,22450,A,N,D,C,A,A,H,-,B,A,0,,,,,Y,,A,01,0,1,0,0,0,0,0,0,0,"- ","- ",34.952838897705078,-120.42269897460938,"SANTA BARBARA","SANTA MARIA",-120.42266845703125,34.953094482421875
82351063,2024,2024-04-01,4204,2024-03-14,1435,90267,4202,4,5,5,4204,0,0,0,,0,003,"BRADLEY RD","STOWELL RD",0.00,,Y,A,-,N,,,,,,,,,,N,4,0,3,3,A,-,03,22350,,N,C,C,A,A,H,-,A,A,0,,,,Y,Y,,F,26,0,0,3,0,0,0,0,0,0,"- ","- ",34.936920166015625,-120.41951751708984,"SANTA BARBARA","SANTA MARIA",-120.41941833496094,34.938343048095703
82360636,2024,2024-04-10,4204,2024-03-22,1838,91249,,5,5,5,4204,0,0,0,,0,,"ALVIN AVE","STOKES AVE",0.00,,Y,A,-,N,,,,,,,,,,N,3,0,1,2,A,-,03,22350,,N,C,C,A,A,H,-,B,D,0,,,,,Y,,A,01,0,1,0,0,0,0,0,0,0,"- ","- ",34.958759307861328,-120.41494750976562,"SANTA BARBARA","SANTA MARIA",-120.41551208496094,34.960258483886719
82361716,2024,2024-04-11,4204,2024-03-26,1408,22113,05,2,5,5,4204,0,0,0,,0,001,"DONOVAN RD","COLLEGE DR",15.00,E,N,A,-,N,,,,,,,,,,N,4,0,1,2,A,-,03,22350,,N,C,C,A,A,H,-,A,A,0,,,,,Y,,D,22,0,0,1,0,0,0,0,0,0,"- ","- ",34.966388702392578,-120.42482757568359,"SANTA BARBARA","SANTA MARIA",-120.42559814453125,34.967670440673828
82367384,2024,2024-04-18,4204,2024-03-30,1607,91313,4204,6,5,5,4204,0,0,0,,0,002,"SMITH ST","MAIN ST (W)",0.00,,Y,C,-,N,,,,,,,,,,N,4,0,1,2,D,-,00,,,N,D,G,A,B,H,-,A,D,0,,Y,,,Y,Y,-,"- ",0,0,1,0,0,0,1,0,0,"- ","- ",34.953361511230469,-120.44290924072266,"SANTA BARBARA","SANTA MARIA",-120.44254302978516,34.953201293945312
82376816,2024,2024-04-29,4200,2024-01-09,"844 ",3077,10,2,5,3,4205,0,0,0,,0,030,"RINCON ROAD (HWY 150)","VIA REAL",126.00,W,N,A,-,Y,SB,,150," ",R,0.225,H,,R,Y,1,1,1,2,A,-,08,22107,,N,H,G,A,A,H,-,A,D,0,,Y,,,Y,,M,91,0,1,0,0,0,1,0,0,0,"- ","- ",34.384449005126953,-119.48075866699219,"SANTA BARBARA",CARPINTERIA,-119.48075866699219,34.384407043457031
82379187,2024,2024-05-01,4204,2024-04-12,1141,90415,,5,5,5,4204,0,0,0,,0,003,BROADWAY,"MCCOY LN",525.00,N,N,B,-,Y,SB,,135," "," ",13.261,H,,R,N,4,0,1,2,A,-,03,22350,,N,C,C,A,A,H,-,A,A,0,,,,,Y,,A,01,0,0,1,0,0,0,0,0,0,"- ","- ",34.916679382324219,-120.43618011474609,"SANTA BARBARA","SANTA MARIA",-120.4359130859375,34.916683197021484
82384554,2024,2024-05-08,4204,2024-04-22,"837 ",22113,,1,5,5,4204,0,0,0,,0,003,"CROSSROADS LN","DEL SUR",100.00,E,N,B,-,N,,,,,,,,,,Y,3,0,1,2,A,-,08,22107,,N,C,E,A,A,H,-,A,A,0,,,,,Y,,A,01,0,1,0,0,0,0,0,0,0,"- ","- ",34.916580200195312,-120.42323303222656,"SANTA BARBARA","SANTA MARIA",-120.423095703125,34.916587829589844
82387722,2024,2024-05-13,4200,2024-04-24,1529,5329,,3,5,4,4214,0,0,0,,0,080,"GLEN ANNIE RD","DEL NORTE DR",502.00,N,N,A,-,N,,,,,,,,,,Y,4,0,4,4,A,-,03,22350,,N,C,C,A,A,H,-,A,A,0,,,,,Y,,A,07,0,0,4,0,0,0,0,0,0,"- ","- ",34.436988830566406,-119.87216186523438,"SANTA BARBARA",GOLETA,-119.87211608886719,34.436965942382812
82393221,2024,2024-05-20,4204,2024-05-02,"836 ",22113,,4,5,5,4204,0,0,0,,0,001,"DARBETON AVE","ATLANTIC PL",1000.00,S,N,A,-,N,,,,,,,,,,Y,3,0,2,4,A,-,08,22107,,N,A,E,A,A,H,-,A,D,0,,,,,Y,,A,07,0,2,0,0,0,0,0,0,0,"- ","- ",34.988941192626953,-120.45171356201172,"SANTA BARBARA","SANTA MARIA",-120.45200347900391,34.986461639404297
82396733,2024,2024-05-23,4204,2024-04-27,2242,91452,,6,5,5,4204,0,0,0,,0,,BROADWAY,"STOWELL RD",0.00,,Y,A,-,N,,,,,,,,,,N,4,0,1,2,A,-,17,21209,A,F,H,G,A,A,H,-,C,A,0,,Y,,,Y,,-,99,0,0,1,0,0,0,1,0,0,"- ","- ",34.938499450683594,-120.43598937988281,"SANTA BARBARA","SANTA MARIA",-120.43603515625,34.938503265380859
82398699,2024,2024-05-27,4204,2024-05-08,"910 ",23471,,3,5,5,4204,0,0,0,,0,,"MILLER ST","BATTLES RD",0.00,,Y,A,-,N,,,,,,,,,,Y,4,0,1,3,A,-,12,21457,A,N,B,C,A,A,H,-,A,A,0,,,,,Y,,A,01,0,0,1,0,0,0,0,0,0,"- ","- ",34.931358337402344,-120.43193054199219,"SANTA BARBARA","SANTA MARIA",-120.43177795410156,34.931438446044922
82405012,2024,2024-06-04,4204,2024-05-19,1135,90357,,7,5,5,4204,0,0,0,,0,002,BROADWAY,"MILL ST",0.00,,Y,A,-,N,,,,,,,,,,N,3,0,1,2,A,-,09,21801,A,N,B,C,A,A,H,-,A,D,0,,,,,Y,,A,01,0,1,0,0,0,0,0,0,0,"- ","- ",34.955379486083984,-120.43576812744141,"SANTA BARBARA","SANTA MARIA",-120.43573760986328,34.955352783203125
82413592,2024,2024-06-13,4204,2024-05-29,"803 ",90363,,3,5,5,4204,0,0,0,,0,001,BROADWAY,"GRANT ST",415.00,S,N,A,-,Y,,,,,,,,,,Y,4,0,2,2,A,-,09,21804,A,N,D,C,A,A,H,-,A,D,0,,,,,Y,,A,01,0,0,2,0,0,0,0,0,0,"- ","- ",34.971668243408203,-120.43460845947266,"SANTA BARBARA","SANTA MARIA",-120.43559265136719,34.971630096435547
82415400,2024,2024-06-17,4204,2024-05-24,"552 ",91404,,5,5,5,4204,0,0,0,,0,001,"BENWILEY AVE","FESLER ST",187.00,N,N,A,-,N,,,,,,,,,,N,3,0,1,2,A,-,08,22107,,N,G,B,D,A,H,-,A,D,0,Y,,,,Y,,A,01,0,1,0,0,1,0,0,0,0,"- ","- ",34.956718444824219,-120.44583892822266,"SANTA BARBARA","SANTA MARIA",-120.44563293457031,34.957382202148438
82416930,2024,2024-06-18,4204,2024-06-01,1804,91313,,6,5,5,4204,0,0,0,,0,001,"SEAWARD DR","AMY WAY",0.00,,Y,A,-,N,,,,,,,,,,N,4,0,1,2,A,-,09,21802,A,N,D,C,A,A,H,-,A,A,0,,,,,Y,,A,01,0,0,1,0,0,0,0,0,0,"- ","- ",34.973941802978516,-120.418701171875,"SANTA BARBARA","SANTA MARIA",-120.41854858398438,34.9742431640625
82426548,2024,2024-07-01,4204,2024-06-14,1212,91364,,5,5,5,4204,0,0,0,,0,003,"MILLER ST","NEWLOVE DR",0.00,,Y,A,-,N,,,,,,,,,,Y,3,0,2,2,A,-,09,21802,A,N,D,C,A,A,H,-,A,D,0,,,,,Y,,A,01,0,1,1,0,0,0,0,0,0,"- ","- ",34.929740905761719,-120.4320068359375,"SANTA BARBARA","SANTA MARIA",-120.43180084228516,34.9298095703125
82426723,2024,2024-07-01,4200,2024-06-03,1545,4615,,1,5,4,4214,0,0,0,,0,060,"FAIRVIEW AVE","FAIRVIEW AVE MINOR",100.00,N,N,A,-,N,,,,,,,,,,N,4,0,1,2,A,-,09,21804,A,N,H,G,A,A,H,-,A,A,0,,Y,,,Y,,A,01,0,0,1,0,0,0,1,0,0,"- ","- ",34.437400817871094,-119.83138275146484,"SANTA BARBARA",GOLETA,-119.83203125,34.439228057861328
82426944,2024,2024-07-01,4200,2024-05-15,1317,5329,,3,5,4,4214,0,0,0,,0,080,"HOLLISTER AVE","MARKETPLACE DR",0.00,,Y,A,-,N,,,,,,,,,,Y,3,0,1,2,A,-,12,21453,A,N,D,C,A,A,H,-,A,A,0,,,,,Y,,D,22,0,1,0,0,0,0,0,0,0,"- ","- ",,,"SANTA BARBARA",GOLETA,-119.87355804443359,34.430023193359375
82431200,2024,2024-07-05,4204,2024-04-20,1355,91315,,6,5,5,4204,0,0,0,,0,002,"WESTERN AVE","BOONE ST",0.00,,Y,A,-,N,,,,,,,,,,N,4,0,1,2,A,-,10,21950,A,F,G,B,B,A,H,-,A,A,0,Y,,,,Y,Y,A,08,0,0,1,0,1,0,0,0,0,"- ","- ",34.946109771728516,-120.44924163818359,"SANTA BARBARA","SANTA MARIA",-120.44943237304688,34.946918487548828
82431883,2024,2024-07-08,4200,2024-05-31,1421,3077,,5,5,4,4214,0,0,0,,0,080,"CALLE REAL","MENDOCINO DR",0.00,,Y,A,-,N,,,,,,,,,,Y,3,0,2,2,A,-,09,21802,A,N,D,C,A,A,H,-,A,A,0,,,,,Y,,A,01,0,1,1,0,0,0,0,0,0,"- ","- ",34.433269500732422,-119.87606811523438,"SANTA BARBARA",GOLETA,-119.87606048583984,34.433280944824219
82432362,2024,2024-07-08,4200,2024-05-10,1647,3077,,5,5,4,4214,0,0,0,,0,060,"HOLLISTER AVE","PINE AVE",120.00,W,N,A,-,N,,,,,,,,,,Y,3,0,3,4,A,-,03,22350,,N,C,C,A,A,H,-,A,A,0,,,,,Y,,A,01,0,1,2,0,0,0,0,0,0,"- ","- ",34.435848236083984,-119.82711791992188,"SANTA BARBARA",GOLETA,-119.82705688476562,34.435874938964844
82440024,2024,2024-07-16,4204,2024-03-23,2133,91314,,6,5,5,4204,0,0,0,,0,001,"PREISKER LN",BROADWAY,0.00,,Y,A,-,N,,,,,,,,,,N,3,0,1,2,A,-,03,22350,,N,C,C,A,A,H,-,C,D,0,,,,,Y,,A,01,0,1,0,0,0,0,0,0,0,"- ","- ",34.9788818359375,-120.43472290039062,"SANTA BARBARA","SANTA MARIA",-120.43474578857422,34.978843688964844
8282499,2017,2017-01-31,4203,2017-01-05,1807,6973,,4,5,5,4203,0,0,0,,0,001,"E COTA ST","CASITAS RD",141.00,E,N,A,-,N,,,,,,,,,,Y,3,0,1,3,D,-,00,,,N,F,C,A,A,H,-,D,D,0,,,,,Y,,-,"- ",0,1,0,0,0,0,0,0,0,"- ","- ",34.43,-119.68300000000001,"SANTA BARBARA","SANTA BARBARA",-119.68225518,34.431343390000002