CASE_ID,ACCIDENT_YEAR,PROC_DATE,JURIS,COLLISION_DATE,COLLISION_TIME,OFFICER_ID,REPORTING_DISTRICT,DAY_OF_WEEK,CHP_SHIFT,POPULATION,CNTY_CITY_LOC,SPECIAL_COND,BEAT_TYPE,CHP_BEAT_TYPE,CITY_DIVISION_LAPD,CHP_BEAT_CLASS,BEAT_NUMBER,PRIMARY_RD,SECONDARY_RD,DISTANCE,DIRECTION,INTERSECTION,WEATHER_1,WEATHER_2,STATE_HWY_IND,CALTRANS_COUNTY,CALTRANS_DISTRICT,STATE_ROUTE,ROUTE_SUFFIX,POSTMILE_PREFIX,POSTMILE,LOCATION_TYPE,RAMP_INTERSECTION,SIDE_OF_HWY,TOW_AWAY,COLLISION_SEVERITY,NUMBER_KILLED,NUMBER_INJURED,PARTY_COUNT,PRIMARY_COLL_FACTOR,PCF_CODE_OF_VIOL,PCF_VIOL_CATEGORY,PCF_VIOLATION,PCF_VIOL_SUBSECTION,HIT_AND_RUN,TYPE_OF_COLLISION,MVIW,PED_ACTION,ROAD_SURFACE,ROAD_COND_1,ROAD_COND_2,LIGHTING,CONTROL_DEVICE,CHP_ROAD_TYPE,PEDESTRIAN_ACCIDENT,BICYCLE_ACCIDENT,MOTORCYCLE_ACCIDENT,TRUCK_ACCIDENT,NOT_PRIVATE_PROPERTY,ALCOHOL_INVOLVED,STWD_VEHTYPE_AT_FAULT,CHP_VEHTYPE_AT_FAULT,COUNT_SEVERE_INJ,COUNT_VISIBLE_INJ,COUNT_COMPLAINT_PAIN,COUNT_PED_KILLED,COUNT_PED_INJURED,COUNT_BICYCLIST_KILLED,COUNT_BICYCLIST_INJURED,COUNT_MC_KILLED,COUNT_MC_INJURED,PRIMARY_RAMP,SECONDARY_RAMP,LATITUDE,LONGITUDE,COUNTY,CITY,POINT_X,POINT_Y
8285321,2017,2017-01-25,4200,2017-01-14,1334,4955,14,6,5,4,4214,0,0,0,,0,050,"CATHEDRAL OAKS","HIDDEN LN",1.00,W,N,A,-,N,,,,,,,,,,Y,2,0,1,1,A,-,08,22107,,N,E,I,A,A,H,-,A,A,0,,,,,Y,,A,01,1,0,0,0,0,0,0,0,0,"- ","- ",,,"SANTA BARBARA",GOLETA,-119.82747331,34.451480109999999
8286464,2017,2017-01-26,4203,2017-01-14,1035,3596,,6,5,5,4203,0,0,0,,0,001,"MILPAS ST","QUINIENTOS ST",0.00,,Y,A,-,N,,,,,,,,,,N,4,0,1,2,A,-,09,21801,A,N,A,C,A,A,H,-,A,A,0,,,Y,,Y,,A,01,0,0,1,0,0,0,0,0,1,"- ","- ",34.421680000000002,-119.67887,"SANTA BARBARA","SANTA BARBARA",-119.67889987,34.421620060000002
8291846,2016,2017-02-06,4200,2016-12-23,1325,3116,14,5,5,4,4214,0,0,0,,0,060,"LOS CARNEROS RD","CASTILLAN DR",0.00,,Y,C,-,N,,,,,,,,,,Y,4,0,1,2,A,-,12,21453,A,N,D,C,A,B,H,-,A,A,0,,,,,Y,,A,01,0,0,1,0,0,0,0,0,0,"- ","- ",,,"SANTA BARBARA",GOLETA,-119.85942993,34.431750010000002
8291866,2016,2017-02-06,4200,2016-12-18,1650,4955,14,7,5,4,4214,0,0,0,,0,060,"HOLLISTER AV","FAIRVIEW AV",0.00,,Y,A,-,N,,,,,,,,,,N,4,0,1,2,A,-,12,21453,A,N,D,G,A,A,H,-,B,A,0,,Y,,,Y,,A,01,0,0,1,0,0,0,1,0,0,"- ","- ",,,"SANTA BARBARA",GOLETA,-119.83064996,34.436110079999999
8292801,2017,2017-04-13,4203,2017-04-01,2102,3197,,6,5,5,4203,0,0,0,,0,005,"CASTILLO ST","PADRE ST",0.00,,Y,A,-,N,,,,,,,,,,N,4,0,1,2,A,-,12,22450,,N,G,B,B,A,H,-,C,A,0,Y,,,,Y,,-,,0,0,1,0,1,0,0,0,0,"- ","- ",34.253900000000002,-119.43129999999999,"SANTA BARBARA","SANTA BARBARA",-119.72053988,34.427590090000002
8293580,2017,2017-02-07,4203,2017-01-20,0130,23135,SBSC,5,5,5,4203,0,0,0,,0,003,"ORTEGA ST","E ORTEGA ST",25.00,N,N,C,-,N,,,,,,,,,,N,2,0,1,2,A,-,11,21456,B,F,G,B,B,B,H,-,C,A,0,Y,,,,Y,Y,N,60,1,0,0,0,1,0,0,0,0,"- ","- ",,,"SANTA BARBARA","SANTA BARBARA",-119.69806,34.418660000000003
8293881,2017,2017-03-22,4204,2017-01-19,1730,90268,5,4,5,5,4204,0,0,0,,0,001,"GRANT ST","MILLER ST",0.00,,Y,B,-,N,,,,,,,,,,N,3,0,1,2,A,-,09,21802,A,F,G,G,A,B,H,-,B,A,0,,Y,,,Y,,D,22,0,1,0,0,0,0,1,0,0,"- ","- ",34.972630000000002,-120.43104,"SANTA BARBARA","SANTA MARIA",-120.43087997000001,34.97269008
8295044,2017,2017-02-03,4204,2017-01-15,1302,90343,46,7,5,5,4204,0,0,0,,0,002,"COOK ST","MILLER ST",0.00,,Y,A,-,N,,,,,,,,,,N,4,0,1,2,A,-,03,22350,,F,C,C,A,A,H,-,A,A,0,,,,,Y,,A,01,0,0,1,0,0,0,0,0,0,"- ","- ",34.949800000000003,-120.4316,"SANTA BARBARA","SANTA MARIA",-120.43146987,34.949890089999997
8295267,2017,2017-02-07,4203,2017-01-23,1839,6031,,1,5,5,4203,0,0,0,,0,004,"WEST VICTORIA ST 100 BLOCK","WEST VICTORIA ST",17.00,N,N,A,-,N,,,,,,,,,,N,3,0,2,3,A,-,10,21950,A,N,G,B,B,A,H,-,C,A,0,Y,,,,Y,,-,,0,1,1,0,2,0,0,0,0,"- ","- ",34.252400000000002,-119.42230000000001,"SANTA BARBARA","SANTA BARBARA",,
8296860,2017,2017-02-10,4203,2017-01-30,1614,0673,62,1,5,5,4203,0,0,0,,0,001,"MILPAS ST","MASON ST",0.00,,Y,A,-,N,,,,,,,,,,Y,4,0,1,2,A,-,09,21801,A,N,D,C,A,A,H,-,A,A,0,,,,,Y,,A,07,0,0,1,0,0,0,0,0,0,"- ","- ",34.252859999999998,-119.40483999999999,"SANTA BARBARA","SANTA BARBARA",-119.68016989,34.422560009999998
8296864,2017,2017-02-10,4203,2017-01-27,1509,7774,,5,5,5,4203,0,0,0,,0,006,"CLIFF DR","W CAMPUS ENTRANCE",21.00,E,N,A,-,N,,,,,,,,,,N,3,0,1,2,A,-,09,21801,A,N,D,G,A,A,H,-,A,D,0,,Y,,,Y,,-,,0,1,0,0,0,0,1,0,0,"- ","- ",34.494860000000003,-119.70440000000001,"SANTA BARBARA","SANTA BARBARA",,
82997034,2024,2024-07-31,4204,2024-07-15,1354,91318,,1,5,5,4204,0,0,0,,0,003,"BETTERAVIA RD","BRADLEY RD (E)",315.00,E,N,A,-,N,,,,,,,,,,N,3,0,3,4,A,-,03,22350,,N,C,C,A,A,H,-,A,A,0,,,,Y,Y,,F,26,0,2,1,0,0,0,0,0,0,"- ","- ",34.923568725585938,-120.42024230957031,"SANTA BARBARA","SANTA MARIA",-120.4210205078125,34.923721313476562
8300096,2017,2017-02-03,4200,2017-01-05,1556,3683,14,4,5,4,4214,0,0,0,,0,050,"N FAIRVIEW AV","BERKELEY RD",147.00,N,N,A,-,N,,,,,,,,,,Y,2,0,1,2,A,-,09,21801,A,N,D,C,A,A,H,-,A,D,0,,,Y,,Y,,A,01,1,0,0,0,0,0,0,0,1,"- ","- ",,,"SANTA BARBARA",GOLETA,-119.83065999999999,34.446623649999999
8300991,2017,2017-02-09,4204,2017-01-30,1130,90617,SMPD,1,5,5,4204,0,0,0,,0,001,"NORTH BLOSSER RD","WEST TAYLOR ST",700.00,S,N,A,-,N,,,,,,,,,,N,4,0,1,2,A,-,03,22350,,F,G,B,D,A,H,-,A,A,0,Y,,,,Y,,-,99,0,0,1,0,1,0,0,0,0,"- ","- ",,,"SANTA BARBARA","SANTA MARIA",-120.45346000000001,34.973218330000002
8304523,2017,2017-02-22,4204,2017-01-22,1529,90374,74,7,5,5,4204,0,0,0,,0,003,BROADWAY,"CARMEN LN",0.00,,Y,B,-,N,,,135,,,,,,,N,4,0,1,2,A,-,08,22107,,F,B,C,A,A,H,-,B,A,0,,,,,Y,,I,11,0,0,1,0,0,0,0,0,0,"- ","- ",34.924819999999997,-120.43604999999999,"SANTA BARBARA","SANTA MARIA",-120.43615156,34.92482115
8305713,2017,2017-02-15,4200,2017-01-30,0130,3683,14,1,5,4,4214,0,0,0,,0,060,"LOS CARNEROS RD","DISCOVERY DR",355.00,S,N,A,-,N,,,,,,,,,,Y,3,0,1,1,A,-,08,22107,,N,E,I,A,A,H,-,C,D,0,,,,,Y,,A,01,0,1,0,0,0,0,0,0,0,"- ","- ",,,"SANTA BARBARA",GOLETA,-119.85979,34.424355249999998
8306668,2017,2017-06-27,4203,2017-02-01,1144,69740,,3,5,5,4203,0,0,0,,0,001,"N MILPAS ST","MILPAS ST 231",0.00,,N,A,-,N,,,,,,,,,,N,4,0,1,2,D,-,00,,,F,G,B,F,A,H,-,A,D,0,Y,,,,Y,,-,"- ",0,0,1,0,1,0,0,0,0,"- ","- ",,,"SANTA BARBARA","SANTA BARBARA",-119.682637,34.424315
8313081,2017,2017-03-03,4203,2017-02-08,1238,6700,36,3,5,5,4203,0,0,0,,0,005,"JUNIPERO ST","ALAMAR AV",238.00,W,N,B,-,N,,,,,,,,,,N,3,0,1,2,A,-,11,21954,A,N,G,B,D,B,D,-,A,C,0,Y,,,,Y,,N,60,0,1,0,0,1,0,0,0,0,"- ","- ",,,"SANTA BARBARA","SANTA BARBARA",-119.72661908000001,34.428250910000003
8315375,2017,2017-03-13,4202,2017-02-10,1758,20976,,5,5,4,4202,0,0,0,,0,,"H ST","MAPLE AV",171.00,N,N,C,-,N,,,,,,,,,,Y,3,0,1,3,A,-,03,22350,,N,C,C,A,B,H,-,C,A,0,,,,,Y,,A,01,0,1,0,0,0,0,0,0,0,"- ","- ",,,"SANTA BARBARA",LOMPOC,-120.45780999999999,34.645889629999999
8316062,2016,2017-04-08,4202,2016-12-28,1859,18864,LOMPO,3,5,4,4202,0,0,0,,0,,"H ST","COLLEGE AV",156.00,N,N,A,-,Y,SB,5,1,-,-,21.150,H,-,N,Y,4,0,2,2,A,-,09,21804,A,N,C,C,A,A,H,-,C,A,0,,,,,Y,,A,01,0,0,2,0,0,0,0,0,0,"- ","- ",,,"SANTA BARBARA",LOMPOC,-120.45775227999999,34.647466010000002
8321198,2017,2017-06-27,4204,2017-02-28,1734,90614,04,2,5,5,4204,0,0,0,,0,001,BROADWAY,"TAYLOR ST",335.00,S,N,A,-,Y,SB,5,135,-,-,17.220,H,-,S,N,4,0,1,2,A,-,05,21650,1,N,H,G,A,A,H,-,A,D,0,,Y,,,Y,,L,04,0,0,1,0,0,0,1,0,0,"- ","- ",34.974989999999998,-120.43567,"SANTA BARBARA","SANTA MARIA",-120.43566443,34.974086550000003
8321205,2017,2017-03-13,4204,2017-02-23,1900,90137,36,4,5,5,4204,0,0,0,,0,002,"CHAPEL ST","CONCEPCION AV",0.00,,Y,A,-,N,,,,,,,,,,N,4,0,1,2,A,-,10,21950,A,F,G,B,B,A,H,-,C,D,0,Y,,,,Y,,A,01,0,0,1,0,1,0,0,0,0,"- ","- ",34.953989999999997,-120.42263,"SANTA BARBARA","SANTA MARIA",-120.42266995,34.954260069999997
8321257,2017,2017-03-13,4204,2017-02-20,1540,90274,60,1,5,5,4204,0,0,0,,0,003,"PERSHING ST","RUSSELL AV",170.00,W,N,A,-,N,,,,,,,,,,N,4,0,1,2,A,-,09,21802,B,N,D,C,A,B,H,-,A,A,0,,,,,Y,,A,01,0,0,1,0,0,0,0,0,0,"- ","- ",34.940950000000001,-120.45291,"SANTA BARBARA","SANTA MARIA",-120.45309703,34.941074399999998
8322206,2017,2017-03-22,4203,2017-03-06,1218,4937,,1,5,5,4203,0,0,0,,0,005,"STATE ST","LAS POSITAS",0.00,,Y,A,-,N,,,,,,,,,,Y,2,0,1,2,A,-,09,21801,A,F,A,C,A,A,H,-,A,A,0,,,Y,,Y,,A,01,1,0,0,0,0,0,0,0,1,"- ","- ",34.262500000000003,-119.44029999999999,"SANTA BARBARA","SANTA BARBARA",-119.73423986,34.440360069999997
8325866,2017,2017-03-22,4203,2017-03-05,2126,2520,4203,7,5,5,4203,0,0,0,,0,006,"CARRILLO ST","FIGUEROA ST",0.00,,Y,A,-,N,,,,,,,,,,Y,4,0,1,1,A,-,01,23152,,M,E,I,A,A,H,-,C,D,0,,,,,Y,Y,-,,0,0,1,0,0,0,0,0,0,"- ","- ",34.2453,-119.42400000000001,"SANTA BARBARA","SANTA BARBARA",-119.71157989,34.414720070000001
8326870,2017,2017-03-27,4202,2017-02-19,2126,239,LOMPO,7,5,4,4202,0,0,0,,0,015,"A ST","CHESTNUT AV",0.00,,Y,B,C,N,,,,,,,,,,Y,3,0,2,2,A,-,09,21802,A,N,D,C,A,B,H,-,C,A,0,,,,,Y,,A,01,0,1,1,0,0,0,0,0,0,"- ","- ",,,"SANTA BARBARA",LOMPOC,-120.44897999,34.64215007
8326899,2017,2017-06-27,4202,2017-02-23,1025,292,,4,5,4,4202,0,0,0,,0,,"H ST","OAK AV",159.00,N,N,A,-,Y,SB,5,1,-,-,21.480,H,-,S,N,3,0,1,2,A,-,11,21954,A,N,G,B,-,A,H,-,A,A,0,Y,,,,Y,,N,60,0,1,0,0,0,0,0,0,0,"- ","- ",,,"SANTA BARBARA",LOMPOC,-120.45780889,34.652262
8327515,2017,2017-06-27,4200,2017-01-20,1756,4608,11,5,5,2,4212,0,0,0,,0,,"AVENUE OF FLAGS","DAMASSA RD",0.00,,Y,B,C,Y,SB,5,101,-,R,57.450,R,4,S,N,2,0,1,2,A,-,10,21950,A,N,G,B,B,B,H,-,D,D,0,Y,,,,Y,,A,01,1,0,0,0,1,0,0,0,0,"- ","- ",,,"SANTA BARBARA",BUELLTON,-120.19035599999999,34.618347999999997
8327975,2017,2017-03-24,4203,2017-03-09,1815,1436,,4,5,5,4203,0,0,0,,0,004,"CARRILLO ST","DE LA VINA ST",195.00,E,N,A,-,N,,,,,,,,,,N,3,0,1,2,A,-,11,21955,,N,A,B,D,A,H,-,B,A,0,Y,,,,Y,,N,60,0,1,0,0,1,0,0,0,0,"- ","- ",34.419980000000002,-119.70352,"SANTA BARBARA","SANTA BARBARA",-119.70371388,34.419752440000003
8328456,2017,2017-03-27,4204,2017-03-14,1157,22113,01,2,5,5,4204,0,0,0,,0,001,"HIDDEN PINES WY","CESAR CHAVEZ DR",0.00,,Y,A,-,N,,,,,,,,,,Y,3,0,1,1,A,-,08,22107,,N,E,I,A,A,H,-,A,A,0,,,,,Y,,D,22,0,1,0,0,0,0,0,0,0,"- ","- ",34.985869999999998,-120.44857,"SANTA BARBARA","SANTA MARIA",-120.448565,34.985900000000001
8332743,2017,2017-06-27,4202,2017-02-21,1818,,,2,5,4,4202,0,0,0,,0,,"RT 1","BRISA DEL MAR",937.00,S,N,A,-,Y,SB,5,1,-,-,22.920,H,-,N,Y,4,0,1,3,A,-,03,22350,,N,C,C,A,A,H,-,D,D,0,,,,,Y,,A,01,0,0,1,0,0,0,0,0,0,"- ","- ",,,"SANTA BARBARA",LOMPOC,-120.45721828000001,34.673107350000002
8332856,2017,2017-03-29,4204,2017-03-16,1719,19527,067,4,5,5,4204,0,0,0,,0,003,"YALE PL","THORNBURG ST S",195.00,E,N,A,-,N,,,,,,,,,,N,3,0,1,2,A,-,09,21804,A,N,A,G,A,A,H,-,A,D,0,,Y,,,Y,Y,L,04,0,1,0,0,0,0,1,0,0,"- ","- ",34.936079999999997,-120.44004,"SANTA BARBARA","SANTA MARIA",-120.43935971000001,34.936650149999998
8333195,2017,2017-04-06,4204,2017-03-10,1343,90139,76,5,5,5,4204,0,0,0,,0,003,"BETTERAVIA RD","BRADLEY RD",0.00,,Y,A,-,N,,,,,,,,,,Y,4,0,1,2,A,-,21,22106,,N,C,C,A,A,H,-,A,A,0,,,,Y,Y,,A,01,0,0,1,0,0,0,0,0,0,"- ","- ",,,"SANTA BARBARA","SANTA MARIA",-120.42206993000001,34.923740090000003
8335059,2017,2017-04-11,4204,2017-03-17,0829,90618,57,5,5,5,4204,0,0,0,,0,002,BROADWAY,"MORRISON AV",0.00,,Y,A,-,N,,,135,,,,,,,N,4,0,2,2,A,-,08,22100,B,N,A,C,A,A,H,-,A,A,0,,,,,Y,,A,01,0,0,2,0,0,0,0,0,0,"- ","- ",34.943089999999998,-120.4358,"SANTA BARBARA","SANTA MARIA",-120.43595734,34.943088629999998
8335661,2017,2017-04-12,4203,2017-03-24,1113,7774,,5,5,5,4203,0,0,0,,0,002,"SHORELINE DR","LOMA ALTA DR",0.00,,Y,A,-,N,,,,,,,,,,Y,3,0,2,2,A,-,09,21801,A,N,D,C,A,A,H,-,A,A,0,,,,,Y,,-,,0,2,0,0,0,0,0,0,0,"- ","- ",34.40316,-119.69771,"SANTA BARBARA","SANTA BARBARA",-119.69773995,34.403200040000002
8337091,2017,2017-06-02,4203,2017-05-01,1616,2520,4203,1,5,5,4203,0,0,0,,0,002,"CASTILLO ST","HALEY ST",342.00,S,N,A,-,N,,,,,,,,,,Y,3,0,3,2,A,-,12,21453,A,N,D,C,A,A,G,-,A,A,0,,,,,Y,,-,,0,1,2,0,0,0,0,0,0,"- ","- ",,,"SANTA BARBARA","SANTA BARBARA",-119.69906048,34.412120590000001
8337675,2017,2017-04-21,4203,2017-03-24,0200,6973,,5,5,5,4203,0,0,0,,0,001,"PITOS ST","SALINAS ST",129.00,W,N,A,-,N,,,,,,,,,,Y,3,0,2,6,A,-,01,23152,A,F,B,E,A,A,H,-,C,D,0,,,,,Y,Y,-,,0,2,0,0,0,0,0,0,0,"- ","- ",34.420999999999999,-119.667,"SANTA BARBARA","SANTA BARBARA",-119.66720587,34.421946699999999
8339244,2017,2017-08-04,4204,2017-03-21,0926,90139,,2,5,5,4204,0,0,0,,0,,"MAIN ST","REGAL DR",0.00,,Y,C,-,Y,SB,5,166,-,-,8.710,I,5,W,N,4,0,1,1,C,-,18,,,N,E,I,A,B,G,-,A,D,0,,,,,Y,,-,"- ",0,0,1,0,0,0,0,0,0,"- ","- ",34.953299999999999,-120.42144999999999,"SANTA BARBARA","SANTA MARIA",-120.42124594000001,34.953112040000001
8342221,2017,2018-02-12,4203,2017-04-09,0127,3197,,7,5,5,4203,0,0,0,,0,005,"LAS POSITAS RD","STANLEY DR",432.00,N,N,A,-,N,,,,,,,,,,Y,3,0,2,1,A,-,01,23152,A,N,A,I,A,A,H,-,C,D,0,,,,,Y,Y,-,,0,2,0,0,0,0,0,0,0,"- ","- ",34.261099999999999,-119.4401,"SANTA BARBARA","SANTA BARBARA",-119.73375796000001,34.436480570000001
8342276,2017,2017-08-04,4204,2017-03-17,0647,23656,16,5,5,5,4204,0,0,0,,0,001,BROADWAY,"ORCHARD ST",0.00,,Y,A,-,Y,SB,5,135,-,-,16.660,I,6,S,N,3,0,1,2,A,-,10,21950,A,N,G,B,-,A,H,-,A,A,0,Y,,,,Y,,A,01,0,1,0,0,1,0,0,0,0,"- ","- ",34.965960000000003,-120.43549,"SANTA BARBARA","SANTA MARIA",-120.43575262,34.965908820000003
8345828,2017,2018-04-10,4200,2017-04-02,1206,2728,11,7,5,2,4212,0,0,0,,0,,"E HIGHWAY 246","E HIGHWAY 246 89",0.00,,N,A,-,Y,SB,5,246,-,-,26.200,H,-,W,N,4,0,1,3,A,-,03,22350,,N,C,C,A,A,H,-,A,D,0,,,,,Y,,D,22,0,0,1,0,0,0,0,0,0,"- ","- ",,,"SANTA BARBARA",BUELLTON,-120.19141509000001,34.612665839999998
8345851,2017,2017-04-17,4204,2017-04-08,1055,22557,10,6,5,5,4204,0,0,0,,0,001,"GRANT ST","MILLER ST",200.00,E,N,A,-,N,,,,,,,,,,N,3,0,1,2,A,-,09,21804,A,N,D,C,A,A,H,-,A,D,0,,,,,Y,,A,01,0,1,0,0,0,0,0,0,0,"- ","- ",34.972630000000002,-120.43104,"SANTA BARBARA","SANTA MARIA",-120.43021266,34.972684860000001
8345877,2017,2017-04-17,4203,2017-03-30,1655,3197,,4,5,5,4203,0,0,0,,0,005,"HITCHCOCK AV","GREGORY WY",114.00,S,N,A,-,N,,,,,,,,,,Y,3,0,2,3,A,-,08,22107,,N,B,C,A,A,H,-,A,D,0,,,,,Y,,A,01,0,1,1,0,0,0,0,0,0,"- ","- ",34.261400000000002,-119.4439,"SANTA BARBARA","SANTA BARBARA",-119.74484597,34.436303170000002
83491256,2024,2024-08-05,4204,2024-07-19,2145,91404,,5,5,5,4204,0,0,0,,0,001,"CRESTON ST","BARRINGTON DR",445.00,W,N,-,-,N,,,,,,,,,,N,3,0,5,2,A,-,01,23153,B,N,D,C,A,A,H,-,D,D,0,,,,,Y,Y,A,01,0,2,3,0,0,0,0,0,0,"- ","- ",34.971240997314453,-120.44544982910156,"SANTA BARBARA","SANTA MARIA",-120.44657135009766,34.971382141113281
8349866,2017,2018-04-03,4204,2017-04-21,1819,90346,48,5,5,5,4204,0,0,0,,0,003,"RANCH ST","MAIN ST",0.00,,Y,A,-,Y,SB,5,166,-,-,8.770,H,-,E,Y,4,0,1,2,A,-,04,21703,,N,C,C,A,A,H,-,A,D,0,,,,,Y,,A,08,0,0,1,0,0,0,0,0,0,"- ","- ",34.953229999999998,-120.42014,"SANTA BARBARA","SANTA MARIA",-120.42020072,34.952997809999999
8354037,2017,2017-05-03,4202,2017-04-20,1529,238,,4,5,4,4202,0,0,0,,0,,"PINE AV","G ST",0.00,,Y,A,-,N,,,,,,,,,,Y,3,0,1,2,A,-,09,21802,A,F,D,C,A,A,H,-,A,A,0,,,Y,,Y,,A,07,0,1,0,0,0,0,0,0,1,"- ","- ",,,"SANTA BARBARA",LOMPOC,-120.45644998,34.650180030000001
8356616,2017,2017-05-23,4200,2017-04-24,1422,3683,14,1,5,4,4214,0,0,0,,0,080,"STORKE RD","HOLLISTER AV",200.00,N,N,A,-,N,,,,,,,,,,N,4,0,2,2,A,-,03,22350,,N,C,C,A,A,H,-,A,D,0,,,,,Y,,E,22,0,0,2,0,0,0,0,0,0,"- ","- ",,,"SANTA BARBARA",GOLETA,-119.86971489,34.43064802
8358778,2017,2018-04-03,4204,2017-04-26,1030,90620,81,3,5,5,4204,0,0,0,,0,003,"SOUTH BROADWAY","WESTERN VILLAGE",0.00,,Y,A,-,Y,SB,5,135,-,-,13.708,I,5,S,Y,4,0,1,2,A,-,12,21453,A,N,D,C,A,A,H,-,A,A,0,,,,,Y,,A,01,0,0,1,0,0,0,0,0,0,"- ","- ",,,"SANTA BARBARA","SANTA MARIA",-120.43614814999999,34.923305939999999
8359446,2017,2017-05-16,4203,2017-05-01,1642,23770,,1,5,5,4203,0,0,0,,0,005,"CALLE REAL","PESETAS LN",104.00,W,N,A,-,N,,,,,,,,,,Y,4,0,3,4,C,-,18,,,N,C,C,A,A,H,-,A,D,0,,,,,Y,,-,"- ",0,0,3,0,0,0,0,0,0,"- ","- ",34.441600000000001,-119.7587,"SANTA BARBARA","SANTA BARBARA",-119.75873998,34.441592489999998
8361814,2016,2017-07-28,4200,2016-02-05,2025,,,5,5,2,4212,0,0,0,,0,,"RT 246","SYCAMORE DR",13.00,W,N,A,-,Y,SB,5,246,-,R,25.250,H,-,W,Y,4,0,2,2,A,-,03,22350,,N,C,C,A,A,H,-,C,D,0,,,,,Y,,A,07,0,0,2,0,0,0,0,0,0,"- ","- ",34.535780000000003,-120.06721,"SANTA BARBARA",BUELLTON,-120.20618457,34.618411700000003
8362076,2017,2018-07-20,4202,2017-05-08,1501,238,,1,5,4,4202,0,0,0,,0,,"H ST","OAK AV",120.00,S,N,A,-,N,,,,,,,,,,N,4,0,1,2,A,-,05,21650,1,N,D,G,A,A,H,-,A,D,0,,Y,,,Y,,L,04,0,0,1,0,0,0,1,0,0,"- ","- ",,,"SANTA BARBARA",LOMPOC,-120.45774265999999,34.65147039
8363144,2017,2017-05-22,4200,2017-02-28,1955,4041,14,2,5,4,4214,0,0,0,,0,060,"S PATTERSON AV","OVERPASS RD",0.00,,Y,A,-,N,,,,,,,,,,N,3,0,1,2,A,-,06,21755,A,F,B,C,A,A,H,-,C,A,0,,,Y,,Y,,C,02,0,1,0,0,0,0,0,0,1,"- ","- ",,,"SANTA BARBARA",GOLETA,-119.80864993,34.439080019999999
8364274,2017,2017-05-23,4204,2017-05-12,1712,90622,68,5,5,5,4204,0,0,0,,0,003,"MILLER ST","BARCELLUS AV",0.00,,Y,A,-,N,,,,,,,,,,Y,4,0,2,2,A,-,09,21801,A,N,D,C,A,A,H,-,A,A,0,,,,,Y,,A,01,0,0,2,0,0,0,0,0,0,"- ","- ",34.936570000000003,-120.43161000000001,"SANTA BARBARA","SANTA MARIA",-120.43160998,34.936610020000003
8364278,2017,2017-05-23,4204,2017-05-13,1905,90271,4204,6,5,5,4204,0,0,0,,0,003,"BRADLEY RD","STOWELL RD",0.00,,Y,A,-,N,,,,,,,,,,N,4,0,2,2,A,-,12,21453,A,F,D,C,A,A,H,-,B,A,0,,,,,Y,,A,01,0,0,2,0,0,0,0,0,0,"- ","- ",34.938299999999998,-120.41945,"SANTA BARBARA","SANTA MARIA",-120.41941998,34.938339999999997
8364811,2017,2017-05-10,4203,2017-04-29,1144,23133,,6,5,5,4203,0,0,0,,0,003,"GARDEN ST","GUTIERREZ ST",0.00,,Y,A,-,N,,,,,,,,,,N,4,0,2,2,A,-,03,22350,,N,C,C,A,A,H,-,A,A,0,,,,,Y,,-,,0,0,2,0,0,0,0,0,0,"- ","- ",34.419049999999999,-119.69068,"SANTA BARBARA","SANTA BARBARA",-119.69077996,34.419080100000002
8365151,2017,2017-05-15,4202,2017-03-24,1609,20976,,5,5,4,4202,0,0,0,,0,,"PINE AV","2ND ST",5.00,W,N,A,-,N,,,,,,,,,,Y,3,0,1,2,A,-,09,21801,A,N,B,C,A,A,H,-,A,D,0,,,,,Y,,A,01,0,1,0,0,0,0,0,0,0,"- ","- ",,,"SANTA BARBARA",LOMPOC,-120.44637662,34.650100260000002
8365426,2017,2017-05-15,4202,2017-04-18,1456,09566,,2,5,4,4202,0,0,0,,0,,"CENTRAL AV","L ST",21.00,W,N,A,-,N,,,,,,,,,,N,4,0,1,2,A,-,03,22350,,F,G,B,E,A,H,-,A,A,0,Y,,,,Y,,A,01,0,0,1,0,1,0,0,0,0,"- ","- ",,,"SANTA BARBARA",LOMPOC,-120.46207979,34.660831340000001
8366933,2017,2017-05-18,4203,2017-05-01,1648,23093,28,1,5,5,4203,0,0,0,,0,006,"MODOC RD","CALLE DE LOS AMIGOS",0.00,,Y,A,-,N,,,,,,,,,,Y,4,0,1,2,A,-,08,22100,B,N,B,C,A,A,H,-,A,D,0,,,,,Y,,-,,0,0,1,0,0,0,0,0,0,"- ","- ",34.430509999999998,-114.74451000000001,"SANTA BARBARA","SANTA BARBARA",-119.74807987,34.432780059999999
8368100,2017,2017-05-19,4200,2017-05-05,1434,3116,14,5,5,4,4214,0,0,0,,0,050,"CALLE REAL","ENCINA LN",174.00,E,N,A,-,N,,,,,,,,,,Y,3,0,3,2,A,-,09,21804,A,N,D,C,A,A,H,-,A,D,0,,,,,Y,,A,01,0,2,1,0,0,0,0,0,0,"- ","- ",,,"SANTA BARBARA",GOLETA,-119.8271555,34.44143837
8371137,2017,2018-04-03,4203,2017-05-11,0927,6968,14,4,5,5,4203,0,0,0,,0,002,"CASTILLO ST","RT 101",0.00,,Y,A,-,Y,SB,5,101,-,R,14.340,R,4,S,Y,4,0,1,2,A,-,12,21453,A,N,D,C,A,A,H,-,A,A,0,,,,,Y,,-,,0,0,1,0,0,0,0,0,0,"- ",SF,34.244280000000003,-119.4156,"SANTA BARBARA","SANTA BARBARA",-119.70202696,34.412495569999997
8375358,2017,2017-06-15,4202,2017-05-19,1857,234,LOMPO,5,5,4,4202,0,0,0,,0,,"AIRPORT AV","3RD ST",154.00,E,N,A,-,N,,,,,,,,,,N,3,0,1,2,A,-,09,21804,A,N,A,G,A,A,H,-,A,D,0,,Y,,,Y,,L,04,0,1,0,0,0,0,1,0,0,"- ","- ",,,"SANTA BARBARA",LOMPOC,-120.44460823,34.648491749999998