CASE_ID,ACCIDENT_YEAR,PROC_DATE,JURIS,COLLISION_DATE,COLLISION_TIME,OFFICER_ID,REPORTING_DISTRICT,DAY_OF_WEEK,CHP_SHIFT,POPULATION,CNTY_CITY_LOC,SPECIAL_COND,BEAT_TYPE,CHP_BEAT_TYPE,CITY_DIVISION_LAPD,CHP_BEAT_CLASS,BEAT_NUMBER,PRIMARY_RD,SECONDARY_RD,DISTANCE,DIRECTION,INTERSECTION,WEATHER_1,WEATHER_2,STATE_HWY_IND,CALTRANS_COUNTY,CALTRANS_DISTRICT,STATE_ROUTE,ROUTE_SUFFIX,POSTMILE_PREFIX,POSTMILE,LOCATION_TYPE,RAMP_INTERSECTION,SIDE_OF_HWY,TOW_AWAY,COLLISION_SEVERITY,NUMBER_KILLED,NUMBER_INJURED,PARTY_COUNT,PRIMARY_COLL_FACTOR,PCF_CODE_OF_VIOL,PCF_VIOL_CATEGORY,PCF_VIOLATION,PCF_VIOL_SUBSECTION,HIT_AND_RUN,TYPE_OF_COLLISION,MVIW,PED_ACTION,ROAD_SURFACE,ROAD_COND_1,ROAD_COND_2,LIGHTING,CONTROL_DEVICE,CHP_ROAD_TYPE,PEDESTRIAN_ACCIDENT,BICYCLE_ACCIDENT,MOTORCYCLE_ACCIDENT,TRUCK_ACCIDENT,NOT_PRIVATE_PROPERTY,ALCOHOL_INVOLVED,STWD_VEHTYPE_AT_FAULT,CHP_VEHTYPE_AT_FAULT,COUNT_SEVERE_INJ,COUNT_VISIBLE_INJ,COUNT_COMPLAINT_PAIN,COUNT_PED_KILLED,COUNT_PED_INJURED,COUNT_BICYCLIST_KILLED,COUNT_BICYCLIST_INJURED,COUNT_MC_KILLED,COUNT_MC_INJURED,PRIMARY_RAMP,SECONDARY_RAMP,LATITUDE,LONGITUDE,COUNTY,CITY,POINT_X,POINT_Y
90422893,2017,2017-03-28,9760,2017-03-20,1325,020964,,1,1,9,4200,0,1,2,,2,020,"US-101 N/B","PATTERSON AVE",600.00,S,N,A,-,Y,,,101,,,,,,N,Y,3,0,1,2,A,-,03,22350,,N,B,C,A,A,H,-,A,D,0,,,,Y,Y,,A,01,0,1,0,0,0,0,0,0,0,"- ","- ",34.441839999999999,-119.80623,"SANTA BARBARA",UNINCORPORATED,-119.80623251999999,34.441813600000003
90423902,2017,2017-03-30,9760,2017-03-21,1350,018418,,2,1,9,4200,0,1,2,,1,040,"U.S. 101 S/B","GAVIOTA BEACH RD",800.00,S,N,B,-,Y,,,,,,,,,,Y,4,0,2,2,A,-,08,22107,,N,B,C,A,B,H,-,A,D,0,,,,,Y,,A,01,0,0,2,0,0,0,0,0,0,"- ","- ",34.474730000000001,-120.22683000000001,"SANTA BARBARA",UNINCORPORATED,-120.22755743,34.475696159999998
90424943,2017,2017-03-31,9760,2017-03-29,0754,019831,,3,1,9,4200,0,1,2,,2,020,"US-101 NORTHBOUND (EL CAMINO REAL)","PATTERSON AVE",1123.00,S,N,A,-,Y,,,101,,,,,,N,Y,4,0,1,2,A,-,03,22350,,N,C,C,A,A,H,-,A,D,0,,,,,Y,,A,01,0,0,1,0,0,0,0,0,0,"- ","- ",34.441760000000002,-119.80456,"SANTA BARBARA",UNINCORPORATED,-119.8045678,34.441667619999997
90425252,2017,2017-03-31,9750,2017-03-29,1518,017910,,3,2,9,4200,0,1,3,,1,062,SR-166,"SIERRA MADRE RD",4752.00,W,N,A,-,Y,,,166,,,,,,,Y,3,0,1,1,A,-,08,22107,,N,E,I,A,A,H,-,A,D,0,,,,,Y,,D,23,0,1,0,0,0,0,0,0,0,"- ","- ",35.10624,-120.10680000000001,"SANTA BARBARA",UNINCORPORATED,-120.10676248,35.106236490000001
90426231,2017,2017-04-03,9755,2017-04-01,1625,016999,,6,2,9,4200,0,1,3,,1,042,"SR-154 W/B","LIVE OAK RD",3038.00,W,N,A,-,Y,,,154,,,,,,W,Y,3,0,1,1,A,-,08,22107,,N,F,A,A,A,H,-,A,D,0,,,,,Y,,D,22,0,1,0,0,0,0,0,0,0,"- ","- ",34.547249999999998,-119.88784,"SANTA BARBARA",UNINCORPORATED,-119.88784224,34.547193649999997
90427185,2017,2017-04-04,9750,2017-03-30,1240,014358,,4,1,9,4200,0,1,3,,1,064,"RT 166","WASIOJA ROAD",7920.00,E,N,A,-,Y,,,166,,,,,,,Y,2,0,1,2,A,-,06,21751,,N,A,C,A,A,H,-,A,D,0,,,,Y,Y,,A,01,1,0,0,0,0,0,0,0,0,"- ","- ",34.976689999999998,-119.75646,"SANTA BARBARA",UNINCORPORATED,-119.75647417,34.976664900000003
90427272,2017,2017-04-04,9750,2017-04-02,1120,014753,,7,1,9,4200,0,2,4,,1,024,"BRADLEY ROAD (SOUTHBOUND)","CRESTMONT DRIVE",230.00,N,N,A,-,N,,,,,,,,,,Y,4,0,1,1,C,-,18,,,N,E,I,A,A,H,-,A,D,0,,,,,Y,,-,"- ",0,0,1,0,0,0,0,0,0,"- ","- ",34.890470000000001,-120.42189,"SANTA BARBARA",UNINCORPORATED,-120.42178368,34.890467299999997
90427324,2017,2017-04-04,9750,2017-04-04,0730,014358,,2,1,9,4200,0,3,5,,2,020,"PATTERSON ROAD","BLAKE STREET",3.00,E,N,A,-,N,,,,,,,,,,N,4,0,1,2,A,-,11,21954,A,N,G,B,D,A,H,-,A,D,0,Y,,,,Y,,N,60,0,0,1,0,1,0,0,0,0,"- ","- ",34.868569999999998,-120.42358,"SANTA BARBARA",UNINCORPORATED,-120.42356001,34.868570200000001
90428687,2017,2017-04-06,9760,2017-03-24,0820,016739,,5,1,9,4200,0,1,3,,1,014,"SR-192 (E. VALLEY RD.)","ORTEGA RIDGE RD",1584.00,W,N,A,-,Y,,,192,,,,,,,Y,4,0,1,2,A,-,03,22350,,N,A,J,A,A,H,-,A,D,0,,,,,Y,,A,01,0,0,1,0,0,0,0,0,0,"- ","- ",34.436149999999998,-119.59677000000001,"SANTA BARBARA",UNINCORPORATED,-119.59677006,34.436106619999997
90432163,2017,2017-04-11,9750,2017-04-08,2100,016874,,6,2,9,4200,0,3,5,,2,020,"SR-135 S/B","OLD CAREAGE RANCH ROAD",375.00,N,N,A,B,N,,,135,,,,,,S,Y,3,0,1,1,A,-,01,23152,A,N,F,A,A,A,H,-,D,D,0,,,,,Y,Y,A,07,0,1,0,0,0,0,0,0,0,"- ","- ",34.758870000000002,-120.40173,"SANTA BARBARA",UNINCORPORATED,-120.40175176,34.758709920000001
90432539,2017,2017-04-12,9760,2017-04-03,1840,018418,,1,2,9,4200,0,3,5,,2,002,"W CAMINO CIELO","KINEVAN RD.",10560.00,W,N,A,-,N,,,,,,,,,,Y,3,0,2,1,A,-,08,22107,,N,F,A,A,A,H,-,A,D,0,,,,,Y,,A,07,0,2,0,0,0,0,0,0,0,"- ","- ",34.499960000000002,-119.84323999999999,"SANTA BARBARA",UNINCORPORATED,-119.84319022,34.50006286
90435132,2017,2017-04-17,9750,2017-04-10,1710,017379,,1,2,9,4200,0,1,3,,1,011,"SR-166 (STATE ROUTE 166)","BONITA SCHOOL ROAD",4224.00,W,N,A,-,Y,,,166,,,,,,,Y,3,0,2,1,A,-,01,23152,A,N,F,A,A,A,H,-,A,D,0,,,,,Y,Y,A,01,0,2,0,0,0,0,0,0,0,"- ","- ",34.958480000000002,-120.52257,"SANTA BARBARA",UNINCORPORATED,-120.52256557,34.958519459999998
90435878,2017,2017-04-17,9755,2017-04-08,2007,018514,,6,2,9,4200,0,1,2,,2,004,"US 101 S/B","DAMASSA RD",4224.00,N,N,A,-,Y,,,,,,,,,,Y,4,0,1,2,A,-,05,21651,B,N,A,C,A,B,H,-,D,D,0,,,,,Y,,A,07,0,0,1,0,0,0,0,0,0,"- ","- ",34.631250000000001,-120.18818,"SANTA BARBARA",UNINCORPORATED,-120.18807244999999,34.62992594
90436559,2017,2017-04-18,9760,2017-04-09,2340,020528,,7,3,9,4200,0,3,5,,2,005,"TRIGO ROAD","CAMINO PESCADERO",0.00,,Y,A,-,N,,,,,,,,,,N,3,0,1,2,A,-,11,21954,A,N,G,B,D,A,H,-,C,D,0,Y,,,,Y,,N,60,0,1,0,0,1,0,0,0,0,"- ","- ",34.411160000000002,-119.85866,"SANTA BARBARA",UNINCORPORATED,-119.85869993,34.411130069999999
90437508,2017,2017-04-19,9760,2017-04-08,1335,021531,,6,1,9,4200,0,2,4,,1,021,"E/B HOLLISTER AVENUE","SAN RICARDO DR.",67.00,E,N,A,-,N,,,,,,,,,,Y,3,0,1,2,A,-,03,22350,,N,C,C,A,A,H,-,A,D,0,,,,,Y,,A,07,0,1,0,0,0,0,0,0,0,"- ","- ",34.435020000000002,-119.80627,"SANTA BARBARA",UNINCORPORATED,-119.805812,34.434863
90438061,2017,2017-04-19,9755,2017-04-17,0855,017255,,1,1,9,4200,0,1,2,,2,004,"US-101 S/B",SR-1,1056.00,N,N,C,-,Y,,,101,,,,,,S,Y,4,0,2,1,A,-,03,22350,,N,F,A,A,B,H,-,A,D,0,,,,,Y,,A,01,0,0,2,0,0,0,0,0,0,"- ","- ",34.523699999999998,-120.2094,"SANTA BARBARA",UNINCORPORATED,-120.20938895,34.523662590000001
90438515,2017,2017-04-20,9760,2017-04-12,1615,018418,,3,2,5,4203,0,1,2,,2,011,"U.S. 101 S/B","LAS POSITAS RD",1000.00,S,N,A,-,Y,,,,,,,,,,Y,4,0,2,4,A,-,03,22350,,N,C,C,A,A,H,-,A,D,0,,,,,Y,,D,22,0,0,2,0,0,0,0,0,0,"- ","- ",34.426870000000001,-119.72767,"SANTA BARBARA","SANTA BARBARA",-119.73052591,34.427319869999998
90441330,2017,2017-04-25,9750,2017-04-19,1819,017379,,3,2,9,4200,0,1,3,,1,011,SR-166,"BONITA SCHOOL ROAD",175.00,E,N,A,-,Y,,,166,,,,,,,N,4,0,4,2,A,-,03,22350,,N,C,C,A,A,H,-,A,D,0,,,,,Y,,D,22,0,0,4,0,0,0,0,0,0,"- ","- ",34.956710000000001,-120.50742,"SANTA BARBARA",UNINCORPORATED,-120.50740454,34.956827859999997
90441839,2017,2017-04-25,9760,2017-04-15,1927,021018,,6,2,9,4200,0,3,5,,2,005,"EMBARCADERO DEL NORTE","TRIGO ROAD",70.00,S,N,A,-,N,,,,,,,,,,N,4,0,1,2,A,-,21,22106,,N,H,C,A,A,H,-,C,D,0,,,,,Y,,A,01,0,0,1,0,0,0,0,0,0,"- ","- ",34.41104,-119.85572999999999,"SANTA BARBARA",UNINCORPORATED,-119.85576786,34.41100728
90443441,2017,2017-04-27,9755,2017-04-26,1730,016058,,3,2,9,4200,0,1,3,,1,055,SR-1,"FIREFIGHTER RD",2640.00,N,N,A,-,Y,,,1,,,,,,,Y,4,0,1,1,A,-,08,22107,,N,F,A,A,A,H,-,A,D,0,,,,,Y,,A,07,0,0,1,0,0,0,0,0,0,"- ","- ",34.773420000000002,-120.51011,"SANTA BARBARA",UNINCORPORATED,-120.51008308999999,34.773388830000002
90443551,2017,2017-04-27,9760,2017-04-19,1520,018431,,3,2,9,4200,0,1,3,,1,022,"SR-154 W/B","MARIA YGNACIA LN.",5280.00,W,N,A,-,Y,,,154,,,,,,W,Y,3,0,4,3,A,-,05,21460,A,N,B,C,A,A,H,-,A,D,0,,,,,Y,,A,07,0,3,1,0,0,0,0,0,0,"- ","- ",34.481340000000003,-119.77217,"SANTA BARBARA",UNINCORPORATED,-119.77214712999999,34.481347509999999
90446405,2017,2017-05-01,9760,2017-04-20,1029,021476,,4,1,9,4200,0,2,4,,2,026,"CATHEDRAL OAKS RD","PATTERSON AVE",55.00,W,N,A,-,N,,,,,,,,,,N,4,0,1,2,A,-,03,22350,,N,C,C,A,A,D,-,A,D,0,,,,,Y,,D,22,0,0,1,0,0,0,0,0,0,"- ","- ",34.452959999999997,-119.80844999999999,"SANTA BARBARA",UNINCORPORATED,-119.8083805,34.453008760000003
90446705,2017,2017-05-01,9755,2017-04-29,1055,013618,,6,1,9,4200,0,3,5,,2,050,"RUCKER ROAD","BURTON MESA BLVD",360.00,S,N,A,-,N,,,,,,,,,,N,3,0,1,1,A,-,03,22350,,N,F,A,A,A,H,-,A,A,0,,,Y,,Y,,C,02,0,1,0,0,0,0,0,0,1,"- ","- ",34.691310000000001,-120.43702,"SANTA BARBARA",UNINCORPORATED,-120.43706591,34.691235890000002
90446818,2017,2017-05-01,9750,2017-04-24,1643,015916,,1,2,9,4200,0,1,2,,2,003,"US-101 S/B (EL CAMINO REAL)","ALISOS CANYON ROAD",2640.00,N,N,A,-,Y,,,101,,,,,,S,Y,3,0,1,1,A,-,01,23152,A,N,F,A,A,A,H,-,A,D,0,,,,,Y,Y,A,07,0,1,0,0,0,0,0,0,0,"- ","- ",34.734850000000002,-120.24347,"SANTA BARBARA",UNINCORPORATED,-120.24359839,34.73453387
90448124,2017,2017-05-03,9750,2017-04-25,0230,019656,,2,3,5,4204,0,1,2,,2,001,"US-101 S/B","STOWELL RD",300.00,S,N,A,-,Y,,,101,,,,,,S,Y,3,0,1,2,A,-,03,22350,,N,C,C,A,A,H,-,C,D,0,,,,,Y,Y,A,01,0,1,0,0,0,0,0,0,0,"- ","- ",34.93703,-120.41799,"SANTA BARBARA","SANTA MARIA",-120.41791916,34.937028959999999
90449260,2017,2017-05-04,9760,2017-04-25,1255,019831,,2,1,9,4200,0,1,2,,2,020,"US-101 NB (EL CAMINO REAL)","TURNPIKE ROAD",384.00,N,N,A,-,Y,,,101,,,,,,N,N,4,0,2,2,A,-,07,21658,A,N,B,C,A,A,H,-,A,D,0,,,,Y,Y,,G,27,0,0,2,0,0,0,0,0,0,"- ","- ",34.441850000000002,-119.79474,"SANTA BARBARA",UNINCORPORATED,-119.79473974,34.44184431
90450216,2017,2017-05-05,9755,2017-05-01,0355,020323,,1,3,9,4200,0,1,3,,1,051,SR-1,"US-101, EAST FRONTAGE ROAD",0.00,,Y,A,-,Y,,,,,,,,,,Y,4,0,1,1,A,-,03,22350,,N,E,I,A,A,H,-,D,D,0,,,,,Y,,A,01,0,0,1,0,0,0,0,0,0,"- ","- ",34.508609999999997,-120.22514,"SANTA BARBARA",UNINCORPORATED,,
90451018,2017,2017-05-08,9760,2017-01-05,0955,019446,,4,1,3,4205,0,1,2,,2,010,"US-101 N/B (EL CAMINO REAL)","SANTA MONICA",132.00,N,N,B,-,Y,,,101,,,,,,N,Y,1,1,1,3,A,-,08,22107,,N,D,C,A,B,H,-,A,D,0,,,,,Y,,D,22,0,1,0,0,0,0,0,0,0,"- ","- ",34.404240000000001,-119.53111,"SANTA BARBARA",CARPINTERIA,-119.53110961,34.40424204
90451560,2017,2017-05-08,9755,2017-05-03,1145,016988,,3,1,9,4200,0,3,5,,2,050,"SAN MIGUELITO RD","WILLOW AVE",23232.00,S,N,A,-,N,,,,,,,,,,Y,4,0,1,1,A,-,03,22350,,N,F,A,A,A,H,-,A,D,0,,,Y,,Y,,C,02,0,0,1,0,0,0,0,0,1,"- ","- ",34.588850000000001,-120.49206,"SANTA BARBARA",UNINCORPORATED,-120.49250551,34.588620140000003
90452172,2017,2017-05-09,9760,2017-04-28,1340,021018,,5,1,9,4200,0,1,2,,2,010,"US-101 N/B","SHEFFIELD DRIVE",1000.00,S,N,A,-,Y,,,101,,,,,,N,Y,4,0,1,2,A,-,03,22350,,N,C,C,A,A,H,-,A,D,0,,,Y,,Y,,A,01,0,0,1,0,0,0,0,0,1,"- ","- ",34.42116,-119.6091,"SANTA BARBARA",UNINCORPORATED,-119.60909957,34.421162119999998
9045274,2020,2020-02-27,4200,2020-01-06,1302,4608,14,1,5,4,4214,0,0,0,,0,050,"CALLE REAL","KINGSTON AV",966.00,W,N,A,-,N,,,,,,,,,,N,2,0,1,2,D,-,00,,,F,B,G,A,A,H,-,A,D,0,,Y,,,Y,,-,"- ",1,0,0,0,0,0,1,0,0,"- ","- ",,,"SANTA BARBARA",GOLETA,-119.82488250732422,34.441295623779297
9045278,2020,2020-02-27,4200,2020-01-16,1608,3116,14,4,5,4,4214,0,0,0,,0,080,"STORKE RD","SANTA FELICIA DR",0.00,,Y,B,-,N,,,,,,,,,,N,4,0,2,2,A,-,09,21802,A,N,D,C,A,B,H,-,A,A,0,,,,,Y,,A,01,0,0,2,0,0,0,0,0,0,"- ","- ",,,"SANTA BARBARA",GOLETA,-119.86969757080078,34.426689147949219
90456770,2017,2017-05-16,9755,2017-05-11,1340,020773,,4,1,9,4200,0,1,3,,1,042,SR-154,"ZACA STATION RD",5280.00,E,N,A,-,Y,,,154,,,,,,,Y,3,0,2,3,A,-,05,21460,A,N,B,C,A,A,H,-,A,D,0,,,,Y,Y,,D,22,0,1,1,0,0,0,0,0,0,"- ","- ",34.68085,-120.13893,"SANTA BARBARA",UNINCORPORATED,-120.13894362000001,34.680829129999999
9046643,2020,2020-06-05,4203,2020-02-11,1325,8825,21,2,5,5,4203,0,0,0,,0,006,"CARRILLO ST","SAN PASCUAL ST",0.00,,Y,A,-,N,,,,,,,,,,N,3,0,1,2,A,-,10,21950,A,N,G,B,B,A,H,-,A,A,0,Y,,,,Y,,D,22,0,1,0,0,1,0,0,0,0,"- ","- ",34.413368225097656,-119.70455169677734,"SANTA BARBARA","SANTA BARBARA",-119.70909881591797,34.415138244628906
90466986,2017,2017-05-30,9760,2017-05-17,0450,021503,,3,3,5,4203,0,1,2,,2,011,"US-101 S/B","CARRILLO STREET",570.00,N,N,A,-,Y,,,101,,,,,,S,Y,2,0,1,1,A,-,08,22107,,N,E,J,A,A,H,-,D,D,0,,,,,Y,,A,01,1,0,0,0,0,0,0,0,0,"- ","- ",34.417050000000003,-119.70901000000001,"SANTA BARBARA","SANTA BARBARA",-119.70890356,34.417229720000002
90467178,2017,2017-05-30,9760,2017-05-03,1820,020226,,3,2,9,4200,0,3,5,,2,005,"EMBARCADERO DEL MAR","CORDOBA ROAD",0.00,,Y,A,-,N,,,,,,,,,,N,4,0,1,2,A,-,09,21801,A,N,D,G,A,A,H,-,B,A,0,,Y,,,Y,,A,01,0,0,1,0,0,0,1,0,0,"- ","- ",34.41377,-119.85704,"SANTA BARBARA",UNINCORPORATED,-119.8570299,34.413760080000003
90467472,2017,2017-05-30,9760,2017-05-16,2242,021531,,2,3,3,4205,0,1,2,,2,010,"US-101 N/B","BAILARD AVE",1850.00,N,N,A,-,Y,,,101,,,,,,N,Y,3,0,2,2,A,-,03,22350,,N,C,C,A,A,D,-,C,D,0,,,,,Y,,A,01,0,1,1,0,0,0,0,0,0,"- ","- ",34.390270000000001,-119.50364,"SANTA BARBARA",CARPINTERIA,-119.50363907000001,34.390272889999999
9046774,2020,2020-02-19,4204,2020-01-23,0814,90139,,4,5,5,4204,0,0,0,,0,002,"MILL ST","VINE ST",0.00,,Y,A,-,N,,,,,,,,,,Y,3,0,1,2,A,-,09,21801,A,N,D,C,A,A,H,-,A,D,0,,,,,Y,,A,01,0,1,0,0,0,0,0,0,0,"- ","- ",34.955341339111328,-120.43267822265625,"SANTA BARBARA","SANTA MARIA",-120.43267059326172,34.955360412597656
90468973,2017,2017-06-01,9750,2017-05-25,0520,013267,,4,3,9,4200,0,1,3,,1,065,"RT 166","RT 33",150.00,E,N,B,-,Y,,,,,,,,,,N,4,0,1,2,A,-,03,22350,,F,C,C,A,B,H,-,C,D,0,,,,Y,Y,,G,25,0,0,1,0,0,0,0,0,0,"- ","- ",34.93638,-119.51161,"SANTA BARBARA",UNINCORPORATED,,
90474266,2017,2017-06-09,9760,2017-05-30,0010,021503,,2,3,9,4200,0,1,2,,2,010,"US-101 S/B","FINNEY ST",530.00,N,N,A,-,Y,,,101,,,,,,S,Y,3,0,3,1,A,-,08,22107,,N,E,I,A,A,H,-,D,D,0,,,,,Y,,A,01,0,3,0,0,0,0,0,0,0,"- ","- ",34.420189999999998,-119.59772,"SANTA BARBARA",UNINCORPORATED,-119.59769540000001,34.420261429999996
90476527,2017,2017-06-13,9760,2017-06-03,1614,020965,,6,2,9,4200,0,1,3,,1,022,SR-154,"SAN MARCOS PASS RD., 2500 BLOCK",76.00,W,N,A,-,Y,,,154,,,,,,,Y,3,0,3,2,A,-,01,23152,F,F,B,C,A,A,H,-,A,D,0,,,,,Y,,A,01,0,3,0,0,0,0,0,0,0,"- ","- ",34.494399999999999,-119.8,"SANTA BARBARA",UNINCORPORATED,-119.7998565,34.494525199999998
90477536,2017,2017-06-14,9755,2017-05-25,1520,012436,,4,2,4,4202,0,1,3,,1,051,SR-1,"YTIAS CREEK",3696.00,S,N,A,-,Y,,,,,,,,,,Y,4,0,1,1,A,-,08,22107,,N,E,I,A,A,H,-,A,D,0,,,,,Y,,A,01,0,0,1,0,0,0,0,0,0,"- ","- ",34.535589999999999,-120.34989,"SANTA BARBARA",LOMPOC,,
90483677,2017,2017-06-22,9760,2017-06-15,0750,012263,,4,1,5,4203,0,1,2,,2,011,"US101 S/B","MICHELTORENA ST",360.00,N,N,A,-,Y,,,101,,,,,,S,Y,3,0,1,1,A,-,03,22350,,N,F,A,A,A,H,-,A,D,0,,,Y,,Y,,C,02,0,1,0,0,0,0,0,0,1,"- ","- ",34.421500000000002,-119.71505000000001,"SANTA BARBARA","SANTA BARBARA",-119.71501785,34.421543210000003
9048680,2020,2020-03-19,4204,2020-01-21,1820,91005,10,2,5,5,4204,0,0,0,,0,003,"RUSSELL AV","CYPRESS ST",0.00,,Y,A,-,N,,,,,,,,,,N,3,0,1,2,A,-,08,22107,,F,A,G,A,A,H,-,C,A,0,,Y,,,Y,,A,01,0,1,0,0,0,0,1,0,0,"- ","- ",34.9505615234375,-120.45121765136719,"SANTA BARBARA","SANTA MARIA",-120.45150756835938,34.951351165771484
90487240,2017,2017-06-26,9760,2017-06-18,1735,020495,,7,2,9,4200,0,1,2,,2,010,"US-101 SOUTHBOUND (EL CAMINO REAL)","SANTA YNEZ AVENUE",1245.00,N,N,A,-,Y,,,101,,,,,,S,N,3,0,1,2,A,-,07,21658,A,N,B,C,A,A,H,-,A,D,0,,,Y,,Y,,A,01,0,1,0,0,0,0,0,0,1,"- ","- ",34.403959999999998,-119.53064000000001,"SANTA BARBARA",UNINCORPORATED,-119.5306428,34.403944580000001
90491556,2017,2017-06-30,9750,2017-06-23,0536,014820,,5,3,5,4204,0,1,2,,2,001,"US-101 S/B","BETTERAVIA RD",787.00,N,N,A,-,Y,,,101,,,,,,S,Y,3,0,2,3,A,-,07,21658,A,N,C,C,A,A,H,-,B,D,0,,,,,Y,,D,22,0,1,1,0,0,0,0,0,0,"- ","- ",34.926639999999999,-120.41803,"SANTA BARBARA","SANTA MARIA",-120.41799648999999,34.926639610000002
90492641,2017,2017-07-03,9755,2017-07-02,0914,016988,,7,1,9,4200,0,1,3,,1,051,SR-1,"US-101 S/B",22704.00,N,N,B,-,Y,,,1,,,,,,,Y,4,0,1,1,C,-,18,,,N,H,H,A,A,H,-,A,D,0,,,,,Y,,-,"- ",0,0,1,0,0,0,0,0,0,"- ","- ",34.521990000000002,-120.30718,"SANTA BARBARA",UNINCORPORATED,-120.30719013,34.522020589999997
90493782,2017,2017-07-05,9760,2017-06-27,2315,020757,,2,3,9,4200,0,3,5,,2,005,"EL EMBARCADERO ROAD","EL NIDO LANE",100.00,N,N,A,-,N,,,,,,,,,,N,4,0,1,2,A,-,03,22350,,N,C,C,A,D,H,-,C,D,0,,,Y,,Y,,C,02,0,0,1,0,0,0,0,0,1,"- ","- ",34.410159999999998,-119.85629,"SANTA BARBARA",UNINCORPORATED,-119.85624,34.410044599999999
90495544,2017,2017-07-06,9755,2017-07-05,1345,017374,,3,1,9,4200,0,1,3,,1,042,"SR-54 E/B (CHUMASH HIGHWAY)","LAKEVIEW RD",528.00,E,N,A,-,Y,,,,,,,,,,Y,2,0,1,3,A,-,03,22350,,N,C,C,A,A,D,-,A,A,0,,,Y,,Y,,C,02,1,0,0,0,0,0,0,0,1,"- ","- ",34.573259999999998,-119.95697,"SANTA BARBARA",UNINCORPORATED,,
90496571,2017,2017-07-10,9760,2017-07-02,1635,021061,,7,2,9,4200,0,1,2,,2,010,"US-101 N/B","SANTA MONICA RD.",800.00,S,N,A,-,Y,,,101,,,,,,N,N,3,0,1,1,A,-,03,22350,,N,F,A,A,A,H,-,A,D,0,,,Y,,Y,,C,02,0,1,0,0,0,0,0,0,1,"- ","- ",34.403640000000003,-119.52793,"SANTA BARBARA",UNINCORPORATED,-119.52793011,34.403639429999998
90517644,2017,2017-08-07,9750,2017-07-03,1850,017616,,1,2,9,4200,0,3,5,,2,010,"BROWN RD",SR-1,192.00,E,N,A,-,N,,,,,,,,,,Y,1,2,0,2,A,-,01,23152,A,N,C,C,A,A,H,-,A,D,0,,,,Y,Y,Y,A,01,0,0,0,0,0,0,0,0,0,"- ","- ",34.932690000000001,-120.56764,"SANTA BARBARA",UNINCORPORATED,-120.56772577,34.93261304
90520788,2017,2017-08-10,9760,2017-08-02,0804,018418,,3,1,9,4200,0,1,2,,2,010,"U.S. 101 N/B","N. PADARO LANE",1200.00,S,N,A,-,Y,,,,,,,,,,N,4,0,1,2,A,-,03,22350,,M,C,C,A,A,H,-,A,D,0,,,,,Y,,A,01,0,0,1,0,0,0,0,0,0,"- ","- ",34.415649999999999,-119.57523,"SANTA BARBARA",UNINCORPORATED,-119.57877601,34.415909020000001
90521286,2017,2017-08-11,9760,2017-08-04,1745,021300,,5,2,5,4203,0,1,2,,2,011,"US-101 S/B","OLIVE MILL RD",2420.00,N,N,A,-,Y,,,101,,,,,,S,Y,3,0,1,2,A,-,17,21658,,N,B,C,A,A,H,-,A,D,0,,,Y,,Y,,A,01,0,1,0,0,0,0,0,0,1,"- ","- ",34.42062,-119.64803000000001,"SANTA BARBARA","SANTA BARBARA",-119.64803826000001,34.420588760000001
90521570,2017,2017-08-11,9760,2017-08-07,1825,020804,,1,2,9,4200,0,1,2,,2,011,"US-101 S/B","LOS PATOS WAY",600.00,N,N,A,-,Y,,,,,,,,,,Y,4,0,2,2,A,-,03,22350,,N,C,C,A,A,H,-,A,D,0,,,,,Y,,A,01,0,0,2,0,0,0,0,0,0,"- ","- ",34.422539999999998,-119.66148,"SANTA BARBARA",UNINCORPORATED,,
90534967,2017,2017-08-28,9750,2017-08-21,1150,016170,,1,1,5,4204,0,1,2,,2,001,"US-101 N/B","ALVIN ST",220.00,S,N,A,-,Y,,,,,,,,,,Y,4,0,1,3,A,-,17,23114,A,N,C,C,A,A,H,-,A,D,0,,,,,Y,,A,01,0,0,1,0,0,0,0,0,0,"- ","- ",34.959009999999999,-120.41667,"SANTA BARBARA","SANTA MARIA",-120.41818618000001,34.959723019999998
90535407,2017,2017-08-28,9760,2017-08-18,1205,021294,,5,1,9,4200,0,1,2,,1,040,"US-101 S/B","ARROYO HONDO CREEK  ROAD",1900.00,N,N,A,-,Y,,,101,,,,,,S,Y,4,0,1,2,A,-,01,23152,F,N,C,C,A,A,H,-,A,D,0,,,,,Y,,A,01,0,0,1,0,0,0,0,0,0,"- ","- ",34.474209999999999,-120.14854,"SANTA BARBARA",UNINCORPORATED,-120.14854034,34.474251459999998
90537900,2017,2017-08-31,9755,2017-08-26,1105,017374,,6,1,9,4200,0,1,3,,1,042,SR-154,"TORRANCE AVE.",10.00,E,N,A,-,Y,,,154,,,,,,,N,2,0,4,3,A,-,06,21755,,N,B,C,A,A,H,-,A,A,0,,,Y,,Y,,C,02,1,2,1,0,0,0,0,0,4,"- ","- ",34.623800000000003,-120.07089000000001,"SANTA BARBARA",UNINCORPORATED,-120.07087860999999,34.623813339999998
90539973,2017,2017-09-05,9760,2017-08-23,1528,020804,,3,2,5,4203,0,1,2,,2,011,"US-101 S/B FROM GARDEN ST.","GARDEN ST.",150.00,S,N,A,-,Y,,,101,,,,R,,S,N,4,0,1,2,A,-,21,22106,,N,C,C,A,A,H,-,A,A,0,,,,,Y,,D,22,0,0,1,0,0,0,0,0,0,"- ","- ",34.418900000000001,-119.68805,"SANTA BARBARA","SANTA BARBARA",-119.68805,34.418900000000001