CASE_ID,ACCIDENT_YEAR,PROC_DATE,JURIS,COLLISION_DATE,COLLISION_TIME,OFFICER_ID,REPORTING_DISTRICT,DAY_OF_WEEK,CHP_SHIFT,POPULATION,CNTY_CITY_LOC,SPECIAL_COND,BEAT_TYPE,CHP_BEAT_TYPE,CITY_DIVISION_LAPD,CHP_BEAT_CLASS,BEAT_NUMBER,PRIMARY_RD,SECONDARY_RD,DISTANCE,DIRECTION,INTERSECTION,WEATHER_1,WEATHER_2,STATE_HWY_IND,CALTRANS_COUNTY,CALTRANS_DISTRICT,STATE_ROUTE,ROUTE_SUFFIX,POSTMILE_PREFIX,POSTMILE,LOCATION_TYPE,RAMP_INTERSECTION,SIDE_OF_HWY,TOW_AWAY,COLLISION_SEVERITY,NUMBER_KILLED,NUMBER_INJURED,PARTY_COUNT,PRIMARY_COLL_FACTOR,PCF_CODE_OF_VIOL,PCF_VIOL_CATEGORY,PCF_VIOLATION,PCF_VIOL_SUBSECTION,HIT_AND_RUN,TYPE_OF_COLLISION,MVIW,PED_ACTION,ROAD_SURFACE,ROAD_COND_1,ROAD_COND_2,LIGHTING,CONTROL_DEVICE,CHP_ROAD_TYPE,PEDESTRIAN_ACCIDENT,BICYCLE_ACCIDENT,MOTORCYCLE_ACCIDENT,TRUCK_ACCIDENT,NOT_PRIVATE_PROPERTY,ALCOHOL_INVOLVED,STWD_VEHTYPE_AT_FAULT,CHP_VEHTYPE_AT_FAULT,COUNT_SEVERE_INJ,COUNT_VISIBLE_INJ,COUNT_COMPLAINT_PAIN,COUNT_PED_KILLED,COUNT_PED_INJURED,COUNT_BICYCLIST_KILLED,COUNT_BICYCLIST_INJURED,COUNT_MC_KILLED,COUNT_MC_INJURED,PRIMARY_RAMP,SECONDARY_RAMP,LATITUDE,LONGITUDE,COUNTY,CITY,POINT_X,POINT_Y
90675052,2018,2018-03-05,9750,2018-02-26,1730,015916,,1,2,9,4200,0,3,5,,2,030,"BETTERAVIA ROAD","TELEPHONE ROAD",0.00,,Y,B,-,N,,,,,,,,,,N,4,0,1,2,A,-,08,22107,,N,D,C,A,A,H,-,A,A,0,,,,,Y,,-,99,0,0,1,0,0,0,0,0,0,"- ","- ",34.923469543457031,-120.38288116455078,"SANTA BARBARA",UNINCORPORATED,-120.38287353515625,34.923538208007812
90675209,2018,2018-03-05,9750,2018-03-01,1030,013267,,4,1,9,4200,0,2,4,,1,024,"COUNTRY HILL ROAD","BRADLEY ROAD",0.00,,Y,B,-,N,,,,,,,,,,Y,3,0,2,2,A,-,09,21802,A,N,D,C,A,A,H,-,A,A,0,,,,,Y,,A,07,0,2,0,0,0,0,0,0,0,"- ","- ",34.878368377685547,-120.41863250732422,"SANTA BARBARA",UNINCORPORATED,-120.41873168945312,34.878631591796875
90677362,2018,2018-03-07,9750,2018-02-27,1553,015916,,2,2,9,4200,0,1,3,,1,021,"SR-135 N/B (ORCUTT EXPRESSWAY)","ORCUTT ROAD",0.00,,Y,B,-,Y,,,135,,,,,,N,Y,4,0,1,2,A,-,10,21950,A,N,G,B,B,A,H,-,A,A,0,Y,,,,Y,,A,01,0,0,1,0,1,0,0,0,0,"- ","- ",34.899570465087891,-120.43599700927734,"SANTA BARBARA",UNINCORPORATED,-120.43596649169922,34.899566650390625
90678898,2018,2018-03-09,9760,2018-03-04,2245,020964,,7,3,5,4203,0,1,2,,2,011,"US-101 NB","LAGUNA ST",330.00,S,N,A,-,Y,,,101,,,,,,N,Y,4,0,1,1,A,-,08,22107,,N,E,I,A,A,H,-,D,D,0,,,,,Y,,A,01,0,0,1,0,0,0,0,0,0,"- ","- ",34.419460296630859,-119.68682861328125,"SANTA BARBARA","SANTA BARBARA",-119.68684387207031,34.419532775878906
9067935,2020,2020-04-30,4200,2020-02-07,0854,3116,14,5,5,4,4214,0,0,0,,0,080,"STORKE RD","SANTA FELICIA DR",94.00,S,N,A,-,N,,,,,,,,,,N,4,0,1,2,A,-,09,21804,A,N,D,C,A,A,H,-,A,D,0,,,,,Y,,A,01,0,0,1,0,0,0,0,0,0,"- ","- ",,,"SANTA BARBARA",GOLETA,-119.86969757080078,34.426433563232422
90682254,2018,2018-03-14,9760,2018-03-04,1155,019831,,7,1,9,4200,0,3,5,,2,001,"GIBRALTAR ROAD","EAST CAMINO CIELO",961.00,E,N,A,-,N,,,,,,,,,,N,3,0,1,2,A,-,03,22350,,N,F,A,A,A,H,-,A,D,0,,Y,,,Y,,L,04,0,1,0,0,0,0,1,0,0,"- ","- ",34.489700317382812,-119.68763732910156,"SANTA BARBARA",UNINCORPORATED,-119.69646453857422,34.495262145996094
90682904,2018,2018-03-15,9750,2018-03-08,0720,016542,,4,1,9,4200,0,3,5,,2,020,"UNION VALLEY PARKWAY E/B","HUMMEL DR",0.00,,Y,A,-,N,,,,,,,,,,Y,4,0,2,2,A,-,03,22350,,N,C,C,A,A,H,-,A,A,0,,,,,Y,,A,01,0,0,2,0,0,0,0,0,0,"- ","- ",34.877159118652344,-120.43134307861328,"SANTA BARBARA",UNINCORPORATED,-120.43010711669922,34.879318237304688
90685840,2018,2018-03-20,9750,2018-03-15,2150,020511,,4,2,9,4200,0,2,4,,1,024,"VILLAGE DR","VILLAGE KNOLL DR",200.00,E,N,A,-,N,,,,,,,,,,Y,4,0,1,2,A,-,01,23152,A,N,D,C,A,A,H,-,C,D,0,,,,,Y,Y,D,22,0,0,1,0,0,0,0,0,0,"- ","- ",34.874759674072266,-120.41629791259766,"SANTA BARBARA",UNINCORPORATED,-120.41666412353516,34.874702453613281
90686697,2018,2018-03-21,9760,2018-03-11,2310,021294,,7,3,9,4200,0,1,2,,1,040,"US-101 S/B TO EL CAPITAN RANCH RD.","EL CAPITAN RANCH RD",385.00,S,N,A,-,Y,,,101,,,,R,,S,Y,3,0,1,1,A,-,03,22350,,N,F,A,A,A,H,-,D,D,0,,,Y,,Y,,C,02,0,1,0,0,0,0,0,0,1,"- ","- ",34.46044921875,-120.00250244140625,"SANTA BARBARA",UNINCORPORATED,-120.00250244140625,34.46044921875
90687585,2018,2018-03-22,9750,2018-03-16,1844,018009,,5,2,9,4200,0,3,5,,2,020,"HARRIS GRADE RD",SR-135,10560.00,S,N,B,-,N,,,,,,,,,,Y,3,0,1,1,A,-,03,22350,,N,F,A,A,B,H,-,A,D,0,,,,,Y,,D,22,0,1,0,0,0,0,0,0,0,"- ","- ",34.740959167480469,-120.43705749511719,"SANTA BARBARA",UNINCORPORATED,-120.43856811523438,34.744415283203125
90690720,2018,2018-03-27,9760,2018-03-21,0745,015669,,3,1,9,4200,0,2,4,,1,021,"HOLLISTER AVE","PUENTE DR",200.00,W,N,B,C,N,,,,,,,,,,N,4,0,2,2,A,-,09,21804,A,N,D,C,A,B,H,-,A,D,0,,,,,Y,,A,01,0,0,2,0,0,0,0,0,0,"- ","- ",34.437480926513672,-119.78508758544922,"SANTA BARBARA",UNINCORPORATED,-119.78438568115234,34.437557220458984
90696436,2018,2018-04-02,9760,2018-03-22,1305,020757,,4,1,5,4203,0,1,2,,2,011,"US-101 S/B","STATE STREET",470.00,N,N,C,-,Y,,,101,,,,,,S,N,3,0,1,1,A,-,03,22350,,N,E,I,A,B,H,-,A,D,0,,,,,Y,,A,01,0,1,0,0,0,0,0,0,0,"- ","- ",34.413871765136719,-119.69444274902344,"SANTA BARBARA","SANTA BARBARA",-119.69441986083984,34.413841247558594
90697099,2018,2018-04-02,9750,2018-03-22,1500,018009,,4,2,5,4204,0,2,4,,1,024,"CLARK AVENUE","OAK KNOLL CENTER",0.00,,Y,B,-,N,,,,,,,,,,Y,4,0,1,2,A,-,12,21453,A,N,D,C,A,B,H,-,A,A,0,,,,,Y,,-,"- ",0,0,1,0,0,0,0,0,0,"- ","- ",34.865081787109375,-120.41670989990234,"SANTA BARBARA","SANTA MARIA",-120.41667175292969,34.865039825439453
90701332,2018,2018-04-09,9750,2018-04-07,0930,020549,,6,1,9,4200,0,1,2,,2,003,US-101,"FOXEN LANE",1584.00,S,N,C,-,Y,,,101,,,,,,,Y,3,0,1,1,A,-,03,22350,,N,F,A,A,B,H,-,A,D,0,,,Y,,Y,,C,02,0,1,0,0,0,0,0,0,1,"- ","- ",34.739311218261719,-120.26643371582031,"SANTA BARBARA",UNINCORPORATED,-120.26641845703125,34.739330291748047
9070268,2020,2020-05-19,4203,2020-03-03,1340,8825,,2,5,5,4203,0,0,0,,0,,"ALAMAR AV","CASTILLO ST",0.00,,Y,A,-,N,,,,,,,,,,N,3,0,1,1,A,-,08,22107,,N,E,I,A,A,H,-,A,A,0,,,Y,,Y,,C,02,0,1,0,0,0,0,0,0,1,"- ","- ",34.430580139160156,-119.72148132324219,"SANTA BARBARA","SANTA BARBARA",-119.72640991210938,34.43212890625
90703232,2018,2018-04-11,9755,2018-04-05,1425,017255,,4,2,9,4200,0,1,2,,2,004,"US-101 N/B","JONATA PARK RD",4752.00,S,N,A,-,Y,,,101,,,,,,N,Y,4,0,3,1,A,-,08,22107,,N,F,A,A,A,H,-,A,D,0,,,,,Y,,D,22,0,0,3,0,0,0,0,0,0,"- ","- ",34.639980316162109,-120.18540191650391,"SANTA BARBARA",UNINCORPORATED,-120.18543243408203,34.639980316162109
90709094,2018,2018-04-19,9760,2018-04-10,0450,021476,,2,3,4,4214,0,1,2,,2,020,"US-101 N/B TO SR-217 W/B","PATTERSON AVENUE",170.00,N,N,A,-,Y,,,101,,,,R,,N,N,2,0,1,2,A,-,11,21954,A,N,G,B,E,A,H,-,D,D,0,Y,,,,Y,,N,60,1,0,0,0,1,0,0,0,0,"- ","- ",34.442089080810547,-119.80915069580078,"SANTA BARBARA",GOLETA,-119.80915069580078,34.442089080810547
90710570,2018,2018-04-23,9750,2018-04-21,0645,015915,,6,1,9,4200,0,3,5,,2,030,"BETTERAVIA ROAD","ROSEMARY ROAD",0.00,,Y,A,-,N,,,,,,,,,,Y,3,0,1,2,A,-,09,21801,A,N,D,C,A,A,H,-,A,A,0,,,,,Y,,A,08,0,1,0,0,0,0,0,0,0,"- ","- ",34.923820495605469,-120.40054321289062,"SANTA BARBARA",UNINCORPORATED,-120.40062713623047,34.923801422119141
90712413,2018,2018-04-25,9760,2018-04-13,0833,019831,,5,1,9,4200,0,3,5,,2,001,"VIA REAL","S. PADARO LANE",0.00,,Y,A,-,Y,,,,,,,,,,Y,4,0,1,2,A,-,09,21801,A,N,A,C,A,A,H,-,A,D,0,,,,,Y,,A,07,0,0,1,0,0,0,0,0,0,"- ","- ",34.411399841308594,-119.55230712890625,"SANTA BARBARA",UNINCORPORATED,-119.58284759521484,34.417629241943359
90713313,2018,2018-04-26,9760,2018-04-14,1213,020029,,6,1,9,4200,0,1,2,,2,020,"PATTERSON AVE","AGANA DR",20.00,S,N,A,-,N,,,,,,,,,,Y,2,0,2,2,A,-,09,21801,A,N,D,C,A,A,H,-,A,D,0,,,,,Y,,A,01,1,1,0,0,0,0,0,0,0,"- ","- ",34.448040008544922,-119.80751800537109,"SANTA BARBARA",UNINCORPORATED,-119.80754089355469,34.448085784912109
90713905,2018,2018-04-26,9760,2018-04-16,1900,018418,,1,2,9,4200,0,3,5,,2,001,"VIA REAL","NIDEVER RD",1000.00,W,N,A,-,N,,,,,,,,,,N,3,0,1,2,A,-,08,22107,,N,A,C,A,A,H,-,A,D,0,,,Y,,Y,,A,07,0,1,0,0,0,0,0,0,1,"- ","- ",34.419700622558594,-119.5628662109375,"SANTA BARBARA",UNINCORPORATED,-119.56385803222656,34.416782379150391
9071499,2020,2020-09-16,4202,2020-02-20,1041,291,,4,5,4,4202,0,0,0,,0,,"RT 1","CONTROLLED INTERSECTION",35.00,S,N,A,-,Y,SB,5,1,-,-,22.230,H,-,N,N,4,0,1,2,A,-,03,22350,,N,C,C,A,A,H,-,A,A,0,,,,,Y,,A,01,0,0,1,0,0,0,0,0,0,"- ","- ",,,"SANTA BARBARA",LOMPOC,-120.45766448974609,34.663139343261719
90721313,2018,2018-05-07,9750,2018-05-02,1818,018009,,3,2,5,4204,0,1,2,,2,001,"U.S. 101 N/B TO DONOVAN ROAD","DONOVAN ROAD",330.00,S,N,A,-,Y,,,,,,,,,,N,4,0,1,2,A,-,03,22350,,N,C,C,A,A,H,-,A,D,0,,,,,Y,,A,01,0,0,1,0,0,0,0,0,0,"- ","- ",34.966728210449219,-120.42108154296875,"SANTA BARBARA","SANTA MARIA",-120.42239379882812,34.966873168945312
90721578,2018,2018-05-07,9755,2018-04-28,2128,021818,,6,2,9,4200,0,1,3,,1,042,"SR-154 W/B","STAGE COACH RD",1795.00,E,N,A,-,Y,,,154,,,,,,W,Y,2,0,1,1,A,-,08,22107,,N,F,I,A,A,H,-,D,D,0,,,,,Y,,D,22,1,0,0,0,0,0,0,0,0,"- ","- ",34.541099548339844,-119.86540222167969,"SANTA BARBARA",UNINCORPORATED,-119.86538696289062,34.541118621826172
90721727,2018,2018-05-08,9760,2018-04-27,1755,020483,,5,2,5,4203,0,1,2,,2,020,"US-101 N/B","LAS POSITAS RD.",400.00,N,N,A,-,Y,,,101,,,,,,N,N,4,0,4,3,A,-,03,22350,,N,C,C,A,A,H,-,A,D,0,,,,,Y,,A,01,0,0,4,0,0,0,0,0,0,"- ","- ",34.428260803222656,-119.73519134521484,"SANTA BARBARA","SANTA BARBARA",-119.73519134521484,34.428218841552734
90722480,2018,2018-05-09,9760,2018-05-01,1645,017314,,2,2,9,4200,0,3,5,,2,002,"N. SAN MARCOS ROAD","VIA PARVA",206.00,S,N,C,-,N,,,,,,,,,,Y,3,0,1,1,A,-,08,22107,,N,E,I,A,B,H,-,A,D,0,,,,,Y,,D,22,0,1,0,0,0,0,0,0,0,"- ","- ",34.457088470458984,-119.79621887207031,"SANTA BARBARA",UNINCORPORATED,-119.79605102539062,34.457302093505859
9072298,2020,2020-09-16,4204,2020-02-19,1455,90276,11,3,5,5,4204,0,0,0,,0,002,BROADWAY,"JONES ST",50.00,S,N,A,-,Y,SB,5,135,-,-,15.270,H,-,N,N,4,0,1,2,A,-,03,22350,,N,C,C,A,A,H,-,A,A,0,,,,,Y,,A,08,0,0,1,0,0,0,0,0,0,"- ","- ",34.944778442382812,-120.43579864501953,"SANTA BARBARA","SANTA MARIA",-120.43592071533203,34.945735931396484
90723703,2018,2018-05-10,9750,2018-05-09,0824,017709,,3,1,9,4200,0,3,5,,2,020,"SHADY GLADE DR","ARBOREA CT",0.00,,Y,A,-,N,,,,,,,,,,Y,4,0,1,2,A,-,08,22107,,N,D,C,A,A,H,-,A,D,0,,,,,Y,,D,22,0,0,1,0,0,0,0,0,0,"- ","- ",34.881710052490234,-120.41985321044922,"SANTA BARBARA",UNINCORPORATED,-120.41983032226562,34.881778717041016
90726609,2018,2018-05-15,9750,2018-05-13,1250,017379,,7,1,9,4200,0,1,3,,1,011,SR-166,"SIMAS RD.",0.00,,Y,B,-,Y,,,166,,,,,,,Y,4,0,1,2,A,-,12,22450,A,N,D,C,A,A,H,-,A,A,0,,,,,Y,,A,07,0,0,1,0,0,0,0,0,0,"- ","- ",34.957328796386719,-120.55780029296875,"SANTA BARBARA",UNINCORPORATED,-120.55780029296875,34.957412719726562
90727943,2018,2018-05-16,9755,2018-04-22,1435,020777,,7,2,9,4200,0,1,3,,1,051,"RT 1","MILE POST MARKER 12",556.00,S,N,A,-,Y,,,1,,,,,,,Y,1,1,4,2,A,-,08,22107,,N,A,C,A,A,H,-,A,D,0,,,Y,,Y,,C,02,1,1,2,0,0,0,0,1,0,"- ","- ",34.568111419677734,-120.36862945556641,"SANTA BARBARA",UNINCORPORATED,-120.36866760253906,34.568080902099609
90730279,2018,2018-05-21,9760,2018-05-12,1736,018786,,6,2,4,4214,0,1,2,,1,030,"US-101 NORTHBOUND","LOS CARNEROS RD",770.00,S,N,A,-,Y,,,101,,,,,,N,Y,2,0,1,1,A,-,08,22107,,N,E,I,A,A,H,-,A,A,0,,,Y,,Y,,C,02,1,0,0,0,0,0,0,0,1,"- ","- ",34.437919616699219,-119.85086822509766,"SANTA BARBARA",GOLETA,-119.85086822509766,34.437885284423828
90730356,2018,2018-05-21,9760,2018-05-14,0755,019464,,1,1,3,4205,0,1,2,,2,010,"US-101 NORTHBOUND","CASITAS PASS RD. O/C",800.00,N,N,A,-,Y,,,101,,,,,,N,Y,4,0,1,3,A,-,07,21658,A,N,B,C,A,A,D,-,A,D,0,,,Y,,Y,,A,01,0,0,1,0,0,0,0,0,1,"- ","- ",34.400020599365234,-119.51435089111328,"SANTA BARBARA",CARPINTERIA,-119.51432800292969,34.400051116943359
9073226,2020,2020-06-23,4203,2020-03-08,0935,8825,21,7,5,5,4203,0,0,0,,0,006,"SAN ANDRES ST","VICTORIA ST",184.00,S,N,A,-,N,,,,,,,,,,Y,4,0,1,2,A,-,09,21804,A,N,D,C,A,A,H,-,A,D,0,,,,,Y,,A,01,0,0,1,0,0,0,0,0,0,"- ","- ",34.416801452636719,-119.71369934082031,"SANTA BARBARA","SANTA BARBARA",-119.71317291259766,34.416576385498047
90732723,2018,2018-05-24,9750,2018-05-17,2155,016874,,4,2,9,4200,0,1,3,,1,022,"SR-1 N/B","SAN ANTONIO EAST",8976.00,N,N,A,B,Y,,,1,,,,,,N,Y,4,0,1,1,A,-,08,22107,,N,F,A,A,A,H,-,D,D,0,,,,,Y,,D,22,0,0,1,0,0,0,0,0,0,"- ","- ",34.787578582763672,-120.4610595703125,"SANTA BARBARA",UNINCORPORATED,-120.46109008789062,34.787605285644531
90735491,2018,2018-05-28,9750,2018-05-18,2055,016874,,5,2,5,4204,0,1,2,,2,001,"US-101 N/B","BETTERAVIA ROAD",2112.00,N,N,A,B,Y,,,101,,,,,,N,N,4,0,1,2,A,-,03,22350,,N,C,C,A,A,H,-,D,D,0,,,,,Y,,A,01,0,0,1,0,0,0,0,0,0,"- ","- ",34.929458618164062,-120.41776275634766,"SANTA BARBARA","SANTA MARIA",-120.41777038574219,34.929458618164062
90739317,2018,2018-06-01,9755,2018-05-19,1139,016999,,6,1,9,4200,0,1,2,,2,004,"US-101 S/B",SR-154,2209.00,S,N,A,-,Y,,,101,,,,,,S,Y,3,0,4,2,A,-,03,22350,,N,F,A,A,A,H,-,A,D,0,,,,,Y,,D,22,0,2,2,0,0,0,0,0,0,"- ","- ",34.681808471679688,-120.15702056884766,"SANTA BARBARA",UNINCORPORATED,-120.15704345703125,34.681812286376953
90741515,2018,2018-06-05,9750,2018-04-30,2300,020510,,1,3,9,4200,0,1,3,,1,022,"SR-1 S/B","GRACIOSA RD",8976.00,N,N,B,-,Y,,,1,,,,,,S,Y,2,0,2,1,A,-,01,23152,A,N,F,I,A,A,H,-,D,D,0,,,,,Y,Y,A,01,1,1,0,0,0,0,0,0,0,"- ","- ",34.825939178466797,-120.44980621337891,"SANTA BARBARA",UNINCORPORATED,-120.44988250732422,34.825946807861328
90746282,2018,2018-06-12,9750,2018-04-24,1915,015916,,2,2,9,4200,0,3,5,,2,020,"DICKSON DRIVE","WINTER ROAD",40.00,N,N,A,-,N,,,,,,,,,,N,1,1,0,1,C,-,18,,,N,H,A,A,A,H,-,A,A,0,,,,,Y,,-,"- ",0,0,0,0,0,0,0,0,0,"- ","- ",34.898311614990234,-120.43257141113281,"SANTA BARBARA",UNINCORPORATED,-120.43251800537109,34.898239135742188
90748025,2018,2018-06-14,9760,2018-06-06,0730,019446,,3,1,5,4203,0,1,2,,2,011,"US-101 S/B","GARDEN ST",1200.00,N,N,B,-,Y,,,101,,,,,,S,Y,4,0,1,1,A,-,08,22107,,N,E,I,A,A,H,-,A,D,0,,,,,Y,,A,01,0,0,1,0,0,0,0,0,0,"- ","- ",34.415721893310547,-119.69236755371094,"SANTA BARBARA","SANTA BARBARA",-119.69235229492188,34.415706634521484
90748264,2018,2018-06-14,9760,2018-06-06,1740,018431,,3,2,4,4214,0,1,2,,2,020,"US-101 S/B","PATTERSON AVE.",2765.00,N,N,A,-,Y,,,101,,,,,,S,Y,4,0,2,3,A,-,03,22350,,N,C,C,A,A,H,-,A,D,0,,,,,Y,,D,22,0,0,2,0,0,0,0,0,0,"- ","- ",34.440818786621094,-119.81773376464844,"SANTA BARBARA",GOLETA,-119.81772613525391,34.440803527832031
90748632,2018,2018-06-14,9760,2018-06-07,0215,021476,,4,3,5,4203,0,1,2,,2,011,"US-101 N/B","W MICHELTORENA STREET",105.00,S,N,B,-,Y,,,101,,,,,,N,Y,4,0,1,2,A,-,08,22107,,N,C,C,A,A,H,-,C,D,0,,,,Y,Y,,A,07,0,0,1,0,0,0,0,0,0,"- ","- ",34.420700073242188,-119.71357727050781,"SANTA BARBARA","SANTA BARBARA",-119.71357727050781,34.420707702636719
90749988,2018,2018-06-18,9750,2018-06-12,0030,016874,,2,3,9,4200,0,3,5,,2,010,"MAIN STREET","CALLE CESAR CHAVEZ",7920.00,E,N,B,E,N,,,,,,,,,,Y,4,0,1,1,A,-,08,22107,,N,E,I,A,A,H,-,D,D,0,,,,,Y,,A,08,0,0,1,0,0,0,0,0,0,"- ","- ",34.961368560791016,-120.61443328857422,"SANTA BARBARA",UNINCORPORATED,,
90750146,2018,2018-06-18,9750,2018-06-11,1614,017616,,1,2,9,4200,0,1,3,,1,011,SR-166,"SIMAS RD",1450.00,E,N,A,-,Y,,,166,,,,,,,Y,2,0,2,2,A,-,01,23152,A,N,A,C,A,A,H,-,A,D,0,,,,,Y,Y,D,22,1,1,0,0,0,0,0,0,0,"- ","- ",34.957401275634766,-120.55371856689453,"SANTA BARBARA",UNINCORPORATED,-120.55371856689453,34.957378387451172
90750449,2018,2018-06-18,9760,2018-06-16,1515,020483,,6,2,9,4200,0,2,4,,1,021,"HOLLISTER AVE","TURNPIKE RD.",0.00,,Y,A,B,N,,,,,,,,,,Y,4,0,1,2,D,-,00,,,N,D,C,A,A,H,-,A,A,0,,,,,Y,,-,"- ",0,0,1,0,0,0,0,0,0,"- ","- ",34.436550140380859,-119.78948974609375,"SANTA BARBARA",UNINCORPORATED,-119.78945159912109,34.436641693115234
90752447,2018,2018-06-20,9760,2018-06-13,1454,018431,,3,2,9,4200,0,3,5,,2,002,"TURNPIKE RD.","SAN GORDIANO AVE.",25.00,N,N,A,-,N,,,,,,,,,,Y,4,0,2,2,A,-,03,22350,,N,C,C,A,A,H,-,A,D,0,,,,,Y,,D,22,0,0,2,0,0,0,0,0,0,"- ","- ",34.439189910888672,-119.78948211669922,"SANTA BARBARA",UNINCORPORATED,-119.78943634033203,34.439197540283203
90752496,2018,2018-06-21,9760,2018-06-08,0608,020029,,5,1,9,4200,0,1,2,,1,030,"US-101 S/B","HOLLISTER AVE",500.00,N,N,A,-,Y,,,101,,,,,,S,Y,4,0,1,1,A,-,08,22107,,N,E,I,A,A,H,-,A,D,0,,,,,Y,,A,01,0,0,1,0,0,0,0,0,0,"- ","- ",34.432781219482422,-119.91179656982422,"SANTA BARBARA",UNINCORPORATED,-119.91177368164062,34.432872772216797
9075253,2020,2020-06-19,4204,2020-03-10,1544,90415,,2,5,5,4204,0,0,0,,0,,"THORNBURG ST","CARMEN LN",0.00,,Y,C,-,N,,,,,,,,,,N,4,0,2,2,A,-,03,22350,,F,C,C,A,B,H,-,A,A,0,,,,,Y,,-,,0,0,2,0,0,0,0,0,0,"- ","- ",34.923900604248047,-120.44100189208984,"SANTA BARBARA","SANTA MARIA",-120.44053649902344,34.924900054931641
90752737,2018,2018-06-21,9750,2018-06-20,0550,017884,,3,3,9,4200,0,1,3,,1,064,SR-166,"BELL RD",4224.00,E,N,A,-,Y,,,166,,,,,,,Y,4,0,2,2,A,-,06,21750,A,N,C,C,A,A,H,-,B,D,0,,,,,Y,,A,01,0,0,2,0,0,0,0,0,0,"- ","- ",34.939258575439453,-119.63916778564453,"SANTA BARBARA",UNINCORPORATED,-119.63916778564453,34.939289093017578
90756428,2018,2018-06-26,9760,2018-06-13,2310,021061,,3,3,9,4200,0,1,2,,2,010,"US-101 S/B","S. PADARO LN",165.00,N,N,A,-,Y,,,101,,,,,,S,Y,3,0,7,4,A,-,03,22350,,N,C,C,A,A,H,-,D,D,0,,,,,Y,,A,01,0,1,6,0,0,0,0,0,0,"- ","- ",34.411079406738281,-119.55351257324219,"SANTA BARBARA",UNINCORPORATED,-119.55352020263672,34.411064147949219
9075753,2020,2020-06-24,4203,2020-03-04,1604,7189,34,3,5,5,4203,0,0,0,,0,004,"W ARRELLAGA ST","STATE ST",166.00,W,N,A,-,N,,,,,,,,,,Y,4,0,2,2,A,-,08,22107,,N,D,C,A,A,H,-,A,D,0,,,,,Y,,A,07,0,0,2,0,0,0,0,0,0,"- ","- ",34.433399200439453,-119.72309875488281,"SANTA BARBARA","SANTA BARBARA",-119.70994567871094,34.426753997802734
90759960,2018,2018-06-29,9760,2018-06-22,1930,020483,,5,2,9,4200,0,2,4,,1,021,"ROBLE DR.","LLANO AVE",150.00,E,N,A,-,N,,,,,,,,,,Y,3,0,2,1,A,-,03,22350,,N,E,J,A,A,H,-,B,D,0,,,,,Y,,A,01,0,1,1,0,0,0,0,0,0,"- ","- ",34.41461181640625,-119.77089691162109,"SANTA BARBARA",UNINCORPORATED,-119.77096557617188,34.414638519287109
9076418,2020,2020-08-04,4200,2020-02-28,1822,5177,14,5,5,4,4214,0,0,0,,0,080,"STORKE RD","WHITTIER DR",126.00,N,N,A,-,N,,,,,,,,,,N,2,0,1,1,A,-,08,22107,,N,E,J,A,A,C,-,C,D,0,,Y,,,Y,,L,04,1,0,0,0,0,0,1,0,0,"- ","- ",,,"SANTA BARBARA",GOLETA,-119.86978912353516,34.422805786132812
9076647,2020,2020-06-24,4204,2020-03-10,1550,90276,,2,5,5,4204,0,0,0,,0,003,"HINES LN","LINDEMAN LN",112.00,S,N,C,-,N,,,,,,,,,,,3,0,1,2,A,-,21,22106,,N,B,E,A,B,H,-,A,D,0,,,,,Y,,A,07,0,1,0,0,0,0,0,0,0,"- ","- ",34.925651550292969,-120.43009185791016,"SANTA BARBARA","SANTA MARIA",-120.43007659912109,34.925422668457031
90767531,2018,2018-07-12,9750,2018-07-04,0422,020510,,3,3,5,4204,0,1,2,,2,001,"US-101 S/B","ALVIN AVE O/C",88.00,N,N,B,-,Y,,,101,,,,,,S,Y,2,0,2,2,A,-,07,21658,A,N,B,C,A,A,H,-,C,D,0,,,,,Y,,A,01,1,1,0,0,0,0,0,0,0,"- ","- ",34.960659027099609,-120.41883087158203,"SANTA BARBARA","SANTA MARIA",-120.4188232421875,34.960662841796875
90768108,2018,2018-07-12,9755,2018-07-11,1132,017374,,3,1,9,4200,0,1,3,,1,042,SR-154,"CALKINS RD",0.00,,Y,A,-,Y,,,154,,,,,,,Y,2,0,2,3,A,-,03,22350,,N,C,C,A,A,H,-,A,A,0,,,,,Y,,M,47,1,0,1,0,0,0,0,0,0,"- ","- ",34.667831420898438,-120.11820983886719,"SANTA BARBARA",UNINCORPORATED,-120.11820983886719,34.667858123779297
90768168,2018,2018-07-12,9760,2018-02-25,0606,020029,,7,1,9,4200,0,1,2,,1,040,"US-101 SOUTHBOUND","EL CAPITAN STATE BEACH RD",5050.00,N,N,A,-,Y,,,101,,,,,,S,Y,1,1,0,1,A,-,01,23152,F,N,F,A,A,A,H,-,B,D,0,,,,,Y,,A,01,0,0,0,0,0,0,0,0,0,"- ","- ",34.464141845703125,-120.03787231445312,"SANTA BARBARA",UNINCORPORATED,-120.03787231445312,34.464187622070312