CASE_ID,ACCIDENT_YEAR,PROC_DATE,JURIS,COLLISION_DATE,COLLISION_TIME,OFFICER_ID,REPORTING_DISTRICT,DAY_OF_WEEK,CHP_SHIFT,POPULATION,CNTY_CITY_LOC,SPECIAL_COND,BEAT_TYPE,CHP_BEAT_TYPE,CITY_DIVISION_LAPD,CHP_BEAT_CLASS,BEAT_NUMBER,PRIMARY_RD,SECONDARY_RD,DISTANCE,DIRECTION,INTERSECTION,WEATHER_1,WEATHER_2,STATE_HWY_IND,CALTRANS_COUNTY,CALTRANS_DISTRICT,STATE_ROUTE,ROUTE_SUFFIX,POSTMILE_PREFIX,POSTMILE,LOCATION_TYPE,RAMP_INTERSECTION,SIDE_OF_HWY,TOW_AWAY,COLLISION_SEVERITY,NUMBER_KILLED,NUMBER_INJURED,PARTY_COUNT,PRIMARY_COLL_FACTOR,PCF_CODE_OF_VIOL,PCF_VIOL_CATEGORY,PCF_VIOLATION,PCF_VIOL_SUBSECTION,HIT_AND_RUN,TYPE_OF_COLLISION,MVIW,PED_ACTION,ROAD_SURFACE,ROAD_COND_1,ROAD_COND_2,LIGHTING,CONTROL_DEVICE,CHP_ROAD_TYPE,PEDESTRIAN_ACCIDENT,BICYCLE_ACCIDENT,MOTORCYCLE_ACCIDENT,TRUCK_ACCIDENT,NOT_PRIVATE_PROPERTY,ALCOHOL_INVOLVED,STWD_VEHTYPE_AT_FAULT,CHP_VEHTYPE_AT_FAULT,COUNT_SEVERE_INJ,COUNT_VISIBLE_INJ,COUNT_COMPLAINT_PAIN,COUNT_PED_KILLED,COUNT_PED_INJURED,COUNT_BICYCLIST_KILLED,COUNT_BICYCLIST_INJURED,COUNT_MC_KILLED,COUNT_MC_INJURED,PRIMARY_RAMP,SECONDARY_RAMP,LATITUDE,LONGITUDE,COUNTY,CITY,POINT_X,POINT_Y
90771687,2018,2018-07-18,9760,2018-06-01,1145,012263,,5,1,5,4203,0,1,2,,2,011,"US101 N/B","HALEY ST",300.00,N,N,A,-,Y,,,101,,,,,,N,Y,4,0,1,2,A,-,03,22350,,N,C,C,A,A,H,-,A,D,0,,,,,Y,,A,01,0,0,1,0,0,0,0,0,0,"- ","- ",34.413509368896484,-119.70401000976562,"SANTA BARBARA","SANTA BARBARA",-119.70391845703125,34.413631439208984
90772951,2018,2018-07-19,9750,2018-07-17,1230,019656,,2,1,9,4200,0,1,3,,1,011,"BROWN RD","BETTERAVIA RD",1056.00,W,N,A,-,N,,,,,,,,,,Y,3,0,1,1,A,-,08,22107,,N,E,I,A,A,H,-,A,D,0,,,,,Y,,A,01,0,1,0,0,0,0,0,0,0,"- ","- ",34.9345703125,-120.55119323730469,"SANTA BARBARA",UNINCORPORATED,-120.54991912841797,34.934783935546875
90776318,2018,2018-07-25,9760,2018-07-13,1218,020757,,5,1,5,4203,1,4,S,,2,901,"GARDEN STREET","CARRILLO ST",0.00,,Y,A,-,N,,,,,,,,,,N,4,0,8,2,D,-,00,,,N,H,A,A,A,H,-,A,A,0,,Y,,,Y,,-,"- ",0,0,8,0,0,0,0,0,0,"- ","- ",34.424690246582031,-119.69853210449219,"SANTA BARBARA","SANTA BARBARA",-119.69847106933594,34.424678802490234
9077842,2020,2020-09-16,4204,2020-04-01,1528,90139,2,3,5,5,4204,0,0,0,,0,012,"MAIN ST","ELIZABETH ST",0.00,,Y,A,-,Y,SB,5,166,-,-,8.290,H,-,E,Y,4,0,1,2,A,-,01,23152,A,M,C,C,A,A,H,-,A,D,0,,,,,Y,Y,A,07,0,0,1,0,0,0,0,0,0,"- ","- ",34.953018188476562,-120.42849731445312,"SANTA BARBARA","SANTA MARIA",-120.42857360839844,34.953102111816406
90780282,2018,2018-07-30,9760,2018-07-20,1845,017314,,5,2,9,4200,0,3,5,,2,005,"EL COLEGIO ROAD","LOS CARNEROS ROAD",303.00,E,N,B,-,N,,,,,,,,,,N,3,0,1,2,A,-,07,21658,A,N,C,G,A,A,H,-,A,D,0,,Y,,,Y,,A,01,0,1,0,0,0,0,1,0,0,"- ","- ",34.417488098144531,-119.85970306396484,"SANTA BARBARA",UNINCORPORATED,-119.85967254638672,34.417301177978516
90781898,2018,2018-08-01,9760,2018-07-26,1700,020965,,4,2,5,4203,0,1,2,,2,011,"US-101 S/B","CARRILLO ST",2100.00,N,N,A,-,Y,,,101,,,,,,S,N,4,0,1,3,A,-,03,22350,,N,C,C,A,A,H,-,A,D,0,,,,,Y,,A,01,0,0,1,0,0,0,0,0,0,"- ","- ",34.420070648193359,-119.71308135986328,"SANTA BARBARA","SANTA BARBARA",-119.71305084228516,34.420108795166016
90782121,2018,2018-08-01,9760,2018-07-28,1035,020908,,6,1,9,4200,0,3,5,,2,002,"PATTERSON AVE","PAREJO DR",0.00,,Y,A,-,N,,,,,,,,,,N,4,0,1,2,A,-,03,22350,,N,D,G,A,A,H,-,A,D,0,,Y,,,Y,,L,04,0,0,1,0,0,0,1,0,0,"- ","- ",36.444618225097656,-119.80802917480469,"SANTA BARBARA",UNINCORPORATED,-119.80796813964844,34.44464111328125
90788721,2018,2018-08-13,9760,2018-08-01,1615,018418,,3,2,9,4200,0,3,5,,2,001,"SR-192 (FOOTHIL ROAD)","TORITO RD",150.00,E,N,A,-,Y,,,192,,,,,,,N,3,0,1,1,A,-,03,22350,,N,F,A,A,A,H,-,A,D,0,,Y,,,Y,,L,04,0,1,0,0,0,0,1,0,0,"- ","- ",34.427749633789062,-119.57466888427734,"SANTA BARBARA",UNINCORPORATED,-119.57479858398438,34.427780151367188
9079097,2020,2020-05-18,4200,2020-01-30,1743,3077,14,4,5,4,4214,0,0,0,,0,060,"FAIRVIEW AV","HOLLISTER AV",77.00,S,N,A,-,N,,,,,,,,,,N,3,0,1,2,A,-,08,22107,,F,H,G,A,A,H,-,B,D,0,,Y,,,Y,,-,99,0,1,0,0,0,0,1,0,0,"- ","- ",,,"SANTA BARBARA",GOLETA,-119.83065032958984,34.435897827148438
90791506,2018,2018-08-15,9760,2018-08-08,1415,017314,,3,2,9,4200,0,1,2,,1,040,"US-101 SOUTHBOUND","EL CAPITAN STATE BEACH RD",2101.00,N,N,B,-,Y,,,101,,,,,,S,Y,2,0,4,3,A,-,01,23152,A,N,B,C,A,A,H,-,A,D,0,,,,,Y,Y,A,01,2,2,0,0,0,0,0,0,0,"- ","- ",34.463470458984375,-120.02857971191406,"SANTA BARBARA",UNINCORPORATED,-120.02857971191406,34.463462829589844
90797224,2018,2018-08-24,9760,2018-08-14,0954,16739,,2,1,9,4200,0,3,5,,2,005,"PARDALL RD","CAMINO PESCADERO",60.00,E,N,A,-,N,,,,,,,,,,N,3,0,1,2,A,-,08,22107,,N,D,G,A,A,H,-,A,D,0,,Y,,,Y,,A,01,0,1,0,0,0,0,1,0,0,"- ","- ",34.413150787353516,-119.85771942138672,"SANTA BARBARA",UNINCORPORATED,-119.85848999023438,34.413120269775391
90799280,2018,2018-08-27,9760,2018-08-20,1855,020908,,1,2,9,4200,0,1,2,,2,020,"N/B US 101 TO EL SUENO ROAD","CALLE REAL",60.00,S,N,A,-,Y,,,,,,,,,,Y,3,0,1,1,A,-,03,22350,,N,E,I,A,A,H,-,B,D,0,,,Y,,Y,,C,02,0,1,0,0,0,0,0,0,1,"- ","- ",34.441181182861328,-119.76933288574219,"SANTA BARBARA",UNINCORPORATED,,
90799599,2018,2018-08-28,9750,2018-08-26,1714,015916,,7,2,9,4200,0,1,3,,1,062,"SR-166 E/B","OLD SIERRA MADRE ROAD",13728.00,W,N,A,-,Y,,,166,,,,,,E,Y,3,0,2,1,A,-,08,22107,,N,F,A,A,A,H,-,A,D,0,,,Y,,Y,,C,02,0,2,0,0,0,0,0,0,2,"- ","- ",35.093868255615234,-120.12895202636719,"SANTA BARBARA",UNINCORPORATED,-120.12895202636719,35.093910217285156
90805869,2018,2018-09-05,9760,2018-08-26,0915,16739,,7,1,9,4200,0,1,2,,1,040,"US-101 N/B (EL CAMINO REAL)","TAJIGUAS LANDFILL",528.00,S,N,A,-,Y,,,101,,,,,,N,Y,3,0,1,1,A,-,08,22107,,N,E,I,A,A,H,-,A,D,0,,,,,Y,,D,22,0,1,0,0,0,0,0,0,0,"- ","- ",34.472930908203125,-120.12725067138672,"SANTA BARBARA",UNINCORPORATED,-120.12725067138672,34.472896575927734
9080949,2020,2020-06-22,4202,2020-03-10,1430,80655,4202,2,5,4,4202,0,0,0,,0,,"NORTH AV","O ST",300.00,E,N,C,-,N,,,,,,,,,,N,4,0,1,2,A,-,11,21950,B,N,G,B,D,B,H,-,A,D,0,Y,,,,Y,,N,60,0,0,1,0,1,0,0,0,0,"- ","- ",,,"SANTA BARBARA",LOMPOC,-120.46561431884766,34.653450012207031
90812697,2018,2018-09-13,9750,2018-09-01,0600,017910,,6,1,9,4200,0,1,2,,2,003,"US-101 S/B","FOXEN LANE",1455.00,N,N,B,-,Y,,,101,,,,,,S,Y,4,0,3,4,A,-,03,22350,,N,C,C,A,A,C,-,D,D,0,,,,,Y,,A,01,0,0,3,0,0,0,0,0,0,"- ","- ",34.746028900146484,-120.27593994140625,"SANTA BARBARA",UNINCORPORATED,-120.27593994140625,34.746025085449219
90812790,2018,2018-09-13,9760,2018-08-31,2150,021061,,5,2,5,4203,0,1,2,,2,011,"US-101 S/B","CARRILLO ST",700.00,N,N,A,-,Y,,,101,,,,,,S,Y,4,0,2,2,A,-,08,22107,,N,B,C,A,A,H,-,C,D,0,,,,,Y,,A,07,0,0,2,0,0,0,0,0,0,"- ","- ",34.417331695556641,-119.70909118652344,"SANTA BARBARA","SANTA BARBARA",-119.70908355712891,34.417339324951172
90814160,2018,2018-09-17,9760,2018-09-08,1730,020965,,6,2,9,4200,0,1,3,,1,022,SR-154,"VISTA POINT",600.00,E,N,A,-,Y,,,154,,,,,,,Y,4,0,3,3,A,-,03,22350,,M,C,C,A,A,H,-,A,D,0,,,,,Y,,D,22,0,0,3,0,0,0,0,0,0,"- ","- ",34.529689788818359,-119.84053039550781,"SANTA BARBARA",UNINCORPORATED,-119.84050750732422,34.529735565185547
90818967,2018,2018-09-21,9755,2018-09-20,2050,019292,,4,2,9,4200,0,1,3,,1,053,SR-246,"CAMPBELL RD",0.00,,Y,A,-,Y,,,246,,,,,,,Y,3,0,2,2,A,-,08,22107,,N,A,C,A,A,H,-,D,D,0,,,,,Y,,A,01,0,2,0,0,0,0,0,0,0,"- ","- ",34.662891387939453,-120.32872009277344,"SANTA BARBARA",UNINCORPORATED,-120.32870483398438,34.662914276123047
90821024,2018,2018-09-25,9760,2018-09-17,0212,021476,,1,3,9,4200,0,1,3,,1,022,SR-154,"W. CAMINO CIELO",1395.00,W,N,A,-,Y,,,154,,,,,,,Y,4,0,1,1,A,-,08,22107,,N,E,I,A,A,H,-,D,D,0,,,,,Y,,A,01,0,0,1,0,0,0,0,0,0,"- ","- ",34.505748748779297,-119.81667327880859,"SANTA BARBARA",UNINCORPORATED,-119.81662750244141,34.505840301513672
9082174,2020,2020-06-10,4203,2020-02-20,1110,24576,50,4,5,5,4203,0,0,0,,0,005,"E LOS OLIVOS ST","ALAMEDA PADRE SERRA",0.00,,Y,A,-,N,,,,,,,,,,N,4,0,1,2,A,-,09,21802,A,N,D,C,A,A,H,-,A,A,0,,,,Y,Y,,D,22,0,0,1,0,0,0,0,0,0,"- ","- ",34.439590454101562,-119.7132568359375,"SANTA BARBARA","SANTA BARBARA",-119.71311950683594,34.439041137695312
90822265,2018,2018-09-27,9750,2018-09-14,2241,020510,,5,3,9,4200,0,2,4,,1,024,"ORCUTT RD","EILEEN LN",81.00,S,N,A,-,N,,,,,,,,,,Y,3,0,2,2,A,-,01,23152,A,N,B,C,A,A,H,-,C,D,0,,,,,Y,Y,D,22,0,2,0,0,0,0,0,0,0,"- ","- ",34.871040344238281,-120.43637084960938,"SANTA BARBARA",UNINCORPORATED,-120.43635559082031,34.871097564697266
90822562,2018,2018-09-27,9760,2018-09-19,0623,014690,,3,1,3,4205,0,1,2,,2,010,"US-101 N/B","CASITAS PASS RD",525.00,S,N,A,-,Y,,,101,,,,,,N,Y,4,0,1,5,A,-,04,21703,,N,C,C,A,A,D,-,B,D,0,,,,,Y,,A,01,0,0,1,0,0,0,0,0,0,"- ","- ",34.395328521728516,-119.51049041748047,"SANTA BARBARA",CARPINTERIA,-119.51047515869141,34.395339965820312
90826892,2018,2018-10-02,9750,2018-10-01,0710,016874,,1,1,9,4200,0,1,3,,1,021,"SR-135 S/B","FOSTER ROAD",25.00,N,N,A,-,Y,,,135,,,,,,S,Y,4,0,1,2,A,-,21,22106,,N,C,C,A,A,H,-,A,D,0,,,,,Y,,D,22,0,0,1,0,0,0,0,0,0,"- ","- ",34.883220672607422,-120.43669891357422,"SANTA BARBARA",UNINCORPORATED,-120.43666076660156,34.883220672607422
90827091,2018,2018-10-03,9760,2018-09-21,1744,021431,,5,2,5,4203,0,1,2,,2,011,"US-101 NB","MILPAS STREET",1320.00,N,N,A,-,Y,,,101,,,,,,N,Y,3,0,1,1,A,-,08,22107,,N,F,A,A,A,H,-,A,D,0,,,Y,,Y,,C,02,0,1,0,0,0,0,0,0,1,"- ","- ",34.419898986816406,-119.68289947509766,"SANTA BARBARA","SANTA BARBARA",-119.68289947509766,34.419929504394531
90827589,2018,2018-11-09,9755,2018-09-21,1923,019292,,5,2,9,4200,0,1,3,,1,051,"RT 1","MPM R5.50",244.00,N,N,A,-,Y,,,1,,,,,,,Y,1,1,1,2,A,-,01,23152,A,N,A,C,A,A,H,-,B,D,0,,,,,Y,Y,A,01,1,0,0,0,0,0,0,0,0,"- ","- ",34.517730712890625,-120.31658172607422,"SANTA BARBARA",UNINCORPORATED,-120.31656646728516,34.517673492431641
90832360,2018,2018-10-09,9755,2018-09-27,1425,020777,,4,2,9,4200,0,3,5,,2,040,"ALAMO PINTADO RD","JONATA ST",250.00,S,N,A,-,N,,,,,,,,,,Y,4,0,1,2,A,-,03,22350,,N,C,C,A,A,H,-,A,D,0,,,,,Y,,D,22,0,0,1,0,0,0,0,0,0,"- ","- ",34.631179809570312,-120.11766815185547,"SANTA BARBARA",UNINCORPORATED,,
90834025,2018,2018-10-11,9750,2018-10-08,1343,015916,,1,1,9,4200,0,1,3,,1,021,"SR-135 N/B (ORCUTT EXPRESSWAY)","CLARK AVENUE",2112.00,S,N,A,-,Y,,,135,,,,,,N,N,4,0,1,1,A,-,08,22107,,N,E,I,A,A,H,-,A,D,0,,,,,Y,,A,07,0,0,1,0,0,0,0,0,0,"- ","- ",34.859401702880859,-120.43845367431641,"SANTA BARBARA",UNINCORPORATED,-120.43849182128906,34.859455108642578
90836642,2018,2018-10-16,9760,2018-10-06,1025,020908,,6,1,9,4200,0,1,2,,2,020,"N/B US 101 TO EL SUENO ROAD","CALLE REAL",56.00,S,N,A,-,Y,,,,,,,,,,Y,4,0,1,2,A,-,03,22350,,N,E,I,A,A,H,-,A,D,0,,,,,Y,,A,01,0,0,1,0,0,0,0,0,0,"- ","- ",34.441360473632812,-119.76927947998047,"SANTA BARBARA",UNINCORPORATED,,
90836874,2018,2018-10-16,9760,2018-10-05,0745,020908,,5,1,9,4200,0,1,2,,2,020,"US 101 N/B (EL CAMINO REAL)","TURNPIKE ROAD",1700.00,S,N,A,-,Y,,,,,,,,,,Y,3,0,2,3,A,-,03,22350,,N,C,C,A,A,H,-,A,D,0,,,,,Y,,A,01,0,1,1,0,0,0,0,0,0,"- ","- ",34.442230224609375,-119.78153991699219,"SANTA BARBARA",UNINCORPORATED,-119.79499053955078,34.441818237304688
90841548,2018,2018-10-22,9750,2018-10-17,1424,015916,,3,2,9,4200,0,3,5,,2,020,"N. FIRST STREET","PARK AVENUE",0.00,,Y,A,-,N,,,,,,,,,,Y,4,0,1,2,A,-,12,22450,A,N,D,C,A,A,H,-,A,A,0,,,,,Y,,A,07,0,0,1,0,0,0,0,0,0,"- ","- ",34.866260528564453,-120.4459228515625,"SANTA BARBARA",UNINCORPORATED,-120.44589996337891,34.866249084472656
9084729,2020,2020-06-10,4200,2020-02-13,0758,3077,14,4,5,4,4214,0,0,0,,0,060,"HOLLISTER AV","KELLOGG AV",34.00,W,N,A,-,N,,,,,,,,,,N,4,0,1,2,A,-,03,22350,,F,C,C,A,A,H,-,A,D,0,,,,,Y,,D,22,0,0,1,0,0,0,0,0,0,"- ","- ",,,"SANTA BARBARA",GOLETA,-119.82066345214844,34.435798645019531
90848003,2018,2018-10-29,9760,2018-10-18,1500,020483,,4,2,5,4203,0,1,2,,2,011,"US-101 S/B","LOS PATOS WAY",1500.00,N,N,A,-,Y,,,101,,,,,,S,Y,4,0,1,2,A,-,03,22350,,N,C,C,A,A,H,-,A,D,0,,,,,Y,,A,07,0,0,1,0,0,0,0,0,0,"- ","- ",34.421749114990234,-119.66413116455078,"SANTA BARBARA","SANTA BARBARA",-119.66413879394531,34.421787261962891
90853496,2018,2018-11-05,9760,2018-10-24,0730,16739,,3,1,9,4200,0,1,2,,2,010,"US-101 N/B (EL CAMINO REAL)","SHEFFIELD DR.",2112.00,S,N,A,-,Y,,,101,,,,,,N,Y,4,0,1,2,A,-,03,22350,,N,C,C,A,A,H,-,A,D,0,,,,,Y,,A,07,0,0,1,0,0,0,0,0,0,"- ","- ",34.420810699462891,-119.60677337646484,"SANTA BARBARA",UNINCORPORATED,-119.60677337646484,34.420825958251953
90856862,2018,2019-01-28,9760,2018-10-31,1225,015669,,3,1,9,4200,0,1,2,,2,020,"US-101 N/B","EL SUENO ROAD",250.00,S,N,A,-,Y,,,101,,,,,,N,Y,3,0,2,3,A,-,03,22350,,N,C,C,A,A,H,-,A,D,0,,,,,Y,,A,07,0,1,1,0,0,0,0,0,0,"- ","- ",34.44097900390625,-119.76847076416016,"SANTA BARBARA",UNINCORPORATED,-119.76847076416016,34.440986633300781
90857201,2018,2018-11-09,9755,2018-05-01,0713,016999,,2,1,9,4200,0,1,2,,2,004,"US-101 S/B",SR-1,1778.00,N,N,A,-,Y,,,101,,,,,,S,Y,2,0,8,5,A,-,03,22350,,N,E,I,A,A,H,-,A,D,0,,,,Y,Y,,-,98,2,3,3,0,0,0,0,0,0,"- ","- ",34.519569396972656,-120.21492767333984,"SANTA BARBARA",UNINCORPORATED,-120.21493530273438,34.519577026367188
90858841,2018,2018-11-13,9755,2018-11-08,0739,013618,,4,1,9,4200,0,1,3,,1,051,"RT 1","RT 101",14784.00,N,N,A,-,Y,,,1,,,,,,,Y,4,0,2,2,C,-,18,,,N,C,C,A,A,H,-,A,D,0,,,,,Y,,-,"- ",0,0,2,0,0,0,0,0,0,"- ","- ",34.521568298339844,-120.27240753173828,"SANTA BARBARA",UNINCORPORATED,-120.27237701416016,34.521675109863281
90860824,2018,2018-11-15,9760,2018-11-03,0715,020908,,6,1,9,4200,0,3,5,,2,002,"SHORELINE DRIVE","ORCHID DRIVE",400.00,W,N,A,-,N,,,,,,,,,,N,4,0,2,3,A,-,08,22107,,N,G,B,E,A,H,-,A,D,0,Y,,,,Y,,A,07,0,0,2,0,2,0,0,0,0,"- ","- ",34.423961639404297,-119.80634307861328,"SANTA BARBARA",UNINCORPORATED,-119.80648040771484,34.423980712890625
90861202,2018,2018-11-15,9760,2018-11-04,1645,020423,,7,2,9,4200,0,1,3,,1,022,SR-154,"MARIA YGNACIA LN",4594.00,E,N,A,-,Y,,,154,,,,,,,Y,3,0,4,2,A,-,08,22107,,N,E,I,A,A,H,-,A,D,0,,,,,Y,,A,01,0,2,2,0,0,0,0,0,0,"- ","- ",34.479141235351562,-119.77008819580078,"SANTA BARBARA",UNINCORPORATED,-119.77008819580078,34.479148864746094
90862390,2018,2018-11-19,9760,2018-11-06,2345,020757,,2,3,4,4214,0,1,2,,1,030,"US-101 N/B","LA PATERA LN",600.00,S,N,A,-,Y,,,101,,,,,,N,Y,4,0,1,1,A,-,08,22107,,N,E,I,A,A,H,-,D,D,0,,,,,Y,,A,01,0,0,1,0,0,0,0,0,0,"- ","- ",34.438899993896484,-119.83999633789062,"SANTA BARBARA",GOLETA,-119.84000396728516,34.438926696777344
90868562,2018,2018-11-27,9760,2018-11-14,1740,020752,,3,2,9,4200,0,1,2,,2,011,"US-101 SB (EL CAMINO REAL)","CABRILLO BLVD.",1056.00,S,N,A,-,Y,,,101,,,,,,S,Y,3,0,1,4,A,-,03,22350,,N,C,C,A,A,H,-,D,D,0,,,,,Y,,A,01,0,1,0,0,0,0,0,0,0,"- ","- ",34.421791076660156,-119.65236663818359,"SANTA BARBARA",UNINCORPORATED,-119.65238952636719,34.421718597412109
90869105,2018,2018-11-28,9755,2018-11-23,0930,018514,,5,1,2,4212,0,3,5,,2,050,"RUCKER RD","PURISIMA RD",528.00,N,N,B,-,N,,,,,,,,,,Y,3,0,2,1,A,-,08,22107,,N,F,A,A,A,H,-,A,D,0,,,,,Y,,A,07,0,2,0,0,0,0,0,0,0,"- ","- ",34.676120758056641,-120.43963623046875,"SANTA BARBARA",BUELLTON,-120.43944549560547,34.676448822021484
90870757,2018,2018-11-29,9750,2018-11-26,0825,016874,,1,1,9,4200,0,2,4,,1,024,"BRADLEY ROAD","CRESTMONT DRIVE",0.00,,Y,A,-,N,,,,,,,,,,Y,4,0,1,2,A,-,09,21802,A,N,D,C,A,A,H,-,A,A,0,,,,,Y,,A,07,0,0,1,0,0,0,0,0,0,"- ","- ",34.890110015869141,-120.42115783691406,"SANTA BARBARA",UNINCORPORATED,-120.42115783691406,34.890098571777344
90873883,2018,2018-12-03,9760,2018-11-21,2149,020965,,3,2,4,4214,0,1,2,,2,020,"US-101 S/B","FAIRVIEW AVE",3100.00,S,N,B,C,Y,,,101,,,,,,S,Y,4,0,1,1,A,-,03,22350,,N,E,I,A,B,H,-,D,D,0,,,,,Y,,A,01,0,0,1,0,0,0,0,0,0,"- ","- ",34.440418243408203,-119.82208251953125,"SANTA BARBARA",GOLETA,-119.82207489013672,34.440399169921875
90875912,2018,2018-12-05,9755,2018-11-27,1440,020202,,2,2,9,4200,0,3,5,,2,040,"ZACA STATION RD",SR-154,7920.00,N,N,A,-,N,,,,,,,,,,Y,3,0,1,1,A,-,03,22350,,N,E,I,A,A,H,-,A,A,0,,,,,Y,,A,01,0,1,0,0,0,0,0,0,0,"- ","- ",34.704181671142578,-120.1466064453125,"SANTA BARBARA",UNINCORPORATED,-120.14649200439453,34.705421447753906
90880550,2018,2018-12-11,9750,2018-12-09,1210,017709,,7,1,9,4200,0,1,3,,1,011,SR-166,"BLACK RD",2640.00,E,N,A,-,Y,,,166,,,,,,,Y,3,0,1,1,A,-,08,22107,,N,E,I,A,A,H,-,A,D,0,,,,,Y,,A,01,0,1,0,0,0,0,0,0,0,"- ","- ",34.954780578613281,-120.48133087158203,"SANTA BARBARA",UNINCORPORATED,-120.48133087158203,34.954723358154297
90881236,2018,2018-12-12,9760,2018-12-03,0930,014690,,1,1,9,4200,0,3,5,,2,001,"ORTEGA HILL RD.","US-101 EVANS ON-RAMP",70.00,W,N,A,-,Y,,,,,,,,,,N,4,0,1,2,A,-,12,22450,A,N,H,G,A,A,H,-,A,A,0,,Y,,,Y,,L,04,0,0,1,0,0,0,1,0,0,"- ","- ",34.421630859375,-119.60360717773438,"SANTA BARBARA",UNINCORPORATED,,
90884476,2018,2018-12-17,9760,2018-12-05,1740,018786,,3,2,9,4200,0,3,5,,2,002,"CALLE REAL","OLD MILL RD",200.00,W,N,C,-,N,,,,,,,,,,N,3,0,1,2,A,-,09,21801,A,N,D,G,A,B,H,-,D,D,0,,Y,,,Y,,D,22,0,1,0,0,0,0,1,0,0,"- ","- ",34.441291809082031,-119.76542663574219,"SANTA BARBARA",UNINCORPORATED,-119.76531219482422,34.441291809082031
9088560,2020,2020-06-25,4204,2020-03-21,2247,90758,7,6,5,5,4204,0,0,0,,0,001,"MILLER ST","HERMOSA ST",0.00,,Y,A,-,N,,,,,,,,,,Y,3,0,1,3,A,-,01,23152,A,M,C,E,A,A,H,-,C,D,0,,,,,Y,Y,A,01,0,1,0,0,0,0,0,0,0,"- ","- ",34.958351135253906,-120.43080139160156,"SANTA BARBARA","SANTA MARIA",-120.43137359619141,34.959548950195312
90893442,2018,2018-12-28,9760,2018-12-20,1725,018786,,4,2,5,4203,0,1,2,,2,011,"US-101 NORTHBOUND","PUEBLO ST",2000.00,S,N,B,-,Y,,,101,,,,,,N,Y,4,0,1,3,A,-,03,22350,,N,C,C,A,A,H,-,D,D,0,,,,,Y,,A,01,0,0,1,0,0,0,0,0,0,"- ","- ",34.425811767578125,-119.72157287597656,"SANTA BARBARA","SANTA BARBARA",-119.72154235839844,34.425895690917969
90893490,2018,2018-12-28,9750,2018-12-21,1434,019397,,5,2,9,4200,0,1,3,,1,022,"SR-1 S/B","CASMALIA RD",230.00,N,N,A,-,Y,,,1,,,,,,S,Y,4,0,1,2,A,-,05,21460,A,N,D,C,A,A,H,-,A,D,0,,,,,Y,,A,01,0,0,1,0,0,0,0,0,0,"- ","- ",34.876190185546875,-120.48361968994141,"SANTA BARBARA",UNINCORPORATED,-120.48362731933594,34.87615966796875
90897597,2018,2019-01-04,9760,2018-12-25,1425,020473,,2,2,9,4200,0,1,3,,1,022,"E. CAMINO CIELO","PAINTED CAVE RD",6864.00,E,N,A,-,N,,,,,,,,,,N,3,0,1,2,A,-,05,21650,,N,B,G,A,A,H,-,A,D,0,,Y,,,Y,,A,01,0,1,0,0,0,0,1,0,0,"- ","- ",34.518688201904297,-119.78922271728516,"SANTA BARBARA",UNINCORPORATED,-119.78842926025391,34.519252777099609
90920041,2019,2019-02-06,9760,2019-02-05,2223,020965,,2,3,9,4200,0,1,2,,2,010,"US-101 S/B","SAN YSIDRO RD",630.00,N,N,A,-,Y,,,101,,,,,,S,N,4,0,1,2,A,-,03,22350,,N,C,C,A,A,D,-,D,D,0,,,,,Y,,A,01,0,0,1,0,0,0,0,0,0,"- ","- ",34.422618865966797,-119.63387298583984,"SANTA BARBARA",UNINCORPORATED,-119.63387298583984,34.422611236572266
90920245,2019,2019-02-06,9750,2019-01-12,0050,016874,,6,3,5,4204,0,1,2,,2,001,"US-101 S/B","STOWELL ROAD",1848.00,N,N,C,-,Y,,,101,,,,,,S,Y,4,0,2,1,A,-,08,22107,,N,E,I,A,B,H,-,D,D,0,,,,,Y,Y,A,01,0,0,2,0,0,0,0,0,0,"- ","- ",34.943180084228516,-120.418212890625,"SANTA BARBARA","SANTA MARIA",-120.41786956787109,34.94317626953125
90925932,2019,2019-02-13,9760,2019-02-06,1815,020473,,3,2,4,4214,0,1,2,,2,020,"US-101 N/B",SR-217,240.00,N,N,A,-,Y,,,101,,,,,,N,Y,4,0,3,2,A,-,03,22350,,N,C,C,A,A,H,-,C,D,0,,,,,Y,,A,07,0,0,3,0,0,0,0,0,0,"- ","- ",34.441421508789062,-119.8138427734375,"SANTA BARBARA",GOLETA,-119.81383514404297,34.441402435302734
90927785,2019,2019-02-18,9755,2019-02-10,1303,017374,,7,1,9,4200,0,1,2,,2,004,"US-101 N/B","SANTA ROSA RD",12144.00,S,N,B,-,Y,,,101,,,,,,N,Y,3,0,2,1,A,-,03,22350,,N,E,I,A,B,H,-,A,A,0,,,,,Y,,A,01,0,1,1,0,0,0,0,0,0,"- ","- ",34.570980072021484,-120.19197845458984,"SANTA BARBARA",UNINCORPORATED,-120.19199371337891,34.570964813232422