CASE_ID,ACCIDENT_YEAR,PROC_DATE,JURIS,COLLISION_DATE,COLLISION_TIME,OFFICER_ID,REPORTING_DISTRICT,DAY_OF_WEEK,CHP_SHIFT,POPULATION,CNTY_CITY_LOC,SPECIAL_COND,BEAT_TYPE,CHP_BEAT_TYPE,CITY_DIVISION_LAPD,CHP_BEAT_CLASS,BEAT_NUMBER,PRIMARY_RD,SECONDARY_RD,DISTANCE,DIRECTION,INTERSECTION,WEATHER_1,WEATHER_2,STATE_HWY_IND,CALTRANS_COUNTY,CALTRANS_DISTRICT,STATE_ROUTE,ROUTE_SUFFIX,POSTMILE_PREFIX,POSTMILE,LOCATION_TYPE,RAMP_INTERSECTION,SIDE_OF_HWY,TOW_AWAY,COLLISION_SEVERITY,NUMBER_KILLED,NUMBER_INJURED,PARTY_COUNT,PRIMARY_COLL_FACTOR,PCF_CODE_OF_VIOL,PCF_VIOL_CATEGORY,PCF_VIOLATION,PCF_VIOL_SUBSECTION,HIT_AND_RUN,TYPE_OF_COLLISION,MVIW,PED_ACTION,ROAD_SURFACE,ROAD_COND_1,ROAD_COND_2,LIGHTING,CONTROL_DEVICE,CHP_ROAD_TYPE,PEDESTRIAN_ACCIDENT,BICYCLE_ACCIDENT,MOTORCYCLE_ACCIDENT,TRUCK_ACCIDENT,NOT_PRIVATE_PROPERTY,ALCOHOL_INVOLVED,STWD_VEHTYPE_AT_FAULT,CHP_VEHTYPE_AT_FAULT,COUNT_SEVERE_INJ,COUNT_VISIBLE_INJ,COUNT_COMPLAINT_PAIN,COUNT_PED_KILLED,COUNT_PED_INJURED,COUNT_BICYCLIST_KILLED,COUNT_BICYCLIST_INJURED,COUNT_MC_KILLED,COUNT_MC_INJURED,PRIMARY_RAMP,SECONDARY_RAMP,LATITUDE,LONGITUDE,COUNTY,CITY,POINT_X,POINT_Y
91133259,2019,2019-12-02,9760,2019-11-19,1715,018431,,2,2,9,4200,0,1,2,,1,030,"US-101 S/B","FAIRVIEW AVE.",100.00,N,N,A,-,Y,,,,,,,,,,N,4,0,1,3,A,-,03,22350,,N,C,C,A,A,H,-,D,D,0,,,,,Y,,A,08,0,0,1,0,0,0,0,0,0,"- ","- ",34.439380645751953,-119.83280944824219,"SANTA BARBARA",UNINCORPORATED,-119.83206939697266,34.439491271972656
91134378,2019,2019-12-03,9760,2019-11-25,1925,020757,,1,2,5,4203,0,1,2,,2,011,"US-101 N/B","SALINAS STREET",780.00,N,N,A,-,Y,,,101,,,,,,N,Y,4,0,3,4,A,-,03,22350,,N,C,C,A,A,H,-,C,D,0,,,,,Y,,D,22,0,0,3,0,0,0,0,0,0,"- ","- ",34.420639038085938,-119.66831207275391,"SANTA BARBARA","SANTA BARBARA",-119.66831970214844,34.420677185058594
91134931,2019,2019-12-03,9760,2019-11-25,1745,018431,,1,2,5,4203,0,1,2,,2,011,"US-101 N/B","CASTILLO ST.",800.00,S,N,A,-,Y,,,101,,,,,,N,Y,4,0,2,3,A,-,04,21703,,N,C,C,A,A,H,-,C,D,0,,,,,Y,,A,01,0,0,2,0,0,0,0,0,0,"- ","- ",34.412948608398438,-119.69632720947266,"SANTA BARBARA","SANTA BARBARA",-119.69631958007812,34.412933349609375
91142366,2019,2019-12-12,9750,2019-12-04,1408,019397,,3,2,9,4200,0,3,5,,2,020,"SANDALWOOD DR","OLIVEWOOD RD",0.00,,Y,B,-,N,,,,,,,,,,Y,4,0,1,2,A,-,09,21801,A,N,A,C,A,B,H,-,A,D,0,,,,,Y,,D,22,0,0,1,0,0,0,0,0,0,"- ","- ",34.896488189697266,-120.48468780517578,"SANTA BARBARA",UNINCORPORATED,-120.48458862304688,34.896430969238281
91143055,2019,2019-12-13,9755,2019-12-10,1655,017378,,2,2,9,4200,0,3,5,,2,050,"CONSTELLATION RD.","SOLAR WAY",0.00,,Y,A,-,N,,,,,,,,,,Y,4,0,1,1,A,-,01,23152,F,N,E,I,A,A,H,-,A,D,0,,,,,Y,,A,07,0,0,1,0,0,0,0,0,0,"- ","- ",34.697078704833984,-120.47017669677734,"SANTA BARBARA",UNINCORPORATED,-120.47036743164062,34.697059631347656
91144078,2019,2019-12-16,9760,2019-12-07,0540,019446,,6,3,9,4200,0,1,2,,2,020,"US-101 S/B","LOS POSITAS",0.00,,N,C,-,Y,,,,,,,,,,N,4,0,1,2,D,-,00,,,M,C,C,A,B,H,-,C,D,0,,,,,Y,,-,"- ",0,0,1,0,0,0,0,0,0,"- ","- ",34,-119,"SANTA BARBARA",UNINCORPORATED,-119.73374938964844,34.427951812744141
91146521,2019,2019-12-18,9750,2019-12-09,0750,016542,,1,1,9,4200,0,1,2,,2,003,"US 101 S/B","ALISOS CANYON RD",400.00,S,N,F,-,Y,,,,,,,,,,Y,4,0,1,2,A,-,03,22350,,N,C,C,A,A,H,-,A,D,0,,,,,Y,,A,01,0,0,1,0,0,0,0,0,0,"- ","- ",34.744838714599609,-120.27236938476562,"SANTA BARBARA",UNINCORPORATED,-120.23491668701172,34.730792999267578
91153625,2019,2019-12-27,9760,2019-12-13,0100,022181,,5,3,9,4200,0,2,4,,1,021,"STATE STREET","MODOC RD",725.00,E,N,A,-,N,,,,,,,,,,Y,4,0,1,1,A,-,01,23152,A,N,E,I,A,A,H,-,C,D,0,,,,,Y,Y,A,01,0,0,1,0,0,0,0,0,0,"- ","- ",34.440559387207031,-119.76753234863281,"SANTA BARBARA",UNINCORPORATED,-119.767714,34.440503999999997
91153683,2019,2019-12-27,9760,2019-12-20,2300,021061,,5,3,9,4200,0,1,2,,2,010,"US-101 S/B","SPINDRIFT LN.",200.00,S,N,A,-,Y,,,101,,,,,,S,Y,3,0,1,2,A,-,08,22107,,N,C,C,A,A,H,-,C,D,0,,,,,Y,,A,01,0,1,0,0,0,0,0,0,0,"- ","- ",34.405830383300781,-119.54472351074219,"SANTA BARBARA",UNINCORPORATED,-119.54470825195312,34.405937194824219
9115426,2019,2020-06-30,4202,2019-09-11,0944,274,,3,5,4,4202,0,0,0,,0,,"OCEAN AV","V ST",11.00,E,N,A,-,N,,,,,,,,,,N,4,0,1,2,A,-,05,21202,A,N,D,G,A,A,H,-,A,A,0,,Y,,,Y,,L,04,0,0,1,0,0,0,1,0,0,"- ","- ",,,"SANTA BARBARA",LOMPOC,-120.4754638671875,34.639129638671875
9116354,2020,2020-09-08,4204,2020-06-02,1711,90357,3,2,5,5,4204,0,0,0,,0,002,"BLOSSER RD",FESLER,0.00,,Y,A,-,N,,,,,,,,,,N,4,0,1,2,A,-,09,21804,A,N,D,C,A,A,H,-,A,D,0,,,,,Y,,A,01,0,0,1,0,0,0,0,0,0,"- ","- ",34.95697021484375,-120.45374298095703,"SANTA BARBARA","SANTA MARIA",-120.45355987548828,34.956958770751953
9116361,2020,2020-08-27,4204,2020-06-04,1643,91008,,4,5,5,4204,0,0,0,,0,003,"WESTERN AV","ALBA CT",0.00,,Y,A,-,N,,,,,,,,,,,4,0,3,2,A,-,03,22350,,N,C,C,A,A,H,-,A,D,0,,,,,Y,,A,01,0,0,3,0,0,0,0,0,0,"- ","- ",34.928920745849609,-120.44918823242188,"SANTA BARBARA","SANTA MARIA",-120.44949340820312,34.928928375244141
91164055,2020,2020-01-13,9755,2020-01-05,0001,021125,,7,3,9,4200,0,1,3,,1,042,"SR-154 E/B","LAKEVIEW DRIVE",10032.00,E,N,A,-,Y,,,154,,,,,,E,Y,2,0,3,2,A,-,05,21460,A,N,A,C,A,A,H,-,D,D,0,,,,,Y,,A,01,1,0,2,0,0,0,0,0,0,"- ","- ",34.562038421630859,-119.92793273925781,"SANTA BARBARA",UNINCORPORATED,-119.92793273925781,34.562030792236328
91166311,2020,2020-01-15,9760,2020-01-09,1801,018418,,4,2,4,4214,0,1,2,,1,030,"U.S. 101 S/B","FAIRVIEW AVE",2000.00,S,N,A,-,Y,,,,,,,,,,Y,4,0,2,3,A,-,03,22350,,N,C,C,A,A,H,-,D,D,0,,,,,Y,,A,01,0,0,2,0,0,0,0,0,0,"- ","- ",34.440731048583984,-119.81852722167969,"SANTA BARBARA",GOLETA,-119.8389892578125,34.438850402832031
91167752,2020,2020-01-17,9760,2020-01-07,0855,018019,,2,1,5,4203,0,1,2,,2,020,"US-101 N/B (EL CAMINO REAL)",SR-154,200.00,S,N,A,-,Y,,,101,,,,,,N,Y,4,0,1,3,A,-,08,22107,,N,B,C,A,A,H,-,A,D,0,,,,Y,Y,,A,01,0,0,1,0,0,0,0,0,0,"- ","- ",34.441181182861328,-119.75795745849609,"SANTA BARBARA","SANTA BARBARA",-119.75795745849609,34.441200256347656
91169226,2020,2020-01-21,9760,2020-01-15,1050,015669,,3,1,5,4203,0,1,2,,2,020,"US-101 S/B","LA CUMBRE RD",1056.00,N,N,A,-,Y,,,101,,,,,,S,Y,4,0,1,3,A,-,03,22350,,N,C,C,A,A,D,-,A,D,0,,,,,Y,,A,07,0,0,1,0,0,0,0,0,0,"- ","- ",34.439579010009766,-119.75495910644531,"SANTA BARBARA","SANTA BARBARA",-119.75492858886719,34.439620971679688
91170297,2020,2020-01-22,9760,2020-01-16,0830,019446,,4,1,9,4200,0,1,3,,1,022,SR-154,"PARADISE RD",0.00,,Y,B,-,Y,,,154,,,,,,,Y,3,0,3,2,A,-,09,21802,A,N,D,C,A,A,H,-,A,A,0,,,,Y,Y,,F,26,0,1,2,0,0,0,0,0,0,"- ","- ",34.533519744873047,-119.85774993896484,"SANTA BARBARA",UNINCORPORATED,-119.85774993896484,34.533519744873047
91173217,2020,2020-01-24,9760,2020-01-17,2225,021061,,5,3,4,4214,0,3,5,,2,005,"CAMINO CORTO","TRIGO RD.",10.00,N,N,A,-,N,,,,,,,,,,N,3,0,2,2,A,-,03,22350,,N,C,C,A,A,H,-,C,D,0,,,,,Y,,M,94,0,1,1,0,0,0,0,0,0,"- ","- ",34.411209106445312,-119.86649322509766,"SANTA BARBARA",GOLETA,-119.86643218994141,34.411178588867188
91174012,2020,2020-01-27,9760,2020-01-17,0750,019831,,5,1,5,4203,0,1,2,,2,011,"US-101 NB (EL CAMINO REAL)","MICHELTORENA ST",649.00,S,N,A,-,Y,,,101,,,,,,N,Y,4,0,2,2,A,-,03,22350,,N,C,C,A,A,H,-,A,D,0,,,,,Y,,A,01,0,0,2,0,0,0,0,0,0,"- ","- ",34.420131683349609,-119.71344757080078,"SANTA BARBARA","SANTA BARBARA",-119.71321105957031,34.420440673828125
91180992,2020,2020-02-05,9760,2020-01-24,1445,020029,,5,2,9,4200,0,2,4,,1,021,"HOLLISTER AVE","SAN RICARDO DR",0.00,,Y,A,-,N,,,,,,,,,,N,4,0,2,2,A,-,12,21453,A,N,D,C,A,A,H,-,A,A,0,,,,,Y,,A,01,0,0,2,0,0,0,0,0,0,"- ","- ",34.434860229492188,-119.80605316162109,"SANTA BARBARA",UNINCORPORATED,-119.80603790283203,34.434921264648438
91182731,2020,2020-02-07,9760,2020-02-04,1200,015669,,2,1,9,4200,0,3,5,,2,002,"PATTERSON AVE","MORE RANCH RD",528.00,N,N,A,-,N,,,,,,,,,,N,2,0,1,2,A,-,12,22450,A,N,D,G,A,A,H,-,A,C,0,,,,,Y,,M,91,1,0,0,0,0,0,0,0,0,"- ","- ",34.425361633300781,-119.81096649169922,"SANTA BARBARA",UNINCORPORATED,-119.81088256835938,34.425254821777344
9118338,2020,2020-09-18,4202,2020-05-31,1155,80655,4202,7,5,4,4202,0,0,0,,0,,"A ST","MAPLE ST",183.00,S,N,A,-,N,,,,,,,,,,Y,3,0,1,3,A,-,08,22107,,N,A,E,A,A,H,-,A,D,0,,,,,Y,,A,01,0,1,0,0,0,0,0,0,0,"- ","- ",,,"SANTA BARBARA",LOMPOC,-120.44895172119141,34.644828796386719
91183636,2020,2020-02-10,9760,2020-02-04,2105,020483,,2,2,9,4200,0,3,5,,2,005,"LOS CARNEROS RD.","MESA RD.",0.00,,Y,A,-,N,,,,,,,,,,N,3,0,1,2,A,-,05,21650,,N,B,G,A,A,H,-,C,A,0,,Y,,,Y,,L,04,0,1,0,0,0,0,1,0,0,"- ","- ",34.422130584716797,-119.85964965820312,"SANTA BARBARA",UNINCORPORATED,-119.85977172851562,34.422080993652344
91190004,2020,2020-02-20,9755,2020-02-16,1250,016999,,7,1,9,4200,0,3,5,,2,040,"ALAMO PINTADO AVE","GRAND AVE",35.00,W,N,A,-,N,,,,,,,,,,N,2,0,1,1,A,-,21,22106,,N,H,A,A,A,H,-,A,D,0,,,,,Y,,A,01,1,0,0,0,0,0,0,0,0,"- ","- ",34.665489196777344,-120.11515808105469,"SANTA BARBARA",UNINCORPORATED,-120.11512756347656,34.665523529052734
91190288,2020,2020-02-20,9755,2020-02-18,0300,020202,,2,3,9,4200,0,3,5,,2,040,"REFUGIO RD",SR-246,25.00,S,N,A,-,Y,,,,,,,,,,Y,3,0,1,1,A,-,01,23152,A,N,E,I,A,A,H,-,C,A,0,,,,,Y,Y,A,01,0,1,0,0,0,0,0,0,0,"- ","- ",34.606410980224609,-120.0982666015625,"SANTA BARBARA",UNINCORPORATED,,
91192038,2020,2020-02-24,9755,2020-02-15,1928,021818,,6,2,9,4200,0,1,3,,2,041,"SR-246 E/B","EDISON ST",150.00,W,N,A,-,Y,,,246,,,,,,E,N,4,0,1,2,A,-,21,22106,,N,C,C,A,A,H,-,C,A,0,,,,,Y,,A,01,0,0,1,0,0,0,0,0,0,"- ","- ",34.610298156738281,-120.08091735839844,"SANTA BARBARA",UNINCORPORATED,-120.08091735839844,34.610527038574219
9119847,2020,2020-12-03,4200,2020-05-08,1233,3116,14,5,5,4,4214,0,0,0,,0,050,FAIRVIEW,"RT 101",400.00,N,N,A,-,N,,,,,,,,,,Y,4,0,4,3,A,-,01,23153,A,N,C,C,A,A,H,-,A,D,0,,,,,Y,Y,A,07,0,0,4,0,0,0,0,0,0,"- ",SO,,,"SANTA BARBARA",GOLETA,-119.8311767578125,34.439807891845703
91201755,2020,2020-03-04,9760,2020-02-19,0725,019446,,3,1,3,4205,0,1,2,,2,010,"US-101 N/B","BAILARD AVE",2000.00,N,N,A,-,Y,,,101,,,,,,N,N,4,0,1,3,A,-,07,21658,A,N,B,C,A,A,H,-,A,D,0,,,Y,,Y,,A,01,0,0,1,0,0,0,0,0,1,"- ","- ",34.390491485595703,-119.50431823730469,"SANTA BARBARA",CARPINTERIA,-119.50431823730469,34.390491485595703
91203090,2020,2020-03-06,9760,2020-02-27,0800,018019,,4,1,9,4200,0,1,2,,2,010,"US-101 N/B (EL CAMINO REAL)","SOUTH PADARO LANE",1725.00,N,N,A,-,Y,,,101,,,,,,N,Y,3,0,2,4,A,-,03,22350,,F,C,C,A,A,H,-,A,D,0,,,,,Y,,A,07,0,1,1,0,0,0,0,0,0,"- ","- ",34.414070129394531,-119.55713653564453,"SANTA BARBARA",UNINCORPORATED,-119.55712890625,34.414081573486328
91204254,2020,2020-03-09,9760,2020-03-01,0309,021531,,7,3,9,4200,0,1,2,,2,020,"US-101 NB S OF TURNPIKE ROAD","TURNPIKE ROAD",3500.00,S,N,A,-,Y,,,101,,,,R,,N,Y,3,0,1,1,A,-,08,22107,,N,E,I,A,A,H,-,D,D,0,,,,,Y,,A,01,0,1,0,0,0,0,0,0,0,"- ","- ",34.442169189453125,-119.77744293212891,"SANTA BARBARA",UNINCORPORATED,-119.77744293212891,34.442169189453125
91204358,2020,2020-03-09,9750,2020-03-03,1243,016469,,2,1,9,4200,0,3,5,,2,020,"SHERWOOD RD","SATINWOOD RD",255.00,W,N,A,-,N,,,,,,,,,,N,4,0,1,2,A,-,21,22106,,N,B,C,A,A,H,-,A,D,0,,,,,Y,,A,07,0,0,1,0,0,0,0,0,0,"- ","- ",34.895721435546875,-120.48645782470703,"SANTA BARBARA",UNINCORPORATED,-120.48628234863281,34.895721435546875
91206520,2020,2020-03-11,9750,2020-03-08,1408,017709,,7,2,9,4200,0,3,5,,2,020,"PATTERSON ROAD","BAUER AVE",55.00,N,N,A,-,N,,,,,,,,,,Y,4,0,1,2,A,-,01,23152,F,N,D,E,A,A,H,-,A,D,0,,,,,Y,,A,01,0,0,1,0,0,0,0,0,0,"- ","- ",34.865840911865234,-120.4134521484375,"SANTA BARBARA",UNINCORPORATED,-120.41336822509766,34.865730285644531
91206572,2020,2020-03-11,9755,2020-03-06,0844,016999,,5,1,9,4200,0,1,3,,1,055,"SR-1 N/B","SANTA LUCIA CANYON RD",30.00,N,N,B,-,Y,,,1,,,,,,N,Y,3,0,2,2,A,-,09,21802,A,N,D,C,A,A,H,-,A,D,0,,,,,Y,,A,07,0,1,1,0,0,0,0,0,0,"- ","- ",34.713218688964844,-120.48902893066406,"SANTA BARBARA",UNINCORPORATED,-120.48903656005859,34.713218688964844
91206576,2020,2020-03-17,9750,2020-03-08,0748,016469,,7,1,9,4200,0,1,3,,1,063,SR-166,"CUYAMA RIVER BRIDGE 51-41",271.00,W,N,B,-,Y,,,166,,,,,,,Y,2,0,1,1,A,-,08,22107,,N,F,A,A,B,H,-,A,D,0,,,,,Y,,A,01,1,0,0,0,0,0,0,0,0,"- ","- ",35.110328674316406,-120.08473205566406,"SANTA BARBARA",UNINCORPORATED,-120.08470916748047,35.110397338867188
91210292,2020,2020-03-17,9760,2020-03-16,1340,020495,,1,1,5,4203,0,1,2,,2,011,"US-101 SOUTHBOUND (EL CAMINO REAL)","GARDEN STREET",1700.00,N,N,C,-,Y,,,101,,,,,,S,Y,4,0,1,1,A,-,03,22350,,N,E,I,A,B,H,-,A,D,0,,,,,Y,,A,07,0,0,1,0,0,0,0,0,0,"- ","- ",34.413970947265625,-119.69435119628906,"SANTA BARBARA","SANTA BARBARA",-119.69431304931641,34.413921356201172
9122360,2020,2020-08-27,4204,2020-05-05,1744,21513,057,2,5,5,4204,0,0,0,,0,001,"MILLER ST",MORRISON,10.00,E,N,A,-,N,,,,,,,,,,Y,4,0,3,2,A,-,09,21802,A,N,D,C,A,A,H,-,A,D,0,,,,,Y,,A,01,0,0,3,0,0,0,0,0,0,"- ","- ",,,"SANTA BARBARA","SANTA MARIA",-120.43144989013672,34.943080902099609
91223654,2020,2020-04-09,9760,2020-04-02,0925,018019,,4,1,9,4200,0,3,5,,2,001,"VIA REAL","SENTAR RD.",792.00,E,N,A,-,N,,,,,,,,,,Y,4,0,1,2,A,-,03,22350,,N,C,C,A,A,H,-,A,D,0,,,,,Y,,J,48,0,0,1,0,0,0,0,0,0,"- ","- ",34.417030334472656,-119.56671905517578,"SANTA BARBARA",UNINCORPORATED,-119.56678009033203,34.416999816894531
91223999,2020,2020-04-10,9755,2020-04-09,1555,017255,,4,2,9,4200,0,1,2,,2,004,"US-101 S/B","GAVIOTA STATE BEACH RD",1584.00,N,N,B,C,Y,,,101,,,,,,S,Y,4,0,2,1,A,-,03,22350,,N,E,I,A,B,H,-,A,D,0,,,,,Y,,A,07,0,0,2,0,0,0,0,0,0,"- ","- ",34.486881256103516,-120.22760009765625,"SANTA BARBARA",UNINCORPORATED,-120.22756958007812,34.486850738525391
9122575,2020,2020-10-24,4203,2020-07-10,1934,24077,,5,5,5,4203,0,0,0,,0,006,"PALERMO DR","MODOC RD",10.00,S,N,A,-,N,,,,,,,,,,N,3,0,1,2,A,-,08,22107,,N,A,C,A,A,H,-,A,D,0,,,Y,,Y,,A,01,0,1,0,0,0,0,0,0,1,"- ","- ",34.429340362548828,-119.74208831787109,"SANTA BARBARA","SANTA BARBARA",-119.74237823486328,34.429325103759766
9122583,2020,2020-10-24,4203,2020-07-06,1006,25210,62,1,5,5,4203,0,0,0,,0,001,"N MILPAS ST","YANONALI ST",105.00,N,N,A,-,N,,,,,,,,,,Y,3,0,1,2,A,-,08,22107,,N,B,E,A,-,H,-,A,D,0,,,,,Y,,A,01,0,1,0,0,0,0,0,0,0,"- ","- ",34.423488616943359,-119.68154907226562,"SANTA BARBARA","SANTA BARBARA",-119.68172454833984,34.423686981201172
91228820,2020,2020-04-29,9750,2020-04-18,1829,017884,,6,2,9,4200,0,1,3,,1,022,"SR-1 N/B","CLARK AVENUE",25.00,N,N,A,-,Y,,,1,,,,,,N,Y,4,0,2,2,A,-,09,21801,A,N,D,C,A,A,H,-,A,A,0,,,,,Y,,A,07,0,0,2,0,0,0,0,0,0,"- ","- ",34.864089965820312,-120.45707702636719,"SANTA BARBARA",UNINCORPORATED,-120.45709991455078,34.864059448242188
91228947,2020,2020-04-23,9750,2020-04-21,0804,015915,,2,1,9,4200,0,1,3,,1,063,"SR-166 E/B","SIERRA MADRE ROAD",2112.00,W,N,A,-,Y,,,166,,,,,,E,Y,3,0,2,1,A,-,08,22107,,N,F,A,A,A,H,-,A,D,0,,,,,Y,,A,01,0,2,0,0,0,0,0,0,0,"- ","- ",35.109371185302734,-120.09979248046875,"SANTA BARBARA",UNINCORPORATED,-120.09980773925781,35.10943603515625
91228998,2020,2020-04-23,9755,2020-04-16,1955,020619,,4,2,9,4200,0,3,5,,2,050,"BURTON MESA BLVD","RUCKER RD",550.00,W,N,B,-,N,,,,,,,,,,Y,4,0,1,1,A,-,08,22107,,N,F,I,A,A,H,-,D,D,0,,,,,Y,,A,07,0,0,1,0,0,0,0,0,0,"- ","- ",34.692279815673828,-120.43869018554688,"SANTA BARBARA",UNINCORPORATED,-120.43866729736328,34.692253112792969
91229585,2020,2020-04-27,9750,2020-04-17,1755,018616,,5,2,9,4200,0,2,4,,1,024,"BRADLEY RD","CLARK AVE",315.00,N,N,B,-,N,,,,,,,,,,Y,4,0,1,1,A,-,08,22107,,N,E,I,A,A,H,-,A,D,0,,,,,Y,,A,01,0,0,1,0,0,0,0,0,0,"- ","- ",34.865978240966797,-120.41870880126953,"SANTA BARBARA",UNINCORPORATED,-120.41886901855469,34.865867614746094
91229773,2020,2020-04-27,9750,2020-04-21,1637,018009,,2,2,9,4200,0,2,4,,1,024,"ORCUTT ROAD","PATTERSON ROAD",40.00,N,N,A,-,N,,,,,,,,,,Y,4,0,1,2,A,-,03,22350,,N,C,C,A,A,H,-,A,D,0,,,,,Y,,A,01,0,0,1,0,0,0,0,0,0,"- ","- ",34.868919372558594,-120.436279296875,"SANTA BARBARA",UNINCORPORATED,-120.43629455566406,34.868869781494141
91230193,2020,2020-04-27,9750,2020-04-18,1712,017496,,6,2,5,4204,0,1,2,,2,001,"US-101 SB TO DONOVAN","DONOVAN RD",350.00,N,N,A,-,Y,,,101,,,,R,,S,Y,2,0,2,1,A,-,01,23152,A,N,F,A,A,A,H,-,A,D,0,,,,,Y,Y,D,22,1,1,0,0,0,0,0,0,0,"- ","- ",34.969211578369141,-120.42469024658203,"SANTA BARBARA","SANTA MARIA",-120.42469024658203,34.969211578369141
9123127,2020,2020-09-14,4203,2020-06-23,1611,8825,33,2,5,5,4203,0,0,0,,0,004,"W SOLA ST","BATH ST",0.00,,Y,A,-,N,,,,,,,,,,Y,4,0,1,2,A,-,21,22106,,N,D,C,A,A,H,-,A,D,0,,,,,Y,,A,01,0,0,1,0,0,0,0,0,0,"- ","- ",34.420269012451172,-119.7056884765625,"SANTA BARBARA","SANTA BARBARA",-119.71037292480469,34.422069549560547
9123132,2020,2020-09-03,4203,2020-06-13,0211,23781,75,6,5,5,4203,0,0,0,,0,001,"ALAMEDA PADRE SERRA","E LOS OLIVOS ST",400.00,S,N,A,-,N,,,,,,,,,,Y,3,0,1,1,A,-,08,22107,,N,E,I,A,A,H,-,D,D,0,,,,,Y,,A,01,0,1,0,0,0,0,0,0,0,"- ","- ",34.438301086425781,-119.71150207519531,"SANTA BARBARA","SANTA BARBARA",-119.71311950683594,34.439041137695312
9123148,2020,2020-09-01,4203,2020-06-27,0109,5124,12,6,5,5,4203,0,0,0,,0,002,"CABRILLO BL","CALLE PUERTO VALLARTA",147.00,W,N,A,-,N,,,,,,,,,,,4,0,1,2,A,-,09,21804,A,N,D,G,A,A,H,-,C,D,0,,Y,,,Y,,L,04,0,0,1,0,0,0,1,0,0,"- ","- ",,,"SANTA BARBARA","SANTA BARBARA",-119.67574310302734,34.416091918945312
9123149,2020,2020-09-01,4203,2020-06-26,1854,24077,,5,5,5,4203,0,0,0,,0,006,"SAN ANDRES ST","ANAPAMU ST",0.00,,Y,A,-,N,,,,,,,,,,,4,0,1,2,A,-,05,21650,1,N,D,G,A,A,H,-,A,D,0,,Y,,,Y,,L,04,0,0,1,0,0,0,1,0,0,"- ","- ",34.414218902587891,-119.70774078369141,"SANTA BARBARA","SANTA BARBARA",-119.71234130859375,34.415969848632812
91237733,2020,2020-05-14,9760,2020-05-04,1255,019831,,1,1,9,4200,0,1,2,,2,010,"US-101 SOUTHBOUND (EL CAMINO REAL)","SHEFFIELD DRIVE",564.00,N,N,A,-,Y,,,101,,,,,,S,Y,4,0,2,1,A,-,08,22107,,N,E,I,A,A,H,-,A,D,0,,,,,Y,,A,01,0,0,2,0,0,0,0,0,0,"- ","- ",34.421501159667969,-119.61601257324219,"SANTA BARBARA",UNINCORPORATED,-119.61600494384766,34.421451568603516
91238850,2020,2020-05-18,9755,2020-05-10,0328,021013,,7,3,9,4200,0,3,5,,2,050,"HARRIS GRADE ROAD","RUCKER RD",2640.00,N,N,A,-,N,,,,,,,,,,Y,3,0,1,1,A,-,03,22350,,N,E,I,A,A,H,-,D,D,0,,,,,Y,,A,07,0,1,0,0,0,0,0,0,0,"- ","- ",34.727508544921875,-120.43946075439453,"SANTA BARBARA",UNINCORPORATED,-120.43361663818359,34.718074798583984
91241071,2020,2020-05-21,9760,2020-05-14,1330,021018,,4,1,9,4200,0,1,2,,2,020,"US-101 SOUTHBOUND","TURNPIKE ROAD",1450.00,S,N,A,-,Y,,,101,,,,,,S,Y,3,0,2,2,A,-,08,22107,,N,B,C,A,A,H,-,A,D,0,,,,Y,Y,,A,01,0,1,1,0,0,0,0,0,0,"- ","- ",34.441959381103516,-119.78426361083984,"SANTA BARBARA",UNINCORPORATED,-119.78426361083984,34.441959381103516
91241268,2020,2020-05-22,9755,2020-05-16,1245,013618,,6,1,9,4200,0,1,3,,1,053,"STATE ROUTE 246","MISSION GATE ROAD",456.00,E,N,A,-,Y,,,246,,,,,,,Y,2,0,2,2,A,-,09,21802,A,N,A,C,A,A,H,-,A,D,0,,,,,Y,,A,07,1,1,0,0,0,0,0,0,0,"- ","- ",34.664241790771484,-120.42089080810547,"SANTA BARBARA",UNINCORPORATED,-120.4208984375,34.664268493652344
91243841,2020,2020-05-28,9750,2020-05-23,1445,017910,,6,2,9,4200,0,1,3,,1,011,SR-166,"BLACK RD",1584.00,E,N,A,-,Y,,,166,,,,,,,Y,4,0,2,2,A,-,03,22350,,N,C,C,A,A,H,-,A,D,0,,,,,Y,,A,07,0,0,2,0,0,0,0,0,0,"- ","- ",34.954849243164062,-120.48394775390625,"SANTA BARBARA",UNINCORPORATED,-120.48394775390625,34.954925537109375
91245376,2020,2020-05-29,9755,2020-05-28,1913,017374,,4,2,9,4200,0,1,3,,1,042,SR-154,"EDISON ST.",0.00,,Y,A,-,Y,,,154,,,,,,,Y,4,0,2,2,A,-,12,22450,A,N,D,C,A,A,H,-,A,A,0,,,,,Y,,A,07,0,0,2,0,0,0,0,0,0,"- ","- ",34.633720397949219,-120.08100891113281,"SANTA BARBARA",UNINCORPORATED,-120.08102416992188,34.633705139160156