CASE_ID,ACCIDENT_YEAR,PROC_DATE,JURIS,COLLISION_DATE,COLLISION_TIME,OFFICER_ID,REPORTING_DISTRICT,DAY_OF_WEEK,CHP_SHIFT,POPULATION,CNTY_CITY_LOC,SPECIAL_COND,BEAT_TYPE,CHP_BEAT_TYPE,CITY_DIVISION_LAPD,CHP_BEAT_CLASS,BEAT_NUMBER,PRIMARY_RD,SECONDARY_RD,DISTANCE,DIRECTION,INTERSECTION,WEATHER_1,WEATHER_2,STATE_HWY_IND,CALTRANS_COUNTY,CALTRANS_DISTRICT,STATE_ROUTE,ROUTE_SUFFIX,POSTMILE_PREFIX,POSTMILE,LOCATION_TYPE,RAMP_INTERSECTION,SIDE_OF_HWY,TOW_AWAY,COLLISION_SEVERITY,NUMBER_KILLED,NUMBER_INJURED,PARTY_COUNT,PRIMARY_COLL_FACTOR,PCF_CODE_OF_VIOL,PCF_VIOL_CATEGORY,PCF_VIOLATION,PCF_VIOL_SUBSECTION,HIT_AND_RUN,TYPE_OF_COLLISION,MVIW,PED_ACTION,ROAD_SURFACE,ROAD_COND_1,ROAD_COND_2,LIGHTING,CONTROL_DEVICE,CHP_ROAD_TYPE,PEDESTRIAN_ACCIDENT,BICYCLE_ACCIDENT,MOTORCYCLE_ACCIDENT,TRUCK_ACCIDENT,NOT_PRIVATE_PROPERTY,ALCOHOL_INVOLVED,STWD_VEHTYPE_AT_FAULT,CHP_VEHTYPE_AT_FAULT,COUNT_SEVERE_INJ,COUNT_VISIBLE_INJ,COUNT_COMPLAINT_PAIN,COUNT_PED_KILLED,COUNT_PED_INJURED,COUNT_BICYCLIST_KILLED,COUNT_BICYCLIST_INJURED,COUNT_MC_KILLED,COUNT_MC_INJURED,PRIMARY_RAMP,SECONDARY_RAMP,LATITUDE,LONGITUDE,COUNTY,CITY,POINT_X,POINT_Y
92234106,2023,2023-11-13,9760,2023-11-05,1700,022485,,7,2,9,4200,0,1,3,,1,014,SR-192,"LIVE OAKS RD",450.00,E,N,A,-,N,,,,,,,,,,N,4,0,1,2,A,-,03,22350,,N,F,A,A,A,H,-,B,D,0,,,Y,,Y,,C,02,0,0,1,0,0,0,0,0,1,"- ","- ",34.437309265136719,-119.62505340576172,"SANTA BARBARA",UNINCORPORATED,-119.62505340576172,34.437320709228516
92236533,2023,2023-11-15,9755,2023-11-06,1245,019292,,1,1,9,4200,0,1,3,,1,055,SR-1,"TIMBER LANE",0.00,,Y,A,-,Y,SB,,1," ",M,29.367,H,,R,Y,4,0,1,2,A,-,12,21453,A,N,D,C,A,A,H,-,A,A,0,,,,,Y,,A,07,0,0,1,0,0,0,0,0,0,"- ","- ",34.744941711425781,-120.5147705078125,"SANTA BARBARA",UNINCORPORATED,-120.51474761962891,34.744953155517578
92240081,2023,2023-11-20,9760,2023-11-14,1230,021476,,2,1,5,4203,0,1,2,,2,011,"US-101 SOUTHBOUND","MISSION STREET",1895.00,N,N,A,-,Y,SB,,101," "," ",16.142,H,,L,Y,4,0,2,3,A,-,03,22350,,N,C,C,A,A,D,-,A,D,0,,,,,Y,,A,01,0,0,2,0,0,0,0,0,0,"- ","- ",34.426750183105469,-119.72660827636719,"SANTA BARBARA","SANTA BARBARA",-119.72661590576172,34.426715850830078
92240791,2023,2023-11-20,9750,2023-11-15,1055,015915,,3,1,9,4200,0,1,3,,1,064,SR-166,"BELL ROAD",2112.00,E,N,E,G,Y,SB,,166," "," ",67.053,H,,R,N,4,0,2,2,A,-,03,22350,,N,C,C,A,A,H,-,A,D,0,,,,Y,Y,,G,25,0,0,2,0,0,0,0,0,0,"- ","- ",34.940078735351562,-119.64457702636719,"SANTA BARBARA",UNINCORPORATED,-119.64456939697266,34.940135955810547
9224139,2021,2021-03-26,4204,2021-02-03,1000,90228,,3,5,5,4204,0,0,0,,0,002,"CAPITOL DR","CYPRESS ST",279.00,N,N,A,-,N,,,,,,,,,,N,4,0,1,2,A,-,21,22106,,N,D,C,A,A,H,-,A,D,0,,,,,Y,,A,01,0,0,1,0,0,0,0,0,0,"- ","- ",34.949569702148438,-120.4215087890625,"SANTA BARBARA","SANTA MARIA",-120.42180633544922,34.951705932617188
92251969,2023,2023-12-04,9760,2023-11-22,"727 ",023546,,3,1,5,4203,0,1,2,,2,011,"US 101 SOUTHBOUND","MISSION STREET",600.00,S,N,A,-,Y,SB,,101," ",R,15.860,H,,L,Y,4,0,3,4,A,-,11,21954,A,N,G,1,D,A,H,-,A,D,0,Y,,,Y,Y,,N,60,0,0,3,0,1,0,0,0,0,"- ","- ",34.425968170166016,-119.72225189208984,"SANTA BARBARA","SANTA BARBARA",-119.72226715087891,34.425907135009766
92254141,2023,2023-12-06,9760,2023-11-24,1230,023546,,5,1,5,4203,0,1,2,,2,020,"US-101 NORTHBOUND","STATE STREET",1000.00,S,N,A,-,Y,SB,,101," "," ",17.857,H,,R,N,4,0,1,3,A,-,03,22350,,N,C,C,A,A,H,-,A,D,0,,,,,Y,,A,07,0,0,1,0,0,0,0,0,0,"- ","- ",34.437698364257812,-119.75238037109375,"SANTA BARBARA","SANTA BARBARA",-119.75244140625,34.437652587890625
92256671,2023,2023-12-07,9760,2023-11-28,1705,021294,,2,2,9,4200,0,3,5,,2,005,"CAMINO PESCADERO","SABADO TARDE",0.00,,Y,A,-,N,,,,,,,,,,N,4,0,1,2,A,-,12,22450,A,N,D,C,A,A,H,-,A,A,0,,,,,Y,,M,94,0,0,1,0,0,0,0,0,0,"- ","- ",34.410430908203125,-119.85871124267578,"SANTA BARBARA",UNINCORPORATED,-119.85870361328125,34.410446166992188
92260973,2023,2023-12-13,9760,2023-12-04,"750 ",016739,,1,1,9,4200,0,1,2,,2,011,"US-101 S/B (EL CAMINO REAL)","LAS POSITAS RD.",700.00,S,N,A,-,Y,SB,,101," "," ",16.416,H,,L,N,4,0,2,2,A,-,03,22350,,N,D,C,A,A,H,-,A,A,0,,,,,Y,,-,"- ",0,0,2,0,0,0,0,0,0,"- ","- ",34.427528381347656,-119.73136138916016,"SANTA BARBARA",UNINCORPORATED,-119.73136901855469,34.427505493164062
92263491,2023,2023-12-15,9760,2023-12-07,1350,023335,,4,1,4,4214,0,1,2,,2,020,"US-101 SOUTHBOUND","FAIRVIEW AVE",1000.00,S,N,A,-,Y,SB,,101," "," ",22.233,H,,L,Y,4,0,1,1,A,-,03,22350,,N,F,A,A,A,H,-,A,D,0,,,,,Y,,A,07,0,0,1,0,0,0,0,0,0,"- ","- ",34.439838409423828,-119.82711791992188,"SANTA BARBARA",GOLETA,-119.82713317871094,34.439945220947266
92263947,2023,2023-12-18,9750,2023-12-07,1714,016170,,4,2,9,4200,0,2,4,,1,024,"UNION VALLEY PARKWAY","BRADLEY RD",0.00,,Y,A,-,N,,,,,,,,,,N,4,0,1,2,A,-,21,22106,,N,G,B,B,A,H,-,C,A,0,Y,,,,Y,,A,07,0,0,1,0,1,0,0,0,0,"- ","- ",34.879508972167969,-120.41853332519531,"SANTA BARBARA",UNINCORPORATED,-120.418701171875,34.879356384277344
92271505,2023,2023-12-26,9755,2023-12-19,"5   ",022749,,2,3,9,4200,0,1,2,,2,004,"US-101 N/B",SR-154,6600.00,N,N,A,-,Y,SB,,101," "," ",64.009,H,,R,Y,4,0,1,1,A,-,03,22350,,N,E,I,A,B,H,-,D,D,0,,,,,Y,,A,01,0,0,1,0,0,0,0,0,0,"- ","- ",34.702468872070312,-120.16835021972656,"SANTA BARBARA",UNINCORPORATED,-120.16844940185547,34.702434539794922
92271906,2023,2023-12-27,9750,2023-12-16,"942 ",016469,,6,1,9,4200,0,3,5,,2,030,"PHILBRIC ROAD","STOWELL ROAD",1584.00,S,N,A,-,N,,,,,,,,,,Y,3,0,1,1,A,-,08,22107,,N,F,A,A,A,H,-,A,D,0,,,,,Y,,A,01,0,1,0,0,0,0,0,0,0,"- ","- ",34.932308197021484,-120.37390899658203,"SANTA BARBARA",UNINCORPORATED,-120.37361907958984,34.937919616699219
9227343,2021,2021-03-24,4200,2021-01-10,1909,4796,14,7,5,4,4214,0,0,0,,0,050,"CALLE REAL","KINGSTON AV",640.00,W,N,A,-,N,,,,,,,,,,N,3,0,1,2,A,-,11,21456,C,N,G,B,C,A,H,-,C,A,0,Y,,,,Y,Y,N,60,0,1,0,0,1,0,0,0,0,"- ","- ",,,"SANTA BARBARA",GOLETA,-119.82380676269531,34.441219329833984
92273876,2023,2023-12-28,9760,2023-12-25,2259,022726,,1,3,5,4203,0,1,2,,2,011,"US-101 NB","GARDEN ST",2957.00,N,N,A,-,Y,SB,,101," ",R,14.093,H,,R,Y,2,0,3,2,A,-,01,23152,A,N,A,2,A,A,H,-,C,D,0,,,,,Y,Y,D,22,3,0,0,0,0,0,0,0,0,"- ","- ",34.412551879882812,-119.69743347167969,"SANTA BARBARA","SANTA BARBARA",-119.69742584228516,34.412548065185547
92273972,2023,2023-12-28,9755,2023-12-22,"25  ",020483,,5,3,9,4200,0,1,3,,1,042,SR-154,"RANCHO ALEGRE",8976.00,E,N,C,-,Y,SB,,154," "," ",17.756,H,,R,Y,3,0,1,1,A,-,03,22350,,N,E,I,A,B,H,-,D,D,0,,,,,Y,,A,01,0,1,0,0,0,0,0,0,0,"- ","- ",34.557281494140625,-119.91233062744141,"SANTA BARBARA",UNINCORPORATED,-119.91226959228516,34.557319641113281
92274324,2023,2023-12-29,9760,2023-12-18,"830 ",015669,,1,1,9,4200,0,3,5,,2,005,"LOS CARNEROS RD","EL COLEGIO ROAD",85.00,N,N,B,C,N,,,,,,,,,,N,3,0,1,1,A,-,08,22107,,N,E,I,A,B,H,-,A,D,0,,,,,Y,,D,22,0,1,0,0,0,0,0,0,0,"- ","- ",34.417739868164062,-119.86078643798828,"SANTA BARBARA",UNINCORPORATED,-119.86066436767578,34.417533874511719
92274703,2023,2023-12-29,9750,2023-12-17,1203,023495,,7,1,9,4200,0,3,5,,2,010,"BROWN ROAD","BETTERAVIA ROAD",200.00,E,N,A,-,N,,,,,,,,,,Y,2,0,2,1,A,-,01,23152,A,N,E,I,A,A,H,-,A,D,0,,,,,Y,Y,A,01,2,0,0,0,0,0,0,0,0,"- ","- ",34.935371398925781,-120.54522705078125,"SANTA BARBARA",UNINCORPORATED,-120.54576873779297,34.935279846191406
92274774,2023,2023-12-29,9750,2023-12-17,2325,023429,,7,3,9,4200,0,1,3,,1,021,"SR-135 S/B (ORCUTT EXPRESSWAY)","ORCUTT ROAD",8.00,N,N,A,-,Y,SB,,135," "," ",12.080,H,,L,Y,3,0,1,2,A,-,08,22107,,N,B,C,A,A,H,-,C,A,0,,,,,Y,Y,D,22,0,1,0,0,0,0,0,0,0,"- ","- ",34.899639129638672,-120.43607330322266,"SANTA BARBARA",UNINCORPORATED,-120.43611907958984,34.899646759033203
92275288,2023,2024-02-20,9750,2023-12-22,2315,023429,,5,3,9,4200,0,2,4,,1,024,"CLARK AVENUE","BLOSSER ROAD",70.00,W,N,A,-,N,,,,,,,,,,Y,4,0,1,1,A,-,01,23152,A,N,E,8,A,A,H,-,C,D,0,,,,,Y,Y,A,07,0,0,1,0,0,0,0,0,0,"- ","- ",34.865230560302734,-120.45362854003906,"SANTA BARBARA",UNINCORPORATED,-120.45357513427734,34.865184783935547
92276383,2023,2024-01-02,9750,2023-12-25,"646 ",017705,,1,1,9,4200,0,1,3,,1,062,"SR-166 (CUYAMA HIGHWAY)","PINE CANYON ROAD",570.00,W,N,B,-,Y,SB,,166," ",R,24.801,H,,R,Y,3,0,1,1,A,-,08,22107,,N,E,8,A,A,H,-,A,D,0,,,,,Y,,A,01,0,1,0,0,0,0,0,0,0,"- ","- ",35.028560638427734,-120.19872283935547,"SANTA BARBARA",UNINCORPORATED,-120.19872283935547,35.028594970703125
92282900,2024,2024-01-09,9760,2024-01-04,1900,023122,,4,2,9,4200,0,1,2,,2,020,"TURNPIKE RD","US-101 ON/OFF RAMP",0.00,,Y,A,-,Y,,,,,,,,,,Y,4,0,1,2,A,-,12,21453,A,N,A,C,A,A,H,-,C,A,0,,,,,Y,,-,"- ",0,0,1,0,0,0,0,0,0,"- ","- ",34.442989349365234,-119.78929138183594,"SANTA BARBARA",UNINCORPORATED,,
92287887,2024,2024-01-16,9760,2024-01-09,"124 ",022912,,2,3,9,4200,0,2,4,,1,021,"HOLLISTER AVE","NORTH ARBOLEDA RD",244.00,W,N,A,-,N,,,,,,,,,,Y,4,0,1,1,A,-,08,22107,,N,E,I,A,A,H,-,C,D,0,,,,,Y,,A,01,0,0,1,0,0,0,0,0,0,"- ","- ",34.439468383789062,-119.77316284179688,"SANTA BARBARA",UNINCORPORATED,-119.77308654785156,34.439579010009766
92287998,2024,2024-01-16,9760,2024-01-08,"823 ",023449,,1,1,9,4200,0,1,2,,2,010,"US-101 N/B","NORTH PADARO LN",2640.00,S,N,A,-,Y,SB,,101," ",R,6.549,H,,R,N,4,0,1,3,A,-,03,22350,,N,C,C,A,A,D,-,A,D,0,,,,,Y,,D,22,0,0,1,0,0,0,0,0,0,"- ","- ",34.416030883789062,-119.57238006591797,"SANTA BARBARA",UNINCORPORATED,-119.57238006591797,34.416038513183594
92297684,2024,2024-01-26,9750,2024-01-21,1550,020510,,7,2,9,4200,0,1,3,,1,062,"SR-166 (CUYAMA HIGHWAY)","CABLE CORRAL ROAD",3168.00,W,N,B,-,Y,SB,,166," ",R,33.637,H,,R,Y,3,0,1,1,A,-,01,23152,A,N,E,I,A,A,H,-,A,D,0,,,,,Y,Y,A,01,0,1,0,0,0,0,0,0,0,"- ","- ",35.107460021972656,-120.10588073730469,"SANTA BARBARA",UNINCORPORATED,-120.10586547851562,35.107440948486328
92299117,2024,2024-02-02,9750,2024-01-18,1520,020964,,4,2,9,4200,0,3,5,,2,020,"S. BROADWAY","PINAL AVENUE",140.00,S,N,A,-,N,,,,,,,,,,N,3,0,1,2,A,-,08,22100,B,F,H,G,A,A,H,-,A,D,0,,Y,,Y,Y,,L,04,0,1,0,0,0,0,1,0,0,"- ","- ",34.862701416015625,-120.44730377197266,"SANTA BARBARA",UNINCORPORATED,-120.44730377197266,34.862754821777344
92299807,2024,2024-03-29,9755,2024-01-23,"844 ",016988,,2,1,9,4200,0,1,2,,2,004,"US-101 N/B","SANTA ROSA RD",10032.00,S,N,A,-,Y,SB,,101," "," ",54.851,H,,R,Y,3,0,2,2,C,-,18,,,N,E,8,A,A,H,-,A,D,0,,,,,Y,,-,"- ",0,1,1,0,0,0,0,0,0,"- ","- ",34.580879211425781,-120.19365692138672,"SANTA BARBARA",UNINCORPORATED,-120.19362640380859,34.580883026123047
92303178,2024,2024-02-01,9760,2024-01-25,1600,021294,,4,2,9,4200,0,3,5,,2,005,"CAMINO PESCADERO","ABREGO ROAD",0.00,,Y,A,-,N,,,,,,,,,,N,4,0,1,2,A,-,08,22107,,N,C,C,A,A,H,-,A,D,0,,,,,Y,,M,94,0,0,1,0,0,0,0,0,0,"- ","- ",34.414138793945312,-119.85868835449219,"SANTA BARBARA",UNINCORPORATED,-119.85870361328125,34.414146423339844
9230483,2021,2021-04-06,4203,2021-02-14,1930,23767,,7,5,5,4203,0,0,0,,0,004,"MISSION ST","DE LA VINA ST",0.00,,Y,A,-,N,,,,,,,,,,Y,3,0,2,2,A,-,09,21801,A,N,D,C,A,A,H,-,C,A,0,,,,,Y,,A,01,0,1,1,0,0,0,0,0,0,"- ","- ",34.427009582519531,-119.71205902099609,"SANTA BARBARA","SANTA BARBARA",-119.71695709228516,34.428726196289062
9230489,2021,2021-04-06,4203,2021-02-12,1903,6968,36,5,5,5,4203,0,0,0,,0,005,"DE LA VINA ST","CONSTANCE AV",0.00,,Y,A,-,N,,,,,,,,,,N,3,0,1,2,A,-,10,21950,A,N,G,B,D,A,H,-,C,A,0,Y,,,,Y,Y,A,01,0,1,0,0,1,0,0,0,0,"- ","- ",34.434711456298828,-119.72418975830078,"SANTA BARBARA","SANTA BARBARA",-119.72422027587891,34.434646606445312
92306499,2024,2024-02-06,9750,2024-01-30,"730 ",015514,,2,1,9,4200,0,1,3,,1,011,"SR-166 (W. MAIN STREET)","SIMAS ROAD",25.00,W,N,A,-,Y,SB,,166," "," ",0.876,H,,R,N,4,0,1,2,A,-,03,22350,,N,C,C,A,A,H,-,A,A,0,,,,,Y,,D,22,0,0,1,0,0,0,0,0,0,"- ","- ",34.957389831542969,-120.55854034423828,"SANTA BARBARA",UNINCORPORATED,-120.55854034423828,34.957416534423828
92306965,2024,2024-03-07,9760,2024-01-30,"800 ",021476,,2,1,3,4205,0,1,2,,2,010,"US-101 NORTHBOUND","SANTA YNEZ AVENUE OVERCROSSING",145.00,S,N,A,-,Y,SB,,101," "," ",3.621,H,,R,Y,3,0,5,2,A,-,03,22350,,N,C,2,A,A,H,-,A,D,0,,,,,Y,,A,07,0,2,3,0,0,0,0,0,0,"- ","- ",34.403289794921875,-119.52607727050781,"SANTA BARBARA",CARPINTERIA,-119.52607727050781,34.403285980224609
92309014,2023,2024-02-08,9760,2023-10-13,2141,022291,,5,2,5,4203,0,1,2,,2,020,"US-101 SOUTHBOUND","LAS POSITAS ROAD",1179.00,N,N,A,-,Y,SB,,101," "," ",16.788,H,,L,Y,1,1,3,2,A,-,01,23152,A,N,A,C,A,A,H,-,D,D,0,,,,,Y,,A,01,3,0,0,0,0,0,0,0,0,"- ","- ",34.428359985351562,-119.73782348632812,"SANTA BARBARA","SANTA BARBARA",-119.73782348632812,34.428356170654297
92311871,2024,2024-02-12,9760,2024-01-31,"124 ",023122,,3,3,4,4214,0,1,2,,1,030,"US-101 SOUTHBOUND","LOS CARNEROS",2375.00,N,N,A,-,Y,SB,,101," "," ",24.138,H,,L,Y,2,0,2,2,A,-,01,23152,A,N,B,C,A,A,H,-,D,D,0,,,,Y,Y,Y,A,07,1,1,0,0,0,0,0,0,0,"- ","- ",34.436309814453125,-119.86018371582031,"SANTA BARBARA",GOLETA,-119.86019134521484,34.436344146728516
92315461,2024,2024-03-05,9755,2024-02-12,1540,023547,,1,2,9,4200,0,3,5,,2,040,SR-246,"FRIENDSHIP LANE",300.00,E,N,A,-,Y,SB,,246," "," ",31.954,H,,R,N,3,0,2,2,A,-,09,21802,A,N,B,C,A,A,H,-,A,A,0,,,,,Y,,A,07,0,1,1,0,0,0,0,0,0,"- ","- ",34.606639862060547,-120.10111999511719,"SANTA BARBARA",UNINCORPORATED,-120.10111999511719,34.606601715087891
9231855,2021,2021-04-28,4204,2021-04-03,1622,90753,20,6,5,5,4204,0,0,0,,0,003,BROADWAY,"CARMEN LN",0.00,,Y,A,-,Y,SB,5,135,-,-,13.810,I,5,N,Y,4,0,1,2,A,-,12,21453,A,N,D,C,A,A,H,-,A,A,0,,,,,Y,,A,01,0,0,1,0,0,0,0,0,0,"- ","- ",34.923721313476562,-120.43650817871094,"SANTA BARBARA","SANTA MARIA",-120.43593597412109,34.924819946289062
92319039,2024,2024-02-21,9760,2024-02-13,"610 ",022050,,2,1,9,4200,0,2,4,,1,021,"MAGNA VISTA ST","HOLLISTER AVE",0.00,,Y,A,-,N,,,,,,,,,,N,3,0,1,2,A,-,09,21802,A,N,H,G,A,A,H,-,B,A,0,,Y,,,Y,,A,01,0,1,0,0,0,0,1,0,0,"- ","- ",34.436969757080078,-119.78677368164062,"SANTA BARBARA",UNINCORPORATED,-119.78678131103516,34.437034606933594
92319046,2024,2024-02-21,9760,2024-02-19,"850 ",021476,,1,1,9,4200,0,1,2,,2,010,"US-101 SOUTHBOUND","BATES ROAD",295.00,N,N,B,C,Y,SB,,101," ",R,0.028,H,,L,Y,4,0,1,1,A,-,03,22350,,N,E,8,A,B,H,-,A,D,0,,,,,Y,,A,01,0,0,1,0,0,0,0,0,0,"- ","- ",34.376598358154297,-119.47840118408203,"SANTA BARBARA",UNINCORPORATED,-119.47846221923828,34.376495361328125
92319707,2024,2024-02-21,9750,2024-02-09,1211,015915,,5,1,9,4200,0,1,3,,1,021,"SR-135 N/B","CLARK AVENUE",528.00,S,N,A,-,Y,SB,,135," ",R,10.293,H,,R,N,3,0,1,1,A,-,01,23152,A,M,F,A,A,A,H,-,A,D,0,,,,,Y,Y,A,07,0,1,0,0,0,0,0,0,0,"- ","- ",34.863151550292969,-120.43670654296875,"SANTA BARBARA",UNINCORPORATED,-120.43667602539062,34.863147735595703
92320127,2024,2024-02-27,9750,2024-02-12,"11  ",020121,,1,3,9,4200,0,1,3,,1,062,"SR-166 (CUYAMA HIGHWAY)","CABLE CORRAL ROAD",5000.00,W,N,A,-,Y,SB,,166," ",R,33.287,H,,R,Y,2,0,4,2,A,-,01,23152,A,N,A,C,A,A,H,-,D,D,0,,,,,Y,Y,A,01,1,3,0,0,0,0,0,0,0,"- ","- ",35.102901458740234,-120.10803985595703,"SANTA BARBARA",UNINCORPORATED,-120.1080322265625,35.102897644042969
92320418,2024,2024-02-22,9760,2024-02-16,2213,023130,,5,3,9,4200,0,1,3,,1,022,"STATE ROUTE 154","PAINTED CAVE ROAD",6178.00,E,N,A,-,Y,SB,,154," "," ",27.878,H,,R,N,2,0,1,1,A,-,08,22107,,N,E,8,A,A,H,-,D,D,0,,,Y,,Y,,C,02,1,0,0,0,0,0,0,0,1,"- ","- ",34.487289428710938,-119.78102111816406,"SANTA BARBARA",UNINCORPORATED,-119.78095245361328,34.487293243408203
92320435,2024,2024-02-22,9760,2024-02-17,1605,023449,,6,2,9,4200,0,3,5,,2,002,"ROBLE DRIVE","LAS OLAS DR",370.00,E,N,A,-,N,,,,,,,,,,N,3,0,1,1,A,-,03,22350,,N,F,A,A,A,H,-,A,D,0,,,,,Y,,A,01,0,1,0,0,0,0,0,0,0,"- ","- ",34.415828704833984,-119.77300262451172,"SANTA BARBARA",UNINCORPORATED,-119.77294158935547,34.415782928466797
92321294,2024,2024-02-23,9760,2024-02-15,1430,022485,,4,2,9,4200,0,3,5,,2,001,"N. JAMESON LN","SHEFFIELD DR",10.00,N,N,A,-,N,,,,,,,,,,N,4,0,1,1,C,-,18,,,N,E,9,A,A,H,-,A,D,0,,,,,Y,,-,"- ",0,0,1,0,0,0,0,0,0,"- ","- ",34.422439575195312,-119.61443328857422,"SANTA BARBARA",UNINCORPORATED,-119.61250305175781,34.422298431396484
92322718,2024,2024-02-26,9750,2024-02-16,1724,023429,,5,2,9,4200,0,3,5,,2,010,"MAHONEY ROAD","BETTERAVIA ROAD",1133.00,S,N,A,-,N,,,,,,,,,,Y,4,0,1,1,A,-,01,23152,A,N,F,A,A,A,H,-,B,D,0,,,,,Y,Y,D,22,0,0,1,0,0,0,0,0,0,"- ","- ",34.919391632080078,-120.47759246826172,"SANTA BARBARA",UNINCORPORATED,-120.47804260253906,34.919063568115234
92324581,2024,2024-02-28,9760,2024-02-26,1540,015669,,1,2,9,4200,0,2,4,,1,021,"HOLLISTER AVENUE","PUENTE DRIVE",430.00,W,N,A,-,N,,,,,,,,,,N,2,0,1,2,A,-,05,21650,,N,H,G,A,A,H,-,A,D,0,,Y,,,Y,,M,91,1,0,0,0,0,0,1,0,0,"- ","- ",34.437450408935547,-119.78527069091797,"SANTA BARBARA",UNINCORPORATED,-119.78513336181641,34.43731689453125
92325402,2024,2024-02-28,9750,2024-02-23,1130,015915,,5,1,9,4200,0,1,3,,1,021,"SR-135 N/B","WALLER LANE",35.00,S,N,A,-,Y,SB,,135," "," ",12.455,H,,R,Y,3,0,3,2,A,-,03,22350,,N,C,C,A,A,H,-,A,A,0,,,,,Y,,A,01,0,1,2,0,0,0,0,0,0,"- ","- ",34.905048370361328,-120.43594360351562,"SANTA BARBARA",UNINCORPORATED,-120.43585205078125,34.905048370361328
92326065,2024,2024-02-29,9750,2024-02-22,1419,023429,,4,2,5,4204,0,1,2,,2,001,"US-101 N/B FROM DONOVAN ROAD","DONOVAN ROAD OVERCROSSING",616.00,S,N,A,-,Y,,,,,,,,,,N,4,0,1,1,A,-,03,22350,,N,F,A,A,A,H,-,A,D,0,,,Y,,Y,,C,02,0,0,1,0,0,0,0,0,1,"- ","- ",34.966228485107422,-120.4215087890625,"SANTA BARBARA","SANTA MARIA",-120.4215087890625,34.966228485107422
92329778,2024,2024-03-05,9755,2024-03-01,1250,023547,,5,1,9,4200,0,1,2,,2,004,US-101,"SR-1 OVER-CROSSING",3960.00,N,N,C,-,Y,SB,,101," ",R,49.608,H,,R,N,3,0,1,2,A,-,03,22350,,N,D,D,A,B,H,-,A,D,0,,,,,Y,,A,01,0,1,0,0,0,0,0,0,0,"- ","- ",34.517608642578125,-120.21734619140625,"SANTA BARBARA",UNINCORPORATED,-120.21739196777344,34.517631530761719
92329786,2024,2024-03-05,9755,2024-03-01,1355,016988,,5,1,9,4200,0,1,3,,1,055,"SR-1 S/B","CONSTELLATION RD",2640.00,S,N,B,C,Y,SB,,1," ",R,24.350,H,,L,N,4,0,1,1,A,-,03,22350,,N,E,I,A,B,H,-,A,A,0,,,,,Y,,A,01,0,0,1,0,0,0,0,0,0,"- ","- ",34.692268371582031,-120.45864868164062,"SANTA BARBARA",UNINCORPORATED,-120.45856475830078,34.692279815673828
92341943,2024,2024-03-21,9760,2024-03-16,"249 ",023122,,6,3,5,4203,0,1,2,,2,011,"US-101 S/B","LOS PATOS",1000.00,N,N,A,-,Y,SB,,101," "," ",11.845,H,,L,Y,2,0,3,2,A,-,01,23152,A,N,A,C,A,A,H,-,D,D,0,,,,,Y,Y,D,22,2,1,0,0,0,0,0,0,0,"- ","- ",34.422389984130859,-119.66210174560547,"SANTA BARBARA","SANTA BARBARA",-119.66209411621094,34.422367095947266
9234359,2021,2021-04-14,4200,2021-03-07,1157,4609,14,7,5,4,4214,0,0,0,,0,050,"CATHEDRAL OAKS RD","LOS CARNEROS RD",0.00,,Y,B,-,N,,,,,,,,,,Y,4,0,1,2,A,-,09,21802,,N,D,C,A,A,H,-,A,A,0,,,,,Y,,A,01,0,0,1,0,0,0,0,0,0,"- ","- ",,,"SANTA BARBARA",GOLETA,-119.85543060302734,34.445960998535156
92349235,2024,2024-03-28,9760,2024-03-20,1900,022050,,3,2,9,4200,0,3,5,,2,002,"PAINTED CAVE RD",SR-154,20.00,N,N,A,-,N,,,,,,,,,,N,2,0,1,1,A,-,03,22350,,N,F,A,A,A,B,-,A,D,0,,,Y,,Y,,C,02,1,0,0,0,0,0,0,0,1,"- ","- ",34.491390228271484,-119.79525756835938,"SANTA BARBARA",UNINCORPORATED,-119.79542541503906,34.491313934326172
9235215,2021,2021-04-14,4202,2021-03-03,1459,80764,4202,3,5,4,4202,0,0,0,,0,,"COLLEGE AV","L ST",50.00,E,N,A,-,N,,,,,,,,,,Y,4,0,1,2,A,-,03,22350,,N,C,C,A,B,H,-,A,D,0,,,,,Y,,A,01,0,0,1,0,0,0,0,0,0,"- ","- ",,,"SANTA BARBARA",LOMPOC,-120.46273040771484,34.647071838378906
92355208,2024,2024-04-03,9760,2024-01-05,"245 ",022547,,5,3,9,4200,0,1,2,,1,030,"US-101 SOUTHBOUND","DOS PUEBLOS CANYON ROAD",556.36,N,N,A,-,Y,SB,,101," "," ",30.203,H,,L,Y,1,1,1,2,A,-,01,23152,A,N,A,2,A,A,H,-,D,D,0,,,,Y,Y,Y,D,22,1,0,0,0,0,0,0,0,0,"- ","- ",34.448921203613281,-119.96132659912109,"SANTA BARBARA",UNINCORPORATED,-119.96131896972656,34.448932647705078