CASE_ID,ACCIDENT_YEAR,PROC_DATE,JURIS,COLLISION_DATE,COLLISION_TIME,OFFICER_ID,REPORTING_DISTRICT,DAY_OF_WEEK,CHP_SHIFT,POPULATION,CNTY_CITY_LOC,SPECIAL_COND,BEAT_TYPE,CHP_BEAT_TYPE,CITY_DIVISION_LAPD,CHP_BEAT_CLASS,BEAT_NUMBER,PRIMARY_RD,SECONDARY_RD,DISTANCE,DIRECTION,INTERSECTION,WEATHER_1,WEATHER_2,STATE_HWY_IND,CALTRANS_COUNTY,CALTRANS_DISTRICT,STATE_ROUTE,ROUTE_SUFFIX,POSTMILE_PREFIX,POSTMILE,LOCATION_TYPE,RAMP_INTERSECTION,SIDE_OF_HWY,TOW_AWAY,COLLISION_SEVERITY,NUMBER_KILLED,NUMBER_INJURED,PARTY_COUNT,PRIMARY_COLL_FACTOR,PCF_CODE_OF_VIOL,PCF_VIOL_CATEGORY,PCF_VIOLATION,PCF_VIOL_SUBSECTION,HIT_AND_RUN,TYPE_OF_COLLISION,MVIW,PED_ACTION,ROAD_SURFACE,ROAD_COND_1,ROAD_COND_2,LIGHTING,CONTROL_DEVICE,CHP_ROAD_TYPE,PEDESTRIAN_ACCIDENT,BICYCLE_ACCIDENT,MOTORCYCLE_ACCIDENT,TRUCK_ACCIDENT,NOT_PRIVATE_PROPERTY,ALCOHOL_INVOLVED,STWD_VEHTYPE_AT_FAULT,CHP_VEHTYPE_AT_FAULT,COUNT_SEVERE_INJ,COUNT_VISIBLE_INJ,COUNT_COMPLAINT_PAIN,COUNT_PED_KILLED,COUNT_PED_INJURED,COUNT_BICYCLIST_KILLED,COUNT_BICYCLIST_INJURED,COUNT_MC_KILLED,COUNT_MC_INJURED,PRIMARY_RAMP,SECONDARY_RAMP,LATITUDE,LONGITUDE,COUNTY,CITY,POINT_X,POINT_Y
94519299,2024,2024-12-30,9760,2024-12-23,1625,021018,,1,2,9,4200,0,2,4,,1,021,"WALNUT LANE","HOLLISTER AVE",0.00,,Y,E,-,N,,,,,,,,,,Y,4,0,1,2,A,-,12,21453,A,N,D,C,A,A,H,-,B,A,0,,,,,Y,,A,07,0,0,1,0,0,0,0,0,0,"- ","- ",34.434780120849609,-119.80223083496094,"SANTA BARBARA",UNINCORPORATED,-119.80223846435547,34.434799194335938
94519761,2024,2024-12-30,9750,2024-12-23,1725,023495,,1,2,5,4204,0,1,2,,2,001,"US-101 S/B (EL CAMINO REAL)","BETTERAVIA RD",1584.00,N,N,E,-,Y,SB,,101," "," ",86.895,H,,L,Y,4,0,1,4,A,-,03,22350,,N,C,C,A,A,H,-,C,D,0,,,,,Y,,D,22,0,0,1,0,0,0,0,0,0,"- ","- ",34.928070068359375,-120.41800689697266,"SANTA BARBARA","SANTA MARIA",-120.41797637939453,34.928070068359375
94521385,2024,2024-12-31,9755,2024-12-27,1755,017378,,5,2,9,4200,0,1,3,,1,053,"RT 246","SWEENEY RD.",3168.00,E,N,B,-,Y,SB,,246," "," ",10.555,H,,R,Y,2,0,4,3,A,-,08,22107,,N,B,C,A,A,H,-,D,D,0,,,,,Y,,A,08,1,2,1,0,0,0,0,0,0,"- ","- ",34.652439117431641,-120.42653656005859,"SANTA BARBARA",UNINCORPORATED,-120.42656707763672,34.652446746826172
9452181,2022,2022-07-14,4203,2022-06-05,0723,2661,56,7,5,5,4203,0,0,0,,0,005,"PESETAS LN","LA COLINA RD",234.00,S,N,A,-,N,,,,,,,,,,Y,3,0,1,2,A,-,08,22107,,N,C,E,A,A,H,-,A,D,0,,,,Y,Y,,A,07,0,1,0,0,0,0,0,0,0,"- ","- ",34.444190979003906,-119.75856781005859,"SANTA BARBARA","SANTA BARBARA",-119.75841522216797,34.443588256835938
94529093,2024,2025-01-08,9760,2024-12-24,1440,024140,,2,2,9,4200,0,1,2,,2,010,"US-101 SB","N PADARO LANE",3696.00,S,N,A,-,Y,SB,,101," ",R,6.440,H,,L,N,4,0,1,3,A,-,03,22350,,N,C,C,A,B,D,-,A,D,0,,,,,Y,,-,"- ",0,0,1,0,0,0,0,0,0,"- ","- ",34.416110992431641,-119.57070159912109,"SANTA BARBARA",UNINCORPORATED,-119.57070159912109,34.416114807128906
94535232,2025,2025-01-13,9760,2025-01-07,"157 ",023449,,2,3,9,4200,0,3,5,,2,002,"US-101 S/B TO TURNPIKE ROAD","TURNPIKE ROAD",0.00,,Y,A,-,N,,,,,,,,,,Y,3,0,1,1,A,-,03,22350,,N,E,8,A,A,H,-,C,A,0,,,,,Y,Y,A,01,0,1,0,0,0,0,0,0,0,"- ","- ",34.441848754882812,-119.78936767578125,"SANTA BARBARA",UNINCORPORATED,-119.78941345214844,34.442226409912109
94539766,2025,2025-01-16,9750,2025-01-10,1400,019385,,5,2,9,4200,0,1,2,,2,003,"US 101 NORTHBOUND","CAT CANYON ROAD",0.00,,Y,A,-,Y,SB,,101," ",L,72.584,H,,R,N,4,0,4,2,A,-,09,21804,A,N,D,2,A,A,H,-,A,D,0,,,,,Y,,A,07,0,0,4,0,0,0,0,0,0,"- ","- ",34.756931304931641,-120.29450225830078,"SANTA BARBARA",UNINCORPORATED,-120.29449462890625,34.756938934326172
94540512,2025,2025-01-16,9750,2025-01-10,1705,020752,,5,2,9,4200,0,1,3,,1,011,"SR-166 (W. MAIN STREET)","SIMAS ROAD",0.00,,Y,A,-,N,,,,,,,,,,N,3,0,1,2,A,-,09,21802,A,N,D,C,A,A,H,-,B,A,0,,,,,Y,,-,"- ",0,1,0,0,0,0,0,0,0,"- ","- ",34.957431793212891,-120.55828094482422,"SANTA BARBARA",UNINCORPORATED,-120.55824279785156,34.957439422607422
94540774,2024,2025-01-16,9760,2024-12-30,1605,021294,,1,2,9,4200,0,1,2,,2,010,"US-101 N/B","SHEFFIELD DRIVE U/C",950.00,N,N,A,-,Y,SB,,101," "," ",9.198,H,,R,Y,4,0,1,2,A,-,07,21658,A,F,B,C,A,A,D,-,A,D,0,,,Y,,Y,,A,01,0,0,1,0,0,0,0,0,1,"- ","- ",34.421489715576172,-119.61741638183594,"SANTA BARBARA",UNINCORPORATED,-119.61742401123047,34.421520233154297
9454387,2022,2022-07-27,4202,2022-06-09,1226,232,4202,4,5,4,4202,0,0,0,,0,,"H ST","BARTON AV",386.00,N,N,A,-,Y,SB,5,1,-,-,21.870,H,-,N,N,4,0,1,2,A,-,03,22350,,N,C,C,A,A,-,-,A,D,0,,,,,Y,,A,01,0,0,1,0,0,0,0,0,0,"- ","- ",,,"SANTA BARBARA",LOMPOC,-120.45756530761719,34.658187866210938
94544153,2025,2025-01-21,9760,2025-01-11,1753,023912,,6,2,9,4200,0,1,3,,1,022,SR-154,"SAN MARCOS RD",4858.00,E,N,A,-,Y,SB,,154," "," ",28.073,H,,R,Y,2,0,2,3,A,-,05,21460,A,N,B,C,A,A,H,-,D,A,0,,,,,Y,,A,01,1,0,1,0,0,0,0,0,0,"- ","- ",34.484539031982422,-119.78103637695312,"SANTA BARBARA",UNINCORPORATED,-119.78112030029297,34.484523773193359
94544864,2025,2025-01-21,9760,2025-01-16,1642,024140,,4,2,5,4203,0,1,2,,2,020,"US-101 SB","LAS POSITAS ROAD",2600.00,N,N,A,-,Y,SB,,101," "," ",17.055,H,,L,N,4,0,1,2,A,-,03,22350,,N,C,C,A,A,H,-,A,D,0,,,,,Y,,A,01,0,0,1,0,0,0,0,0,0,"- ","- ",34.429859161376953,-119.74211120605469,"SANTA BARBARA","SANTA BARBARA",-119.74211883544922,34.429847717285156
94545718,2024,2025-01-22,9760,2024-11-26,1440,017140,,2,2,9,4200,0,1,2,,1,040,"US-101 SOUTHBOUND","REFUGIO ROAD",7920.00,S,N,B,-,Y,SB,,101," "," ",34.781,H,,L,Y,3,0,1,1,A,-,03,22350,,N,E,8,A,B,H,-,A,D,0,,,,,Y,,D,22,0,1,0,0,0,0,0,0,0,"- ","- ",34.464168548583984,-120.03743743896484,"SANTA BARBARA",UNINCORPORATED,-120.03743743896484,34.464199066162109
94548573,2025,2025-02-06,9760,2025-01-17,1610,017140,,5,2,5,4203,0,1,2,,2,011,"US-101 NORTHBOUND FROM CARRILLO STREET","CARRILLO STREET",71.00,N,N,A,-,Y,SB,,101," ",R,14.790,H,,R,Y,3,0,1,1,A,-,01,23152,G,N,E,8,A,A,H,-,A,D,0,,,,,Y,Y,A,07,0,1,0,0,0,0,0,0,0,"- ","- ",34.416751861572266,-119.70736694335938,"SANTA BARBARA","SANTA BARBARA",-119.70752716064453,34.416576385498047
94550162,2025,2025-01-27,9760,2025-01-23,"911 ",023886,,4,1,5,4203,0,1,2,,2,011,US-101,"CARRILLO STREET",578.00,S,N,A,-,Y,SB,,101," ",R,14.621,H,,R,N,4,0,1,2,A,-,07,21658,A,N,C,C,A,A,H,-,A,D,0,,,,,Y,,A,01,0,0,1,0,0,0,0,0,0,"- ","- ",34.415168762207031,-119.7059326171875,"SANTA BARBARA","SANTA BARBARA",-119.70577239990234,34.415294647216797
94555690,2025,2025-01-30,9750,2025-01-11,"625 ",020511,,6,1,9,4200,0,1,3,,1,012,"SR-1 (CABRILLO HIGHWAY)",SR-166,4435.00,S,N,A,-,Y,SB,,1," "," ",48.235,H,,R,Y,1,1,0,2,A,-,03,22350,,N,C,C,A,A,H,-,B,D,0,,,,Y,Y,,A,07,0,0,0,0,0,0,0,0,0,"- ","- ",34.945331573486328,-120.57418060302734,"SANTA BARBARA",UNINCORPORATED,-120.57418060302734,34.945331573486328
9455627,2022,2022-07-25,4203,2022-06-13,2112,24799,6,1,5,5,4203,0,0,0,,0,006,"MEIGS RD","RICARDO AV",420.00,E,N,A,-,N,,,,,,,,,,Y,4,0,1,2,A,-,00,20002,A,F,A,C,A,A,H,-,C,D,0,,,,,Y,,-,,0,0,1,0,0,0,0,0,0,"- ","- ",34.405258178710938,-119.72149658203125,"SANTA BARBARA","SANTA BARBARA",-119.72136688232422,34.402976989746094
94564704,2025,2025-02-04,9760,2025-02-01,1705,023709,,6,2,9,4200,0,1,2,,2,010,"US-101 N/B","SAN YSIDRO RD",850.00,S,N,A,-,Y,SB,,101," "," ",9.786,H,,R,Y,3,0,2,2,A,-,03,22350,,N,C,C,A,A,D,-,A,D,0,,,,,Y,,A,01,0,1,1,0,0,0,0,0,0,"- ","- ",34.421329498291016,-119.62763977050781,"SANTA BARBARA",UNINCORPORATED,-119.62765502929688,34.421298980712891
94567726,2025,2025-02-06,9760,2025-02-04,2230,023326,,2,3,9,4200,0,3,5,,2,002,"STATE STREET",SR-154,0.00,,Y,C,-,N,,,,,,,,,,N,3,0,1,1,A,-,08,22107,,N,E,I,A,B,H,-,C,D,0,,,Y,,Y,,C,02,0,1,0,0,0,0,0,0,1,"- ","- ",34.440589904785156,-119.76027679443359,"SANTA BARBARA",UNINCORPORATED,-119.760009765625,34.440498352050781
9457613,2022,2022-07-06,4203,2022-06-09,2147,24799,4,4,5,5,4203,0,0,0,,0,004,"DE LA VINA ST","ISLAY ST",0.00,,Y,A,-,N,,,,,,,,,,Y,4,0,4,5,A,-,01,23153,A,N,D,C,A,A,H,-,C,A,0,,,,,Y,Y,A,01,0,0,4,0,0,0,0,0,0,"- ","- ",34.426910400390625,-119.71443176269531,"SANTA BARBARA","SANTA BARBARA",-119.71443176269531,34.4268798828125
94582416,2025,2025-02-18,9760,2025-02-12,2312,023913,,3,3,9,4200,0,1,2,,2,010,"US-101 S/B","SANTA CLAUS LN",1244.00,S,N,B,C,Y,SB,,101," ",R,5.524,H,,L,Y,3,0,1,1,A,-,03,22350,,N,E,8,A,B,H,-,D,D,0,,,,,Y,,A,07,0,1,0,0,0,0,0,0,0,"- ","- ",34.413070678710938,-119.55608367919922,"SANTA BARBARA",UNINCORPORATED,-119.55612945556641,34.413028717041016
94584196,2025,2025-02-19,9755,2025-02-09,2212,024035,,7,3,9,4200,0,1,3,,1,053,"SR-246 W/B","RIVERVIEW DR",2323.00,W,N,A,-,Y,SB,,246," ",R,24.608,H,,L,N,3,0,1,1,A,-,08,22107,,N,F,A,A,A,H,-,D,D,0,,,,,Y,,A,07,0,1,0,0,0,0,0,0,0,"- ","- ",34.622489929199219,-120.21620941162109,"SANTA BARBARA",UNINCORPORATED,-120.21623992919922,34.622447967529297
94584481,2025,2025-02-19,9760,2025-02-13,"850 ",017140,,4,1,4,4214,0,1,2,,1,030,"US-101 SOUTHBOUND","HOLLISTER AVENUE",1584.00,N,N,B,C,Y,SB,,101," "," ",27.105,H,,L,Y,3,0,1,1,A,-,08,22107,,N,E,I,A,B,H,-,A,D,0,,,,,Y,,A,01,0,1,0,0,0,0,0,0,0,"- ","- ",34.432640075683594,-119.9110107421875,"SANTA BARBARA",GOLETA,-119.91100311279297,34.432662963867188
94598471,2025,2025-03-10,9750,2025-03-03,1520,017910,,1,2,9,4200,0,2,4,,1,024,"LAKEVIEW RD","LOS PADRES RD",180.00,W,N,A,-,N,,,,,,,,,,N,4,0,1,2,A,-,03,22350,,N,C,C,A,A,H,-,A,D,0,,,,,Y,,D,22,0,0,1,0,0,0,0,0,0,"- ","- ",34.894538879394531,-120.43196105957031,"SANTA BARBARA",UNINCORPORATED,-120.43186187744141,34.894519805908203
94598930,2025,2025-03-13,9760,2025-03-05,1400,017140,,3,2,9,4200,0,1,2,,1,040,"US-101 SOUTHBOUND","GAVIOTA BEACH RD",2112.00,S,N,B,C,Y,SB,,101," ",R,45.953,H,,L,Y,3,0,1,1,A,-,03,22350,,N,F,A,A,B,H,-,A,D,0,,,,,Y,,D,22,0,1,0,0,0,0,0,0,0,"- ","- ",34.473430633544922,-120.2247314453125,"SANTA BARBARA",UNINCORPORATED,-120.22471618652344,34.473464965820312
94601352,2025,2025-03-18,9760,2025-03-04,1050,017140,,2,1,9,4200,0,1,3,,1,022,SR-154,"PAINTED CAVE ROAD",8448.00,E,N,B,-,Y,SB,,154," "," ",28.268,H,,R,Y,3,0,1,2,A,-,03,22350,,N,F,0,A,A,H,-,A,D,0,,,Y,,Y,,C,02,0,1,0,0,0,0,0,0,1,"- ","- ",34.483940124511719,-119.77806091308594,"SANTA BARBARA",UNINCORPORATED,-119.77806091308594,34.483955383300781
94602411,2025,2025-03-18,9755,2025-03-02,2210,024035,,7,3,9,4200,0,1,3,,2,041,SR-246,"SKYTT MESA",180.00,W,N,A,-,Y,SB,,246," "," ",28.503,H,,R,Y,3,0,1,1,A,-,01,23152,A,F,F,0,A,A,H,-,C,D,0,,,,,Y,Y,A,07,0,1,0,0,0,0,0,0,0,"- ","- ",34.596469879150391,-120.15483093261719,"SANTA BARBARA",UNINCORPORATED,-120.15491485595703,34.596416473388672
94603641,2025,2025-03-18,9755,2025-03-07,"858 ",019292,,5,1,9,4200,0,1,3,,1,053,SR-246,"MISSION GATE RD",2640.00,W,N,A,-,Y,SB,,246," "," ",10.823,H,,R,Y,2,0,3,2,A,-,03,22350,,N,A,C,A,A,H,-,A,D,0,,,,,Y,,A,07,2,0,1,0,0,0,0,0,0,"- ","- ",34.656269073486328,-120.42543029785156,"SANTA BARBARA",UNINCORPORATED,-120.42534637451172,34.65625
94603835,2025,2025-04-30,9760,2025-03-11,"800 ",021018,,2,1,5,4203,0,1,2,,2,011,"US-101 NORTHBOUND","ARRELLAGA ST",350.00,S,N,C,-,Y,SB,,101," ",R,15.286,H,,R,Y,4,0,2,2,A,-,03,22350,,N,C,C,A,B,H,-,A,D,0,,,,,Y,,A,01,0,0,2,0,0,0,0,0,0,"- ","- ",34.421119689941406,-119.71421813964844,"SANTA BARBARA","SANTA BARBARA",-119.71419525146484,34.421142578125
94608465,2025,2025-03-18,9760,2025-03-12,1102,023886,,3,1,9,4200,0,1,2,,2,010,"US-101 S/B","EVANS AVE",850.00,S,N,C,-,Y,SB,,101," ",R,8.238,H,,L,N,3,0,1,1,A,-,03,22350,,N,E,I,A,B,H,-,A,D,0,,,,,Y,,A,07,0,1,0,0,0,0,0,0,0,"- ","- ",34.421131134033203,-119.60104370117188,"SANTA BARBARA",UNINCORPORATED,-119.60104370117188,34.421123504638672
94610067,2025,2025-03-18,9750,2025-03-16,1205,020121,,7,1,9,4200,0,2,4,,1,024,"SR-135 N/B","LAKEVIEW RD",20.00,S,N,A,-,Y,SB,,135," "," ",11.715,H,,R,Y,3,0,1,2,A,-,03,22350,,N,C,C,A,A,H,-,A,A,0,,,,,Y,,A,07,0,1,0,0,0,0,0,0,0,"- ","- ",34.894290924072266,-120.43643188476562,"SANTA BARBARA",UNINCORPORATED,-120.43644714355469,34.894290924072266
94610878,2025,2025-03-19,9760,2025-03-18,"855 ",022291,,2,1,9,4200,0,1,2,,2,011,"US-101 S/B","MISSION ST.",1727.00,N,N,A,-,Y,SB,,101," "," ",16.111,H,,L,Y,4,0,2,2,A,-,03,22350,,N,C,C,A,A,H,-,A,D,0,,,,,Y,,D,22,0,0,2,0,0,0,0,0,0,"- ","- ",34.426609039306641,-119.72608947753906,"SANTA BARBARA",UNINCORPORATED,-119.72608184814453,34.426643371582031
94611834,2025,2025-03-20,9750,2025-03-14,"748 ",020511,,5,1,9,4200,0,1,3,,1,022,"SR-1 N/B","GRACIOSA RD",3168.00,S,N,C,-,Y,,,,,,,,,,Y,3,0,1,1,A,-,08,22107,,N,F,A,A,B,H,-,A,D,0,,,,,Y,,-,"- ",0,1,0,0,0,0,0,0,0,"- ","- ",34.802558898925781,-120.44235992431641,"SANTA BARBARA",UNINCORPORATED,-120.44284057617188,34.803241729736328
9462030,2022,2022-07-06,4203,2022-06-17,1551,6110,5,5,5,5,4203,0,0,0,,0,005,"LA POSITAS RD","CALLE REAL",425.00,E,N,A,-,N,,,,,,,,,,,4,0,1,3,A,-,03,22350,,N,C,C,A,A,H,-,A,A,0,,,,,Y,,A,01,0,0,1,0,0,0,0,0,0,"- ","- ",34.428661346435547,-119.73399353027344,"SANTA BARBARA","SANTA BARBARA",-119.733642578125,34.429752349853516
94624873,2024,2025-03-24,9755,2024-09-30,2125,022601,,1,2,9,4200,0,1,3,,1,042,"STATE ROUTE 154 WESTBOUND","MPM 17.06",600.00,E,N,A,-,Y,SB,,154," "," ",17.164,H,,L,Y,1,1,0,1,A,-,01,23152,A,N,E,8,A,A,H,-,D,D,0,,,,,Y,Y,A,01,0,0,0,0,0,0,0,0,0,"- ","- ",34.561660766601562,-119.92092132568359,"SANTA BARBARA",UNINCORPORATED,-119.92092895507812,34.561637878417969
94628458,2025,2025-03-27,9750,2025-03-24,1713,017910,,1,2,9,4200,0,2,4,,1,024,"BRADLEY RD","CLARK AVE",350.00,S,N,A,-,N,,,,,,,,,,Y,4,0,2,2,A,-,09,21801,A,N,A,C,A,A,H,-,A,D,0,,,,,Y,,A,01,0,0,2,0,0,0,0,0,0,"- ","- ",34.863910675048828,-120.41877746582031,"SANTA BARBARA",UNINCORPORATED,-120.41876983642578,34.864059448242188
94632468,2025,2025-04-01,9760,2025-03-21,1352,023886,,5,1,9,4200,0,3,5,,2,002,"SAN JULIO AVE","SAN SIMEON DR",0.00,,Y,A,-,N,,,,,,,,,,N,3,0,1,2,A,-,08,22107,,N,A,C,A,A,H,-,A,D,0,,,,,Y,,A,01,0,1,0,0,0,0,0,0,0,"- ","- ",34.439369201660156,-119.79798889160156,"SANTA BARBARA",UNINCORPORATED,-119.79885864257812,34.439453125
94632619,2025,2025-04-01,9760,2025-03-29,1330,023546,,6,1,9,4200,0,2,4,,1,021,"SOUTH SAN ANTONIO ROAD","HOLLISTER AVE",25.00,N,N,A,-,N,,,,,,,,,,Y,3,0,1,1,A,-,03,22350,,N,E,I,A,A,H,-,A,D,0,,,,,Y,,A,01,0,1,0,0,0,0,0,0,0,"- ","- ",34.438159942626953,-119.78186798095703,"SANTA BARBARA",UNINCORPORATED,-119.78172302246094,34.438148498535156
94632703,2025,2025-04-01,9760,2025-03-30,1316,023886,,7,1,4,4214,0,1,2,,1,030,"US-101 N/B","GLEN ANNIE RD",3500.00,S,N,C,-,Y,SB,,101," "," ",24.009,H,,R,N,3,0,2,2,A,-,03,22350,,N,C,C,A,B,H,-,A,D,0,,,,,Y,,A,01,0,2,0,0,0,0,0,0,0,"- ","- ",34.436908721923828,-119.85800933837891,"SANTA BARBARA",GOLETA,-119.85800170898438,34.436893463134766
94632977,2025,2025-04-01,9750,2025-03-29,"630 ",020964,,6,1,9,4200,0,3,5,,2,020,"MOONCREST LN","SUNVIEW DR",350.00,W,N,A,-,N,,,,,,,,,,Y,3,0,1,2,A,-,08,22107,,N,C,E,A,A,H,-,B,D,0,,,,,Y,,A,01,0,1,0,0,0,0,0,0,0,"- ","- ",34.875499725341797,-120.43479919433594,"SANTA BARBARA",UNINCORPORATED,-120.43470764160156,34.875434875488281
94638277,2025,2025-04-07,9760,2025-03-24,1508,023913,,1,2,9,4200,0,2,S,,2,901,"OLIVE MILL RD","COAST VILLAGE RD",0.00,,Y,A,-,N,,,,,,,,,,N,2,0,1,2,A,-,09,21803,A,N,H,G,A,A,H,-,A,A,0,,Y,,,Y,,A,07,1,0,0,0,0,0,1,0,0,"- ","- ",34.421421051025391,-119.63986206054688,"SANTA BARBARA",UNINCORPORATED,-119.63995361328125,34.421653747558594
94638283,2025,2025-04-07,9760,2025-03-31,"700 ",021294,,1,1,9,4200,0,1,2,,1,040,"US-101 S/B","GAVIOTA BEACH ROAD",1930.00,S,N,C,-,Y,SB,,101," ",R,45.970,H,,L,Y,4,0,1,1,A,-,03,22350,,N,E,J,A,B,H,-,A,D,0,,,,,Y,,D,22,0,0,1,0,0,0,0,0,0,"- ","- ",34.473430633544922,-120.22508239746094,"SANTA BARBARA",UNINCORPORATED,-120.22501373291016,34.473552703857422
94641333,2025,2025-04-08,9750,2025-03-31,"810 ",020964,,1,1,9,4200,0,3,5,,2,020,"UNION VALLEY PKY","HUMMEL DR",0.00,,Y,C,-,N,,,,,,,,,,Y,4,0,1,2,A,-,09,21802,A,N,D,C,A,B,H,-,A,D,0,,,,,Y,,-,"- ",0,0,1,0,0,0,0,0,0,"- ","- ",34.879310607910156,-120.43002319335938,"SANTA BARBARA",UNINCORPORATED,-120.43011474609375,34.879318237304688
9464295,2022,2023-04-27,4203,2022-06-30,0336,24582,11,4,5,5,4203,0,0,0,,0,002,"CORONA DEL MAR","ORILLA DEL MAR",0.00,,Y,A,-,N,,,,,,,,,,N,1,1,0,2,A,-,11,21954,A,N,G,B,E,A,H,-,C,A,0,Y,,,,Y,,N,60,0,0,0,1,0,0,0,0,0,"- ","- ",34.417881011962891,-119.67130279541016,"SANTA BARBARA","SANTA BARBARA",-119.67102813720703,34.417690277099609
9465310,2022,2022-12-21,4203,2022-11-04,1305,25912,16,5,5,5,4203,0,0,0,,0,006,"CLIFF DR","SALIDA DEL SOL",258.00,E,N,A,-,N,,,,,,,,,,Y,3,0,1,3,A,-,03,22350,,N,C,E,A,A,H,-,A,D,0,,,,,Y,,A,01,0,1,0,0,0,0,0,0,0,"- ","- ",34.400890350341797,-119.71853637695312,"SANTA BARBARA","SANTA BARBARA",-119.71855163574219,34.400825500488281
94653297,2024,2025-04-17,9760,2024-08-15,1232,021294,,4,1,9,4200,0,1,2,,1,040,"US-101 SOUTHBOUND","LAS VARAS CANYON ROAD",500.00,N,N,A,-,Y,SB,,101," "," ",30.564,H,,L,Y,1,1,0,3,A,-,08,22107,,N,B,2,F,A,H,-,A,D,0,Y,,,,Y,Y,-,"- ",0,0,0,1,0,0,0,0,0,"- ","- ",34.452430725097656,-119.96598052978516,"SANTA BARBARA",UNINCORPORATED,-119.96593475341797,34.452468872070312
94660165,2025,2025-04-23,9750,2025-04-22,1130,023495,,2,1,5,4204,0,1,2,,2,001,"US-101 S/B",BETTERAVIA,2112.00,N,N,B,-,Y,SB,,101," "," ",87.025,H,,L,N,4,0,2,2,A,-,07,21658,A,N,B,C,A,A,H,-,A,D,0,,,,,Y,,A,01,0,0,2,0,0,0,0,0,0,"- ","- ",34.929950714111328,-120.41793823242188,"SANTA BARBARA","SANTA MARIA",-120.41796875,34.929950714111328
9466299,2022,2022-12-19,4202,2022-10-28,1802,80749,4202,5,5,4,4202,0,0,0,,0,,"WALNUT AV","N N ST",0.00,,Y,A,-,N,,,,,,,,,,N,4,0,2,2,A,-,09,21802,A,N,D,C,A,A,H,-,B,D,0,,,,,Y,,A,08,0,0,2,0,0,0,0,0,0,"- ","- ",,,"SANTA BARBARA",LOMPOC,-120.46546936035156,34.640674591064453
94668519,2025,2025-04-29,9750,2025-04-26,"840 ",015915,,6,1,9,4200,0,1,3,,1,064,SR-166,"ALISO CANYON ROAD",2640.00,E,N,B,C,Y,SB,,166," "," ",62.363,H,,R,N,4,0,1,1,A,-,08,22107,,N,E,I,A,B,H,-,A,D,0,,,,,Y,,A,01,0,0,1,0,0,0,0,0,0,"- ","- ",34.963699340820312,-119.72064208984375,"SANTA BARBARA",UNINCORPORATED,-119.72068023681641,34.963645935058594
94669892,2025,2025-04-30,9750,2025-04-27,2132,023429,,7,2,5,4204,0,1,2,,2,001,"US-101 N/B TO MAIN STREET","NICHOLSON AVE",65.00,W,N,A,-,Y,,,,,,,,,,Y,2,0,1,1,A,-,01,23152,A,N,E,I,A,A,H,-,C,D,0,,,,,Y,Y,A,07,1,0,0,0,0,0,0,0,0,"- ","- ",34.95159912109375,-120.41689300537109,"SANTA BARBARA","SANTA MARIA",-120.417724609375,34.919227600097656
94670011,2025,2025-04-30,9760,2025-04-11,"932 ",023913,,5,1,9,4200,0,3,5,,2,002,"PATTERSON AVE","CATHERDAL OAKS RD",0.00,,Y,A,-,N,,,,,,,,,,N,4,0,1,2,A,-,09,21801,A,N,D,C,A,A,H,-,A,A,0,,,,,Y,,A,07,0,0,1,0,0,0,0,0,0,"- ","- ",34.453121185302734,-119.80816650390625,"SANTA BARBARA",UNINCORPORATED,-119.80819702148438,34.453025817871094
94670088,2025,2025-04-30,9760,2025-04-13,1555,023886,,7,2,4,4214,0,1,2,,1,030,US-101,"LOS CARNEROS RD",1500.00,S,N,A,-,Y,SB,,101," "," ",23.508,H,,R,N,3,0,1,3,A,-,03,22350,,N,C,C,A,A,H,-,A,D,0,,,,,Y,,A,07,0,1,0,0,0,0,0,0,0,"- ","- ",34.438098907470703,-119.84710693359375,"SANTA BARBARA",GOLETA,-119.84710693359375,34.438102722167969
94671330,2025,2025-05-01,9755,2025-04-28,"825 ",021498,,1,1,9,4200,0,1,3,,1,055,"SR-1 (CABRILLO HWY) S/B","TIMBER LANE",528.00,N,N,A,-,Y,SB,,1," ",M,29.555,H,,L,Y,3,0,2,2,A,-,03,22350,,N,C,C,A,A,H,-,A,D,0,,,,,Y,,A,01,0,1,1,0,0,0,0,0,0,"- ","- ",34.746959686279297,-120.51695251464844,"SANTA BARBARA",UNINCORPORATED,-120.51692962646484,34.746974945068359
9467548,2023,2023-03-14,4203,2023-01-01,"907 ",25932,44,7,5,5,4203,0,0,0,,0,003,"E ORTEGA ST","OLIVE ST",35.00,E,N,C,-,N,,,,,,,,,,N,3,0,1,3,A,-,08,22107,,M,B,E,A,B,H,-,C,D,0,,,,,Y,Y,A,01,0,1,0,0,0,0,0,0,0,"- ","- ",34.239799499511719,-119.6923828125,"SANTA BARBARA","SANTA BARBARA",-119.69229888916016,34.424083709716797