CASE_ID,ACCIDENT_YEAR,PROC_DATE,JURIS,COLLISION_DATE,COLLISION_TIME,OFFICER_ID,REPORTING_DISTRICT,DAY_OF_WEEK,CHP_SHIFT,POPULATION,CNTY_CITY_LOC,SPECIAL_COND,BEAT_TYPE,CHP_BEAT_TYPE,CITY_DIVISION_LAPD,CHP_BEAT_CLASS,BEAT_NUMBER,PRIMARY_RD,SECONDARY_RD,DISTANCE,DIRECTION,INTERSECTION,WEATHER_1,WEATHER_2,STATE_HWY_IND,CALTRANS_COUNTY,CALTRANS_DISTRICT,STATE_ROUTE,ROUTE_SUFFIX,POSTMILE_PREFIX,POSTMILE,LOCATION_TYPE,RAMP_INTERSECTION,SIDE_OF_HWY,TOW_AWAY,COLLISION_SEVERITY,NUMBER_KILLED,NUMBER_INJURED,PARTY_COUNT,PRIMARY_COLL_FACTOR,PCF_CODE_OF_VIOL,PCF_VIOL_CATEGORY,PCF_VIOLATION,PCF_VIOL_SUBSECTION,HIT_AND_RUN,TYPE_OF_COLLISION,MVIW,PED_ACTION,ROAD_SURFACE,ROAD_COND_1,ROAD_COND_2,LIGHTING,CONTROL_DEVICE,CHP_ROAD_TYPE,PEDESTRIAN_ACCIDENT,BICYCLE_ACCIDENT,MOTORCYCLE_ACCIDENT,TRUCK_ACCIDENT,NOT_PRIVATE_PROPERTY,ALCOHOL_INVOLVED,STWD_VEHTYPE_AT_FAULT,CHP_VEHTYPE_AT_FAULT,COUNT_SEVERE_INJ,COUNT_VISIBLE_INJ,COUNT_COMPLAINT_PAIN,COUNT_PED_KILLED,COUNT_PED_INJURED,COUNT_BICYCLIST_KILLED,COUNT_BICYCLIST_INJURED,COUNT_MC_KILLED,COUNT_MC_INJURED,PRIMARY_RAMP,SECONDARY_RAMP,LATITUDE,LONGITUDE,COUNTY,CITY,POINT_X,POINT_Y
94883392,2025,2025-10-13,9750,2025-10-01,1815,024650,,3,2,9,4200,0,2,4,,1,024,"SANTA MARIA WAY",US-101,0.00,,Y,A,-,Y,,,,,,,,,,N,3,0,2,2,A,-,05,21650,,N,A,C,A,A,D,-,A,D,0,,,,,Y,,A,01,0,1,1,0,0,0,0,0,0,"- ","- ",34.891429901123047,-120.41842651367188,"SANTA BARBARA",UNINCORPORATED,-120.41751098632812,34.891136169433594
94887152,2025,2025-10-15,9750,2025-10-07,1616,024516,,2,2,5,4204,0,1,2,,2,001,"US-101 N/B (EL CAMINO REAL)","MAIN STREET U/C",2323.00,S,N,A,-,Y,SB,,101," "," ",88.162,H,,R,N,4,0,2,2,A,-,03,22350,,N,C,C,A,A,H,-,A,D,0,,,,,Y,,D,22,0,0,2,0,0,0,0,0,0,"- ","- ",34.946441650390625,-120.41748046875,"SANTA BARBARA","SANTA MARIA",-120.41756439208984,34.946441650390625
94887492,2025,2025-10-15,9760,2025-10-14,"735 ",023130,,2,1,9,4200,0,1,2,,2,010,"US-101 SOUTHBOUND","EVANS STREET",82.00,S,N,C,-,Y,SB,,101," ",R,8.252,H,,L,N,3,0,1,1,A,-,03,22350,,N,E,I,A,B,H,-,A,D,0,,,,,Y,,A,07,0,1,0,0,0,0,0,0,0,"- ","- ",34.421169281005859,-119.60128021240234,"SANTA BARBARA",UNINCORPORATED,-119.60128021240234,34.421138763427734
94887517,2025,2025-10-15,9760,2025-10-04,"618 ",024366,,6,1,9,4200,0,1,2,,2,010,"US-101 NORTHBOUND","LILIE AVENUE",200.00,S,N,A,-,Y,SB,,101," ",R,8.223,H,,R,Y,4,0,1,2,A,-,07,21658,A,N,B,C,A,A,H,-,A,D,0,,,,,Y,,A,07,0,0,1,0,0,0,0,0,0,"- ","- ",34.421249389648438,-119.60072326660156,"SANTA BARBARA",UNINCORPORATED,-119.60071563720703,34.421257019042969
94889383,2025,2025-10-16,9760,2025-10-07,1348,024644,,2,1,5,4203,0,1,2,,2,020,"US-101 N/B","LA CUMBRE RD",900.00,N,N,A,-,Y,SB,,101," "," ",17.756,H,,R,Y,3,0,2,3,A,-,03,22350,,N,C,C,A,A,H,-,A,D,0,,,,,Y,,A,01,0,2,0,0,0,0,0,0,0,"- ","- ",34.436569213867188,-119.75128173828125,"SANTA BARBARA","SANTA BARBARA",-119.75125885009766,34.436588287353516
9489447,2022,2022-10-19,4201,2022-07-01,1919,0167,51,5,5,2,4201,0,0,0,,0,,"11TH ST","11TH ST 4600 BLOCK",0.00,,-,A,-,N,,,,,,,,,,N,3,0,1,2,A,-,11,21954,A,N,G,B,D,A,H,-,A,D,0,Y,,,,Y,,N,60,0,1,0,0,1,0,0,0,0,"- ","- ",,,"SANTA BARBARA",GUADALUPE,,
94905526,2025,2025-10-28,9760,2025-10-09,"730 ",024551,,4,1,5,4203,0,1,2,,2,011,"US-101 NORTHBOUND","GARDEN STREET",2112.00,S,N,A,-,Y,SB,,101," "," ",13.060,H,,R,Y,4,0,1,3,A,-,03,22350,,N,D,C,A,A,H,-,A,D,0,,,,,Y,,A,01,0,0,1,0,0,0,0,0,0,"- ","- ",34.419948577880859,-119.68264770507812,"SANTA BARBARA","SANTA BARBARA",-119.68264770507812,34.419952392578125
94905607,2025,2025-10-28,9760,2025-10-15,1658,024706,,3,2,5,4203,0,1,2,,2,020,US-101,"LAS POSITAS ROAD",1200.00,N,N,A,-,Y,SB,,101," "," ",16.852,H,,R,N,3,0,1,3,A,-,03,22350,,N,C,C,A,A,H,-,A,D,0,,,,,Y,,A,01,0,1,0,0,0,0,0,0,0,"- ","- ",34.428810119628906,-119.73885345458984,"SANTA BARBARA","SANTA BARBARA",-119.73886871337891,34.428775787353516
94905742,2025,2025-10-28,9760,2025-10-09,"935 ",024551,,4,1,9,4200,0,1,3,,1,022,SR-154,"WEST CAMINO CIELO",210.00,W,N,A,-,Y,SB,,154," "," ",25.152,H,,R,Y,4,0,1,2,A,-,03,22350,,N,C,C,A,A,H,-,A,D,0,,,,,Y,,D,22,0,0,1,0,0,0,0,0,0,"- ","- ",34.504550933837891,-119.81247711181641,"SANTA BARBARA",UNINCORPORATED,-119.81249237060547,34.504528045654297
94907497,2025,2025-10-29,9755,2025-10-23,1720,022756,,4,2,9,4200,0,1,2,,2,004,"US-101 N/B","JONATA PARK RD",650.00,N,N,A,-,Y,SB,,101," "," ",60.162,H,,R,N,4,0,1,2,A,-,03,22350,,N,C,2,A,A,H,-,A,D,0,,,,,Y,,A,07,0,0,1,0,0,0,0,0,0,"- ","- ",34.654659271240234,-120.18208312988281,"SANTA BARBARA",UNINCORPORATED,-120.18209075927734,34.6546630859375
94911227,2025,2025-11-13,9755,2025-10-31,"612 ",018483,,5,1,9,4200,0,3,5,,2,040,"SANJA COTA AVE","EDISON ST",1500.00,W,N,A,-,N,,,,,,,,,,N,3,0,1,2,A,-,03,22350,,N,C,C,A,A,H,-,C,D,0,,,,,Y,,A,01,0,1,0,0,0,0,0,0,0,"- ","- ",34.608371734619141,-120.08615875244141,"SANTA BARBARA",UNINCORPORATED,-120.08586883544922,34.608539581298828
94915424,2025,2025-11-07,9755,2025-10-10,1533,024611,,5,2,9,4200,0,3,5,,2,050,"SANTA ROSA RD","MPM 10",735.00,E,N,A,-,N,,,,,,,,,,Y,3,0,1,1,A,-,01,23152,A,M,E,I,A,A,H,-,A,D,0,,,,,Y,Y,A,01,0,1,0,0,0,0,0,0,0,"- ","- ",34.601589202880859,-120.27906799316406,"SANTA BARBARA",UNINCORPORATED,,
94927541,2025,2025-11-13,9750,2025-11-01,"452 ",024250,,6,3,9,4200,0,1,2,,2,002,"US-101 S/B (EL CAMINO REAL)","8305 HIGHWAY 101",150.00,N,N,A,-,Y,SB,,101," "," ",73.893,H,,L,Y,3,0,1,1,A,-,08,22107,,N,E,I,A,A,H,-,A,D,0,,,,,Y,,A,07,0,1,0,0,0,0,0,0,0,"- ","- ",34.771751403808594,-120.30825805664062,"SANTA BARBARA",UNINCORPORATED,-120.30819702148438,34.771785736083984
94934007,2025,2025-11-17,9760,2025-11-12,1750,023326,,3,2,3,4205,0,2,S,,2,901,"5757 CARPINTERIA AVENUE","CARPINTERIA AVE",50.00,S,N,A,-,N,,,,,,,,,,N,4,0,1,2,A,-,08,22107,,N,B,C,A,A,H,-,C,D,0,,,,,Y,,J,48,0,0,1,0,0,0,0,0,0,"- ","- ",34.390308380126953,-119.50614166259766,"SANTA BARBARA",CARPINTERIA,-119.51553344726562,34.396533966064453
94934022,2025,2025-11-17,9760,2025-11-11,1750,024871,,2,2,5,4203,0,1,2,,2,011,"US - 101 S/B","HOT SPRINGS ROAD",1000.00,N,N,A,-,Y,SB,,101," "," ",11.842,H,,L,Y,3,0,2,2,A,-,03,22350,,N,C,C,A,A,H,-,B,D,0,,,,,Y,,D,22,0,2,0,0,0,0,0,0,0,"- ","- ",34.422340393066406,-119.66203308105469,"SANTA BARBARA","SANTA BARBARA",-119.66204833984375,34.422382354736328
94934088,2025,2025-11-17,9755,2025-11-08,"900 ",020483,,6,1,9,4200,0,3,5,,2,040,"FARADEY RD.","CERRITOS RD.",0.00,,Y,A,-,N,,,,,,,,,,N,4,0,1,2,A,-,08,22107,,N,G,B,F,A,H,-,A,D,0,Y,,,,Y,,D,22,0,0,1,0,1,0,0,0,0,"- ","- ",34.617900848388672,-120.08006286621094,"SANTA BARBARA",UNINCORPORATED,,
94937457,2025,2025-11-19,9755,2025-11-13,1620,024859,,4,2,9,4200,0,1,3,,1,042,"SR-246 E/B TO SR-154 E/B","ARMOUR RANCH ROAD",370.00,E,N,C,-,Y,,,,,,,,,,Y,4,0,1,1,A,-,03,22350,,N,F,A,A,B,H,-,C,D,0,,,,,Y,,D,22,0,0,1,0,0,0,0,0,0,"- ","- ",34.609588623046875,-120.05458831787109,"SANTA BARBARA",UNINCORPORATED,-120.05477905273438,34.610202789306641
94948603,2025,2025-11-26,9760,2025-10-05,2150,023965,,7,2,9,4200,0,3,5,,2,005,"EL COLEGIO ROAD","EMARCADERO DEL NORTE",0.00,,Y,A,-,N,,,,,,,,,,N,3,0,1,2,A,-,09,21801,A,N,H,G,A,A,H,-,C,A,0,,Y,,,Y,,A,01,0,1,0,0,0,0,1,0,0,"- ","- ",34.417381286621094,-119.85549163818359,"SANTA BARBARA",UNINCORPORATED,-119.85535430908203,34.417270660400391
94948995,2025,2025-11-26,9750,2025-11-07,1507,020964,,5,2,5,4204,0,1,2,,2,001,"US-101 S/B (EL CAMINO REAL)","BETTERAVIA ROAD",528.00,N,N,A,-,Y,SB,,101," "," ",86.849,H,,L,Y,4,0,1,2,A,-,03,22350,,N,C,C,A,A,H,-,A,D,0,,,,,Y,,D,22,0,0,1,0,0,0,0,0,0,"- ","- ",34.927398681640625,-120.41802215576172,"SANTA BARBARA","SANTA MARIA",-120.41798400878906,34.927398681640625
94949056,2025,2025-11-26,9760,2025-11-04,1520,024871,,2,2,9,4200,0,1,2,,2,020,"CALLE REAL","TURNPIKE ROAD",0.00,,Y,A,-,N,,,,,,,,,,N,4,0,1,2,A,-,03,22350,,N,H,G,A,A,H,-,A,D,0,,Y,,,Y,,A,01,0,0,1,0,0,0,1,0,0,"- ","- ",34.443759918212891,-119.78939819335938,"SANTA BARBARA",UNINCORPORATED,-119.78937530517578,34.443862915039062
94953157,2025,2025-12-01,9760,2025-11-13,1549,023913,,4,2,9,4200,0,3,5,,2,002,"RHOADS AVE",WALNUT,150.00,E,N,B,-,N,,,,,,,,,,N,2,0,1,2,A,-,09,21804,A,N,D,C,A,A,H,-,A,D,0,,,Y,,Y,,A,07,1,0,0,0,0,0,0,0,1,"- ","- ",34.426769256591797,-119.80185699462891,"SANTA BARBARA",UNINCORPORATED,-119.80242156982422,34.427539825439453
94961997,2025,2025-12-08,9755,2025-11-17,"100 ",024538,,1,3,9,4200,0,3,5,,2,050,"FLORADALE AVE.","W OCEAN AVE.",1600.00,N,N,B,-,N,,,,,,,,,,Y,2,0,2,2,A,-,13,22500,G,N,A,C,A,A,H,-,D,D,0,,,,,Y,Y,A,08,1,1,0,0,0,0,0,0,0,"- ","- ",34.64453125,-120.49311828613281,"SANTA BARBARA",UNINCORPORATED,-120.49308776855469,34.644275665283203
94962729,2025,2025-12-08,9755,2025-11-26,2130,024838,,3,2,9,4200,0,1,S,,2,901,SR-246,US-101,745.00,E,N,A,-,Y,SB,,246," "," ",26.400,H,,R,N,4,0,1,2,A,-,09,21801,A,N,D,C,A,A,H,-,C,D,0,,,,,Y,,A,07,0,0,1,0,0,0,0,0,0,"- ","- ",34.611381530761719,-120.18849182128906,"SANTA BARBARA",UNINCORPORATED,-120.18846130371094,34.611431121826172
94963903,2025,2025-12-09,9760,2025-12-06,1550,023965,,6,2,9,4200,0,3,5,,2,002,"CATHEDRAL OAKS RD","CALLE AMARILLA",0.00,,Y,A,-,N,,,,,,,,,,Y,3,0,1,2,A,-,09,21801,A,N,D,C,A,A,H,-,B,D,0,,,,,Y,,A,07,0,1,0,0,0,0,0,0,0,"- ","- ",34.449298858642578,-119.76715850830078,"SANTA BARBARA",UNINCORPORATED,-119.76718902587891,34.449317932128906
94967721,2025,2025-12-11,9760,2025-12-05,1154,024871,,5,1,4,4214,0,1,3,,2,027,"SR - 217","SANDSPIT ROAD",1300.00,W,N,A,-,Y,SB,,217," "," ",0.567,H,,R,Y,4,0,1,2,A,-,21,22106,,N,B,C,A,A,H,-,A,D,0,,,,,Y,,A,01,0,0,1,0,0,0,0,0,0,"- ","- ",34.416469573974609,-119.83580017089844,"SANTA BARBARA",GOLETA,-119.83578491210938,34.416446685791016
94972242,2025,2025-12-15,9750,2025-11-18,1145,024862,,2,1,9,4200,0,3,5,,2,010,"BETTERAVIA ROAD","RAY ROAD",0.00,,Y,B,-,N,,,,,,,,,,N,4,0,2,2,A,-,12,22450,A,N,D,C,A,A,H,-,A,A,0,,,,Y,Y,,F,26,0,0,2,0,0,0,0,0,0,"- ","- ",34.923061370849609,-120.52675628662109,"SANTA BARBARA",UNINCORPORATED,-120.52666473388672,34.923076629638672
94982588,2025,2025-12-22,9760,2025-12-12,1050,024871,,5,1,5,4203,0,1,2,,2,020,"US-101 NORTHBOUND","STATE STREET",300.00,S,N,A,-,Y,SB,,101," "," ",17.878,H,,R,Y,3,0,1,4,A,-,03,22350,,N,C,C,A,A,H,-,A,D,0,,,,,Y,,A,07,0,1,0,0,0,0,0,0,0,"- ","- ",34.437919616699219,-119.75263214111328,"SANTA BARBARA","SANTA BARBARA",-119.75269317626953,34.437873840332031
94982602,2025,2025-12-22,9760,2025-12-12,1450,023965,,5,2,5,4203,0,1,2,,2,011,"US-101 SOUTHBOUND","CASTILLO STREET",1162.00,S,N,A,-,Y,SB,,101," ",R,14.394,H,,L,N,3,0,1,2,A,-,03,22350,,N,C,C,A,A,H,-,A,D,0,,,,,Y,,A,01,0,1,0,0,0,0,0,0,0,"- ","- ",34.412948608398438,-119.70304107666016,"SANTA BARBARA","SANTA BARBARA",-119.70306396484375,34.412925720214844
94987416,2025,2025-12-26,9760,2025-11-28,1030,024551,,5,1,9,4200,0,3,5,,2,002,"632 MAYRUM STREET","ANITA LANE",276.00,S,N,A,-,N,,,,,,,,,,N,3,0,1,2,A,-,21,22106,,N,D,E,A,A,H,-,A,D,0,,,,,Y,,D,22,0,1,0,0,0,0,0,0,0,"- ","- ",34.430679321289062,-119.79421997070312,"SANTA BARBARA",UNINCORPORATED,-119.79415893554688,34.430793762207031
94991398,2025,2025-12-30,9755,2025-12-13,2330,023810,,6,3,9,4200,0,3,5,,2,040,"MEADOWVALE ROAD",SR-246,0.00,,Y,E,-,N,,,,,,,,,,Y,4,0,3,2,A,-,09,21802,A,N,D,C,A,A,H,-,D,D,0,,,,,Y,,A,01,0,0,3,0,0,0,0,0,0,"- ","- ",34.610610961914062,-120.07662963867188,"SANTA BARBARA",UNINCORPORATED,-120.07656097412109,34.610561370849609
94991573,2025,2025-12-30,9760,2025-12-22,1325,022291,,1,1,4,4214,0,1,2,,1,030,"US-101 S/B","LOS CARNEROS ROAD",18.00,N,N,A,-,Y,SB,,101," "," ",23.725,H,,L,N,2,0,1,1,A,-,08,22107,,N,E,8,A,A,H,-,A,D,0,,,Y,,Y,,C,02,1,0,0,0,0,0,0,0,1,"- ","- ",34.437629699707031,-119.8531494140625,"SANTA BARBARA",GOLETA,-119.85314178466797,34.437591552734375
94991853,2025,2025-12-30,9760,2025-12-20,1330,024871,,6,1,9,4200,0,3,5,,2,002,"RHOADS AVENUE","SAN MARCOS ROAD",100.00,W,N,A,-,N,,,,,,,,,,N,3,0,1,2,A,-,09,21804,A,N,D,C,A,A,H,-,A,D,0,,,Y,,Y,,C,02,0,1,0,0,0,0,0,0,1,"- ","- ",34.42803955078125,-119.79582977294922,"SANTA BARBARA",UNINCORPORATED,-119.79576110839844,34.428035736083984
94993772,2025,2025-12-31,9755,2025-12-04,1604,023547,,4,2,9,4200,0,1,3,,1,042,SR-154,"LIVE OAK RD",5808.00,W,N,A,-,Y,SB,,154," "," ",19.035,H,,R,Y,2,0,1,1,A,-,01,23152,A,N,F,I,A,A,H,-,A,C,0,,,,,Y,Y,A,01,1,0,0,0,0,0,0,0,0,"- ","- ",34.547550201416016,-119.89639282226562,"SANTA BARBARA",UNINCORPORATED,-119.89642333984375,34.547439575195312
95000437,2025,2026-01-06,9750,2025-11-26,1800,017910,,3,2,9,4200,0,2,4,,1,024,"SANTA MARIA WAY","HOLLY OAK LANE",220.00,E,N,A,-,N,,,,,,,,,,N,3,0,1,1,A,-,08,22107,,N,F,A,A,A,H,-,D,D,0,,Y,,,Y,,M,91,0,1,0,0,0,0,1,0,0,"- ","- ",34.900981903076172,-120.42723083496094,"SANTA BARBARA",UNINCORPORATED,-120.42726898193359,34.901020050048828
95005016,2025,2026-01-08,9760,2025-12-25,"955 ",024789,,4,1,9,4200,0,1,2,,2,010,"US-101 NORTHBOUND","EVANS AVE",1848.00,S,N,C,-,Y,SB,,101," ",R,7.956,H,,R,N,3,0,1,1,A,-,03,22350,,N,E,I,A,B,H,-,A,D,0,,,,,Y,,A,07,0,1,0,0,0,0,0,0,0,"- ","- ",34.419929504394531,-119.59635925292969,"SANTA BARBARA",UNINCORPORATED,-119.59633636474609,34.419986724853516
95005085,2025,2026-01-08,9760,2025-12-31,1610,023607,,3,2,5,4203,0,1,2,,2,011,"US-101 SOUTHBOUND","MILPAS ST",1426.00,N,N,B,-,Y,SB,,101," "," ",13.038,H,,L,N,3,0,3,2,A,-,03,22350,,N,C,C,A,B,H,-,A,D,0,,,,,Y,,D,22,0,1,2,0,0,0,0,0,0,"- ","- ",34.419818878173828,-119.68211364746094,"SANTA BARBARA","SANTA BARBARA",-119.68211364746094,34.419864654541016
95005155,2025,2026-01-08,9750,2025-12-12,2220,024516,,5,3,9,4200,0,2,4,,1,024,"SANTA MARIA WAY","HILLVIEW ROAD",16.00,S,N,E,-,N,,,,,,,,,,N,2,0,1,2,A,-,11,21954,A,F,G,B,D,A,H,-,C,D,0,Y,,,,Y,,N,60,1,0,0,0,1,0,0,0,0,"- ","- ",34.897998809814453,-120.42463684082031,"SANTA BARBARA",UNINCORPORATED,-120.42475891113281,34.898014068603516
95007002,2025,2026-01-09,9750,2025-12-30,1600,024516,,2,2,9,4200,0,2,4,,1,024,"CLARK AVE","BRADLEY RD",95.00,W,N,B,-,N,,,,,,,,,,Y,4,0,1,2,A,-,03,22350,,N,C,C,A,A,H,-,A,A,0,,,,,Y,,A,01,0,0,1,0,0,0,0,0,0,"- ","- ",34.865100860595703,-120.41927337646484,"SANTA BARBARA",UNINCORPORATED,-120.41910552978516,34.865020751953125
95008678,2025,2026-01-12,9760,2025-12-12,1055,024644,,5,1,9,4200,0,3,5,,2,001,"SHEFFIELD DRIVE","ORTEGA HILL ROAD",50.00,N,N,A,-,N,,,,,,,,,,N,3,0,1,2,A,-,03,22350,,N,H,G,A,A,H,-,A,D,0,,Y,,,Y,,D,22,0,1,0,0,0,0,1,0,0,"- ","- ",34.422370910644531,-119.61248016357422,"SANTA BARBARA",UNINCORPORATED,-119.61253356933594,34.422431945800781
9501679,2022,2022-10-28,4200,2022-09-23,1922,5343,14,5,5,3,4205,0,0,0,,0,030,"CASITAS PASS RD","RT 101",283.00,S,N,A,-,N,,,,,,,,,,Y,4,0,1,2,A,-,09,21804,A,M,D,C,A,A,H,-,C,D,0,,,,,Y,,A,01,0,0,1,0,0,0,0,0,0,"- ",SO,,,"SANTA BARBARA",CARPINTERIA,-121.32109069824219,38.635002136230469
95023364,2025,2026-01-21,9750,2025-11-11,"525 ",020549,,2,3,9,4200,0,3,5,,2,020,"BETTERAVIA RD","PHILBRIC RD",175.00,W,N,B,-,N,,,,,,,,,,N,1,1,0,2,A,-,11,21954,A,N,G,B,E,A,H,-,A,D,0,Y,,,,Y,,N,60,0,0,0,1,0,0,0,0,0,"- ","- ",34.923419952392578,-120.37473297119141,"SANTA BARBARA",UNINCORPORATED,-120.37460327148438,34.923419952392578
9504999,2022,2022-11-08,4200,2022-09-30,1110,5623,14,5,5,4,4214,0,0,0,,0,060,"HOLLISTER AV","WARD DR",0.00,,Y,A,-,N,,,,,,,,,,N,4,0,1,2,A,-,12,21453,A,N,D,C,A,A,H,-,A,A,0,,,,,Y,,-,"- ",0,0,1,0,0,0,0,0,0,"- ","- ",,,"SANTA BARBARA",GOLETA,-119.81684875488281,34.435207366943359
9505847,2022,2022-11-22,4200,2022-09-20,1342,4950,14,2,5,4,4214,0,0,0,,0,060,"HOLLISTER AV","RUTHERFORD ST",129.00,E,N,A,-,N,,,,,,,,,,Y,2,0,1,2,A,-,08,22102,,N,D,C,A,A,H,-,A,D,0,,,Y,,Y,,A,07,1,0,0,0,0,0,0,0,0,"- ","- ",,,"SANTA BARBARA",GOLETA,-119.82481384277344,34.43572998046875
9508374,2022,2022-11-03,4203,2022-10-11,1444,7650,,2,5,5,4203,0,0,0,,0,,"FLORA VISTA DR","SKYLINE WY",150.00,N,N,A,-,N,,,,,,,,,,N,3,0,1,1,A,-,08,22107,,N,E,I,A,A,H,-,A,D,0,,,,,Y,,A,01,0,1,0,0,0,0,0,0,0,"- ","- ",34.4093017578125,-119.72760009765625,"SANTA BARBARA","SANTA BARBARA",-119.72758483886719,34.409210205078125
9509605,2022,2022-11-29,4200,2022-09-20,1550,3077,14,2,5,4,4214,0,0,0,,0,050,"CATHEDRAL OAKS RD","FAIRVIEW AV",0.00,,Y,A,-,N,,,,,,,,,,Y,4,0,1,2,A,-,12,21453,A,N,D,C,A,A,H,-,A,A,0,,,,,Y,,A,07,0,0,1,0,0,0,0,0,0,"- ","- ",34.451408386230469,-119.83054351806641,"SANTA BARBARA",GOLETA,-119.83071136474609,34.451377868652344
9510014,2022,2022-12-21,4203,2022-11-23,1014,24582,62,3,5,5,4203,0,0,0,,0,001,"E MONTECITO ST","N MILPAS ST",35.00,E,N,A,-,N,,,,,,,,,,N,4,0,1,2,A,-,04,21703,,N,C,C,A,A,H,-,A,A,0,,,,,Y,,A,01,0,0,1,0,0,0,0,0,0,"- ","- ",34.424461364746094,-119.68282318115234,"SANTA BARBARA","SANTA BARBARA",-119.68273162841797,34.424530029296875
9510060,2022,2022-12-15,4203,2022-11-22,0823,24079,34,2,5,5,4203,0,0,0,,0,004,"DE LA VINA ST","ARRELLAGA ST",70.00,S,N,A,-,N,,,,,,,,,,,3,0,1,2,A,-,08,22107,,F,B,G,A,A,H,-,A,D,0,,Y,,,Y,,A,01,0,1,0,0,0,0,1,0,0,"- ","- ",34.423221588134766,-119.70704650878906,"SANTA BARBARA","SANTA BARBARA",-119.71169281005859,34.42486572265625
9511237,2022,2023-01-31,4203,2022-12-23,1734,25527,36,5,5,5,4203,0,0,0,,0,005,"CHAPALA ST","LOS OLIVOS ST",0.00,,Y,A,-,N,,,,,,,,,,N,3,0,2,2,A,-,09,21802,A,N,H,G,A,A,H,-,C,A,0,,Y,,,Y,,A,01,0,2,0,0,0,0,1,0,0,"- ","- ",34.431621551513672,-119.71842956542969,"SANTA BARBARA","SANTA BARBARA",-119.71836853027344,34.431652069091797
9511838,2022,2023-01-31,4203,2022-12-28,0721,25932,63,3,5,5,4203,0,0,0,,0,001,"CACIQUE ST","ALISOS ST",199.00,W,N,A,-,N,,,,,,,,,,N,4,0,1,2,A,-,11,21955,,N,G,B,D,B,H,-,A,D,0,Y,,,,Y,,N,60,0,0,1,0,1,0,0,0,0,"- ","- ",34.420700073242188,-119.67533874511719,"SANTA BARBARA","SANTA BARBARA",-119.6756591796875,34.420387268066406
9512073,2022,2022-10-26,4202,2022-08-23,1740,239,4202,2,5,4,4202,0,0,0,,0,,"O ST","AVIATION DR",294.00,S,N,A,-,N,,,,,,,,,,N,4,0,1,2,A,-,09,21804,A,N,D,C,A,A,H,-,A,D,0,,,,,Y,,A,01,0,0,1,0,0,0,0,0,0,"- ","- ",,,"SANTA BARBARA",LOMPOC,-120.46642303466797,34.662422180175781
9512074,2022,2022-10-26,4202,2022-08-15,1657,80761,4202,1,5,4,4202,0,0,0,,0,,"DAISY ST","MAPLE AV",0.00,,Y,A,-,N,,,,,,,,,,N,4,0,1,2,A,-,09,21800,A,N,D,G,A,A,H,-,A,D,0,,Y,,,Y,,L,04,0,0,1,0,0,0,1,0,0,"- ","- ",,,"SANTA BARBARA",LOMPOC,-120.44229125976562,34.645282745361328
9512681,2022,2022-11-03,4202,2022-03-24,0833,230,4202,4,5,4,4202,0,0,0,,0,,"RT 1","BRISA DEL MAR",350.00,S,N,A,-,Y,SB,5,1,-,-,23.110,H,-,N,Y,4,0,1,2,A,-,03,22350,,N,C,C,A,A,H,-,A,D,0,,,,,Y,,D,22,0,0,1,0,0,0,0,0,0,"- ","- ",,,"SANTA BARBARA",LOMPOC,-120.45675659179688,34.675807952880859
9514350,2023,2024-03-01,4204,2023-12-28,1413,22113,11,4,5,5,4204,0,0,0,,0,002,BROADWAY,"COOK ST",150.00,S,N,A,-,Y,SB,5,135,-,-,15.550,H,-,N,Y,3,0,1,4,A,-,01,23152,A,F,C,C,A,A,H,-,A,A,0,,,,,Y,Y,A,07,0,1,0,0,0,0,0,0,0,"- ","- ",34.94873046875,-120.43557739257812,"SANTA BARBARA","SANTA MARIA",-120.43584442138672,34.949848175048828
9515357,2022,2022-12-08,4203,2022-10-31,1415,24576,35,1,5,5,4203,0,0,0,,0,004,"BATH ST","PADRE ST",159.00,N,N,A,-,N,,,,,,,,,,N,4,0,2,2,C,-,18,,,N,B,C,A,A,H,-,A,D,0,,,,,Y,,-,"- ",0,0,2,0,0,0,0,0,0,"- ","- ",34.42864990234375,-119.71955871582031,"SANTA BARBARA","SANTA BARBARA",-119.71982574462891,34.428985595703125
9515841,2022,2022-12-15,4203,2022-11-18,1956,25790,58,5,5,5,4203,0,0,0,,0,005,"FOOTHILL RD","CALLE LAURELES",378.00,W,N,A,-,N,,,,,,,,,,,3,0,2,2,A,-,09,21804,A,N,D,C,A,A,H,-,D,A,0,,,,,Y,Y,A,01,0,1,1,0,0,0,0,0,0,"- ","- ",34.447860717773438,-119.7281494140625,"SANTA BARBARA","SANTA BARBARA",-119.72812652587891,34.44793701171875
9515844,2022,2022-12-15,4203,2022-10-19,1533,23136,52,3,5,5,4203,0,0,0,,0,005,"STATE ST","HITCHCOCK WY",127.00,E,N,A,-,N,,,,,,,,,,Y,3,0,2,2,A,-,01,23152,A,N,C,C,A,A,H,-,C,A,0,,,,,Y,Y,A,01,0,1,1,0,0,0,0,0,0,"- ","- ",34.440399169921875,-119.74449157714844,"SANTA BARBARA","SANTA BARBARA",-119.74403381347656,34.440357208251953