CASE_ID,ACCIDENT_YEAR,PROC_DATE,JURIS,COLLISION_DATE,COLLISION_TIME,OFFICER_ID,REPORTING_DISTRICT,DAY_OF_WEEK,CHP_SHIFT,POPULATION,CNTY_CITY_LOC,SPECIAL_COND,BEAT_TYPE,CHP_BEAT_TYPE,CITY_DIVISION_LAPD,CHP_BEAT_CLASS,BEAT_NUMBER,PRIMARY_RD,SECONDARY_RD,DISTANCE,DIRECTION,INTERSECTION,WEATHER_1,WEATHER_2,STATE_HWY_IND,CALTRANS_COUNTY,CALTRANS_DISTRICT,STATE_ROUTE,ROUTE_SUFFIX,POSTMILE_PREFIX,POSTMILE,LOCATION_TYPE,RAMP_INTERSECTION,SIDE_OF_HWY,TOW_AWAY,COLLISION_SEVERITY,NUMBER_KILLED,NUMBER_INJURED,PARTY_COUNT,PRIMARY_COLL_FACTOR,PCF_CODE_OF_VIOL,PCF_VIOL_CATEGORY,PCF_VIOLATION,PCF_VIOL_SUBSECTION,HIT_AND_RUN,TYPE_OF_COLLISION,MVIW,PED_ACTION,ROAD_SURFACE,ROAD_COND_1,ROAD_COND_2,LIGHTING,CONTROL_DEVICE,CHP_ROAD_TYPE,PEDESTRIAN_ACCIDENT,BICYCLE_ACCIDENT,MOTORCYCLE_ACCIDENT,TRUCK_ACCIDENT,NOT_PRIVATE_PROPERTY,ALCOHOL_INVOLVED,STWD_VEHTYPE_AT_FAULT,CHP_VEHTYPE_AT_FAULT,COUNT_SEVERE_INJ,COUNT_VISIBLE_INJ,COUNT_COMPLAINT_PAIN,COUNT_PED_KILLED,COUNT_PED_INJURED,COUNT_BICYCLIST_KILLED,COUNT_BICYCLIST_INJURED,COUNT_MC_KILLED,COUNT_MC_INJURED,PRIMARY_RAMP,SECONDARY_RAMP,LATITUDE,LONGITUDE,COUNTY,CITY,POINT_X,POINT_Y
9693356,2024,2024-06-11,4203,2024-04-06,"140 ",26222,20,6,5,5,4203,0,0,0,,0,002,"SAN PASCUAL ST","CARRILLO ST",263.00,S,N,A,-,N,,,,,,,,,,Y,3,0,1,3,A,-,01,23153,A,N,C,E,A,A,H,-,C,D,0,,,,,Y,Y,A,01,0,1,0,0,0,0,0,0,0,"- ","- ",34.414581298828125,-119.70845031738281,"SANTA BARBARA","SANTA BARBARA",-119.70845031738281,34.414653778076172
9697672,2024,2024-05-10,4203,2024-02-24,1555,25508,17,6,5,5,4203,0,0,0,,0,006,"OCEANO AV","DEL MAR AV",0.00,,Y,A,-,N,,,,,,,,,,N,3,0,1,2,A,-,11,21954,A,N,G,B,D,A,H,-,A,D,0,Y,,,,Y,,N,60,0,1,0,0,1,0,0,0,0,"- ","- ",34.400779724121094,-119.69872283935547,"SANTA BARBARA","SANTA BARBARA",-119.70297241210938,34.402690887451172
9699807,2024,2024-06-07,4203,2024-04-04,1210,24582,38,4,5,5,4203,0,0,0,,0,005,"DE LA VINA ST","CALLE LAURELES",280.00,S,N,A,-,N,,,,,,,,,,N,4,0,1,2,A,-,21,22106,,N,B,C,A,B,H,-,A,D,0,,,,,Y,,A,07,0,0,1,0,0,0,0,0,0,"- ","- ",34.438861846923828,-119.72840881347656,"SANTA BARBARA","SANTA BARBARA",-119.727783203125,34.438232421875
9700331,2024,2024-06-07,4202,2024-04-16,"727 ",80850,4202,2,5,4,4202,0,0,0,,0,,"W NORTH AV","N P ST",16.00,E,N,A,-,N,,,,,,,,,,Y,3,0,1,2,A,-,09,21801,A,N,A,C,A,A,H,-,A,D,0,,,,,Y,,A,01,0,1,0,0,0,0,0,0,0,"- ","- ",,,"SANTA BARBARA",LOMPOC,-120.46781921386719,34.653469085693359
9700333,2024,2024-06-07,4202,2024-04-10,1855,81011,4202,3,5,4,4202,0,0,0,,0,,"WEST BARTON AV","N H ST",863.00,W,N,A,-,N,,,,,,,,,,N,4,0,1,3,A,-,08,22107,,N,C,E,A,A,H,-,A,A,0,,,,,Y,,A,01,0,0,1,0,0,0,0,0,0,"- ","- ",,,"SANTA BARBARA",LOMPOC,-120.46045684814453,34.657146453857422
9700335,2024,2024-06-07,4202,2024-04-11,1810,80798,4202,4,5,4,4202,0,0,0,,0,,"K ST","OCEAN AV",172.00,N,N,A,-,N,,,,,,,,,,N,4,0,1,2,A,-,08,22103,,N,B,C,A,A,-,-,A,-,0,,,,,Y,,A,01,0,0,1,0,0,0,0,0,0,"- ","- ",,,"SANTA BARBARA",LOMPOC,-120.46170806884766,34.639011383056641
9702389,2024,2024-07-22,4202,2024-05-04,"13  ",80764,4202,6,5,4,4202,0,0,0,,0,,"RT 246","O ST",0.00,,Y,E,-,Y,SB,5,246,-,-,9.050,I,5,W,Y,4,0,1,2,A,-,01,23152,,N,D,C,A,A,H,-,C,A,0,,,,,Y,Y,A,01,0,0,1,0,0,0,0,0,0,"- ","- ",,,"SANTA BARBARA",LOMPOC,-120.46678161621094,34.639106750488281
9704810,2024,2024-06-26,4203,2024-04-10,1726,26416,40,3,5,5,4203,0,0,0,,0,004,"W COTA ST","CHAPALA ST",54.00,E,N,A,-,N,,,,,,,,,,N,3,0,1,2,D,-,00,,,F,H,G,A,A,H,-,A,A,0,,Y,,,Y,,-,"- ",0,1,0,0,0,0,1,0,0,"- ","- ",34.416618347167969,-119.69789886474609,"SANTA BARBARA","SANTA BARBARA",-119.69783782958984,34.416774749755859
9706099,2024,2024-06-11,4200,2024-04-11,1848,5749,14,4,5,4,4214,0,0,0,,0,060,"HOLLISTER AV","ORANGE AV",187.00,E,N,A,-,N,,,,,,,,,,N,4,0,1,2,A,-,08,22107,,N,B,C,A,A,H,-,B,D,0,,,,,Y,,A,07,0,0,1,0,0,0,0,0,0,"- ","- ",34.436100006103516,-119.82869720458984,"SANTA BARBARA",GOLETA,-119.82844543457031,34.435966491699219
9715396,2023,2024-08-12,4202,2023-12-19,1038,,4202,2,5,4,4202,0,0,0,,0,,"N ST","OCEAN AV",60.00,S,N,C,-,N,,,,,,,,,,Y,4,0,1,2,A,-,08,22107,,N,A,C,A,B,H,-,A,D,0,,,,,Y,,A,08,0,0,1,0,0,0,0,0,0,"- ","- ",,,"SANTA BARBARA",LOMPOC,-120.46549987792969,34.638874053955078
9716760,2024,2024-08-08,4203,2024-04-19,"612 ",24582,31,5,5,5,4203,0,0,0,,0,004,"W CARRILLO ST","CASTILLO ST",0.00,,Y,A,-,N,,,,,,,,,,N,4,0,1,2,D,-,00,,,F,B,C,A,A,H,-,A,A,0,,,,,Y,,-,"- ",0,0,1,0,0,0,0,0,0,"- ","- ",34.417320251464844,-119.70638275146484,"SANTA BARBARA","SANTA BARBARA",-119.70635223388672,34.417259216308594
9717690,2024,2024-08-27,4203,2024-07-18,"850 ",24582,38,4,5,5,4203,0,0,0,,0,005,"DE LA VINA ST","ALAMAR AV",266.00,N,N,A,-,N,,,,,,,,,,N,3,0,1,2,A,-,08,22100,A,N,H,G,A,A,H,-,A,D,0,,Y,,,Y,,A,01,0,1,0,0,0,0,1,0,0,"- ","- ",34.435470581054688,-119.72525787353516,"SANTA BARBARA","SANTA BARBARA",-119.72566986083984,34.436012268066406
9717692,2024,2024-08-27,4203,2024-07-26,1451,7650,31,5,5,5,4203,0,0,0,,0,004,"DE LA VINA ST","DE LA GUERRA ST",0.00,,Y,A,-,N,,,,,,,,,,N,3,0,1,2,A,-,09,21802,A,N,D,C,A,A,H,-,A,A,0,,,,,Y,,A,01,0,1,0,0,0,0,0,0,0,"- ","- ",34.417488098144531,-119.70155334472656,"SANTA BARBARA","SANTA BARBARA",-119.70159149169922,34.417476654052734
9719439,2024,2024-08-02,4202,2024-06-20,1313,,4202,4,5,4,4202,0,0,0,,0,,"COLLEGE AV","G ST",0.00,,Y,A,-,N,,,,,,,,,,Y,4,0,2,2,A,-,09,21802,A,N,D,C,A,A,H,-,A,A,0,,,,,Y,,A,01,0,0,2,0,0,0,0,0,0,"- ","- ",,,"SANTA BARBARA",LOMPOC,-120.45652770996094,34.647003173828125
9720509,2024,2024-08-20,4203,2024-07-17,1330,26222,44,3,5,5,4203,0,0,0,,0,003,"ANACAPA ST","EAST FIGUEROA ST",124.00,N,N,A,-,N,,,,,,,,,,N,3,0,1,2,A,-,08,22107,,N,B,C,A,A,H,-,A,A,0,,,,,Y,,A,01,0,1,0,0,0,0,0,0,0,"- ","- ",34.423751831054688,-119.702880859375,"SANTA BARBARA","SANTA BARBARA",-119.70230865478516,34.423748016357422
9720910,2024,2024-08-12,4203,2024-06-04,1850,25790,42,2,5,5,4203,0,0,0,,0,004,"CHAPALA ST","W SOLA ST",100.00,S,N,A,-,N,,,,,,,,,,Y,3,0,2,3,A,-,01,23152,A,N,C,E,A,A,H,-,A,A,0,,,,,Y,Y,A,07,0,1,1,0,0,0,0,0,0,"- ","- ",34.423961639404297,-119.70787048339844,"SANTA BARBARA","SANTA BARBARA",-119.70787811279297,34.424030303955078
9723379,2024,2024-10-08,4202,2024-09-21,2010,80777,4202,6,5,4,4202,0,0,0,,0,,"CENTRAL AV","H ST",420.00,W,N,A,-,N,,,,,,,,,,N,4,0,1,2,A,-,09,21804,A,N,D,C,A,A,H,-,C,D,0,,,Y,,Y,,A,07,0,0,1,0,0,0,0,0,1,"- ","- ",,,"SANTA BARBARA",LOMPOC,-120.45908355712891,34.660789489746094
9723419,2024,2024-10-07,4202,2024-08-24,2344,15005,,6,5,4,4202,0,0,0,,0,,"O ST","OCEAN AV",15.00,N,N,A,-,N,,,,,,,,,,Y,4,0,1,1,A,-,00,21352,,N,E,I,A,A,H,-,C,A,0,,,,,Y,Y,A,01,0,0,1,0,0,0,0,0,0,"- ","- ",,,"SANTA BARBARA",LOMPOC,-120.46676635742188,34.639049530029297
9724380,2024,2024-09-09,4203,2024-07-16,1700,24837,28,2,5,5,4203,0,0,0,,0,006,"MODOC RD","CALLE DE LOS AMIGOS",0.00,,Y,A,-,N,,,,,,,,,,N,2,0,1,2,A,-,12,22450,A,N,H,C,A,A,H,-,A,A,0,,,Y,,Y,,O,05,1,0,0,0,0,0,0,0,1,"- ","- ",34.432758331298828,-119.74848937988281,"SANTA BARBARA","SANTA BARBARA",-119.74807739257812,34.432777404785156
9726300,2024,2024-08-27,4200,2024-07-25,1003,5751,14,4,5,4,4214,0,0,0,,0,050,"CALLE REAL","N FAIRVIEW AV",515.00,W,N,A,-,N,,,,,,,,,,N,2,0,2,2,A,-,03,22350,,N,C,C,A,A,H,-,A,D,0,,,Y,,Y,,C,02,1,1,0,0,0,0,0,0,2,"- ","- ",,,"SANTA BARBARA",GOLETA,-119.83204650878906,34.440914154052734
9726347,2024,2024-09-03,4202,2024-07-28,1328,80926,4202,7,5,4,4202,0,0,0,,0,,"OCEAN AV","3RD ST",15.00,E,N,A,-,N,,,,,,,,,,Y,3,0,1,2,A,-,09,21804,,N,D,C,A,A,H,-,A,A,0,,,Y,,Y,,D,22,0,1,0,0,0,0,0,0,1,"- ","- ",,,"SANTA BARBARA",LOMPOC,-120.44515991210938,34.638870239257812
9726824,2024,2024-10-03,4202,2024-04-10,1241,80798,,3,5,4,4202,0,0,0,,0,,"H ST","CENTRAL AV",398.00,S,N,A,-,N,,,,,,,,,,N,4,0,1,2,A,-,05,21650,1,N,D,G,A,A,H,-,A,-,0,,Y,,,Y,,L,04,0,0,1,0,0,0,1,0,0,"- ","- ",,,"SANTA BARBARA",LOMPOC,-120.45765686035156,34.659675598144531
9728497,2024,2024-09-03,4203,2024-08-19,2034,24319,34,1,5,5,4203,0,0,0,,0,004,"W ARRELLAGA ST","CASTILLO ST",238.00,W,N,A,-,N,,,,,,,,,,Y,3,0,1,3,A,-,01,23153,A,N,B,E,A,A,H,-,C,D,0,,,,,Y,Y,A,07,0,1,0,0,0,0,0,0,0,"- ","- ",34.423450469970703,-119.71356201171875,"SANTA BARBARA","SANTA BARBARA",-119.71461486816406,34.422447204589844
9729769,2024,2024-11-07,4200,2024-03-25,1000,4733,11,1,5,2,4212,0,0,0,,0,,"AVENUE OF THE FLAGS","RT 246",221.00,S,N,A,-,N,,,,,,,,,,N,3,0,1,2,B,-,22,,,N,D,C,A,A,H,-,A,A,0,,,,,Y,,-,"- ",0,1,0,0,0,0,0,0,0,"- ","- ",,,"SANTA BARBARA",BUELLTON,,
9730366,2024,2024-09-16,4200,2024-08-11,"3   ",5751,14,7,5,4,4214,0,0,0,,0,080,"PHELPS RD","STORKE RD",220.00,W,N,A,-,N,,,,,,,,,,Y,3,0,1,1,A,-,01,23152,,N,E,I,A,A,H,-,C,D,0,,,,,Y,Y,A,01,0,1,0,0,0,0,0,0,0,"- ","- ",,,"SANTA BARBARA",GOLETA,-119.87050628662109,34.42425537109375
9730836,2024,2024-09-30,4200,2024-08-19,1008,5748,,1,5,2,4206,0,0,0,,0,,"MISSION DR","5TH ST",0.00,,Y,A,-,Y,SB,5,246,-,-,29.240,I,5,E,N,4,0,1,2,A,-,03,22350,,N,C,C,A,A,H,-,A,A,0,,,,,Y,,A,01,0,0,1,0,0,0,0,0,0,"- ","- ",,,"SANTA BARBARA",SOLVANG,-120.14522552490234,34.596042633056641
9736323,2024,2024-09-24,4203,2024-08-21,2222,26417,61,3,5,5,4203,0,0,0,,0,001,"E DE LA GUERRA ST","N QUARANTINA ST",210.00,W,N,A,-,N,,,,,,,,,,Y,3,0,1,2,A,-,08,22107,,N,B,E,A,A,H,-,C,D,0,,,,,Y,,A,07,0,1,0,0,0,0,0,0,0,"- ","- ",,,"SANTA BARBARA","SANTA BARBARA",-119.69190979003906,34.426586151123047
9738629,2024,2024-09-30,4202,2024-09-14,1224,,4202,6,5,4,4202,0,0,0,,0,,"NORTH R ST","W CHESTNUT AV",0.00,,Y,A,-,N,,,,,,,,,,Y,4,0,2,2,A,-,09,21802,A,N,D,C,A,A,H,-,A,-,0,,,,,Y,,A,01,0,0,2,0,0,0,0,0,0,"- ","- ",,,"SANTA BARBARA",LOMPOC,-120.47052001953125,34.642341613769531
9738983,2024,2024-10-21,4203,2024-05-23,1602,27207,42,4,5,5,4203,0,0,0,,0,003,"STATE ST","MICHELTORENA ST",190.00,S,N,A,-,N,,,,,,,,,,,3,0,1,2,A,-,06,21750,,N,H,G,A,A,H,-,A,D,0,,Y,,,Y,,L,04,0,1,0,0,0,0,1,0,0,"- ","- ",34.424358367919922,-119.70346832275391,"SANTA BARBARA","SANTA BARBARA",-119.70784759521484,34.425827026367188
9739501,2024,2024-10-01,4202,2024-08-19,1540,81060,4202,1,5,4,4202,0,0,0,,0,,"LAUREL AV","M ST",46.00,W,N,A,-,N,,,,,,,,,,Y,3,0,2,3,A,-,04,21703,,N,C,C,A,A,H,-,A,D,0,,,,,Y,,A,01,0,1,1,0,0,0,0,0,0,"- ","- ",,,"SANTA BARBARA",LOMPOC,-120.46434020996094,34.643882751464844
9739503,2024,2024-10-01,4202,2024-08-19,1401,80926,4202,1,5,4,4202,0,0,0,,0,,"N H ST","CENTRAL AV",1065.00,N,N,A,-,N,,,,,,,,,,N,4,0,1,2,A,-,05,21650,1,N,D,G,A,A,-,-,A,D,0,,Y,,,Y,,L,04,0,0,1,0,0,0,1,0,0,"- ","- ",,,"SANTA BARBARA",LOMPOC,-120.45778656005859,34.663688659667969
9744081,2024,2024-10-17,4203,2024-09-08,1613,26178,56,7,5,5,4203,0,0,0,,0,005,"CALLE REAL","DE PAUL DR",0.00,,Y,A,-,N,,,,,,,,,,N,3,0,1,2,A,-,12,22450,A,N,H,G,A,A,H,-,A,A,0,,Y,,,Y,,A,01,0,1,0,0,0,0,1,0,0,"- ","- ",34.441448211669922,-119.76313781738281,"SANTA BARBARA","SANTA BARBARA",-119.76336669921875,34.441352844238281
9744136,2024,2024-10-18,4203,2024-08-29,1806,25527,34,4,5,5,4203,0,0,0,,0,003,"STATE ST","1ST W ARRELLAGA ST",99.00,S,N,A,-,N,,,,,,,,,,N,2,0,1,2,A,-,03,22350,,N,H,G,A,A,H,-,A,A,0,,Y,,,Y,,L,04,1,0,0,0,0,0,1,0,0,"- ","- ",34.427101135253906,-119.70960998535156,"SANTA BARBARA","SANTA BARBARA",-119.70934295654297,34.426921844482422
9744138,2024,2024-10-18,4203,2024-08-16,1345,27207,56,5,5,5,4203,0,0,0,,0,005,"N LA CUMBRE RD","SUNSET RD",72.00,S,N,A,-,N,,,,,,,,,,N,4,0,1,2,A,-,08,22107,,N,H,G,A,A,H,-,A,D,0,,Y,,,Y,,M,91,0,0,1,0,0,0,1,0,0,"- ","- ",,,"SANTA BARBARA","SANTA BARBARA",-119.75108337402344,34.445362091064453
9745406,2024,2024-10-23,4203,2024-07-04,1250,6983,11,4,5,5,4203,0,0,0,,0,002,"EAST CABRILLO BL","MILPAS ST",68.00,E,N,A,-,N,,,,,,,,,,N,4,0,2,2,A,-,03,22350,,N,C,C,A,A,H,-,A,A,0,,,,,Y,,A,01,0,0,2,0,0,0,0,0,0,"- ","- ",34.416610717773438,-119.67250061035156,"SANTA BARBARA","SANTA BARBARA",-119.67201232910156,34.416812896728516
9745951,2024,2024-11-14,4202,2024-08-27,1208,80738,4202,2,5,4,4202,0,0,0,,0,,"RT 1","HANCOCK DR",0.00,,N,-,-,Y,SB,5,1,-,R,23.512,I,5,S,Y,3,0,1,2,A,-,12,21453,A,N,A,C,A,A,H,-,A,A,0,,,,,Y,,D,22,0,1,0,0,0,0,0,0,0,"- ","- ",,,"SANTA BARBARA",LOMPOC,-120.45812225341797,34.681034088134766
9745971,2024,2024-12-04,4203,2024-07-17,1736,25932,62,3,5,5,4203,0,0,0,,0,001,"N MILPAS ST","HALEY ST",195.00,S,N,A,-,N,,,,,,,,,,,3,0,1,2,A,-,21,22106,,N,C,C,A,A,H,-,A,A,0,,,,,Y,,D,22,0,1,0,0,0,0,0,0,0,"- ","- ",34.424209594726562,-119.68054962158203,"SANTA BARBARA","SANTA BARBARA",-119.68489074707031,34.425998687744141
9746377,2024,2024-11-01,4203,2024-07-12,1305,27209,33,5,5,5,4203,0,0,0,,0,004,"CASTILLO ST","VICTORIA ST",10.00,S,N,-,-,N,,,,,,,,,,N,3,0,1,2,A,-,10,21950,A,N,G,B,B,A,H,-,A,A,0,Y,,,,Y,,A,01,0,1,0,0,1,0,0,0,0,"- ","- ",34.420059204101562,-119.71042633056641,"SANTA BARBARA","SANTA BARBARA",-119.71022796630859,34.420063018798828
9746572,2024,2024-11-05,4203,2024-09-17,1527,24079,20,2,5,5,4203,0,0,0,,0,002,"W CANON PERDIDO ST","SAN PASCUAL ST",2.00,W,N,A,-,N,,,,,,,,,,N,2,0,1,2,A,-,12,22450,A,N,H,G,A,A,H,-,A,A,0,,Y,,,Y,,L,04,1,0,0,0,0,0,1,0,0,"- ","- ",34.414279937744141,-119.70735931396484,"SANTA BARBARA","SANTA BARBARA",-119.70732116699219,34.414226531982422
9749490,2024,2024-11-04,4200,2024-10-01,1949,5749,14,2,5,4,4214,0,0,0,,0,080,"CATHEDRAL OAKS","ELLWOOD RIDGE RD",17.00,E,N,A,-,N,,,,,,,,,,Y,4,0,1,2,A,-,08,22100,A,N,D,C,A,A,H,-,D,D,0,,,,,Y,,D,22,0,0,1,0,0,0,0,0,0,"- ","- ",,,"SANTA BARBARA",GOLETA,,
9749693,2024,2024-10-29,4200,2024-09-01,1640,5084,14,7,5,4,4214,0,0,0,,0,080,"ARMSTRONG RD","PACIFIC OAKS RD",253.00,W,N,A,-,N,,,,,,,,,,Y,3,0,1,1,A,-,01,23152,A,N,E,I,A,A,H,-,A,D,0,,,,,Y,Y,A,01,0,1,0,0,0,0,0,0,0,"- ","- ",,,"SANTA BARBARA",GOLETA,-119.87823486328125,34.424072265625
9751631,2024,2024-11-06,4203,2024-08-08,1730,24215,35,4,5,5,4203,0,0,0,,0,004,"W MISSION ST","DE LA VINA ST",68.00,E,N,A,-,N,,,,,,,,,,N,2,0,1,2,D,-,00,,,F,H,G,A,A,H,-,A,D,0,,Y,,,Y,,-,"- ",1,0,0,0,0,0,1,0,0,"- ","- ",34.428928375244141,-119.71672821044922,"SANTA BARBARA","SANTA BARBARA",-119.71682739257812,34.428882598876953
9752838,2024,2024-11-07,4203,2024-08-09,1521,26909,14,5,5,5,4203,0,0,0,,0,002,"CASTILLO ST","W HALEY ST",280.00,S,N,A,-,N,,,,,,,,,,N,2,0,1,1,A,-,03,22350,,N,H,G,A,B,H,-,A,A,0,,Y,,,Y,,L,04,1,0,0,0,0,0,1,0,0,"- ","- ",34.411121368408203,-119.69496154785156,"SANTA BARBARA","SANTA BARBARA",-119.70065307617188,34.413089752197266
9753105,2024,2024-11-12,4203,2024-09-26,1447,24582,20,4,5,5,4203,0,0,0,,0,002,"SAN PASCUAL ST","FREMONT PL",6.00,E,N,A,-,N,,,,,,,,,,N,2,0,2,2,A,-,05,21650,,N,D,J,A,A,H,-,A,A,0,,,,,Y,,M,94,1,1,0,0,0,0,0,0,0,"- ","- ",34.410980224609375,-119.70292663574219,"SANTA BARBARA","SANTA BARBARA",-119.70290374755859,34.410919189453125
9753116,2024,2024-11-13,4203,2024-10-07,1705,25974,30,1,5,5,4203,0,0,0,,0,004,"DE LA VINA ST","W COTA ST",7.00,S,N,A,-,N,,,,,,,,,,N,3,0,1,2,A,-,10,21950,A,N,G,B,B,A,H,-,A,D,0,Y,,,,Y,,D,22,0,1,0,0,1,0,0,0,0,"- ","- ",34.415569305419922,-119.69899749755859,"SANTA BARBARA","SANTA BARBARA",-119.69905090332031,34.415607452392578
9753120,2024,2024-11-13,4203,2024-10-23,1534,26710,72,3,5,5,4203,0,0,0,,0,001,"S SALINAS ST","EUCALYPTUS HILL RD",0.00,,Y,A,-,N,,,,,,,,,,N,4,0,1,3,A,-,09,21802,A,N,B,C,A,A,H,-,A,A,0,,,,,Y,,A,07,0,0,1,0,0,0,0,0,0,"- ","- ",34.422649383544922,-119.66597747802734,"SANTA BARBARA","SANTA BARBARA",-119.67073059082031,34.424964904785156
9753573,2024,2024-11-13,4203,2024-08-24,1542,24582,42,6,5,5,4203,0,0,0,,0,003,"STATE ST","MICHELTORENA ST",172.00,S,N,A,-,N,,,,,,,,,,N,3,0,1,1,B,-,22,,,N,F,A,A,A,H,-,A,A,0,,Y,,,Y,,M,91,0,1,0,0,0,0,1,0,0,"- ","- ",34.426151275634766,-119.70834350585938,"SANTA BARBARA","SANTA BARBARA",-119.70789337158203,34.425861358642578
9753579,2024,2024-11-18,4203,2024-08-28,1727,24431,12,3,5,5,4203,0,0,0,,0,002,"CABRILLO BL","HELENA AV",0.00,,Y,A,-,N,,,,,,,,,,N,3,0,1,2,C,-,18,,,N,G,B,D,A,H,-,A,A,0,Y,,,,Y,,-,"- ",0,1,0,0,1,0,0,0,0,"- ","- ",34.412570953369141,-119.68859100341797,"SANTA BARBARA","SANTA BARBARA",-119.68856048583984,34.412761688232422
9754085,2024,2024-11-20,4203,2024-09-09,1651,26677,42,1,5,5,4203,0,0,0,,0,003,"STATE ST","E ANAPAMU ST",231.00,S,N,A,-,N,,,,,,,,,,N,2,0,1,1,B,-,22,,,N,F,A,A,A,H,-,A,D,0,,Y,,,Y,,L,04,1,0,0,0,0,0,1,0,0,"- ","- ",34.422901153564453,-119.70384216308594,"SANTA BARBARA","SANTA BARBARA",-119.70389556884766,34.422931671142578
9754086,2024,2024-11-20,4203,2024-09-05,2044,26416,44,4,5,5,4203,0,0,0,,0,003,"E ORTEGA ST","SANTA BARBARA ST",0.00,,Y,A,-,N,,,,,,,,,,N,3,0,2,2,D,-,00,,,F,D,C,A,A,H,-,C,A,0,,,Y,,Y,,-,"- ",0,1,1,0,0,0,0,0,2,"- ","- ",34.420871734619141,-119.69580841064453,"SANTA BARBARA","SANTA BARBARA",-119.69577789306641,34.420806884765625
9754266,2024,2024-12-19,4203,2024-11-01,2316,25508,45,5,5,5,4203,0,0,0,,0,003,"SANTA BARBARA","E CARRILLO ST",191.00,N,N,A,-,N,,,,,,,,,,Y,4,0,1,3,A,-,01,23152,B,N,D,E,A,A,H,-,C,D,0,,,,,Y,Y,A,01,0,0,1,0,0,0,0,0,0,"- ","- ",34.424041748046875,-119.70014953613281,"SANTA BARBARA","SANTA BARBARA",-119.70011901855469,34.423984527587891
9754455,2024,2024-12-02,4203,2024-10-08,1351,24079,12,2,5,5,4203,0,0,0,,0,002,"HELENA AV","YANONALI ST",3.00,N,N,A,-,N,,,,,,,,,,N,2,0,1,1,A,-,08,22107,,N,H,G,A,A,H,-,A,D,0,,Y,,,Y,,L,04,1,0,0,0,0,0,1,0,0,"- ","- ",34.414440155029297,-119.69103240966797,"SANTA BARBARA","SANTA BARBARA",-119.6910400390625,34.414596557617188
9755865,2024,2024-11-26,4203,2024-05-18,"911 ",24582,13,6,5,5,4203,0,0,0,,0,002,"CABRILLO BL","CASTILLO ST",49.00,E,N,A,-,N,,,,,,,,,,N,3,0,1,2,A,-,12,21453,A,N,H,G,A,A,H,-,A,A,0,,Y,,,Y,,A,07,0,1,0,0,0,0,1,0,0,"- ","- ",34.407001495361328,-119.69300079345703,"SANTA BARBARA","SANTA BARBARA",-119.69377899169922,34.408161163330078
9757606,2024,2024-12-09,4203,2024-04-13,2157,26909,50,6,5,5,4203,0,0,0,,0,005,"STATE ST","PUEBLO ST",36.00,S,N,B,F,N,,,,,,,,,,N,2,0,1,1,C,-,18,,,N,H,G,A,B,H,-,C,D,0,,Y,,,Y,,-,"- ",1,0,0,0,0,0,1,0,0,"- ","- ",34.433631896972656,-119.71852111816406,"SANTA BARBARA","SANTA BARBARA",-119.71842956542969,34.433525085449219
9757721,2024,2025-01-06,4200,2024-11-12,"849 ",5274,14,2,5,4,4214,0,0,0,,0,050,"CALLE REAL","FAIRVIEW AV",70.00,E,N,A,-,N,,,,,,,,,,N,3,0,1,2,A,-,09,21804,A,N,D,C,A,A,H,-,A,D,0,,,,,Y,,A,01,0,1,0,0,0,0,0,0,0,"- ","- ",,,"SANTA BARBARA",GOLETA,-119.83040618896484,34.441642761230469
9762252,2024,2024-12-31,4203,2024-09-05,1707,25508,55,4,5,5,4203,0,0,0,,0,005,"STATE ST","HOPE AV",0.00,,Y,A,-,N,,,,,,,,,,N,2,0,1,2,A,-,11,21456,B,N,G,B,B,A,H,-,A,A,0,Y,,,,Y,,N,60,1,0,0,0,1,0,0,0,0,"- ","- ",34.440448760986328,-119.74671936035156,"SANTA BARBARA","SANTA BARBARA",-119.74671936035156,34.440479278564453
9765111,2025,2025-02-21,4203,2025-01-11,2244,26909,21,6,5,5,4203,0,0,0,,0,006,"CARRILLO ST","SAN ANDRES ST",88.00,W,N,A,-,N,,,,,,,,,,,3,0,2,2,A,-,09,21801,A,N,A,C,A,A,H,-,C,A,0,,,,,Y,Y,A,01,0,2,0,0,0,0,0,0,0,"- ","- ",34.412990570068359,-119.70612335205078,"SANTA BARBARA","SANTA BARBARA",-119.71092224121094,34.414718627929688
9765237,2024,2025-02-12,4203,2024-12-08,1538,27323,63,7,5,5,4203,0,0,0,,0,001,"CACIQUE ST","SOUTH VOLUNTARIO ST",0.00,,Y,A,-,N,,,,,,,,,,Y,2,0,1,2,D,-,00,,,F,D,G,A,A,H,-,A,A,0,,Y,,,Y,,-,"- ",1,0,0,0,0,0,1,0,0,"- ","- ",34.421829223632812,-119.67408752441406,"SANTA BARBARA","SANTA BARBARA",-119.67408752441406,34.421840667724609
9765551,2024,2025-02-24,4203,2024-10-20,1123,26908,,7,5,5,4203,0,0,0,,0,,"W CARRILLO ST","CHAPALA ST",5.00,W,N,A,-,N,,,,,,,,,,,3,0,2,2,A,-,03,22350,,N,C,C,A,A,H,-,A,A,0,,,,,Y,,D,22,0,2,0,0,0,0,0,0,0,"- ","- ",34.420440673828125,-119.70294189453125,"SANTA BARBARA","SANTA BARBARA",-119.70298004150391,34.420440673828125
9767807,2024,2024-12-17,4203,2024-11-08,1348,26222,68,5,5,5,4203,0,0,0,,0,001,"CANON PERDIDO ST","QUARANTINA ST",0.00,,Y,A,-,N,,,,,,,,,,N,3,0,3,2,A,-,12,22450,A,N,D,C,A,A,H,-,A,A,0,,,,,Y,,A,01,0,3,0,0,0,0,0,0,0,"- ","- ",34.427951812744141,-119.69274139404297,"SANTA BARBARA","SANTA BARBARA",-119.69268035888672,34.427978515625